# ************************************************************
# Sequel Pro SQL dump
# Версия 4541
#
# http://www.sequelpro.com/
# https://github.com/sequelpro/sequelpro
#
# Адрес: 192.168.1.14 (MySQL 5.5.38-0+wheezy1)
# Схема: cadouri
# Время создания: 2019-06-15 06:25:18 +0000
# ************************************************************


/*!40101 SET @OLD_CHARACTER_SET_CLIENT=@@CHARACTER_SET_CLIENT */;
/*!40101 SET @OLD_CHARACTER_SET_RESULTS=@@CHARACTER_SET_RESULTS */;
/*!40101 SET @OLD_COLLATION_CONNECTION=@@COLLATION_CONNECTION */;
/*!40101 SET NAMES utf8 */;
/*!40014 SET @OLD_FOREIGN_KEY_CHECKS=@@FOREIGN_KEY_CHECKS, FOREIGN_KEY_CHECKS=0 */;
/*!40101 SET @OLD_SQL_MODE=@@SQL_MODE, SQL_MODE='NO_AUTO_VALUE_ON_ZERO' */;
/*!40111 SET @OLD_SQL_NOTES=@@SQL_NOTES, SQL_NOTES=0 */;

# Дамп таблицы ps_page_type
# ------------------------------------------------------------

DROP TABLE IF EXISTS `ps_page_type`;

CREATE TABLE `ps_page_type` (
  `id_page_type` int(10) unsigned NOT NULL AUTO_INCREMENT,
  `name` varchar(255) NOT NULL,
  PRIMARY KEY (`id_page_type`),
  KEY `name` (`name`)
) ENGINE=InnoDB DEFAULT CHARSET=utf8;

LOCK TABLES `ps_page_type` WRITE;
/*!40000 ALTER TABLE `ps_page_type` DISABLE KEYS */;

INSERT INTO `ps_page_type` (`id_page_type`, `name`)
VALUES
	(12,'bestsales'),
	(9,'blog'),
	(5,'category'),
	(4,'cms'),
	(7,'contact'),
	(2,'index'),
	(8,'list'),
	(14,'manufacturer'),
	(10,'newproducts'),
	(17,'orderconfirmation'),
	(1,'pagenotfound'),
	(13,'pricesdrop'),
	(3,'product'),
	(16,'productscompare'),
	(11,'sitemap'),
	(15,'stores'),
	(6,'supplier');

/*!40000 ALTER TABLE `ps_page_type` ENABLE KEYS */;
UNLOCK TABLES;


# Дамп таблицы ps_page_viewed
# ------------------------------------------------------------

DROP TABLE IF EXISTS `ps_page_viewed`;

CREATE TABLE `ps_page_viewed` (
  `id_page` int(10) unsigned NOT NULL,
  `id_shop_group` int(10) unsigned NOT NULL DEFAULT '1',
  `id_shop` int(10) unsigned NOT NULL DEFAULT '1',
  `id_date_range` int(10) unsigned NOT NULL,
  `counter` int(10) unsigned NOT NULL,
  PRIMARY KEY (`id_page`,`id_date_range`,`id_shop`)
) ENGINE=InnoDB DEFAULT CHARSET=utf8;



# Дамп таблицы ps_paynet_log
# ------------------------------------------------------------

DROP TABLE IF EXISTS `ps_paynet_log`;

CREATE TABLE `ps_paynet_log` (
  `id_paynet_log` int(11) NOT NULL AUTO_INCREMENT,
  `error_code` tinyint(4) NOT NULL DEFAULT '0',
  `type` varchar(50) DEFAULT NULL,
  `status` varchar(50) DEFAULT NULL,
  `request` text,
  `response` text,
  `date_add` datetime DEFAULT NULL,
  `date_upd` datetime DEFAULT NULL,
  PRIMARY KEY (`id_paynet_log`)
) ENGINE=InnoDB DEFAULT CHARSET=utf8;

LOCK TABLES `ps_paynet_log` WRITE;
/*!40000 ALTER TABLE `ps_paynet_log` DISABLE KEYS */;

INSERT INTO `ps_paynet_log` (`id_paynet_log`, `error_code`, `type`, `status`, `request`, `response`, `date_add`, `date_upd`)
VALUES
	(1,0,'Init: Sent request for order request','Sent order to PayNet : 10','{\"url:\":\"https:\\/\\/test.paynet.md:4446\\/api\\/Payments\",\"param:\":{\"products\":{\"Invoice\":\"101530190655\",\"Customer\":{\"Code\":3,\"Name\":\"Dev Account\",\"Address\":\"Dev Account, 123 Address, MD-2020 Chisinau, Moldova, 123123123\"},\"Currency\":498,\"ExpiryDate\":\"2018-06-28T16:27:35\",\"Services\":[{\"Name\":\"Order payment for Cookie Flowers\",\"Description\":\"Online payment\",\"Products\":[{\"LineNo\":1,\"Code\":10,\"Name\":\"Payment from my shop\",\"Description\":\"Payment id order: 10\",\"Quantity\":1,\"UnitPrice\":100000}],\"Amount\":100000}],\"MerchantCode\":\"233033\"},\"header\":[\"Content-length: 733\",\"Authorization: bearer geucA2dyl_gWr6Rdecr_owc4AVVLG2nW8-JDw-LsFZKAHvinSPL0TiCAkjcPCJ02VBrbI8RdqCMVub9rcTMl0lKdL15NRPMKlV2-LRa3zD6zDsl8mAuQ2CMZDTe7BFO83tQ3fp6ccsrj9WTtd61yh4VL0KEFgsJc_MD5QjazfF-qCyUIXrHgM2ANjaKf2G3SFIR3a4U84T5plcVmExnVq58yFkN961iPIa_v9zGe6h_Ey3ia62GZ4NK6etAj6lusRUKHokeyHTYxPYB8xk1UIJFA3ye34eIwMxxPBrNinWWA_ez5-NIGvbJSokUOj7PrfMPJdk6jVqGQimJqsLwB3sp3O1Mvz48YFF0ca6NQmwS7ibZK6gPko7MXfvqYbgpw1SdvHBbK2x96Noe_2k_uR05Jip0w34BcUJyqzCoiSZ9_ziK-4811zIBWqTn0xkCoqYgRg54lX5Nnq0NtbWQSLawS5yf3dQ6Px31tB-T8MwHo9zKNA4Z0Gh-arMpPoEOKT997JtrsMSF-Y7TUyHMWlnOBkg7xr1d6nZkElL8icJvTVcg4RJunhHGSL4d4rmmC4HHRoao9oNgwTKwl7Z7UO-cmZI6yNL0rXCq7k5tacAnwEfKfc0FdCGCnu1WUwnnO6dHMuVkSYqRHI07HhEzZZet4hO1kqOKrZjxQ1TLRoLqF-oVZ5Xs1kIXAjbkWriLFMTFI92GWp92S61CcuyOeFiuFQSZVKYHyCuxszCrCH0s1TJBuV5fXmCsQuvKy1oEI_28inVD4cWUHXNrB9tFgfhfb6cAOcGfjTuE4hmlgUq2aVyY0wzOuC3W9KnQ3Qdw3Ou1x-po_2f269WwzuQoNHkuQZ0ulYra9wzs-cco2Vc9O4lpWxZ83uQ87p7JQhhfY\"]}}','{\"OperationId\":0,\"LoyaltyTransaction\":null,\"Confirmed\":null,\"Processed\":null,\"Canceled\":null,\"CustomerKey\":\"00000000-0000-0000-0000-000000000000\",\"CustomerCode\":null,\"BonusAmount\":null,\"DiscountAmount\":0,\"MoneyInfo\":null,\"CustomerInfo\":null,\"PaymentId\":67486,\"Status\":1,\"Registered\":\"2018-06-28T15:57:35.81\",\"Amount\":100000,\"Commission\":0,\"Invoice\":101530190655,\"MerchantCode\":\"233033\",\"LinkUrlSuccess\":null,\"LinkUrlCancel\":null,\"Signature\":\"13b4e5eec4351f6b7fdd65365cc6ba12\",\"Customer\":{\"Code\":\"3\",\"Name\":null,\"Address\":\"Dev Account, 123 Address, MD-2020 Chisinau, Moldova, 123123123\"},\"Currency\":498,\"ExternalDate\":\"2018-06-28T15:57:35.81\",\"ExpiryDate\":\"2018-06-28T16:27:35\",\"Services\":[{\"Name\":\"Card of products\",\"Description\":\"Cart of products\",\"Amount\":100000,\"Products\":[{\"GroupName\":null,\"QualitiesConcat\":null,\"LineNo\":1,\"GroupId\":null,\"Code\":\"undefinedServiceCode1\",\"Barcode\":null,\"Name\":\"Order payment for Cookie Flowers\",\"Description\":\"Online payment\",\"UnitPrice\":null,\"UnitProduct\":null,\"Quantity\":null,\"Amount\":100000,\"Dimensions\":null,\"Qualities\":null,\"TotalAmount\":100000}]}]}','2018-06-28 15:57:35','2018-06-28 15:57:35'),
	(2,0,'Init: Sent request for order request','Sent order to PayNet : 11','{\"url:\":\"https:\\/\\/test.paynet.md:4446\\/api\\/Payments\",\"param:\":{\"products\":{\"Invoice\":\"111530201679\",\"Customer\":{\"Code\":4,\"Name\":\"Olga Pencencova\",\"Address\":\"Olga Pencencova, Riga, 5, MD-2002 Chisinau, Moldova, 79646609\"},\"Currency\":498,\"ExpiryDate\":\"2018-06-28T19:31:19\",\"Services\":[{\"Name\":\"Order payment for Cookie Flowers\",\"Description\":\"Online payment\",\"Products\":[{\"LineNo\":1,\"Code\":11,\"Name\":\"Payment from my shop\",\"Description\":\"Payment id order: 11\",\"Quantity\":1,\"UnitPrice\":164000}],\"Amount\":164000}],\"MerchantCode\":\"233033\"},\"header\":[\"Content-length: 738\",\"Authorization: bearer UJIXKuzuG4fauF7qHT1HE6EZVtvDoreF3mDNpUTjl2qrGeQO0lgjQa0AHXcFpM7Kn-gx0k7pm3d-PybB5yN_OrG2RbN_LLiu9DzrTx7oPxAoic-Hrqf9gvYm3n5rtHIBHw2a8h13GuZaFAZXGZXdxksIJ4OSV4UQewAtYAEQgT-v7R9gCYG1WEXEjrtqfCfEZ7sePknP2PuE3ThpWfwr6olg5a2gW5mtXPU_RYhokWnSdIf_eaa92PQZUVWin8IEyf0uNobHIbX5MrtTIt-17-GvPabjqAdlhqef2N_-88aq3gqtX4c2sZAodhbpogi9CywM03ZtEISQMULnGPZ5LmFYm-7-xCJGnkKGrgIn8qslGT5x2Jp9EYM1xLx_Qp02Fb7yOBa2qfByp_O1tDny45ybmcKoKKO2dIpVpKc6V27uHj74An2cly1qFoc0NEHU6cllq-rJaL3Q9ev-ROqysE4o1jK8amtBRvWIrEkSlb0vbNPKUe4E9BdrY9DhneK7qFH1FRrhYB0NUbDtQ2r2tU-QyN3nwYNnldmqj-XWx58Ig5WtMA6E-zogEs9AwPbm27T_jDdVRarXDAyPu5DEPR0LlezIPaFyLc3ADgKGPdJDIOaB7JehDhnf9u0oUvHCV0DcrGd0InNJMV4AgRZ041DSOlrFBKmAlvWa-okltYNc-G77j3lx-jJjOhuoXeNSQh16728YPWi-vZNu1ak6qYTh6IK8HgddhmxnKAg1kTGWtmFOq_2mS9MKepQcvOYL5II8ybyMsrPwbULKaSJWnpmlPMRrfmZlhLl5-vKl8rXXDnvuwmEXsEdTqT7EseToJkx2lgPV_aQRn4EkT5GQehdp_mSxM2OVkH-N6bjo0fcgWeu4V29OgT0L82qh-f-2\"]}}','{\"OperationId\":0,\"LoyaltyTransaction\":null,\"Confirmed\":null,\"Processed\":null,\"Canceled\":null,\"CustomerKey\":\"00000000-0000-0000-0000-000000000000\",\"CustomerCode\":null,\"BonusAmount\":null,\"DiscountAmount\":0,\"MoneyInfo\":null,\"CustomerInfo\":null,\"PaymentId\":67488,\"Status\":1,\"Registered\":\"2018-06-28T19:01:21.763\",\"Amount\":164000,\"Commission\":0,\"Invoice\":111530201679,\"MerchantCode\":\"233033\",\"LinkUrlSuccess\":null,\"LinkUrlCancel\":null,\"Signature\":\"fdc01d6125db2b7237eb9e1f718cba1f\",\"Customer\":{\"Code\":\"4\",\"Name\":null,\"Address\":\"Olga Pencencova, Riga, 5, MD-2002 Chisinau, Moldova, 79646609\"},\"Currency\":498,\"ExternalDate\":\"2018-06-28T19:01:21.76\",\"ExpiryDate\":\"2018-06-28T19:31:19\",\"Services\":[{\"Name\":\"Card of products\",\"Description\":\"Cart of products\",\"Amount\":164000,\"Products\":[{\"GroupName\":null,\"QualitiesConcat\":null,\"LineNo\":1,\"GroupId\":null,\"Code\":\"undefinedServiceCode1\",\"Barcode\":null,\"Name\":\"Order payment for Cookie Flowers\",\"Description\":\"Online payment\",\"UnitPrice\":null,\"UnitProduct\":null,\"Quantity\":null,\"Amount\":164000,\"Dimensions\":null,\"Qualities\":null,\"TotalAmount\":164000}]}]}','2018-06-28 19:01:21','2018-06-28 19:01:21'),
	(3,0,'Init: Sent request for order request','Sent order to PayNet : 14','{\"url:\":\"https:\\/\\/test.paynet.md:4446\\/api\\/Payments\",\"param:\":{\"products\":{\"Invoice\":\"141533232967\",\"Customer\":{\"Code\":4,\"Name\":\"Olga Pencencova\",\"Address\":\"Olga Pencencova, Riga, 5, MD-2002 Chisinau, Moldova, 79646609\"},\"Currency\":498,\"ExpiryDate\":\"2018-08-02T21:32:47\",\"Services\":[{\"Name\":\"Order payment for Cookie Flowers\",\"Description\":\"Online payment\",\"Products\":[{\"LineNo\":1,\"Code\":14,\"Name\":\"Payment from my shop\",\"Description\":\"Payment id order: 14\",\"Quantity\":1,\"UnitPrice\":681700}],\"Amount\":681700}],\"MerchantCode\":\"233033\"},\"header\":[\"Content-length: 738\",\"Authorization: bearer WTIeV9TRLyoE336l6xRigjFliwAXcGqnEqkKkluN9AS3SA1GsJoPxNuk4wKxnFPQ1u6dFcwVR_RORXsVF_SsefIpn_narZJQu50P4cHBGYUyXQ-Duf6MCy5iF5M8qExuEOV_xbE1AS_v1KysA2ga_d4qhMgp0nxcl_t7FbrO6RyfF2I8qcWQUEQsWHEqadvj_rfV_I-zHE2BZwMNfdjgEZYOh3FvH5afuY9y5nsdXz7Cm8MVatOaoLj-trTBchNX7COl2K9mSaTFBj3U_sXg98Yx0Mw56524twOkalNPZIgu4wtdkIQJ5KEJ2H7HAlS_R1DTLhbVmDzCz2iozPXLBNAzspDqw5FvteQmaBoqhl2371ZYX1u9xEygNBJqsE-dEnPRDRjaS6IJ8qGXUPmO0c1b6hFQLI15LtTYe3WcmYbTvc6n9Sj7AN49N5qrkRMNCTh3bcT7e5u19IJPAf_9eJ2k8ncxikVs0FV8d6-NB3dFwDORH0NR6T7XlQEJfiQoLWvvBiXuoaP0faCptv_i45zkwORzCv9Or3Sk1d-TyeAypUJEp9xyK9M-IhLsDV4B2P54qB2j7t8VzlU3qYiLBRc8a3-ZyRjXLFgaOXVPrWAZ90VFrXXKUjCqeW51cOvcArQW6Jds5XQHOzDL9IGbhBtopNgpMdt8Ss0XtFRKmtuXMFJqVBjdA3IEYcL_Q23reerOSFiInzb7LpOtgrlF2pffc_nClpVkjKGN3icEMexuWScjreW1HjbnJWknERwZ3P4B9DHjyi7k-2pjZCSH2jDno0iLFl7PZj6oXQjhBHaQu0wtDuD5g97kTL8YkTs1T5FY54NiXh_HekYKlcRR0yMffKwKj5oQiaQbK0mcOGN1-ah8y3ip2Ip17KjARrzm\"]}}','{\"OperationId\":0,\"LoyaltyTransaction\":null,\"Confirmed\":null,\"Processed\":null,\"Canceled\":null,\"CustomerKey\":\"00000000-0000-0000-0000-000000000000\",\"CustomerCode\":null,\"BonusAmount\":null,\"DiscountAmount\":0,\"MoneyInfo\":null,\"CustomerInfo\":null,\"PaymentId\":68366,\"Status\":1,\"Registered\":\"2018-08-02T21:02:49.7\",\"Amount\":681700,\"Commission\":0,\"Invoice\":141533232967,\"MerchantCode\":\"233033\",\"LinkUrlSuccess\":null,\"LinkUrlCancel\":null,\"Signature\":\"d8c380e6b3b8324abeb8a036ab632b3e\",\"Customer\":{\"Code\":\"4\",\"Name\":null,\"Address\":\"Olga Pencencova, Riga, 5, MD-2002 Chisinau, Moldova, 79646609\"},\"Currency\":498,\"ExternalDate\":\"2018-08-02T21:02:49.7\",\"ExpiryDate\":\"2018-08-02T21:32:47\",\"Services\":[{\"Name\":\"Card of products\",\"Description\":\"Cart of products\",\"Amount\":681700,\"Products\":[{\"GroupName\":null,\"QualitiesConcat\":null,\"LineNo\":1,\"GroupId\":null,\"Code\":\"undefinedServiceCode1\",\"Barcode\":null,\"Name\":\"Order payment for Cookie Flowers\",\"Description\":\"Online payment\",\"UnitPrice\":null,\"UnitProduct\":null,\"Quantity\":null,\"Amount\":681700,\"Dimensions\":null,\"Qualities\":null,\"TotalAmount\":681700}]}]}','2018-08-02 21:02:49','2018-08-02 21:02:49'),
	(4,0,'Init: Sent request for order request','Sent order to PayNet : 16','{\"url:\":\"https:\\/\\/paynet.md:4446\\/api\\/Payments\",\"param:\":{\"products\":{\"Invoice\":\"161535559920\",\"Customer\":{\"Code\":12,\"Name\":\"Name Surname\",\"Address\":\"Test Order, 123 Address, MD-2020 \\u0411\\u0440\\u0438\\u0447\\u0430\\u043d\\u044b, \\u041c\\u043e\\u043b\\u0434\\u043e\\u0432\\u0430, 123\"},\"Currency\":498,\"ExpiryDate\":\"2018-08-29T19:55:20\",\"Services\":[{\"Name\":\"Order payment for Cookie Flowers\",\"Description\":\"Online payment\",\"Products\":[{\"LineNo\":1,\"Code\":16,\"Name\":\"Payment from my shop\",\"Description\":\"Payment id order: 16\",\"Quantity\":1,\"UnitPrice\":1952000}],\"Amount\":1952000}],\"MerchantCode\":\"454780\"},\"header\":[\"Content-length: 799\",\"Authorization: bearer gpQY-lqqq9n4TodCE3Xll5TYGdHKifO5PWgTtQuwSOPRSx1dxjQCYIvGf1UkypYl5g0rNKRvQVM84uo3Qxg3ycrkssYjxRB037Rf9s0TT8ySTFnKqq3GkqPOVEldPlh8GMfRY5jZq_saoRMpoe1Vwc8cytWwLJpcjj_Z3zD2E4n8T4z-yXS_ovtRHIG8FckFdDBeQIzBlZX_Z0gPMgltj31FlUSULSqheQzsqJxKLmUcgXE-vUeTGnlhOuHBuXkQZ8lMxJtsglSOOtKeEiU6qLlyezd31m_g1T_SshynQjUPJ3sAgUrVzMgouzJb690njogT8j1tyPm4VkHMqrtig11E9zsnpCp_qNHymA7Az91-4RQaVIRN29nEcWx4Y1Y311f4hoS_yQJR3iVPnIRL2r5WS69fQ_-cacQQxhvrChGmozszdV7fDcvG4AZ1b4FCjHf-b6ksrWQZnYJHQ-1tiM9YcKA5WueJ2AXfsgqrInWGy0BMx0w-pQUpJBxzsSHjJm9maRg9NKmoeY6xDhPEhidKXPGTu55RZ-Tluhby8IixAD9koJJQKb8S5PXikS3hMedKdPnRfjJ97uAM_Jf7-iKQJtyU5Z8h6CZ-rUbuVDnyAc21dO0RKTewTiQSSEWv8UFf7ldVnoVXglRiK0EfiBnjGsgvmnmGz39pcg8juzPwPxMpeYSiYBrU_Vt6UBlGq67V5lPbdwHErNx3E43WyiwxiP15jvHjy_n8KKa_RP0j56kp0LP1Iwbp3CRPofks\"]}}','{\"OperationId\":0,\"LoyaltyTransaction\":null,\"Confirmed\":null,\"Processed\":null,\"Canceled\":null,\"CustomerKey\":\"00000000-0000-0000-0000-000000000000\",\"CustomerCode\":null,\"BonusAmount\":null,\"DiscountAmount\":0,\"MoneyInfo\":null,\"CustomerInfo\":null,\"PaymentId\":52506,\"Status\":1,\"Registered\":\"2018-08-29T19:25:21.197\",\"Amount\":1952000,\"Commission\":0,\"Invoice\":161535559920,\"MerchantCode\":\"454780\",\"LinkUrlSuccess\":null,\"LinkUrlCancel\":null,\"Signature\":\"f60fca9f5e796a23dd3988ded305fa88\",\"Customer\":{\"Code\":\"12\",\"Name\":null,\"Address\":\"Test Order, 123 Address, MD-2020 Бричаны, Молдова, 123\"},\"Payer\":null,\"Currency\":498,\"ExternalDate\":\"2018-08-29T19:25:21.197\",\"ExpiryDate\":\"2018-08-29T19:55:20\",\"Services\":[{\"Name\":\"Card of products\",\"Description\":\"Cart of products\",\"Amount\":1952000,\"Products\":[{\"GroupName\":null,\"QualitiesConcat\":null,\"LineNo\":1,\"GroupId\":null,\"Code\":\"undefinedServiceCode1\",\"Barcode\":null,\"Name\":\"Order payment for Cookie Flowers\",\"Description\":\"Online payment\",\"UnitPrice\":null,\"UnitProduct\":null,\"Quantity\":null,\"Amount\":1952000,\"Dimensions\":null,\"Qualities\":null,\"TotalAmount\":1952000}]}]}','2018-08-29 19:25:21','2018-08-29 19:25:21'),
	(5,0,'Init: Sent request for order request','Sent order to PayNet : 34','{\"url:\":\"https:\\/\\/paynet.md:4446\\/api\\/Payments\",\"param:\":{\"products\":{\"Invoice\":\"341535574697\",\"Customer\":{\"Code\":13,\"Name\":\"Olga Pencencova\",\"Address\":\"Olga Pencencova, invoice address is empty, MD-0000 Chisinau, Moldova, 79646609\"},\"Currency\":498,\"ExpiryDate\":\"2018-08-30T00:01:37\",\"Services\":[{\"Name\":\"Order payment for Cookie Flowers\",\"Description\":\"Online payment\",\"Products\":[{\"LineNo\":1,\"Code\":34,\"Name\":\"Payment from my shop\",\"Description\":\"Payment id order: 34\",\"Quantity\":1,\"UnitPrice\":500}],\"Amount\":500}],\"MerchantCode\":\"454780\"},\"header\":[\"Content-length: 748\",\"Authorization: bearer I3qXD2SpZHuGt9OalHr6QJYNL3W-u7H6aIdATeEGE4ZHu-cHLzouUZXsllpbStEJSuCPl5VqHcXUEc-PGnWZssoJk0qjz1n8jrL8PCbmDB0uAZXnMD-TWN8NAyV1cpl887L2N_fI2-nfMcUizBQgvfQrqmMn-afT1pK5NKnMG98PB_B9fGz-DJBOUMeU6pP2IXFCQtjIT26-h3NiavO2Yx42Zq9O2U32aIacuJ8RiUmpnI17Z8LqLawIIRg4elgK98bq7pR0njwppE7UkYj2AQTzkCqW_6w77v81_UvRF01e6is4MNfHa5Qpgg0tHafoRHKUEwzdInq1HhVp3ZXno7OGOtf8PS-iSlgVANXn2gmvTqXz0wI32U_HZE4F5nVCJ--8fj8PnOLgbKsOVze2bjNknbT1vyWAHEM2I569_pM96_TBG2kxgl_CUm3JCy9O9E-__UKZALBe8tT2pEY8dKp5wiHx3Z8ZsRzaXbQzM1C0737UUki57qheR-oDHYTpFT0pdwnJuC6mY5_lptCVy3voTKvdcdBpSlRvJc08kXNrhDSAngsSKWy1vHjc0x-3cH-v8KZJ-Kx_gBvYG3Su2zLFk6dY3rr0-g2NMcd9gYHheUVOpUc_i1z2Na0uBIRIOl7kpWS5AnAwukGi8EnpYbA4TpNUmSyXAQnjyDZke_FuB9sBARqjBsaWMUWusR7y5yTFOp26Zed7rvB8VuFS9i1FlxgxeSwl2anX81NqXgq-3QrmE1AI_bPyUqnlvLUP\"]}}','{\"OperationId\":0,\"LoyaltyTransaction\":null,\"Confirmed\":null,\"Processed\":null,\"Canceled\":null,\"CustomerKey\":\"00000000-0000-0000-0000-000000000000\",\"CustomerCode\":null,\"BonusAmount\":null,\"DiscountAmount\":0,\"MoneyInfo\":null,\"CustomerInfo\":null,\"PaymentId\":52597,\"Status\":1,\"Registered\":\"2018-08-29T23:31:38.11\",\"Amount\":500,\"Commission\":0,\"Invoice\":341535574697,\"MerchantCode\":\"454780\",\"LinkUrlSuccess\":null,\"LinkUrlCancel\":null,\"Signature\":\"0ff3876d901c9f2d90bf40c59f01eae9\",\"Customer\":{\"Code\":\"13\",\"Name\":null,\"Address\":\"Olga Pencencova, invoice address is empty, MD-0000 Chisinau, Moldova, 79646609\"},\"Payer\":null,\"Currency\":498,\"ExternalDate\":\"2018-08-29T23:31:38.11\",\"ExpiryDate\":\"2018-08-30T00:01:37\",\"Services\":[{\"Name\":\"Card of products\",\"Description\":\"Cart of products\",\"Amount\":500,\"Products\":[{\"GroupName\":null,\"QualitiesConcat\":null,\"LineNo\":1,\"GroupId\":null,\"Code\":\"undefinedServiceCode1\",\"Barcode\":null,\"Name\":\"Order payment for Cookie Flowers\",\"Description\":\"Online payment\",\"UnitPrice\":null,\"UnitProduct\":null,\"Quantity\":null,\"Amount\":500,\"Dimensions\":null,\"Qualities\":null,\"TotalAmount\":500}]}]}','2018-08-29 23:31:38','2018-08-29 23:31:38'),
	(6,0,'Init: Sent request for order request','Sent order to PayNet : 36','{\"url:\":\"https:\\/\\/paynet.md:4446\\/api\\/Payments\",\"param:\":{\"products\":{\"Invoice\":\"361535710509\",\"Customer\":{\"Code\":14,\"Name\":\"\\u0430\\u043b\\u0435\\u043a\\u0441 Surname\",\"Address\":\"\\u0430\\u043b\\u0435\\u043a\\u0441 Last name, invoice address is empty, MD-0000 Chisinau, \\u041c\\u043e\\u043b\\u0434\\u043e\\u0432\\u0430, 079900914\"},\"Currency\":498,\"ExpiryDate\":\"2018-08-31T13:45:09\",\"Services\":[{\"Name\":\"Order payment for Cadouri.md\",\"Description\":\"Online payment\",\"Products\":[{\"LineNo\":1,\"Code\":36,\"Name\":\"Payment from my shop\",\"Description\":\"Payment id order: 36\",\"Quantity\":1,\"UnitPrice\":134000}],\"Amount\":134000}],\"MerchantCode\":\"454780\"},\"header\":[\"Content-length: 834\",\"Authorization: bearer T95E7cKs2MJQsOW7wAdkts64LIjppc8CKJbwnwtvI14x2lmzGSSumNSVh_okprIgrTUD-UeYZN6bNIiuKswjDGMXihEkzZicUdPKhUzNFyTPRNk9U0fNVFrss6ozf5Ks_8dV2UoGhX4_-sPjKagLNNFamsurz1eR27KIheT35FtSx3xC0jeNAvvC8xoaAVGNzvVnHPeGC1uD-cxyJ_BwnSO5GrQDnBqdTSEz69SNXDxj7QwHNRO3lxzasiUcsPRhE6lyutTKtSVqbSc_yrbj8Ccz-1CKrZFtsKAaRoyuSwqEGdCZ6_R0-CzLoXb9eA3GtZM6xaB5bp6OOar8TKSP7FqTxLB1jbQJBwlSnC23f0N7CfUb93mD78cRdPTtGkJZ0fTqrCIaSCGumGNnfYyNWVH-5uXTcNfQybt5cEpXj_Kb_PzPTFjZC2Vj98fJzfAkjOaUzzXyY3CYWZINqOFZiUp-ufw8Bv3mfuI0oBF9FhIGyiHJsBcU0UrBD4ohhOUoPuOdupylHMMt_7lR0nw-lgxyKfNFIOttteeMy95cE9DfBd3dP8hFoJUPckAMJ--fu3bvtA1knPRE5pALTsaZwlrHiYFMt8YXzpoW2gRD6c_F7y8dmxxRzVl3UczzdOfT9xd0HvkQldy5WlNyXFCWEULBz7J38wT768_9ypK20N1g5RcHqD2qt89S9f07zz1232gSup8Kr1ofLZBoLN4tvuFIYeU9JzKzzj10uV3n-raHysXF31xUVypjCy_-qrMy\"]}}','{\"OperationId\":0,\"LoyaltyTransaction\":null,\"Confirmed\":null,\"Processed\":null,\"Canceled\":null,\"CustomerKey\":\"00000000-0000-0000-0000-000000000000\",\"CustomerCode\":null,\"BonusAmount\":null,\"DiscountAmount\":0,\"MoneyInfo\":null,\"CustomerInfo\":null,\"PaymentId\":53460,\"Status\":1,\"Registered\":\"2018-08-31T13:15:09.75\",\"Amount\":134000,\"Commission\":0,\"Invoice\":361535710509,\"MerchantCode\":\"454780\",\"LinkUrlSuccess\":null,\"LinkUrlCancel\":null,\"Signature\":\"4b7e96b6edb7d711317ebb2f66664577\",\"Customer\":{\"Code\":\"14\",\"Name\":null,\"Address\":\"алекс Last name, invoice address is empty, MD-0000 Chisinau, Молдова, 079900914\"},\"Payer\":null,\"Currency\":498,\"ExternalDate\":\"2018-08-31T13:15:09.75\",\"ExpiryDate\":\"2018-08-31T13:45:09\",\"Services\":[{\"Name\":\"Card of products\",\"Description\":\"Cart of products\",\"Amount\":134000,\"Products\":[{\"GroupName\":null,\"QualitiesConcat\":null,\"LineNo\":1,\"GroupId\":null,\"Code\":\"undefinedServiceCode1\",\"Barcode\":null,\"Name\":\"Order payment for Cadouri.md\",\"Description\":\"Online payment\",\"UnitPrice\":null,\"UnitProduct\":null,\"Quantity\":null,\"Amount\":134000,\"Dimensions\":null,\"Qualities\":null,\"TotalAmount\":134000}]}]}','2018-08-31 13:15:09','2018-08-31 13:15:09'),
	(7,0,'Init: Sent request for order request','Sent order to PayNet : 36','{\"url:\":\"https:\\/\\/paynet.md:4446\\/api\\/Payments\",\"param:\":{\"products\":{\"Invoice\":\"361535710510\",\"Customer\":{\"Code\":15,\"Name\":\"\\u0430\\u043b\\u0435\\u043a\\u0441 Surname\",\"Address\":\"\\u0430\\u043b\\u0435\\u043a\\u0441 Last name, invoice address is empty, MD-0000 Chisinau, \\u041c\\u043e\\u043b\\u0434\\u043e\\u0432\\u0430, 079900914\"},\"Currency\":498,\"ExpiryDate\":\"2018-08-31T13:45:10\",\"Services\":[{\"Name\":\"Order payment for Cadouri.md\",\"Description\":\"Online payment\",\"Products\":[{\"LineNo\":1,\"Code\":36,\"Name\":\"Payment from my shop\",\"Description\":\"Payment id order: 36\",\"Quantity\":1,\"UnitPrice\":134000}],\"Amount\":134000}],\"MerchantCode\":\"454780\"},\"header\":[\"Content-length: 834\",\"Authorization: bearer yHVwsW9AmDYVTVYUX8RKiIAmsTYzDfTYm39zNTCWoqu5554yW9YbrHoKklZNRbY-pi-fo7tJWkVfNqVHwr0I_-coUBCj0UYheGePc0tW6H5QVCpql4pxd2y-0RZjNSrctLPrPTlAhlp-2e6SrKSQPKoykBvZL1RWDHFYpdTHyOi9awB2WaCX1vh6K5RIXHor3HjjiKubRxtD3IZiR5BIO1oLZNMDuRMpCrhvoicclwuyoebSEctsTMRf9GBcXx_TcJk7hcq5xEh1dM611pWgP4bEN5qQp08MSNMicS664hiPKRp2bits8iGb9LnjmsOqkYGNMWJWJT-GUUdCnJnsqizbnfPQX_N7CGVCE0BnMz5DiB6xfoMHrhxNVcMWDWeabim-6TkS3OxuMmuGTOFw2AGFIM8Ee2_rg41EcVUgmYlBeG8xfUh3ZvagGCuU5SmK79AQfaqnEWlAio_bpKFUDJrPtOLpozTIkcsRl4qTPqf8wKWeecLFo1nAZKQ6Ui2ASBUmfPpGKjsv6hPnPRT-RNJeCAzjEXoRgpEuspb1TqlkYIlTPh_snXig7L7SupXc5mMmJq_lF4hyaXS81nDvCTgN-PiQNn6bfEinpr3eDer9SkQdeehhffHxoOvS9Qw0xLc-tV8HNm1lYlW52bxiDPs_7wyxpCZ0RQ1Lszay6OybhR1ngd1COzRp0aPT6MUXSHyL3CWlAohcx0nikQ_cHGkSECkg3d-FraN6wGhW8-0OF00sB_YFjwMCmgtHwTQq\"]}}','{\"OperationId\":0,\"LoyaltyTransaction\":null,\"Confirmed\":null,\"Processed\":null,\"Canceled\":null,\"CustomerKey\":\"00000000-0000-0000-0000-000000000000\",\"CustomerCode\":null,\"BonusAmount\":null,\"DiscountAmount\":0,\"MoneyInfo\":null,\"CustomerInfo\":null,\"PaymentId\":53461,\"Status\":1,\"Registered\":\"2018-08-31T13:15:10.677\",\"Amount\":134000,\"Commission\":0,\"Invoice\":361535710510,\"MerchantCode\":\"454780\",\"LinkUrlSuccess\":null,\"LinkUrlCancel\":null,\"Signature\":\"25730df4f263eef38d5fdd9957c2f65b\",\"Customer\":{\"Code\":\"15\",\"Name\":null,\"Address\":\"алекс Last name, invoice address is empty, MD-0000 Chisinau, Молдова, 079900914\"},\"Payer\":null,\"Currency\":498,\"ExternalDate\":\"2018-08-31T13:15:10.673\",\"ExpiryDate\":\"2018-08-31T13:45:10\",\"Services\":[{\"Name\":\"Card of products\",\"Description\":\"Cart of products\",\"Amount\":134000,\"Products\":[{\"GroupName\":null,\"QualitiesConcat\":null,\"LineNo\":1,\"GroupId\":null,\"Code\":\"undefinedServiceCode1\",\"Barcode\":null,\"Name\":\"Order payment for Cadouri.md\",\"Description\":\"Online payment\",\"UnitPrice\":null,\"UnitProduct\":null,\"Quantity\":null,\"Amount\":134000,\"Dimensions\":null,\"Qualities\":null,\"TotalAmount\":134000}]}]}','2018-08-31 13:15:10','2018-08-31 13:15:10'),
	(8,0,'Init: Sent request for order request','Sent order to PayNet : 39','{\"url:\":\"https:\\/\\/paynet.md:4446\\/api\\/Payments\",\"param:\":{\"products\":{\"Invoice\":\"391535710857\",\"Customer\":{\"Code\":16,\"Name\":\"Name Surname\",\"Address\":\"First name Last name, invoice address is empty, MD-0000 Chisinau, Moldova, 079977515\"},\"Currency\":498,\"ExpiryDate\":\"2018-08-31T13:50:57\",\"Services\":[{\"Name\":\"Order payment for Cadouri.md\",\"Description\":\"Online payment\",\"Products\":[{\"LineNo\":1,\"Code\":39,\"Name\":\"Payment from my shop\",\"Description\":\"Payment id order: 39\",\"Quantity\":1,\"UnitPrice\":94500}],\"Amount\":94500}],\"MerchantCode\":\"454780\"},\"header\":[\"Content-length: 751\",\"Authorization: bearer gb3XvEsXhZ8KRAdWmd1WNx1sQBGbaZZCiC98ZqZYi4ZnLGXt7XvtEN01O0Fw82UG6T6uKJfQfL0NR3NcR5qpD3dXuE-8OajHANhH-FMrOKC9hCxtkgroWt9SBeagmBbo1N0hst6AIrLmFHG2mK8t21_7wWYn-id2ro8YRJXzwe_Rjl9Auhj4iDTHOjem0omz0qG00jkcKLOcRsPLltQoomfs9q_7jKI_470DIPyVx3rvi84ieALykU9O4v1hU-Qm7VzUrlo9IC_k9ysrKdVquWVDGWQJq_mxadZECNYG5pgvk9vqnjF8pvXwLxKlVKspiqk3iGtuqT0CmiBKIOlhwkag-nLKfv97md5_GZ_qvGy7kNXzs0bV9TUkT4ILD_KMV40mx5778mUu-DOZv6Cdpjj68JACaZPjV3l5zIL4BFs2FxefXLRcl1rM6yHhDrt35PXnuJF_Vy3xgOofKYTd6wYbSASqgAldlFQsYVhIuztGNKivYjZCc-GOWdIeJbtZUQ7pK-oXIMkVWhS8-11UYJE0QSirkVGKpeiCCsnMMm9Q7glMy8mdWDbi0hQ0zkfxANwPhCd8k6bE3dOH9qfp7hOtDePOhR_-U66M38Yt0FHTyhT0rgiEegaNopib71TRhIgsEkG3vmzROau1v5KSo3-uJogs62hWGu4v8OE1gcOKhkKeagFG3yS1JhH2H-ZJGxkcgnfVDrky2LL1VcOlR2iAx9sFdJdV6CIz331Sa_TFZwz_7tNw-mDJWWu1XHNo\"]}}','{\"OperationId\":0,\"LoyaltyTransaction\":null,\"Confirmed\":null,\"Processed\":null,\"Canceled\":null,\"CustomerKey\":\"00000000-0000-0000-0000-000000000000\",\"CustomerCode\":null,\"BonusAmount\":null,\"DiscountAmount\":0,\"MoneyInfo\":null,\"CustomerInfo\":null,\"PaymentId\":53464,\"Status\":1,\"Registered\":\"2018-08-31T13:20:57.297\",\"Amount\":94500,\"Commission\":0,\"Invoice\":391535710857,\"MerchantCode\":\"454780\",\"LinkUrlSuccess\":null,\"LinkUrlCancel\":null,\"Signature\":\"f90194c2fcd2315ce8daea3b4bfd6866\",\"Customer\":{\"Code\":\"16\",\"Name\":null,\"Address\":\"First name Last name, invoice address is empty, MD-0000 Chisinau, Moldova, 079977515\"},\"Payer\":null,\"Currency\":498,\"ExternalDate\":\"2018-08-31T13:20:57.297\",\"ExpiryDate\":\"2018-08-31T13:50:57\",\"Services\":[{\"Name\":\"Card of products\",\"Description\":\"Cart of products\",\"Amount\":94500,\"Products\":[{\"GroupName\":null,\"QualitiesConcat\":null,\"LineNo\":1,\"GroupId\":null,\"Code\":\"undefinedServiceCode1\",\"Barcode\":null,\"Name\":\"Order payment for Cadouri.md\",\"Description\":\"Online payment\",\"UnitPrice\":null,\"UnitProduct\":null,\"Quantity\":null,\"Amount\":94500,\"Dimensions\":null,\"Qualities\":null,\"TotalAmount\":94500}]}]}','2018-08-31 13:20:57','2018-08-31 13:20:57'),
	(9,0,'Init: Sent request for order request','Sent order to PayNet : 39','{\"url:\":\"https:\\/\\/paynet.md:4446\\/api\\/Payments\",\"param:\":{\"products\":{\"Invoice\":\"391536061706\",\"Customer\":{\"Code\":16,\"Name\":\"Name Surname\",\"Address\":\"First name Last name, invoice address is empty, MD-0000 Chisinau, Moldova, 079977515\"},\"Currency\":498,\"ExpiryDate\":\"2018-09-04T15:18:26\",\"Services\":[{\"Name\":\"Order payment for Cadouri.md\",\"Description\":\"Online payment\",\"Products\":[{\"LineNo\":1,\"Code\":39,\"Name\":\"Payment from my shop\",\"Description\":\"Payment id order: 39\",\"Quantity\":1,\"UnitPrice\":500}],\"Amount\":500}],\"MerchantCode\":\"454780\"},\"header\":[\"Content-length: 747\",\"Authorization: bearer alu7D0KCjqT97dEm-SiFxuiZ2FUIGNbTZmtRtCmEKCHnxftDTvP8ViXlS1vHr79Awn1Tgwof8rVIzKnVidDFRkCpfjje9e0NcjGnqOo7uUeAFG-IFgVM73ix4nSNiqCpSRrjWHT6eUBWqWwucy-dhFgkVKqTSPtLvQ3R8mFhkme9kRsUeU80oIxyPaUUqkDNUeSrOGD9b-qptPctK0ue0g9s5neAMNSnPjgJtAJg0SE9AehtaQmgdzT-82OxuMtFaFShMLvisa1qAx5k02BqHsvfZ9YGVXD6Fh14W85IibYqAZyyFd5Ra0qYoPxE1cD3fBHeRzTHxyFP7QGAL_YnFgRe-EtcnMfje2mvtC4yiLSf8XnfZwcH64c_-8opTBojxEikWpv5USYg-3jFlIQ2H5m8m2gSQn8AtbPGxMl_PrIxC3Czktt-9BoCkJ2f-mhBXB5oNUyT-JjCUTHCXVvLWpmFuF1iDT-V8vxsJC7elTkzFVIcxy5hnTu5tNYu942UxVQNOehxWpuGMCybUoO3nwF1mN5NgGDz6XwLunC31WHayAsNczeZTYPK_gXn-A_6RJwrPbPFXjklVAPwzIvbyJCC4eD58fYVzNOlMhSwxaaAoJ2U0Qj8B6K20Z9yPKkF9IgxwZou-xAuquLVnoPkv_9B98hUKH69DEAxjPAJCKjjL6YqjU2Y8cymlsWX-Im7jnqGtuEmxtzmXROo5Ee4z5o-7QfvtlAABHsxwG0DCDrLqJfbXa1KDyF0tPPKBR6N\"]}}','{\"OperationId\":0,\"LoyaltyTransaction\":null,\"Confirmed\":null,\"Processed\":null,\"Canceled\":null,\"CustomerKey\":\"00000000-0000-0000-0000-000000000000\",\"CustomerCode\":null,\"BonusAmount\":null,\"DiscountAmount\":0,\"MoneyInfo\":null,\"CustomerInfo\":null,\"PaymentId\":55012,\"Status\":1,\"Registered\":\"2018-09-04T14:48:26.987\",\"Amount\":500,\"Commission\":0,\"Invoice\":391536061706,\"MerchantCode\":\"454780\",\"LinkUrlSuccess\":null,\"LinkUrlCancel\":null,\"Signature\":\"15738ca476248ffc40de9cf7e790e49f\",\"Customer\":{\"Code\":\"16\",\"Name\":null,\"Address\":\"First name Last name, invoice address is empty, MD-0000 Chisinau, Moldova, 079977515\"},\"Payer\":null,\"Currency\":498,\"ExternalDate\":\"2018-09-04T14:48:26.987\",\"ExpiryDate\":\"2018-09-04T15:18:26\",\"Services\":[{\"Name\":\"Card of products\",\"Description\":\"Cart of products\",\"Amount\":500,\"Products\":[{\"GroupName\":null,\"QualitiesConcat\":null,\"LineNo\":1,\"GroupId\":null,\"Code\":\"undefinedServiceCode1\",\"Barcode\":null,\"Name\":\"Order payment for Cadouri.md\",\"Description\":\"Online payment\",\"UnitPrice\":null,\"UnitProduct\":null,\"Quantity\":null,\"Amount\":500,\"Dimensions\":null,\"Qualities\":null,\"TotalAmount\":500}]}]}','2018-09-04 14:48:27','2018-09-04 14:48:27'),
	(10,0,'Init: Sent request for order request','Sent order to PayNet : 48','{\"url:\":\"https:\\/\\/paynet.md:4446\\/api\\/Payments\",\"param:\":{\"products\":{\"Invoice\":\"481537274538\",\"Customer\":{\"Code\":18,\"Name\":\"Vi Surname\",\"Address\":\"Vi Last name, invoice address is empty, MD-0000 Chisinau, \\u041c\\u043e\\u043b\\u0434\\u043e\\u0432\\u0430, 3366522163\"},\"Currency\":498,\"ExpiryDate\":\"2018-09-18T16:12:18\",\"Services\":[{\"Name\":\"Order payment for Cadouri.md\",\"Description\":\"Online payment\",\"Products\":[{\"LineNo\":1,\"Code\":48,\"Name\":\"Payment from my shop\",\"Description\":\"Payment id order: 48\",\"Quantity\":1,\"UnitPrice\":100000}],\"Amount\":100000}],\"MerchantCode\":\"454780\"},\"header\":[\"Content-length: 779\",\"Authorization: bearer pQL2aI8Ls0YD0LvMJRGlmYZu2Rl_vV3yVJ3pW1W-aI0PLytZJA8KqJt_nrOfrSgxRZZ7nTW0_bX3O_q_RhqkAtQyrhC54rRHdYq_rgg7gLHvFn8MFJ2vUKwd21s3utKGSJb8cuV7YD4qTMUm9zUHAk3hAJMv_X66m81edRjRnQSg--KO-9x6c9Fcx-vF5m78PxCq1wOE2-aGn7mNj2s2_5ie02PlEVOfHq47YNklXLQpSk-EXXQi2wzEIQxrF91iFjUVjoS2S6vBmSd8Mn0FLK1D8hNaNoGX5qdhFfYT7zPyLuEAqMbDg0EtuAicYcq4XWTtTclEv8j2G9b5QVaZK-lpv40UvWJ-qDZhkO5zs9Lo0m15FMK-oK8XUyxBrzdMAUOlwOR_-PncXPpoy9Qh6hOP2RzLqklkYq6vlSrNcQMZ_okcwPepLeREonYI_5Pv7jVAJuHj_VfTXNraolrRYheOLc90ztFWPFe-9vofxN-xCFu4X-cL8Lh6Da9orXDZWqKQ15oG1KDuwMgCy-2WyWnX-M3zOLucABP04quGa1j4a_R_4eIMPQQPpjWj1HgbeXMVSs8HmIkZs0i7D3i-YP2-jOIedfDbjmsfmIZWGspXAtB3jeYxQHIoh_TuuorV6mHocdqgDUjZ1ZFdlDMdbchCJjXfS__W-6Qj6EiVJDaA_BDrR_Qkyj049J9QJXpBmivcNMrll6kpuUS_55ZRNKvQ_QPZKgrW2C1-3aXs5_Q72NjalAttJj9Khn60Dqg1\"]}}','{\"OperationId\":0,\"LoyaltyTransaction\":null,\"Confirmed\":null,\"Processed\":null,\"Canceled\":null,\"CustomerKey\":\"00000000-0000-0000-0000-000000000000\",\"CustomerCode\":null,\"BonusAmount\":null,\"DiscountAmount\":0,\"MoneyInfo\":null,\"CustomerInfo\":null,\"PaymentId\":100421,\"Status\":1,\"Registered\":\"2018-09-18T15:42:19.14\",\"Amount\":100000,\"Commission\":0,\"Invoice\":481537274538,\"MerchantCode\":\"454780\",\"LinkUrlSuccess\":null,\"LinkUrlCancel\":null,\"Signature\":\"1d263bc05bd6463984b2377cd06afc57\",\"Customer\":{\"Code\":\"18\",\"Name\":null,\"Address\":\"Vi Last name, invoice address is empty, MD-0000 Chisinau, Молдова, 3366522163\"},\"Payer\":null,\"Currency\":498,\"ExternalDate\":\"2018-09-18T15:42:19.14\",\"ExpiryDate\":\"2018-09-18T16:12:18\",\"Services\":[{\"Name\":\"Card of products\",\"Description\":\"Cart of products\",\"Amount\":100000,\"Products\":[{\"GroupName\":null,\"QualitiesConcat\":null,\"LineNo\":1,\"GroupId\":null,\"Code\":\"undefinedServiceCode1\",\"Barcode\":null,\"Name\":\"Order payment for Cadouri.md\",\"Description\":\"Online payment\",\"UnitPrice\":null,\"UnitProduct\":null,\"Quantity\":null,\"Amount\":100000,\"Dimensions\":null,\"Qualities\":null,\"TotalAmount\":100000}]}]}','2018-09-18 15:42:19','2018-09-18 15:42:19'),
	(11,0,'Init: Sent request for order request','Sent order to PayNet : 58','{\"url:\":\"https:\\/\\/paynet.md:4446\\/api\\/Payments\",\"param:\":{\"products\":{\"Invoice\":\"581537868921\",\"Customer\":{\"Code\":20,\"Name\":\"\\u041d\\u0438\\u043a\\u043e\\u043b\\u0430\\u0439 \\u0421\\u043c\\u0438\\u0440\\u043d\\u043e\\u0432\",\"Address\":\"\\u041d\\u0438\\u043a\\u043e\\u043b\\u0430\\u0439 \\u0421\\u043c\\u0438\\u0440\\u043d\\u043e\\u0432, invoice address is empty, MD-0000 Chisinau, \\u041c\\u043e\\u043b\\u0434\\u043e\\u0432\\u0430, +79857880870\"},\"Currency\":498,\"ExpiryDate\":\"2018-09-25T13:18:41\",\"Services\":[{\"Name\":\"Order payment for Cadouri.md\",\"Description\":\"Online payment\",\"Products\":[{\"LineNo\":1,\"Code\":58,\"Name\":\"Payment from my shop\",\"Description\":\"Payment id order: 58\",\"Quantity\":1,\"UnitPrice\":97500}],\"Amount\":97500}],\"MerchantCode\":\"454780\"},\"header\":[\"Content-length: 929\",\"Authorization: bearer JKiWu-jgRcGnu-czCjsKtgEwwRCJ6A710LLG7R_dG5Amca2zB2COpEuiPLnKYHU_1ifdqs95ELxpKnMUlfWQwv566ja20m2HTK8QyMB1mI_yj3F9U0mIytXouMZrgbnhhPeDyfDZsCMPfJ7FKZvnPoJtAFzWVCGwOS7N36NdjdHnTKUU29etaGde6CbtSAACNB487Ht6g7oXSvohH3pOJE0ktXRFlTktQWaEDikadRWmg7FPm0tZbE1ihcAcTbPvjE0Lst5KdnjrPnya1DK-PP78CpYKEH_Mga2_zmQq5-Mllt0ViGYJZraTpizSAUnCVJfQsxjqKqfT_xOqeJ1ok2vjqOMigx85uURAKm6GhIePcR29qHy6Rbzuvs2Kf516Xsv5zxs0tpzmI5jwkSrai_NJXpin3TP6Js-F56fyK0yno9aGCyLbT6BUNScFOggl7ViXMpC4TUB3EC8saqSnVGbHe6NJ7BteGp9DSL36OjyI1trc0QPLIxfz-tQkt-5ETCn7mU2PFHYRpseTOKNvXr_WipqZxER3OSEMe9rpSg0T6wZVdXWv3AarJegs_1E3GvkQepmrHGS14ABZIEERjqQ65vf8dhWpLtFe-kF33lvGuFH4d0ODjpI22aQYT1OPkSvNWY8d9PlWCf4K4YPYdhlUBOU1daA6_IK0WRq5G2EezYYQrfrmHJaT5PmW6mZI2Inkb2nBaFyfon-IpJsI4G-rw8B2T83Evd_nEgmcuUNpgqTgoQPp3y9DjGlGuhW2\"]}}','{\"OperationId\":0,\"LoyaltyTransaction\":null,\"Confirmed\":null,\"Processed\":null,\"Canceled\":null,\"CustomerKey\":\"00000000-0000-0000-0000-000000000000\",\"CustomerCode\":null,\"BonusAmount\":null,\"DiscountAmount\":0,\"MoneyInfo\":null,\"CustomerInfo\":null,\"PaymentId\":103158,\"Status\":1,\"Registered\":\"2018-09-25T12:48:41.483\",\"Amount\":97500,\"Commission\":0,\"Invoice\":581537868921,\"MerchantCode\":\"454780\",\"LinkUrlSuccess\":null,\"LinkUrlCancel\":null,\"Signature\":\"faefb27708a9bb7a952bb11eac33ebe4\",\"Customer\":{\"Code\":\"20\",\"Name\":null,\"Address\":\"Николай Смирнов, invoice address is empty, MD-0000 Chisinau, Молдова, +79857880870\"},\"Payer\":null,\"Currency\":498,\"ExternalDate\":\"2018-09-25T12:48:41.483\",\"ExpiryDate\":\"2018-09-25T13:18:41\",\"Services\":[{\"Name\":\"Card of products\",\"Description\":\"Cart of products\",\"Amount\":97500,\"Products\":[{\"GroupName\":null,\"QualitiesConcat\":null,\"LineNo\":1,\"GroupId\":null,\"Code\":\"undefinedServiceCode1\",\"Barcode\":null,\"Name\":\"Order payment for Cadouri.md\",\"Description\":\"Online payment\",\"UnitPrice\":null,\"UnitProduct\":null,\"Quantity\":null,\"Amount\":97500,\"Dimensions\":null,\"Qualities\":null,\"TotalAmount\":97500}]}]}','2018-09-25 12:48:41','2018-09-25 12:48:41'),
	(12,0,'Init: Sent request for order request','Sent order to PayNet : 64','{\"url:\":\"https:\\/\\/paynet.md:4446\\/api\\/Payments\",\"param:\":{\"products\":{\"Invoice\":\"641538123654\",\"Customer\":{\"Code\":21,\"Name\":\"Vladimir Surname\",\"Address\":\"Vladimir Last name, invoice address is empty, MD-0000 Chisinau, \\u041c\\u043e\\u043b\\u0434\\u043e\\u0432\\u0430, 069106871\"},\"Currency\":498,\"ExpiryDate\":\"2018-09-28T12:04:14\",\"Services\":[{\"Name\":\"Order payment for Cadouri.md\",\"Description\":\"Online payment\",\"Products\":[{\"LineNo\":1,\"Code\":64,\"Name\":\"Payment from my shop\",\"Description\":\"Payment id order: 64\",\"Quantity\":1,\"UnitPrice\":229500}],\"Amount\":229500}],\"MerchantCode\":\"454780\"},\"header\":[\"Content-length: 790\",\"Authorization: bearer OF-5A2RIdpv_T_2bZ9OaaLYvCfOqz8O_U6Fy28VFnd2kiBp7YwwoxfmPIJNKLrXWFnqgtVeek_HxwiNYJrTZJGvs71HP7-xDBDpYiDfYKxgRnNgtwHCqR1MgAlUzE8dXkDBuUVNPg6i5MgLAd2zpv4E2UGNiVdxp4MINDAa6kbXZYV7qpuggtlyI5d5hexCa5iH8AV7aLAn8Iig1crpxLhr1QziJfBazYmJPQ6I1vQ1-OLAILj-UAlsCo2h0QSyVkJKerAqyhAyR2CQKyg9LnfrRKX4YQCVBxie_PWXwvKLiQS_JNRwg6z23CnQZBLrm09NPSe6iXBOKOX__0LzdYUoq33Ev8bp0PfilDJdB7M_71aDhq3TB4QevtmdsxG9ZG4oZJmzphwUbv7vmp291xdhBhHQ17r5vNJ-mizCA-6CZb5fXhhjpn8bbzdh9JD9bCU8itBy3TqeH4X40Qy37YpAkE2wpQoURjbpliJ9fyNSFOlNyl0I7h5pp-_Oli_idWczV0nO-a6alT4nCVSt8ASFGUpucznCdaOVxHchNOvU2WB3vwWN85fpaRXJDLw3L-B4irZwAD4hyuJVqD-dTjBHCfztEfdaD8PjQZ9haO2iFf5YxdYlpUOAniHY0iBS8--FUGIxfvCfY0xgJgqxjjOeQxuPWAhD3STCRNCKtgBY_npiNTX16v3MDrdruYDymHLNV63xdQDdxBQFD1RYaZzD5uQ2lRt67xZJX5CJt52PA-Oy7Zozy1Vw3nii3MbmT\"]}}','{\"OperationId\":0,\"LoyaltyTransaction\":null,\"Confirmed\":null,\"Processed\":null,\"Canceled\":null,\"CustomerKey\":\"00000000-0000-0000-0000-000000000000\",\"CustomerCode\":null,\"BonusAmount\":null,\"DiscountAmount\":0,\"MoneyInfo\":null,\"CustomerInfo\":null,\"PaymentId\":104677,\"Status\":1,\"Registered\":\"2018-09-28T11:34:14.47\",\"Amount\":229500,\"Commission\":0,\"Invoice\":641538123654,\"MerchantCode\":\"454780\",\"LinkUrlSuccess\":null,\"LinkUrlCancel\":null,\"Signature\":\"44c7529f573fb472ab7c68829fa83481\",\"Customer\":{\"Code\":\"21\",\"Name\":null,\"Address\":\"Vladimir Last name, invoice address is empty, MD-0000 Chisinau, Молдова, 069106871\"},\"Payer\":null,\"Currency\":498,\"ExternalDate\":\"2018-09-28T11:34:14.47\",\"ExpiryDate\":\"2018-09-28T12:04:14\",\"Services\":[{\"Name\":\"Card of products\",\"Description\":\"Cart of products\",\"Amount\":229500,\"Products\":[{\"GroupName\":null,\"QualitiesConcat\":null,\"LineNo\":1,\"GroupId\":null,\"Code\":\"undefinedServiceCode1\",\"Barcode\":null,\"Name\":\"Order payment for Cadouri.md\",\"Description\":\"Online payment\",\"UnitPrice\":null,\"UnitProduct\":null,\"Quantity\":null,\"Amount\":229500,\"Dimensions\":null,\"Qualities\":null,\"TotalAmount\":229500}]}]}','2018-09-28 11:34:15','2018-09-28 11:34:15'),
	(13,0,'Init: Sent request for order request','Sent order to PayNet : 70','{\"url:\":\"https:\\/\\/paynet.md:4446\\/api\\/Payments\",\"param:\":{\"products\":{\"Invoice\":\"701538851505\",\"Customer\":{\"Code\":22,\"Name\":\"Ana Cecan\",\"Address\":\"Ana Cecan, invoice address is empty, MD-0000 Chisinau, Republica Moldova, 068177077\"},\"Currency\":498,\"ExpiryDate\":\"2018-10-06T22:15:05\",\"Services\":[{\"Name\":\"Order payment for Cadouri.md\",\"Description\":\"Online payment\",\"Products\":[{\"LineNo\":1,\"Code\":70,\"Name\":\"Payment from my shop\",\"Description\":\"Payment id order: 70\",\"Quantity\":1,\"UnitPrice\":91000}],\"Amount\":91000}],\"MerchantCode\":\"454780\"},\"header\":[\"Content-length: 747\",\"Authorization: bearer TtxdPP8ICF8a7ChQN1RTqOmgbVB3QWVLLLT4kehftcHjcH5CkWYn2yNQ1a_PYGawn4MiYUdcxZS8a0nCp0eUAuW2lbGTl3cCIxsqU1_X5pH7Z5w9VjtN0KzQWE0GsPW3I4UkeM9Cn-u_0Gnv7jMuoHSmmQf6Uyz-6ZPB4JqcszBxHgTsckI6CCw6M0p_VuV8TFwnFDBtvNiUySTzFOzpdt8hzfv52m-K9-GAG2VJpg1CGN-GOHuMNoyuWKdRRLdG5hWegQjlTLEzNt4IijdQATyRNMRaeCIZHhjvIMOc5P3ci3CAEKQCpR4pxOjD2X45SZ9GomIvCcrz0yvdy_37h3dOG1uHl_fXmgbbAipKD5oqbbRDnDsctwem81tCH3ipUXyE3DIvhg2BmylfyUuD59708HBEDKKJlZ2xr4hNBg9XpTx4WjkzEBVkqSYuXC9zMwlF9BuXy8GlVqXVe5QvR_L8ORg5zyIO2T87zEc00HuKTjMY6fztTUDanKrSurwGhg3KLyVvsY8y9KzUUY_PucBgKq0ytt0JDikwwjA7BX0-D-juBN0gKMljGlV4VkBzYRlCBglLKAY2Bwtz2fqmVc1yFnML-CXmVhihd5-pDqs5LsyL49DVp9POTT6b6s4X_vHig6mnDK4bQDAgeOr2VYqf-Vcb-2k7AkAamtHoyHbFAlEppEH1Lw1KS-IZeFUIL1HwMe24Fzh_jrZu0o2XQKT6R5PhdiAX_ZG1Bix3J3Cn8hpGCUJw84yNyXLv2HjI\"]}}','{\"OperationId\":0,\"LoyaltyTransaction\":null,\"Confirmed\":null,\"Processed\":null,\"Canceled\":null,\"CustomerKey\":\"00000000-0000-0000-0000-000000000000\",\"CustomerCode\":null,\"BonusAmount\":null,\"DiscountAmount\":0,\"MoneyInfo\":null,\"CustomerInfo\":null,\"PaymentId\":208792,\"Status\":1,\"Registered\":\"2018-10-06T21:45:06.283\",\"Amount\":91000,\"Commission\":0,\"Invoice\":701538851505,\"MerchantCode\":\"454780\",\"LinkUrlSuccess\":null,\"LinkUrlCancel\":null,\"Signature\":\"2f8f8fea3d2ebe35cb66de0a6d9a965b\",\"Customer\":{\"Code\":\"22\",\"Name\":null,\"Address\":\"Ana Cecan, invoice address is empty, MD-0000 Chisinau, Republica Moldova, 068177077\"},\"Payer\":null,\"Currency\":498,\"ExternalDate\":\"2018-10-06T21:45:06.283\",\"ExpiryDate\":\"2018-10-06T22:15:05\",\"Services\":[{\"Name\":\"Card of products\",\"Description\":\"Cart of products\",\"Amount\":91000,\"Products\":[{\"GroupName\":null,\"QualitiesConcat\":null,\"LineNo\":1,\"GroupId\":null,\"Code\":\"undefinedServiceCode1\",\"Barcode\":null,\"Name\":\"Order payment for Cadouri.md\",\"Description\":\"Online payment\",\"UnitPrice\":null,\"UnitProduct\":null,\"Quantity\":null,\"Amount\":91000,\"Dimensions\":null,\"Qualities\":null,\"TotalAmount\":91000}]}]}','2018-10-06 21:45:06','2018-10-06 21:45:06'),
	(14,0,'Init: Sent request for order request','Sent order to PayNet : 70','{\"url:\":\"https:\\/\\/paynet.md:4446\\/api\\/Payments\",\"param:\":{\"products\":{\"Invoice\":\"701538851928\",\"Customer\":{\"Code\":22,\"Name\":\"Ana Cecan\",\"Address\":\"Ana Cecan, invoice address is empty, MD-0000 Chisinau, Republica Moldova, 068177077\"},\"Currency\":498,\"ExpiryDate\":\"2018-10-06T22:22:08\",\"Services\":[{\"Name\":\"Order payment for Cadouri.md\",\"Description\":\"Online payment\",\"Products\":[{\"LineNo\":1,\"Code\":70,\"Name\":\"Payment from my shop\",\"Description\":\"Payment id order: 70\",\"Quantity\":1,\"UnitPrice\":91000}],\"Amount\":91000}],\"MerchantCode\":\"454780\"},\"header\":[\"Content-length: 747\",\"Authorization: bearer oHAWq5i25TeE88na0cxkXUx0yZYtTLbV4dAik8Tqx-Ck2300R2PgMXlrHM5eY9bopE8MqQRau8bOWDoI9WfyAPgno1IxSXJNCMZI35SPXNrx2felhc9aoA6QNhKRt9GwA3DfOX2FLVzTyRpzmwHU0w8A8GjrnyYNmvbKbhFvYeiZdX1gEcUWn_krCYKeLNihNM5Ljtk-skSJRxOTgthlfUmm_d9DNwTY6MavMBjoNwqz_ejiG65VUTIsSLWJbry4E1J6sWRtFanI4zikrvZsGbWJtij0JX7lIOoNjV8CI2IDNjFtFc9FLQxHBEddRbT1Lvv-PMHmo4GeSG2kS3-DvYIbjKxZ0HjJcrJ2xMYJ82jREq1BVs6vrk-kBvZiG2PFvaSvWAYD7MiUwX90NEtIq45SmOg5j70BAVRlEBE0LQLUMx6Cws5NZKRpY2RE_emAP-V6NO7rh20MowoZaVskpK6bNKnBlIUrWrthMICCpsI28zi0cNEUHc8uV0B-HMHhnZ6-03l9lILL_xgbjP5uFCkz0MwVTb9kRH2VTup2u8V85MdnJEyE-m4hu9Px2w3xLB7Co27tgH2Mb2YNydSYXYCJGDs2A6A5bb5QGQfp_eQH1dmimVFYN_48vlkzGOxZPRgPwtfJQMBDrL1sb5kdnwn-piIFa-vAh-EtKWPdlgXhW1VwatebVfrcbrQmnssSwi9L_tJAzV7IP1e5Fty5yrq8JPsEvQJ0N4n8SgD3ddBe5bDvotqpWtwFJ3-YY2i1\"]}}','{\"OperationId\":0,\"LoyaltyTransaction\":null,\"Confirmed\":null,\"Processed\":null,\"Canceled\":null,\"CustomerKey\":\"00000000-0000-0000-0000-000000000000\",\"CustomerCode\":null,\"BonusAmount\":null,\"DiscountAmount\":0,\"MoneyInfo\":null,\"CustomerInfo\":null,\"PaymentId\":208793,\"Status\":1,\"Registered\":\"2018-10-06T21:52:08.957\",\"Amount\":91000,\"Commission\":0,\"Invoice\":701538851928,\"MerchantCode\":\"454780\",\"LinkUrlSuccess\":null,\"LinkUrlCancel\":null,\"Signature\":\"4705136238bdce32890ae03df637ab1d\",\"Customer\":{\"Code\":\"22\",\"Name\":null,\"Address\":\"Ana Cecan, invoice address is empty, MD-0000 Chisinau, Republica Moldova, 068177077\"},\"Payer\":null,\"Currency\":498,\"ExternalDate\":\"2018-10-06T21:52:08.957\",\"ExpiryDate\":\"2018-10-06T22:22:08\",\"Services\":[{\"Name\":\"Card of products\",\"Description\":\"Cart of products\",\"Amount\":91000,\"Products\":[{\"GroupName\":null,\"QualitiesConcat\":null,\"LineNo\":1,\"GroupId\":null,\"Code\":\"undefinedServiceCode1\",\"Barcode\":null,\"Name\":\"Order payment for Cadouri.md\",\"Description\":\"Online payment\",\"UnitPrice\":null,\"UnitProduct\":null,\"Quantity\":null,\"Amount\":91000,\"Dimensions\":null,\"Qualities\":null,\"TotalAmount\":91000}]}]}','2018-10-06 21:52:09','2018-10-06 21:52:09'),
	(15,0,'Init: Sent request for order request','Sent order to PayNet : 70','{\"url:\":\"https:\\/\\/paynet.md:4446\\/api\\/Payments\",\"param:\":{\"products\":{\"Invoice\":\"701538852123\",\"Customer\":{\"Code\":22,\"Name\":\"Ana Cecan\",\"Address\":\"Ana Cecan, invoice address is empty, MD-0000 Chisinau, Republica Moldova, 068177077\"},\"Currency\":498,\"ExpiryDate\":\"2018-10-06T22:25:23\",\"Services\":[{\"Name\":\"Order payment for Cadouri.md\",\"Description\":\"Online payment\",\"Products\":[{\"LineNo\":1,\"Code\":70,\"Name\":\"Payment from my shop\",\"Description\":\"Payment id order: 70\",\"Quantity\":1,\"UnitPrice\":91000}],\"Amount\":91000}],\"MerchantCode\":\"454780\"},\"header\":[\"Content-length: 747\",\"Authorization: bearer Y9935JttHYfpl3Q-hhAHf2HE3CttesQXVWwGtyyBxcnMSr9PlfyA2e5nF7hwobP1ZnoMjpzDzLqC1Tv-5pCQFQkfY05MtpacN1frSRvRSt8mmT4ta4phxkPGVxtiBqCH1YyZSaVTpiBhrfrMDcE5nFXXBEIIVdZQpNkV1saghyy54vmMt1w2AT9iPNfCoAlI_6g3SUmIfHLZHmg56BiYEv_cQbHCKk5F9tGm9VWCQ9QDgBSp7IkD2FKOJX2SNknWSXYu-uJwg1XT3bqRIZemSJ2u_WE4BXhn1oljsP79lCK6MnvqLskFxzbHQYeJzY4T1Z2tIp13xRzzpGd7G6JHYiQf6vZcFTUtXxS_59BmSI4zKm8Ab4uSANIb3sjiCFDGFRh3p5ripdCucUObkPMhSHiGdimnFqucPiMocRWh7orMvqcw831l1Em5ui_p-OT6iGkJnP69PbmwzYHEEQU9o8LvGGvdX0T1_-5Dqsl7IClKEGHyNGNoy5Q13ZRdvis2rSHay0TaiqU2wlJpmGR_npAZHacbX0O97HIhZBWvW2ZFb3XVnDPYpfeMAOIFxyCcarq4HYCZ7WSsQF1iUoYknabHAvGq_2cR8Rp5C_nqKd6KaQk7obUYEuJ4AjhwSHbWllWqePif4sFH5iyxaF6eiuycFjevcvBF1A-gIGJrsVce44p-4QG4xSVc26gmz7Kp9zMvzYdn8ccUX2Nc97SNxSlTQ2eAGHzbl2s3mOvLYfKkLFLScOmtHwaPJAh_CVoZ\"]}}','{\"OperationId\":0,\"LoyaltyTransaction\":null,\"Confirmed\":null,\"Processed\":null,\"Canceled\":null,\"CustomerKey\":\"00000000-0000-0000-0000-000000000000\",\"CustomerCode\":null,\"BonusAmount\":null,\"DiscountAmount\":0,\"MoneyInfo\":null,\"CustomerInfo\":null,\"PaymentId\":208794,\"Status\":1,\"Registered\":\"2018-10-06T21:55:23.83\",\"Amount\":91000,\"Commission\":0,\"Invoice\":701538852123,\"MerchantCode\":\"454780\",\"LinkUrlSuccess\":null,\"LinkUrlCancel\":null,\"Signature\":\"e6bbee785d1bbd0ff57d0aba232f2686\",\"Customer\":{\"Code\":\"22\",\"Name\":null,\"Address\":\"Ana Cecan, invoice address is empty, MD-0000 Chisinau, Republica Moldova, 068177077\"},\"Payer\":null,\"Currency\":498,\"ExternalDate\":\"2018-10-06T21:55:23.827\",\"ExpiryDate\":\"2018-10-06T22:25:23\",\"Services\":[{\"Name\":\"Card of products\",\"Description\":\"Cart of products\",\"Amount\":91000,\"Products\":[{\"GroupName\":null,\"QualitiesConcat\":null,\"LineNo\":1,\"GroupId\":null,\"Code\":\"undefinedServiceCode1\",\"Barcode\":null,\"Name\":\"Order payment for Cadouri.md\",\"Description\":\"Online payment\",\"UnitPrice\":null,\"UnitProduct\":null,\"Quantity\":null,\"Amount\":91000,\"Dimensions\":null,\"Qualities\":null,\"TotalAmount\":91000}]}]}','2018-10-06 21:55:24','2018-10-06 21:55:24'),
	(16,0,'Init: Sent request for order request','Sent order to PayNet : 70','{\"url:\":\"https:\\/\\/paynet.md:4446\\/api\\/Payments\",\"param:\":{\"products\":{\"Invoice\":\"701538852138\",\"Customer\":{\"Code\":22,\"Name\":\"Ana Cecan\",\"Address\":\"Ana Cecan, invoice address is empty, MD-0000 Chisinau, Republica Moldova, 068177077\"},\"Currency\":498,\"ExpiryDate\":\"2018-10-06T22:25:38\",\"Services\":[{\"Name\":\"Order payment for Cadouri.md\",\"Description\":\"Online payment\",\"Products\":[{\"LineNo\":1,\"Code\":70,\"Name\":\"Payment from my shop\",\"Description\":\"Payment id order: 70\",\"Quantity\":1,\"UnitPrice\":91000}],\"Amount\":91000}],\"MerchantCode\":\"454780\"},\"header\":[\"Content-length: 747\",\"Authorization: bearer Yuo_jK4u8qGZ32bfUveMYpNQl1lXwVTwaQsPQP-6jVHlnODAH-9yzysM1ZAoykiHok2NrGZy5ABjdzesHW6hK3FROoYx8v7g7GFDPhFBTBDBayYZ07vIHcliNx3dDi6IjrMx3Qh5eoeeUOsnh8q02QqZIdmnXUf1SMbLVbX6_3ui1mD8PbBSDq98WhMjfJenhyx5Dfs5sRvECS-qX5_Kmr8XTVKbnuyvS_zRenq6Qbwm92EzQn8ZiSXo02s7Ml8YQvGVt6cea3usrNnT9vcdevgnGMuY7isyD6WPz0MFfj7bSG-hxNz_lhl_rpXXOz4zJDS5LgyeUpd6EbMPOPCm2TC2IKhboJFjF307d9Xfx2QegTIIAihVfqmS4S8nyjZ6_hwDqGVnxlG8XLrzTe7zy19hBBKeHSTJOwhJJ5_rBGHbk2hX-9w_AW_gGL9cv8CTz6jbKoN6X6QDCK9X2qFEAph3D_G_5qacNiFHvCjG0AmCHn7QE78UYydCWnrjpqqiBT_WC06_7oMK1gUayoRl3b_lR5YZq9ENDocfQf6k3ON7s3jQnNmzRp6Q76PEibrhM5Y0Z2KVTAB-8ZDpHKFEQ2dTNJ6STf3gVXZ-pB6-BKGDPEMxsCh_mGg1EGmC1ohHU3yESUZU1DYcBHFVCC5EGXbtMA_k1TM42MHbE4mL0OgM-xkcNFBx1EEK-7sM5nACx_hsmSE8hoZqRP7C6z7BD3R_VSw90RdBJVa8iltDAh5h73ondVIy5fNLe-o_wnLY\"]}}','{\"OperationId\":0,\"LoyaltyTransaction\":null,\"Confirmed\":null,\"Processed\":null,\"Canceled\":null,\"CustomerKey\":\"00000000-0000-0000-0000-000000000000\",\"CustomerCode\":null,\"BonusAmount\":null,\"DiscountAmount\":0,\"MoneyInfo\":null,\"CustomerInfo\":null,\"PaymentId\":208795,\"Status\":1,\"Registered\":\"2018-10-06T21:55:38.337\",\"Amount\":91000,\"Commission\":0,\"Invoice\":701538852138,\"MerchantCode\":\"454780\",\"LinkUrlSuccess\":null,\"LinkUrlCancel\":null,\"Signature\":\"002ec74c884cfa5d09271289aeaa8439\",\"Customer\":{\"Code\":\"22\",\"Name\":null,\"Address\":\"Ana Cecan, invoice address is empty, MD-0000 Chisinau, Republica Moldova, 068177077\"},\"Payer\":null,\"Currency\":498,\"ExternalDate\":\"2018-10-06T21:55:38.333\",\"ExpiryDate\":\"2018-10-06T22:25:38\",\"Services\":[{\"Name\":\"Card of products\",\"Description\":\"Cart of products\",\"Amount\":91000,\"Products\":[{\"GroupName\":null,\"QualitiesConcat\":null,\"LineNo\":1,\"GroupId\":null,\"Code\":\"undefinedServiceCode1\",\"Barcode\":null,\"Name\":\"Order payment for Cadouri.md\",\"Description\":\"Online payment\",\"UnitPrice\":null,\"UnitProduct\":null,\"Quantity\":null,\"Amount\":91000,\"Dimensions\":null,\"Qualities\":null,\"TotalAmount\":91000}]}]}','2018-10-06 21:55:38','2018-10-06 21:55:38'),
	(17,0,'Init: Sent request for order request','Sent order to PayNet : 70','{\"url:\":\"https:\\/\\/paynet.md:4446\\/api\\/Payments\",\"param:\":{\"products\":{\"Invoice\":\"701538852185\",\"Customer\":{\"Code\":22,\"Name\":\"Ana Cecan\",\"Address\":\"Ana Cecan, invoice address is empty, MD-0000 Chisinau, Republica Moldova, 068177077\"},\"Currency\":498,\"ExpiryDate\":\"2018-10-06T22:26:25\",\"Services\":[{\"Name\":\"Order payment for Cadouri.md\",\"Description\":\"Online payment\",\"Products\":[{\"LineNo\":1,\"Code\":70,\"Name\":\"Payment from my shop\",\"Description\":\"Payment id order: 70\",\"Quantity\":1,\"UnitPrice\":91000}],\"Amount\":91000}],\"MerchantCode\":\"454780\"},\"header\":[\"Content-length: 747\",\"Authorization: bearer Nv5zFs35BOcG8VSVskutGCLg1eCkMfTdrKJlETtRFIe9P7Pf745XfCRJwuJ7O6Y9-BYbLAdrJDus--PQ01ccC787-B_zgTAlgfYkcETAqpQLGbVcdXCWe_eqZwOKCsgMZq2kOTwwY2OhkELtGqNRvcfYUwIn2nZGX4BZU3rLNL_a8btxVe0QBoX3BKVEDyWzw_3WuHz1yaqTqv3p_J6ZxPSkIM0C9V5xEwtCbAQyFRMkxlV1QzysKSITPyBmdhQ_I5EVCHsxuUCMZRwzb2lmMq8aAxmIIQ-pV2x-agWICfTUU_Q_IhXXnv2cAs5t3nY5CrDnTAK1aruo2ddYFW12kV8j5grN7agPno0C_0SdTvO6WuUwCNXdcclAwK1ejYzoKXX03cH0LgCTZiBuCbzbikJ8dK427FrZtKomOONTZP18O3rU7VrV__N--624eIpP3eehugOoj3-C4zUAUHbYCab-mU6eTRCRi9Ko-HTThlkdSQ1lEeqhmK4njlJdoTNKMFN4d5cq-nEHadtO34U1GScow4WT1w_XaWBhUaMbjG04srneGxHEbpRBTLVk3QdJ8FKC-WbqWsW5jkJrDlYdDU8w0w8N0tP7__76XpFwrYUA920LzPa1ddnKoEQG7ZVKcBuAXnZ5GwPkSL3NUFhTUKBz4VdgaMrjDSt7aYIdNqoqOIBRt9TEWDLGBBLKquKCW5094cGgP44y7dr0YpJ9r17tNCRKa8quSrLdZia8dDFeLykckjqaUJ5QtXGahE7c\"]}}','{\"OperationId\":0,\"LoyaltyTransaction\":null,\"Confirmed\":null,\"Processed\":null,\"Canceled\":null,\"CustomerKey\":\"00000000-0000-0000-0000-000000000000\",\"CustomerCode\":null,\"BonusAmount\":null,\"DiscountAmount\":0,\"MoneyInfo\":null,\"CustomerInfo\":null,\"PaymentId\":208796,\"Status\":1,\"Registered\":\"2018-10-06T21:56:25.287\",\"Amount\":91000,\"Commission\":0,\"Invoice\":701538852185,\"MerchantCode\":\"454780\",\"LinkUrlSuccess\":null,\"LinkUrlCancel\":null,\"Signature\":\"4b432dde2810973e78810e3ba6a5aac0\",\"Customer\":{\"Code\":\"22\",\"Name\":null,\"Address\":\"Ana Cecan, invoice address is empty, MD-0000 Chisinau, Republica Moldova, 068177077\"},\"Payer\":null,\"Currency\":498,\"ExternalDate\":\"2018-10-06T21:56:25.287\",\"ExpiryDate\":\"2018-10-06T22:26:25\",\"Services\":[{\"Name\":\"Card of products\",\"Description\":\"Cart of products\",\"Amount\":91000,\"Products\":[{\"GroupName\":null,\"QualitiesConcat\":null,\"LineNo\":1,\"GroupId\":null,\"Code\":\"undefinedServiceCode1\",\"Barcode\":null,\"Name\":\"Order payment for Cadouri.md\",\"Description\":\"Online payment\",\"UnitPrice\":null,\"UnitProduct\":null,\"Quantity\":null,\"Amount\":91000,\"Dimensions\":null,\"Qualities\":null,\"TotalAmount\":91000}]}]}','2018-10-06 21:56:25','2018-10-06 21:56:25'),
	(18,0,'Init: Sent request for order request','Sent order to PayNet : 70','{\"url:\":\"https:\\/\\/paynet.md:4446\\/api\\/Payments\",\"param:\":{\"products\":{\"Invoice\":\"701538852476\",\"Customer\":{\"Code\":22,\"Name\":\"Ana Cecan\",\"Address\":\"Ana Cecan, invoice address is empty, MD-0000 Chisinau, Republica Moldova, 068177077\"},\"Currency\":498,\"ExpiryDate\":\"2018-10-06T22:31:16\",\"Services\":[{\"Name\":\"Order payment for Cadouri.md\",\"Description\":\"Online payment\",\"Products\":[{\"LineNo\":1,\"Code\":70,\"Name\":\"Payment from my shop\",\"Description\":\"Payment id order: 70\",\"Quantity\":1,\"UnitPrice\":91000}],\"Amount\":91000}],\"MerchantCode\":\"454780\"},\"header\":[\"Content-length: 747\",\"Authorization: bearer ck4tHLxJbeb8vOsHn9B9BEomTAllvr0zyBp90c5M3C7xXKGOcjzeQEyDGu6W5kvoXsJBUC1kCGGeixiHzxB91EUiEjiLDM8zMebKpdraduOX1g6CCBgkx0hX97ByXNvtTrOvW5hjLmXk9nSj3X_E0eYbur0thtHwOooikWzzumBVusdTFVo5a1PRt8zUFCmIU2jL5jpZi7HfdJQg2GklbrT4Nf3K7PdoztrcsKC-axcuFG8CUswHXHyLSWtVJnN46JcYTG09yg68XhACDESJSpxNcmGH5oMca7zUy8FvnSGI_gCQ7CIwEYzFc03DUUWpVIuRmwqadtZg2gpmnkxxibrd57R0vPd3y0UcJAAKf7LbobDl3G_sT4dGKfTZBTdGFCi9qzde5nJe3RrBF9_NWn3SsGLDXqCKeVOJfe2mnH3TQK8pMXjTX1OOMRJwy-YV_2A0dtcnmDuGJXLgPT05dJ79EZlmf52w8ccYRejkouM6CxW-KV9-QZsM-hRQGSA3Dfg6euv4M6iIwFywr2XQBeigLJcztpraU3ivPbCN53Jy4DBov4zXYH0Qvq0WT7JXqhyidDBDskmv6b6H3JRiX-ZDoD0cirm5_4tGXfzcdBa1ZT8JxADFjtSYgxn-JDqNtmDD54-JdJAF1JcX48Ap_5qaQXKlnFqzXlu1fL9v_egKj8A6I-CEKB6Riy8M22bU57FyQv9C6MQvVfPeELa9pZka4Nn18IrX1AX0B6SK2vxuDtzs0s_Zls5krssV67s7\"]}}','{\"OperationId\":0,\"LoyaltyTransaction\":null,\"Confirmed\":null,\"Processed\":null,\"Canceled\":null,\"CustomerKey\":\"00000000-0000-0000-0000-000000000000\",\"CustomerCode\":null,\"BonusAmount\":null,\"DiscountAmount\":0,\"MoneyInfo\":null,\"CustomerInfo\":null,\"PaymentId\":208798,\"Status\":1,\"Registered\":\"2018-10-06T22:01:16.8\",\"Amount\":91000,\"Commission\":0,\"Invoice\":701538852476,\"MerchantCode\":\"454780\",\"LinkUrlSuccess\":null,\"LinkUrlCancel\":null,\"Signature\":\"e1ffc907810d0b431f9f0ae7bda6c1c0\",\"Customer\":{\"Code\":\"22\",\"Name\":null,\"Address\":\"Ana Cecan, invoice address is empty, MD-0000 Chisinau, Republica Moldova, 068177077\"},\"Payer\":null,\"Currency\":498,\"ExternalDate\":\"2018-10-06T22:01:16.8\",\"ExpiryDate\":\"2018-10-06T22:31:16\",\"Services\":[{\"Name\":\"Card of products\",\"Description\":\"Cart of products\",\"Amount\":91000,\"Products\":[{\"GroupName\":null,\"QualitiesConcat\":null,\"LineNo\":1,\"GroupId\":null,\"Code\":\"undefinedServiceCode1\",\"Barcode\":null,\"Name\":\"Order payment for Cadouri.md\",\"Description\":\"Online payment\",\"UnitPrice\":null,\"UnitProduct\":null,\"Quantity\":null,\"Amount\":91000,\"Dimensions\":null,\"Qualities\":null,\"TotalAmount\":91000}]}]}','2018-10-06 22:01:17','2018-10-06 22:01:17'),
	(19,0,'Init: Sent request for order request','Sent order to PayNet : 70','{\"url:\":\"https:\\/\\/paynet.md:4446\\/api\\/Payments\",\"param:\":{\"products\":{\"Invoice\":\"701538852549\",\"Customer\":{\"Code\":22,\"Name\":\"Ana Cecan\",\"Address\":\"Ana Cecan, invoice address is empty, MD-0000 Chisinau, Republica Moldova, 068177077\"},\"Currency\":498,\"ExpiryDate\":\"2018-10-06T22:32:29\",\"Services\":[{\"Name\":\"Order payment for Cadouri.md\",\"Description\":\"Online payment\",\"Products\":[{\"LineNo\":1,\"Code\":70,\"Name\":\"Payment from my shop\",\"Description\":\"Payment id order: 70\",\"Quantity\":1,\"UnitPrice\":91000}],\"Amount\":91000}],\"MerchantCode\":\"454780\"},\"header\":[\"Content-length: 747\",\"Authorization: bearer eumPPp3aKuKRJRHs9YRk-RimppMl_3yRUWCn7bXiLgO6pm0BRSl2Y7JlrVM4EPMmLac9bFFElZ2B_pkA1EkWwCWJWrGw4RcwwbITniwW7X78TrxTnQshV38T3R3YoTk46krQvqRDlgXjnWpye6Ts33GVpjt06Dx6TGFerqU9FERQDfaARnSybnqWIGhz5EtqQbl3I0pOB5hzlRcjKwdgLYlAnux9vHyozN9kQlTwI85kHG6RoaC8gooW0NokTK-hkBLE4rtChJLcX-Pvb4lsAP7ziPX9-QBfhuLslhk2p1A0Y23du7rxbE9x_eFo6PrGWBhrsEw6Dtn1auy87YDBppeBPruJWfxwagzsiq2ogYKhuAjkDNDHDslj1SG2_yIB9GXkjMbiGOiUWCc9rWdcCciPwcWCac5a4VsJgQ0X89y5tR9iApsDXZ0LpGHKFW0zl9XoBf6rzvnV5n1SvNbw6ElaVjpDi0Nvfq76lzEFOoB6wPGLbQ0ysnuSC4Dw8_11_XcrwraByunci3n4UCEUsrwfota19EggZ3XbUlnNvAMvINPd08NhwygrvGt-2MxJiZMpQxicti_2Gw_iuXPtP16ZDMVINRC_B_hzBW0qHTR1GSW1hnACzQpJ516j_bKgtFigewyi3xn1AdfIWmEak1I-09u3FvvWEExxC93ogPKtOsaXDgVK_Lh2ROSvevKXe82V-5QgX29dUqW1P3X7Xl1Dddnuy2IR1SLqo3tExB9EMwzXpqXS4f8vFyQHs8iQ\"]}}','{\"OperationId\":0,\"LoyaltyTransaction\":null,\"Confirmed\":null,\"Processed\":null,\"Canceled\":null,\"CustomerKey\":\"00000000-0000-0000-0000-000000000000\",\"CustomerCode\":null,\"BonusAmount\":null,\"DiscountAmount\":0,\"MoneyInfo\":null,\"CustomerInfo\":null,\"PaymentId\":208799,\"Status\":1,\"Registered\":\"2018-10-06T22:02:30.037\",\"Amount\":91000,\"Commission\":0,\"Invoice\":701538852549,\"MerchantCode\":\"454780\",\"LinkUrlSuccess\":null,\"LinkUrlCancel\":null,\"Signature\":\"40e0b98d28897cb3ad407911c2632cd0\",\"Customer\":{\"Code\":\"22\",\"Name\":null,\"Address\":\"Ana Cecan, invoice address is empty, MD-0000 Chisinau, Republica Moldova, 068177077\"},\"Payer\":null,\"Currency\":498,\"ExternalDate\":\"2018-10-06T22:02:30.037\",\"ExpiryDate\":\"2018-10-06T22:32:29\",\"Services\":[{\"Name\":\"Card of products\",\"Description\":\"Cart of products\",\"Amount\":91000,\"Products\":[{\"GroupName\":null,\"QualitiesConcat\":null,\"LineNo\":1,\"GroupId\":null,\"Code\":\"undefinedServiceCode1\",\"Barcode\":null,\"Name\":\"Order payment for Cadouri.md\",\"Description\":\"Online payment\",\"UnitPrice\":null,\"UnitProduct\":null,\"Quantity\":null,\"Amount\":91000,\"Dimensions\":null,\"Qualities\":null,\"TotalAmount\":91000}]}]}','2018-10-06 22:02:30','2018-10-06 22:02:30'),
	(20,4,'Warning HASH is not correct!','PAID','','{\"Eventid\":168002,\"EventType\":\"PAID\",\"EventDate\":\"2018-10-06T22:07:19.073\",\"Payment\":{\"Id\":208799,\"ExternalId\":701538852549,\"SaleAreaCode\":null,\"Customer\":null,\"StatusDate\":\"2018-10-06T22:07:18.993\",\"Amount\":91000,\"Merchant\":\"cadourimd\"}}','2018-10-06 22:07:20','2018-10-06 22:07:20'),
	(21,0,'Init: Sent request for order request','Sent order to PayNet : 74','{\"url:\":\"https:\\/\\/paynet.md:4446\\/api\\/Payments\",\"param:\":{\"products\":{\"Invoice\":\"741539176483\",\"Customer\":{\"Code\":23,\"Name\":\"test Surname\",\"Address\":\"test Last name, invoice address is empty, MD-0000 Chisinau, \\u041c\\u043e\\u043b\\u0434\\u043e\\u0432\\u0430, 111111111\"},\"Currency\":498,\"ExpiryDate\":\"2018-10-10T16:31:23\",\"Services\":[{\"Name\":\"Order payment for Cadouri.md\",\"Description\":\"Online payment\",\"Products\":[{\"LineNo\":1,\"Code\":74,\"Name\":\"Payment from my shop\",\"Description\":\"Payment id order: 74\",\"Quantity\":1,\"UnitPrice\":89000}],\"Amount\":89000}],\"MerchantCode\":\"454780\"},\"header\":[\"Content-length: 780\",\"Authorization: bearer 5kijcUE0xq3pfMA0yWEhYnvg5MuuMTk9XJ4b_GD6NK4vEv2Z125XzT0LrViLhCe0_jzeeYy_f8zUvnMBu8-IbJlVJIqsCWR9ZybOs9jjsKzqBHo8OFwziCDJf9ooxSa7ZLLXqIeadKRjPf0ePjB3v-ynG1oaiMZQuNqIZw6EBTr44CUWX0BISLMn_QnDq7cuEhi1I9hRd3iKKK0TbUvu-YE6WIxgetmByO0vEYjcZxBgCuDLwjInr9WsALLI1fjg7-WlGexGzqXEegc3iOILsfAh3sKAqRo7AXm34uQifDP6jzUdswbacJOwILbnbgH-Ab5rriCRCMOYYhvvu3ArVrG0H6dHyzjbxZFFjCtvHMrj4ppR0yJ_iNNY2V12Ey0kXsvm1JjTATjNz2ilPCB2faI0eenQ3QZCUGqgg07_-ODV4x0oDimDf8cP-OiAH0DESP9QR3KGhaNpVx7Wm2Qv8pzngadZJf0nxyT8bWxLiEkGFojlLSpek9Wt37Y6Ao4vwwoRRJHNEoAOP6N5v7rtdGtLr7WjKhI9FcATnSsTKNQlmXD_luxIpH3nToJUP2zPDV4-hZQZX4tGkTQPs5hWEzCLx78VJ8_bMSyKby7eIvyM4qlPax6jty-lpFfZW6ucHGucvt4hcYew6b5uE75F032fRLOQBUASR38Z6A6xN1OS96ACBNLm7RgdDvn6bTWkBc12G2xxThJRn8MiqNUg-Eq4v7uHb-S6YNgWMhd275f9U6tbH7jdfge68IjyHfs9\"]}}','{\"OperationId\":0,\"LoyaltyTransaction\":null,\"Confirmed\":null,\"Processed\":null,\"Canceled\":null,\"CustomerKey\":\"00000000-0000-0000-0000-000000000000\",\"CustomerCode\":null,\"BonusAmount\":null,\"DiscountAmount\":0,\"MoneyInfo\":null,\"CustomerInfo\":null,\"PaymentId\":209989,\"Status\":1,\"Registered\":\"2018-10-10T16:01:24.103\",\"Amount\":89000,\"Commission\":0,\"Invoice\":741539176483,\"MerchantCode\":\"454780\",\"LinkUrlSuccess\":null,\"LinkUrlCancel\":null,\"Signature\":\"5e577d30bf9eadccb792e101306ea6f3\",\"Customer\":{\"Code\":\"23\",\"Name\":null,\"Address\":\"test Last name, invoice address is empty, MD-0000 Chisinau, Молдова, 111111111\"},\"Payer\":null,\"Currency\":498,\"ExternalDate\":\"2018-10-10T16:01:24.103\",\"ExpiryDate\":\"2018-10-10T16:31:23\",\"Services\":[{\"Name\":\"Card of products\",\"Description\":\"Cart of products\",\"Amount\":89000,\"Products\":[{\"GroupName\":null,\"QualitiesConcat\":null,\"LineNo\":1,\"GroupId\":null,\"Code\":\"undefinedServiceCode1\",\"Barcode\":null,\"Name\":\"Order payment for Cadouri.md\",\"Description\":\"Online payment\",\"UnitPrice\":null,\"UnitProduct\":null,\"Quantity\":null,\"Amount\":89000,\"Dimensions\":null,\"Qualities\":null,\"TotalAmount\":89000}]}]}','2018-10-10 16:01:24','2018-10-10 16:01:24'),
	(22,0,'Init: Sent request for order request','Sent order to PayNet : 72','{\"url:\":\"https:\\/\\/paynet.md:4446\\/api\\/Payments\",\"param:\":{\"products\":{\"Invoice\":\"721540245624\",\"Customer\":{\"Code\":24,\"Name\":\"Name Surname\",\"Address\":\"First name Last name, invoice address is empty, MD-0000 Chisinau, \\u041c\\u043e\\u043b\\u0434\\u043e\\u0432\\u0430, 123123\"},\"Currency\":498,\"ExpiryDate\":\"2018-10-23T01:30:24\",\"Services\":[{\"Name\":\"Order payment for Cadouri.md\",\"Description\":\"Online payment\",\"Products\":[{\"LineNo\":1,\"Code\":72,\"Name\":\"Payment from my shop\",\"Description\":\"Payment id order: 72\",\"Quantity\":1,\"UnitPrice\":224000}],\"Amount\":224000}],\"MerchantCode\":\"454780\"},\"header\":[\"Content-length: 785\",\"Authorization: bearer jtftSqu2tBgzdG78Zd0ffzkejdXq5Rpy2MpSeV7gvGsuDB7mS9I0t-JwukPN_i-y6T4NcRFejqYURdYIUuY0YWvC7ik6OiVkWCdfnlaQcaD_ucBEnR1BjK7talBAVMRLLoujlIXURfKhNbv0DkkeGD7SUGdRPoVl9mkBaDdt26r7PFnAyzgeWO1xJI1tHDfvBqi12CR52IvMnVmxHBM3rSvDcCgtS1yTVLhSgq-b1CwMGbEBzfBrXWi8GGhJ5X07r9ETrcZLPFiNEkMsr734ZdH8861svn0MscpDvirSwkzajOKOID9vyCfR2M1-kcKroFocFreKrskgjhnROafzd_h4N3zd4igvOp0cnqeQaQGO-_D1GRyyO6sk1_Iyr3SGyinnSdi_YAUpA_KjwH2cOjxvqB4dSg8TigaC_vmYv6RKEkrfrHJwwAL95D2_MS3u88BSnUlzAqGDfx5rDa7Ek2eZMTWPJxfNybyXPgv6ZFmsLndRXLPjlnKNnkxuIW2Atcaceyi_38OfrY5LNMWR1iHl1KrF1Q19OAiwLrjUDFmgJ5JK30rkGtXbc1bYoEje_JhEjnc7np3f7bJlCLK5fKDnR1UR_Zcbr4Pw31OdnEVGLIDtrsguSUc6rJNd1bBqZxdE-e3wi25qjG5UmooOMFO_63tOB6sWnbjjvh0S7V6BdpgpmwaNexjtnaIKb0H3jcGzjcRi4sOQmqIeVieQNPsP7Rwu6FGvv67E2sfdZaNyeQTQ0UFzkccBMdMKjeXS\"]}}','{\"OperationId\":0,\"LoyaltyTransaction\":null,\"Confirmed\":null,\"Processed\":null,\"Canceled\":null,\"CustomerKey\":\"00000000-0000-0000-0000-000000000000\",\"CustomerCode\":null,\"BonusAmount\":null,\"DiscountAmount\":0,\"MoneyInfo\":null,\"CustomerInfo\":null,\"PaymentId\":245553,\"Status\":1,\"Registered\":\"2018-10-23T01:00:36.75\",\"Amount\":224000,\"Commission\":0,\"Invoice\":721540245624,\"MerchantCode\":\"454780\",\"LinkUrlSuccess\":null,\"LinkUrlCancel\":null,\"Signature\":\"307dcc24b7817e06460e88dcd8784bf2\",\"Customer\":{\"Code\":\"24\",\"Name\":null,\"Address\":\"First name Last name, invoice address is empty, MD-0000 Chisinau, Молдова, 123123\"},\"Payer\":null,\"Currency\":498,\"ExternalDate\":\"2018-10-23T01:00:36.75\",\"ExpiryDate\":\"2018-10-23T01:30:24\",\"Services\":[{\"Name\":\"Card of products\",\"Description\":\"Cart of products\",\"Amount\":224000,\"Products\":[{\"GroupName\":null,\"QualitiesConcat\":null,\"LineNo\":1,\"GroupId\":null,\"Code\":\"undefinedServiceCode1\",\"Barcode\":null,\"Name\":\"Order payment for Cadouri.md\",\"Description\":\"Online payment\",\"UnitPrice\":null,\"UnitProduct\":null,\"Quantity\":null,\"Amount\":224000,\"Dimensions\":null,\"Qualities\":null,\"TotalAmount\":224000}]}]}','2018-10-23 01:00:37','2018-10-23 01:00:37'),
	(23,0,'Init: Sent request for order request','Sent order to PayNet : 72','{\"url:\":\"https:\\/\\/paynet.md:4446\\/api\\/Payments\",\"param:\":{\"products\":{\"Invoice\":\"721540245731\",\"Customer\":{\"Code\":24,\"Name\":\"Name Surname\",\"Address\":\"First name Last name, invoice address is empty, MD-0000 Chisinau, \\u041c\\u043e\\u043b\\u0434\\u043e\\u0432\\u0430, 123123\"},\"Currency\":498,\"ExpiryDate\":\"2018-10-23T01:32:11\",\"Services\":[{\"Name\":\"Order payment for Cadouri.md\",\"Description\":\"Online payment\",\"Products\":[{\"LineNo\":1,\"Code\":72,\"Name\":\"Payment from my shop\",\"Description\":\"Payment id order: 72\",\"Quantity\":1,\"UnitPrice\":224000}],\"Amount\":224000}],\"MerchantCode\":\"454780\"},\"header\":[\"Content-length: 785\",\"Authorization: bearer XHjb3cfAD9n4n-K7xK5_XWafLqSSyT9L1_5H3E1ZiV2_d4S-LWGR0al6wY3RKLvDSQf3eUNMblNN2mFH5DcV6eec2Mpr_Sn0tiRffiScUPEs_FatH4jatB9RRpOD4E8mMM7byPrssvKJg_1QY4ZIlySt3D8GHQBHsKcsxJ8VB8REmWO1pD-4mk8i8nzT7KLSNZG3yvJRGCP39HivH0ZJAwlv_nJ-9qBUYQXulMuKX9IVVitNYBXhlO-LLtm-ai7LMKzemLbFHM9LCtA9KyohcWX8WMPqJ0HMaG0CyHOcrnXvNrUVywpJGYorxx1-pvFk55-fgM9Y38ClaN-X562vPYE2qZOfv6tFKJ9LBbhNR2FRjOsq-V9NR2Rf9A8NISkr6mXjSHOZYQpd2gPrEehhDj_FJuMfZvoLrB4Uiytu2xwF630lNfrdIwJj3gS2E_zT-3E1Mjdyqbly1Fb2gi-Ob661eoklWJvTsfe0NiBLx_jSSEfE251AR1KiSOEeYUVRpzgwk8LhCv3_-80MXojaW2DIhXmaJHwx4EmL7X_7TLUyxUxEWpMCOf0pvigxKRhZmUicjh6qfX_kD-X6TzHGiF811mfaYQ0MzIRnBd-Eo_XdAeT7L9MwMMr2YZZ3F7F6-SLIosr0XvZY4j3_DzDznBQevplFz5UB9YAowe_zNvcwLX642DCg7tbnfZLthLfC_GWDDaSynPlJdI8udkpwuAYcS1A-USad1PSeVGtS48LfTWJ3VAMemFpuYjxpnORX\"]}}','{\"OperationId\":0,\"LoyaltyTransaction\":null,\"Confirmed\":null,\"Processed\":null,\"Canceled\":null,\"CustomerKey\":\"00000000-0000-0000-0000-000000000000\",\"CustomerCode\":null,\"BonusAmount\":null,\"DiscountAmount\":0,\"MoneyInfo\":null,\"CustomerInfo\":null,\"PaymentId\":245554,\"Status\":1,\"Registered\":\"2018-10-23T01:02:11.89\",\"Amount\":224000,\"Commission\":0,\"Invoice\":721540245731,\"MerchantCode\":\"454780\",\"LinkUrlSuccess\":null,\"LinkUrlCancel\":null,\"Signature\":\"d4d4b483bce798314182da0c00c24f87\",\"Customer\":{\"Code\":\"24\",\"Name\":null,\"Address\":\"First name Last name, invoice address is empty, MD-0000 Chisinau, Молдова, 123123\"},\"Payer\":null,\"Currency\":498,\"ExternalDate\":\"2018-10-23T01:02:11.89\",\"ExpiryDate\":\"2018-10-23T01:32:11\",\"Services\":[{\"Name\":\"Card of products\",\"Description\":\"Cart of products\",\"Amount\":224000,\"Products\":[{\"GroupName\":null,\"QualitiesConcat\":null,\"LineNo\":1,\"GroupId\":null,\"Code\":\"undefinedServiceCode1\",\"Barcode\":null,\"Name\":\"Order payment for Cadouri.md\",\"Description\":\"Online payment\",\"UnitPrice\":null,\"UnitProduct\":null,\"Quantity\":null,\"Amount\":224000,\"Dimensions\":null,\"Qualities\":null,\"TotalAmount\":224000}]}]}','2018-10-23 01:02:12','2018-10-23 01:02:12'),
	(24,0,'Init: Sent request for order request','Sent order to PayNet : 72','{\"url:\":\"https:\\/\\/paynet.md:4446\\/api\\/Payments\",\"param:\":{\"products\":{\"Invoice\":\"721540246154\",\"Customer\":{\"Code\":24,\"Name\":\"Name Surname\",\"Address\":\"First name Last name, invoice address is empty, MD-0000 Chisinau, \\u041c\\u043e\\u043b\\u0434\\u043e\\u0432\\u0430, 123123\"},\"Currency\":498,\"ExpiryDate\":\"2018-10-23T01:39:14\",\"Services\":[{\"Name\":\"Order payment for Cadouri.md\",\"Description\":\"Online payment\",\"Products\":[{\"LineNo\":1,\"Code\":72,\"Name\":\"Payment from my shop\",\"Description\":\"Payment id order: 72\",\"Quantity\":1,\"UnitPrice\":224000}],\"Amount\":224000}],\"MerchantCode\":\"454780\"},\"header\":[\"Content-length: 785\",\"Authorization: bearer PON98YgR4DbzDWYleChUT2HhqtWfYCoEA-_YN-TancQRMZ1D8mSfragYXg1JIAYrAIbOPu1sIJq-Atj-3GWT0kFPK2EKTYUHXmPqUUnkGj9VzLpMesKhql8FVm8IP8uP6-V0HtQh19sZLjQw2vFU6042AC7gXxup_Hx-hk9g0idVA4MLs-6bn0nyRfJueFouHEWP_-NJM2Ve4JTz0giYq4wNSPqmDqxqvH21aGEFSzVKa35Gb3SULlNfzbJHwCMm-xP6Ck4GRLKluyzUhVI8sGC3s1MZw2sTZWDJ1XuXSZsaYu3EaKG7PaI8miwu9fw-osoVb50a34nK5gtgLIeydHp3CbEtomycjn0coUQrQBKGFHdb5cJFZtS388oOKfeaBQNXaFY9uxHhwtDlfkL_IDF-aceYxo1snVt4_88hxQ3_Z51dYcsQMEmeHv1qJCxtlbHxcW9NaT5-ky5ReO3wdzA3iOb5gIo-wwiEjfCvkjft5Ur53NCYgZFSNHTJgo2374I9v_yYPMbs4hfpu7mlEI6d4Cy-zARCeUN34ki4HXXlT6e6JFiWbsNOJyiGMaIuxSEWHXKfZ1Ifv06PLYa2TZCoEUGeoXSOpB3s6q2dm74xs1n2qIbDSwAZNVs6utegBecR0RrsKrYh9bMd4jBkBrRSkynrdNw53X40b8vQHK58ey7l8cAiPliZzoWLAdtbj2hUoXjvFe6bgduVcGhzfJWZ2LMFi-zlziXnnNQEM64Iqf0BvhovWRk9prCzE-tv\"]}}','{\"OperationId\":0,\"LoyaltyTransaction\":null,\"Confirmed\":null,\"Processed\":null,\"Canceled\":null,\"CustomerKey\":\"00000000-0000-0000-0000-000000000000\",\"CustomerCode\":null,\"BonusAmount\":null,\"DiscountAmount\":0,\"MoneyInfo\":null,\"CustomerInfo\":null,\"PaymentId\":245555,\"Status\":1,\"Registered\":\"2018-10-23T01:09:14.247\",\"Amount\":224000,\"Commission\":0,\"Invoice\":721540246154,\"MerchantCode\":\"454780\",\"LinkUrlSuccess\":null,\"LinkUrlCancel\":null,\"Signature\":\"6e833e1ed33d8589979bdd39dcd680ce\",\"Customer\":{\"Code\":\"24\",\"Name\":null,\"Address\":\"First name Last name, invoice address is empty, MD-0000 Chisinau, Молдова, 123123\"},\"Payer\":null,\"Currency\":498,\"ExternalDate\":\"2018-10-23T01:09:14.247\",\"ExpiryDate\":\"2018-10-23T01:39:14\",\"Services\":[{\"Name\":\"Card of products\",\"Description\":\"Cart of products\",\"Amount\":224000,\"Products\":[{\"GroupName\":null,\"QualitiesConcat\":null,\"LineNo\":1,\"GroupId\":null,\"Code\":\"undefinedServiceCode1\",\"Barcode\":null,\"Name\":\"Order payment for Cadouri.md\",\"Description\":\"Online payment\",\"UnitPrice\":null,\"UnitProduct\":null,\"Quantity\":null,\"Amount\":224000,\"Dimensions\":null,\"Qualities\":null,\"TotalAmount\":224000}]}]}','2018-10-23 01:09:14','2018-10-23 01:09:14'),
	(25,0,'Init: Sent request for order request','Sent order to PayNet : 99','{\"url:\":\"https:\\/\\/paynet.md:4446\\/api\\/Payments\",\"param:\":{\"products\":{\"Invoice\":\"991540750120\",\"Customer\":{\"Code\":25,\"Name\":\"Oleg Ivanov\",\"Address\":\"Oleg Ivanov, invoice address is empty, MD-0000 Chisinau, \\u041c\\u043e\\u043b\\u0434\\u043e\\u0432\\u0430, 069020145\"},\"Currency\":498,\"ExpiryDate\":\"2018-10-28T20:38:40\",\"Services\":[{\"Name\":\"Order payment for Cadouri.md\",\"Description\":\"Online payment\",\"Products\":[{\"LineNo\":1,\"Code\":99,\"Name\":\"Payment from my shop\",\"Description\":\"Payment id order: 99\",\"Quantity\":1,\"UnitPrice\":70000}],\"Amount\":70000}],\"MerchantCode\":\"454780\"},\"header\":[\"Content-length: 776\",\"Authorization: bearer ZATWQaTbtpOMaclllMWRUNbsjpB15J0yKXWIEaZUJ8aQuu02PP6qfa0MD3UkAvHIb8KhncsGpRCMwz8xGlwm4FcDM-Vqe5pFU5P-06V3vpu1nqmTTmXHjj6ciZOWFYG_HVjwmYUvqhAggEHvegvrY7BG2OXX2aToKuM0SLsX-xRwBAZDG3nPUqpp6QiIVy-6LvEFHtDzfsSBoPQQGAy6dl-gyuwg1Ozf4GnqT90vGs63r_iqRSb5q-VR2dV5dOlnSKie6r4ngWlf81Zvc_O04Y5FcikYvDApjf5vKtuaCsG6mFpsobnWsZfMfdPFtxOEMzEGtDss73BqIdLt_nHiIKd-Wx2GgJ7cANmVl0lxDHGyl7HpAGJAF_zb2xL9mkXiPDBxLBLXSss7YCx4kwiW9oH435XADc7JlYLCj2yhbR1rMoyfBsEIUJ-abg-dPau_YOUPqELaWkPTQnU09lX9bgrgysB5j62ICrGX0aNdDZuWFcqKw_i27IrAm8TNiy-MxNka0LdHWOjmshDnDD4GiGcuzPKEmpGspTccdX2e1JHQ7qeLxCX2hXRu7V-roFhsjg1P_OLtK7t8LGdtHmL1K8o_33KsDKCqx_Qcc1HMZJoA-AO52Rj99PuMwm5XUwPfcjuy-_wI_KqdBvDrwb_R3hNfHy36JHcsPVds0t27PJQwPLV547yfMFPjN7SaqbmdLc72C6m_9jW9bBLF-iUlGAlY1V_HDilFYLUmNWURMQ6YsYqSMytLg_q6bw7tesyf\"]}}','{\"OperationId\":0,\"LoyaltyTransaction\":null,\"Confirmed\":null,\"Processed\":null,\"Canceled\":null,\"CustomerKey\":\"00000000-0000-0000-0000-000000000000\",\"CustomerCode\":null,\"BonusAmount\":null,\"DiscountAmount\":0,\"MoneyInfo\":null,\"CustomerInfo\":null,\"PaymentId\":248424,\"Status\":1,\"Registered\":\"2018-10-28T20:08:40.63\",\"Amount\":70000,\"Commission\":0,\"Invoice\":991540750120,\"MerchantCode\":\"454780\",\"LinkUrlSuccess\":null,\"LinkUrlCancel\":null,\"Signature\":\"99137c9ac4584c4cf362067a52f0c2c5\",\"Customer\":{\"Code\":\"25\",\"Name\":null,\"Address\":\"Oleg Ivanov, invoice address is empty, MD-0000 Chisinau, Молдова, 069020145\"},\"Payer\":null,\"Currency\":498,\"ExternalDate\":\"2018-10-28T20:08:40.63\",\"ExpiryDate\":\"2018-10-28T20:38:40\",\"Services\":[{\"Name\":\"Card of products\",\"Description\":\"Cart of products\",\"Amount\":70000,\"Products\":[{\"GroupName\":null,\"QualitiesConcat\":null,\"LineNo\":1,\"GroupId\":null,\"Code\":\"undefinedServiceCode1\",\"Barcode\":null,\"Name\":\"Order payment for Cadouri.md\",\"Description\":\"Online payment\",\"UnitPrice\":null,\"UnitProduct\":null,\"Quantity\":null,\"Amount\":70000,\"Dimensions\":null,\"Qualities\":null,\"TotalAmount\":70000}]}]}','2018-10-28 20:08:41','2018-10-28 20:08:41'),
	(26,4,'Warning HASH is not correct!','PAID','','{\"Eventid\":202970,\"EventType\":\"PAID\",\"EventDate\":\"2018-10-28T20:11:02.933\",\"Payment\":{\"Id\":248424,\"ExternalId\":991540750120,\"SaleAreaCode\":null,\"Customer\":null,\"StatusDate\":\"2018-10-28T20:11:02.827\",\"Amount\":70000,\"Merchant\":\"cadourimd\"}}','2018-10-28 20:11:05','2018-10-28 20:11:05'),
	(27,0,'Init: Sent request for order request','Sent order to PayNet : 101','{\"url:\":\"https:\\/\\/paynet.md:4446\\/api\\/Payments\",\"param:\":{\"products\":{\"Invoice\":\"1011540831350\",\"Customer\":{\"Code\":26,\"Name\":\"\\u0418\\u0433\\u043e\\u0440\\u044c Surname\",\"Address\":\"\\u0418\\u0433\\u043e\\u0440\\u044c Last name, invoice address is empty, MD-0000 Chisinau, \\u041c\\u043e\\u043b\\u0434\\u043e\\u0432\\u0430, 079608254\"},\"Currency\":498,\"ExpiryDate\":\"2018-10-29T19:12:30\",\"Services\":[{\"Name\":\"Order payment for Cadouri.md\",\"Description\":\"Online payment\",\"Products\":[{\"LineNo\":1,\"Code\":101,\"Name\":\"Payment from my shop\",\"Description\":\"Payment id order: 101\",\"Quantity\":1,\"UnitPrice\":33000}],\"Amount\":33000}],\"MerchantCode\":\"454780\"},\"header\":[\"Content-length: 835\",\"Authorization: bearer WdHZcrWZJM8UEIUD_EuoDdKhpXY_B0RsR55-eBoycpfksTWFw7Aousrlxc_VXTnw5F-fZm98_0v6ct87_nCyQSd69T4NmGvzCEakk2PFvnATBq3ZK5qClEwjvYJlDKhqWpz5E46hPRT-Rit9JNkWPE9AhiFlVz9EKD1Ermvj-X7ikobEPd-tzwl6uVrJcYCebLNe9s_5CvQfW9I7x5BXYfw6_DHRfVGIdvy4hOQifRPdDQAsWfMDeJ9E3Z59xqVPGpVBPoVaEI2QIZBpHIxNZLn5fdqLxM0OO4gf_jccTJrlLRAM7eeX-PDFv7sNDcrCBLu2-ONsFEB50NVKVr-PZWrosNC4IQkJrA7L7A9aot3TjuDPjl1vDX6c_TxYK32w4Il_zACTbqbsDW13dH_bb6HWdCFw0ZWmUXMF7qj1be-4cDHXFo64HJMUc4l9LUIzYK1qVty3evdk_pxvRmx1UZ8vt6EMrOPm5CinQHZLXJXKAnHJqoKPHjw0eOC9nQM3xPBPuhHaPi-UMO1CJ2T35Tpihy5ZvpJvanKEtfhOFE-U02WLeI9HscwHErOF_EGD_30zhkyGKL9arAhdDKD7pbaGqmpeawB_FX5TcZT-ZK_dZeId-4SWGQlYIBhpwoCgj7OFp2wh-h0QTuwcH7wnxLs0uwwjh7ggkjd6i5buwY035g0wKBzqa-qUqs6xlYHkkeCHmXIU0tDUHRXvxZAKhaJDDTDmqN40sGn9rRk9x1bdvT3RaqdYgWwzQQ-Y-nUN\"]}}','{\"OperationId\":0,\"LoyaltyTransaction\":null,\"Confirmed\":null,\"Processed\":null,\"Canceled\":null,\"CustomerKey\":\"00000000-0000-0000-0000-000000000000\",\"CustomerCode\":null,\"BonusAmount\":null,\"DiscountAmount\":0,\"MoneyInfo\":null,\"CustomerInfo\":null,\"PaymentId\":248871,\"Status\":1,\"Registered\":\"2018-10-29T18:42:31.18\",\"Amount\":33000,\"Commission\":0,\"Invoice\":1011540831350,\"MerchantCode\":\"454780\",\"LinkUrlSuccess\":null,\"LinkUrlCancel\":null,\"Signature\":\"5397097dcc1ff43f896a1705efb0aae9\",\"Customer\":{\"Code\":\"26\",\"Name\":null,\"Address\":\"Игорь Last name, invoice address is empty, MD-0000 Chisinau, Молдова, 079608254\"},\"Payer\":null,\"Currency\":498,\"ExternalDate\":\"2018-10-29T18:42:31.18\",\"ExpiryDate\":\"2018-10-29T19:12:30\",\"Services\":[{\"Name\":\"Card of products\",\"Description\":\"Cart of products\",\"Amount\":33000,\"Products\":[{\"GroupName\":null,\"QualitiesConcat\":null,\"LineNo\":1,\"GroupId\":null,\"Code\":\"undefinedServiceCode1\",\"Barcode\":null,\"Name\":\"Order payment for Cadouri.md\",\"Description\":\"Online payment\",\"UnitPrice\":null,\"UnitProduct\":null,\"Quantity\":null,\"Amount\":33000,\"Dimensions\":null,\"Qualities\":null,\"TotalAmount\":33000}]}]}','2018-10-29 18:42:31','2018-10-29 18:42:31'),
	(28,4,'Warning HASH is not correct!','PAID','','{\"Eventid\":203182,\"EventType\":\"PAID\",\"EventDate\":\"2018-10-29T18:43:23.4\",\"Payment\":{\"Id\":248871,\"ExternalId\":1011540831350,\"SaleAreaCode\":null,\"Customer\":null,\"StatusDate\":\"2018-10-29T18:43:23.31\",\"Amount\":33000,\"Merchant\":\"cadourimd\"}}','2018-10-29 18:43:25','2018-10-29 18:43:25'),
	(29,0,'Init: Sent request for order request','Sent order to PayNet : 104','{\"url:\":\"https:\\/\\/paynet.md:4446\\/api\\/Payments\",\"param:\":{\"products\":{\"Invoice\":\"1041540922081\",\"Customer\":{\"Code\":27,\"Name\":\"Octavian Octav\",\"Address\":\"Octavian Octav, invoice address is empty, MD-0000 Chisinau, Moldova, +40755490901\"},\"Currency\":498,\"ExpiryDate\":\"2018-10-30T20:24:41\",\"Services\":[{\"Name\":\"Order payment for Cadouri.md\",\"Description\":\"Online payment\",\"Products\":[{\"LineNo\":1,\"Code\":104,\"Name\":\"Payment from my shop\",\"Description\":\"Payment id order: 104\",\"Quantity\":1,\"UnitPrice\":80700}],\"Amount\":80700}],\"MerchantCode\":\"454780\"},\"header\":[\"Content-length: 755\",\"Authorization: bearer 3MDqI54RXIjLYpCEezk1O1MvbakIjeRp8aUPYA8exZjQNMqRa53poYY_ou2mvUGY-fuNnkoh5qHOzw2vWftKtmyNP4OOguhtfAAGZnO13UskzT9285BVmnGoD08v5n3i5Y77wFH5zfyEYy83dIcBrm6HAptN9PyrFZ1Bc3tc6RSZ8VViZ9KFCqDjtYp4ReGnWnYMrVSubYanIXVZx1SdZaIUIR_6Q65wX2x0YXxAz8POcG6g46rxk_M7EGZbbivXYKoPpclxHU0aX8kjc6j31MJrplbFUEnlq8_VZJ06jOLbl-F2ZWR9RaLHVqrVfau4bsC2rehkwIYtcWYTTWmywvtEYv9XzocTGEK_tL7dieYTkJcCybNnBQ_Fqs1zoOB1zmWSbc2ETQ8EENwQefs0vTZsoGMl85qQ9hhVmrx0iiyfgy8wttLt4QrmbikEB3Fiq0V2TAKFZwSpybHzH8t_y1s_HVAFjnZtr8dMjT2Rsuv912qB7ytmTMblvFFwjhAxqFB1J9AzkrHoDswH9PfSkyrM85W_X1YLFwOrsOiOVhvBv-wOCwato4nYNlMr1YpzvaGsAuZCjcYwBqMELF2yVQ94oF4J7p1oRNOgcoFxOAw1U-D0Zp84wHaP0NGao6KmOPV3mMQ5z0Z6W4rxZ1l6RWLW-zMzg9WC6IE20xUOhHPutevuJU7izySFUbRTcvJfpMDe4O_6EEyvlwnDudooxeqgVDtWjX-Ywr_4j5gq52YUQInxsNP7SmFjaPn2oDfB\"]}}','{\"OperationId\":0,\"LoyaltyTransaction\":null,\"Confirmed\":null,\"Processed\":null,\"Canceled\":null,\"CustomerKey\":\"00000000-0000-0000-0000-000000000000\",\"CustomerCode\":null,\"BonusAmount\":null,\"DiscountAmount\":0,\"MoneyInfo\":null,\"CustomerInfo\":null,\"PaymentId\":249536,\"Status\":1,\"Registered\":\"2018-10-30T19:54:42.233\",\"Amount\":80700,\"Commission\":0,\"Invoice\":1041540922081,\"MerchantCode\":\"454780\",\"LinkUrlSuccess\":null,\"LinkUrlCancel\":null,\"Signature\":\"b2edbdf98407d724a56da5bf0ac88d9e\",\"Customer\":{\"Code\":\"27\",\"Name\":null,\"Address\":\"Octavian Octav, invoice address is empty, MD-0000 Chisinau, Moldova, +40755490901\"},\"Payer\":null,\"Currency\":498,\"ExternalDate\":\"2018-10-30T19:54:42.233\",\"ExpiryDate\":\"2018-10-30T20:24:41\",\"Services\":[{\"Name\":\"Card of products\",\"Description\":\"Cart of products\",\"Amount\":80700,\"Products\":[{\"GroupName\":null,\"QualitiesConcat\":null,\"LineNo\":1,\"GroupId\":null,\"Code\":\"undefinedServiceCode1\",\"Barcode\":null,\"Name\":\"Order payment for Cadouri.md\",\"Description\":\"Online payment\",\"UnitPrice\":null,\"UnitProduct\":null,\"Quantity\":null,\"Amount\":80700,\"Dimensions\":null,\"Qualities\":null,\"TotalAmount\":80700}]}]}','2018-10-30 19:54:42','2018-10-30 19:54:42'),
	(30,0,'Init: Sent request for order request','Sent order to PayNet : 104','{\"url:\":\"https:\\/\\/paynet.md:4446\\/api\\/Payments\",\"param:\":{\"products\":{\"Invoice\":\"1041540922221\",\"Customer\":{\"Code\":27,\"Name\":\"Octavian Octav\",\"Address\":\"Octavian Octav, invoice address is empty, MD-0000 Chisinau, Moldova, +40755490901\"},\"Currency\":498,\"ExpiryDate\":\"2018-10-30T20:27:01\",\"Services\":[{\"Name\":\"Order payment for Cadouri.md\",\"Description\":\"Online payment\",\"Products\":[{\"LineNo\":1,\"Code\":104,\"Name\":\"Payment from my shop\",\"Description\":\"Payment id order: 104\",\"Quantity\":1,\"UnitPrice\":80700}],\"Amount\":80700}],\"MerchantCode\":\"454780\"},\"header\":[\"Content-length: 755\",\"Authorization: bearer Rv2CRJxMomvAHF2UBsymOb0FXxF14VEm3UdhcdE-E_Sd62Z994bmIjU09Y-_FjapFOFiHschZFeQp-HEyCc-bL_OY3TmCS9Di1nAmA6NzNFY5jKRtI1Y6Znwqqz7ACTqEYrQ07gICvxg23IbFGFVRZF49AC-RPE-EDudufb1iiLoUZEaXDVNlxjwgKml-83WGhBWzqYtifUFvPoGme1wLTZb81y_-ERZGuD5hh2sad7V96E4hNcNSeY32qvX0uviZG1Y_MNL7DYSk2FmIgo9sPBVFOqtBAcT2K35jFHJPsscg6w4M4TLgwxHQHWLg21yFqHKaNl6_4A_pCrlO0QQ7p-i65TUMvwSju1QRYOVqfy2KgvSKK0rqaJkdcVQF59luRe8j8zLUKnQbklV6YssR3dvjawovNmG82x6Jw44WAEzOQXhsdfPukqJGaQ70oykZKS5fK1asB5ZNvI0bbfTxNyh_tdWN5KNWxBvvCdSeVnGHTeCifAajk3jj8SBOJz6sRLRsDEdwiGfLPA7vmmkNDRAviyiziYZkqu0h8RxlKFTZHmGaDHhVNK_oY-Ah8hUwZv65t0HED-OLCdhobvhLSmzk79mYFqN_XpsaC_1nIOg1YWTlA6NQXUSpD-dG_ocl4J2LbjgComq4nRpng68775jCJTwhNWILAs9wfvbTPNudWNQfdTBXgzQr5sBvQZ5KJnuGi31SWiM6dA7uzr6arBrdtGYVLuV46O8XdZQxY-_LW_WG0bso7x9eqEzHhI1\"]}}','{\"OperationId\":0,\"LoyaltyTransaction\":null,\"Confirmed\":null,\"Processed\":null,\"Canceled\":null,\"CustomerKey\":\"00000000-0000-0000-0000-000000000000\",\"CustomerCode\":null,\"BonusAmount\":null,\"DiscountAmount\":0,\"MoneyInfo\":null,\"CustomerInfo\":null,\"PaymentId\":249538,\"Status\":1,\"Registered\":\"2018-10-30T19:57:01.93\",\"Amount\":80700,\"Commission\":0,\"Invoice\":1041540922221,\"MerchantCode\":\"454780\",\"LinkUrlSuccess\":null,\"LinkUrlCancel\":null,\"Signature\":\"14742de3bf33217db5cb0598a129dd65\",\"Customer\":{\"Code\":\"27\",\"Name\":null,\"Address\":\"Octavian Octav, invoice address is empty, MD-0000 Chisinau, Moldova, +40755490901\"},\"Payer\":null,\"Currency\":498,\"ExternalDate\":\"2018-10-30T19:57:01.93\",\"ExpiryDate\":\"2018-10-30T20:27:01\",\"Services\":[{\"Name\":\"Card of products\",\"Description\":\"Cart of products\",\"Amount\":80700,\"Products\":[{\"GroupName\":null,\"QualitiesConcat\":null,\"LineNo\":1,\"GroupId\":null,\"Code\":\"undefinedServiceCode1\",\"Barcode\":null,\"Name\":\"Order payment for Cadouri.md\",\"Description\":\"Online payment\",\"UnitPrice\":null,\"UnitProduct\":null,\"Quantity\":null,\"Amount\":80700,\"Dimensions\":null,\"Qualities\":null,\"TotalAmount\":80700}]}]}','2018-10-30 19:57:02','2018-10-30 19:57:02'),
	(31,0,'Init: Sent request for order request','Sent order to PayNet : 113','{\"url:\":\"https:\\/\\/paynet.md:4446\\/api\\/Payments\",\"param:\":{\"products\":{\"Invoice\":\"1131541606353\",\"Customer\":{\"Code\":28,\"Name\":\"Tatiana Savva\",\"Address\":\"Tatiana Savva, invoice address is empty, MD-0000 Chisinau, Moldova, 079803266\"},\"Currency\":498,\"ExpiryDate\":\"2018-11-07T18:29:13\",\"Services\":[{\"Name\":\"Order payment for Cadouri.md\",\"Description\":\"Online payment\",\"Products\":[{\"LineNo\":1,\"Code\":113,\"Name\":\"Payment from my shop\",\"Description\":\"Payment id order: 113\",\"Quantity\":1,\"UnitPrice\":70000}],\"Amount\":70000}],\"MerchantCode\":\"454780\"},\"header\":[\"Content-length: 748\",\"Authorization: bearer XrLPgwY8VYyf9btMmzZWopotvSjn1V0jhPkRWTe9JMmF_36hmOpVk8fPvWisVbjC3sVhsXgieeXJYXX4xsTp-feq5D3spN9pIyi1irhSRUxu2iuegLm22SZykFR0XRC7aXR8bVmkDniPGWCZDjEcx_kUKRLLlTtPGcU8nBHM5J09W0LiNPBFwEf7wlB0bN7Q_vvVo9u53yItt3XQypMemniWl3JnINiA4C50h9BV78hxBXD5IVP-dtqjXBgcyCaCSGQN8DPo1Qqz-u99J6haJObHaOV-enEBGjEM6Ii2iDug9RZyVbqjkx4fr68V-UsJyxEZl5j-EU6KAgn8gGi1Xuwu4FiqSHY3fQdtys0gXZ4yuFsXLXw23JVkTfj12CMxKTzS1W1DOFHG0PYX-VIUY5sd4-EMBuPGi33qqlEvR5rLEhMv87dAh35H_hMk-ZRaHfeh3aSUt6duTK2pwp3IAmyPqQglbEP1HhOkoDFt-46I0gW3LckZ_b2frqbPLE661vJohn5O9qKgvh_vV65SHYSMxlpsRut3yurEi4UPlyZv8Jda9QAAkzJjQ7RfCnLliJ_7snaUu-D1AEEypjwIJGx_rl5gAormR4akvVPyBYU4m9YPRH6ryAT7_GTsQJj1Zqjnm9nXIm1d5zgTYafnBKQSvveOW6o288NxctXmvXHl2XtWFkMlMkvO7d2pZ0GLj2JA_ddQwOyQfvXVLIjcIAxAwdb59CI7Qj12tErhutOkGnXank8eU-ECCmEVP8R-\"]}}','{\"OperationId\":0,\"LoyaltyTransaction\":null,\"Confirmed\":null,\"Processed\":null,\"Canceled\":null,\"CustomerKey\":\"00000000-0000-0000-0000-000000000000\",\"CustomerCode\":null,\"BonusAmount\":null,\"DiscountAmount\":0,\"MoneyInfo\":null,\"CustomerInfo\":null,\"PaymentId\":253769,\"Status\":1,\"Registered\":\"2018-11-07T17:59:13.6\",\"Amount\":70000,\"Commission\":0,\"Invoice\":1131541606353,\"MerchantCode\":\"454780\",\"LinkUrlSuccess\":null,\"LinkUrlCancel\":null,\"Signature\":\"fbb4f182ac425d931fc62e8f1032c3e2\",\"Customer\":{\"Code\":\"28\",\"Name\":null,\"Address\":\"Tatiana Savva, invoice address is empty, MD-0000 Chisinau, Moldova, 079803266\"},\"Payer\":null,\"Currency\":498,\"ExternalDate\":\"2018-11-07T17:59:13.6\",\"ExpiryDate\":\"2018-11-07T18:29:13\",\"Services\":[{\"Name\":\"Card of products\",\"Description\":\"Cart of products\",\"Amount\":70000,\"Products\":[{\"GroupName\":null,\"QualitiesConcat\":null,\"LineNo\":1,\"GroupId\":null,\"Code\":\"undefinedServiceCode1\",\"Barcode\":null,\"Name\":\"Order payment for Cadouri.md\",\"Description\":\"Online payment\",\"UnitPrice\":null,\"UnitProduct\":null,\"Quantity\":null,\"Amount\":70000,\"Dimensions\":null,\"Qualities\":null,\"TotalAmount\":70000}]}]}','2018-11-07 17:59:13','2018-11-07 17:59:13'),
	(32,4,'Warning HASH is not correct!','PAID','','{\"Eventid\":205610,\"EventType\":\"PAID\",\"EventDate\":\"2018-11-07T18:00:30.573\",\"Payment\":{\"Id\":253769,\"ExternalId\":1131541606353,\"SaleAreaCode\":null,\"Customer\":null,\"StatusDate\":\"2018-11-07T18:00:30.35\",\"Amount\":70000,\"Merchant\":\"cadourimd\"}}','2018-11-07 18:00:52','2018-11-07 18:00:52'),
	(33,0,'Init: Sent request for order request','Sent order to PayNet : 116','{\"url:\":\"https:\\/\\/paynet.md:4446\\/api\\/Payments\",\"param:\":{\"products\":{\"Invoice\":\"1161541857840\",\"Customer\":{\"Code\":29,\"Name\":\"Elena Smentina\",\"Address\":\"Elena Smentina, invoice address is empty, MD-0000 Chisinau, \\u041c\\u043e\\u043b\\u0434\\u043e\\u0432\\u0430, 069579091\"},\"Currency\":498,\"ExpiryDate\":\"2018-11-10T16:20:40\",\"Services\":[{\"Name\":\"Order payment for Cadouri.md\",\"Description\":\"Online payment\",\"Products\":[{\"LineNo\":1,\"Code\":116,\"Name\":\"Payment from my shop\",\"Description\":\"Payment id order: 116\",\"Quantity\":1,\"UnitPrice\":96500}],\"Amount\":96500}],\"MerchantCode\":\"454780\"},\"header\":[\"Content-length: 785\",\"Authorization: bearer WvXr2Cwsv_d5VQP6DQBH6-y0fDpiXFsQPLJPtQN7hC3XzxkN8Rz31XYq55wcO2VQlxQ0SqIkg8LPhX1jeXrT95CHWwhuBp6aBt8xrebiPWvPpCpkNcO2d33hReFH4xggKuKYgQA79Yi_OhExt8YKGVmLUNI9vewaE9lnBJObSWRgBvOd_lyaIGeNVUvhCx-lhCxw1ndnVKp38Ge62i9HlAJdmuqnt3YMMqxn1uaojpV5-sm1dKrMxVdKb1qRFjzs_gGAUL2O9qKynh5-hrMxNJo4OUaojhZofMLpDCBoKRhgYsjiGE1E72GOF2zM0hDXaoZA5MAX3dHCxapntlT9-K9kNL-V8MxrvwFVJugr0bDKsFsbMXuxhT2yHLYRRv-Qs7yuc0VcIQuUSlMrg5dcjq8kjcuKtKWt56cPlivaexv5978Kndde3W-3T_WC8pA1tYgN_e-MXk5X5AkNlinzcviL08KBBI-DVh7GIcOwgewJ4jQ_MCyGUDJB2Tg2NYfmGaGs77qzlcsbk-r7YJUvdrYy3OHH0hnVLSM2ORcVL-eCnyt3vxA-ujdeGumEwtV7z1_QpjDOZ-Fp-ToJFZsYxn6xM01j-VkXp8sQhziEMgC4rnt2b-L99NhWekns155uNp6s2AERn3tyqQsIw_vW2W20TUZ0sUtwwk-gQhegMRuF8eWnmhfCXw9hXN_aIetzGWqSqL_V2xJTS4NHKnO8_w5tkdQ6_R8kIAhh4d-Hh8SrR2F3l1amfWlEYcpjvA7q\"]}}','{\"OperationId\":0,\"LoyaltyTransaction\":null,\"Confirmed\":null,\"Processed\":null,\"Canceled\":null,\"CustomerKey\":\"00000000-0000-0000-0000-000000000000\",\"CustomerCode\":null,\"BonusAmount\":null,\"DiscountAmount\":0,\"MoneyInfo\":null,\"CustomerInfo\":null,\"PaymentId\":255057,\"Status\":1,\"Registered\":\"2018-11-10T15:50:40.737\",\"Amount\":96500,\"Commission\":0,\"Invoice\":1161541857840,\"MerchantCode\":\"454780\",\"LinkUrlSuccess\":null,\"LinkUrlCancel\":null,\"Signature\":\"e3a26872ca5ad8fb07aca3b6f86f1729\",\"Customer\":{\"Code\":\"29\",\"Name\":null,\"Address\":\"Elena Smentina, invoice address is empty, MD-0000 Chisinau, Молдова, 069579091\"},\"Payer\":null,\"Currency\":498,\"ExternalDate\":\"2018-11-10T15:50:40.737\",\"ExpiryDate\":\"2018-11-10T16:20:40\",\"Services\":[{\"Name\":\"Card of products\",\"Description\":\"Cart of products\",\"Amount\":96500,\"Products\":[{\"GroupName\":null,\"QualitiesConcat\":null,\"LineNo\":1,\"GroupId\":null,\"Code\":\"undefinedServiceCode1\",\"Barcode\":null,\"Name\":\"Order payment for Cadouri.md\",\"Description\":\"Online payment\",\"UnitPrice\":null,\"UnitProduct\":null,\"Quantity\":null,\"Amount\":96500,\"Dimensions\":null,\"Qualities\":null,\"TotalAmount\":96500}]}]}','2018-11-10 15:50:40','2018-11-10 15:50:40'),
	(34,4,'Warning HASH is not correct!','PAID','','{\"Eventid\":206227,\"EventType\":\"PAID\",\"EventDate\":\"2018-11-10T15:53:43.72\",\"Payment\":{\"Id\":255057,\"ExternalId\":1161541857840,\"SaleAreaCode\":null,\"Customer\":null,\"StatusDate\":\"2018-11-10T15:53:43.547\",\"Amount\":96500,\"Merchant\":\"cadourimd\"}}','2018-11-10 15:53:46','2018-11-10 15:53:46'),
	(35,0,'Init: Sent request for order request','Sent order to PayNet : 129','{\"url:\":\"https:\\/\\/paynet.md:4446\\/api\\/Payments\",\"param:\":{\"products\":{\"Invoice\":\"1291542976040\",\"Customer\":{\"Code\":30,\"Name\":\"Trifan Petru\",\"Address\":\"Trifan Petru, invoice address is empty, MD-0000 Chisinau, Republica Moldova, 060589521\"},\"Currency\":498,\"ExpiryDate\":\"2018-11-23T14:57:20\",\"Services\":[{\"Name\":\"Order payment for Cadouri.md\",\"Description\":\"Online payment\",\"Products\":[{\"LineNo\":1,\"Code\":129,\"Name\":\"Payment from my shop\",\"Description\":\"Payment id order: 129\",\"Quantity\":1,\"UnitPrice\":84500}],\"Amount\":84500}],\"MerchantCode\":\"454780\"},\"header\":[\"Content-length: 756\",\"Authorization: bearer B9DEHKnpy1zpNsrTZJVjAMA8L012a_sOcZhU4rvVAyggdq28itaAZoDJMM6cNz9BXAhcram_TWZRrP_TpbjVEL2UAa3iF2JhBeLo0nl_pLmhGOknITP9HgEIjIu6ZaGCRaYi5hI-OIzvGE2-wlpOEojWRGC6ez-D7ctcaUHm2DPBd7d9pnQSSHrJD9oTRdkEfbmUhSPVMRAkL-Lu4Pn8lO4rv7Id8G86PCG787BLLlM88xVzFcUeVQmNMxDIHcPjGXcL-iwMAr2R2lCuVpIOG3Xl1MAsPivSOR4GPbOSSjp6sb5esuGxJIB6BXnYFuE9PiV_4uMJIcWJRZwdUXKW4CYXaCjQGpDfhfo3fH4-VFm8A1YnzsquAVKMgtddbejTKlViP2KgUX9GtSkCJtU_SuS6W24ZpioJrPAz0PF4DHgLIzXB7BeNoQFB935XGJSw6YPZw2jI7gwiFzhVDL1N9G-zoPLxfkwDRoKNK5jU7wZb484YLtzThKGUP3WbL_GxJtYj2InkFbbkrJo3vm1vd-0TQnZS8ClKca8OJ7CHsgBXvQ9uQ9xRQlZ4CKFOSe4WShkEvHlVq9_O46jKp4k1E1BGk0h_pO1W__L8RAIpJ2X5gFHMq9xz5s0bclP5UCGtPxe-jLYzPowuo4UVle0YYMpXxNpmdmoUKbB_PBK9WSDEiTTGqm005cY0s9tRKr0ukLp5XwEt5vWV07J-YVJEoG2DtDh4x5XovY0MVCzN81LtEJFAdwZmWO5tWAdSZtBt\"]}}','{\"OperationId\":0,\"LoyaltyTransaction\":null,\"Confirmed\":null,\"Processed\":null,\"Canceled\":null,\"CustomerKey\":\"00000000-0000-0000-0000-000000000000\",\"CustomerCode\":null,\"BonusAmount\":null,\"DiscountAmount\":0,\"MoneyInfo\":null,\"CustomerInfo\":null,\"PaymentId\":261948,\"Status\":1,\"Registered\":\"2018-11-23T14:27:20.493\",\"Amount\":84500,\"Commission\":0,\"Invoice\":1291542976040,\"MerchantCode\":\"454780\",\"LinkUrlSuccess\":null,\"LinkUrlCancel\":null,\"Signature\":\"c2baeb7825cd5076316989cee9b81b5f\",\"Customer\":{\"Code\":\"30\",\"Name\":null,\"Address\":\"Trifan Petru, invoice address is empty, MD-0000 Chisinau, Republica Moldova, 060589521\"},\"Payer\":null,\"Currency\":498,\"ExternalDate\":\"2018-11-23T14:27:20.493\",\"ExpiryDate\":\"2018-11-23T14:57:20\",\"Services\":[{\"Name\":\"Card of products\",\"Description\":\"Cart of products\",\"Amount\":84500,\"Products\":[{\"GroupName\":null,\"QualitiesConcat\":null,\"LineNo\":1,\"GroupId\":null,\"Code\":\"undefinedServiceCode1\",\"Barcode\":null,\"Name\":\"Order payment for Cadouri.md\",\"Description\":\"Online payment\",\"UnitPrice\":null,\"UnitProduct\":null,\"Quantity\":null,\"Amount\":84500,\"Dimensions\":null,\"Qualities\":null,\"TotalAmount\":84500}]}]}','2018-11-23 14:27:20','2018-11-23 14:27:20'),
	(36,0,'Init: Sent request for order request','Sent order to PayNet : 129','{\"url:\":\"https:\\/\\/paynet.md:4446\\/api\\/Payments\",\"param:\":{\"products\":{\"Invoice\":\"1291542976231\",\"Customer\":{\"Code\":30,\"Name\":\"Trifan Petru\",\"Address\":\"Trifan Petru, invoice address is empty, MD-0000 Chisinau, Republica Moldova, 060589521\"},\"Currency\":498,\"ExpiryDate\":\"2018-11-23T15:00:31\",\"Services\":[{\"Name\":\"Order payment for Cadouri.md\",\"Description\":\"Online payment\",\"Products\":[{\"LineNo\":1,\"Code\":129,\"Name\":\"Payment from my shop\",\"Description\":\"Payment id order: 129\",\"Quantity\":1,\"UnitPrice\":169000}],\"Amount\":169000}],\"MerchantCode\":\"454780\"},\"header\":[\"Content-length: 758\",\"Authorization: bearer 4mYt-WukGjgjCuStnfAye24J3Eq9nOjqAhZtMwiPSIVCZ-Fw39AXlknU2J2svV6Bhu7ldSQinQqyqUXTPEYDSzyqxk03Zt_WFlwNLqPxjdbkmx4eUKhcdIbS5g6mYMA4g7uRwLnI957x1q5K-QoAsHt8px1Tkh3rvXeAHCOJSbCrw8h8RZl2Z9eiL2ZXHDJ_asqBvhGFZH82l-pUPitkkYpoeriQWUK-JO06CBP53IvR-1RNupc_XnYcmjzczp6c2i4pX7lN2NiFWeuqva2vQCUTCxwsbTfLuB_e48cFbRH9C1yNYcohFU_Qt4JzHItHo7rJo0EFJEZbdlJnpsL7vTPrzIjgs3RsJoAqWmu8Th1ANLHls_ifau7Fsgv-y8NfJkfblkShWpTPZA1w8W6GWvdKbyO-vyjqTnDjuvyHKTpQx6dsr3rg-3WWQ4nJJLdrojswg3IkoH3GIINnjLQWu7O_DFdd9CIqZq4h3Fr3BuUTMPluwF6UzgaZ5q9NcFzIHByEIFV60YeZHwZ2tP52F9GPwm8TMNR_cNwYMjmg6jTidRcGsFJiadSwBBCW8SyMZoEbkct-D7sP-3sSl_FcKhuny-HmfksZcv-Hai5xugxhf2uUsLu1k6uy3qAIW4ShPmgvaG1Fir9vWEqFyYprrcNwZ2ziUWdWBlkGXAQcE3OWczUOk0NPaaAYP5Qtu_lVEDhl7w-CPxL-sMlXXoWjO_Ip5Me4p_y8P54Ex_wBptfjGDtchJ9Q4iMsgQ7yHKFF\"]}}','{\"OperationId\":0,\"LoyaltyTransaction\":null,\"Confirmed\":null,\"Processed\":null,\"Canceled\":null,\"CustomerKey\":\"00000000-0000-0000-0000-000000000000\",\"CustomerCode\":null,\"BonusAmount\":null,\"DiscountAmount\":0,\"MoneyInfo\":null,\"CustomerInfo\":null,\"PaymentId\":261953,\"Status\":1,\"Registered\":\"2018-11-23T14:30:44.24\",\"Amount\":169000,\"Commission\":0,\"Invoice\":1291542976231,\"MerchantCode\":\"454780\",\"LinkUrlSuccess\":null,\"LinkUrlCancel\":null,\"Signature\":\"e9df5ede6529dca6e12ef5ab0faf2e5b\",\"Customer\":{\"Code\":\"30\",\"Name\":null,\"Address\":\"Trifan Petru, invoice address is empty, MD-0000 Chisinau, Republica Moldova, 060589521\"},\"Payer\":null,\"Currency\":498,\"ExternalDate\":\"2018-11-23T14:30:44.24\",\"ExpiryDate\":\"2018-11-23T15:00:31\",\"Services\":[{\"Name\":\"Card of products\",\"Description\":\"Cart of products\",\"Amount\":169000,\"Products\":[{\"GroupName\":null,\"QualitiesConcat\":null,\"LineNo\":1,\"GroupId\":null,\"Code\":\"undefinedServiceCode1\",\"Barcode\":null,\"Name\":\"Order payment for Cadouri.md\",\"Description\":\"Online payment\",\"UnitPrice\":null,\"UnitProduct\":null,\"Quantity\":null,\"Amount\":169000,\"Dimensions\":null,\"Qualities\":null,\"TotalAmount\":169000}]}]}','2018-11-23 14:30:44','2018-11-23 14:30:44'),
	(37,0,'Init: Sent request for order request','Sent order to PayNet : 129','{\"url:\":\"https:\\/\\/paynet.md:4446\\/api\\/Payments\",\"param:\":{\"products\":{\"Invoice\":\"1291542976275\",\"Customer\":{\"Code\":30,\"Name\":\"Trifan Petru\",\"Address\":\"Trifan Petru, invoice address is empty, MD-0000 Chisinau, Republica Moldova, 060589521\"},\"Currency\":498,\"ExpiryDate\":\"2018-11-23T15:01:15\",\"Services\":[{\"Name\":\"Order payment for Cadouri.md\",\"Description\":\"Online payment\",\"Products\":[{\"LineNo\":1,\"Code\":129,\"Name\":\"Payment from my shop\",\"Description\":\"Payment id order: 129\",\"Quantity\":1,\"UnitPrice\":84500}],\"Amount\":84500}],\"MerchantCode\":\"454780\"},\"header\":[\"Content-length: 756\",\"Authorization: bearer KCNNa7MUtzBYIXOUZ-qdpagdqaw5CAJEylYw3w03xvH5PQa_WwzoqClCiB0dQEElh1JNMGhEiDlJRbPYs1tNB-dGZV5dHc_hIeXNZ9TXsHcZO1N8ITVt9YP9r1CVt134AZuC1AXPJy7BRFKxrr2HkE8mJ9T6ruBou7h5UAXGEjz-nUr6wFDFjktQy7fv07P-6zrOv3LaiDVYxCFOoyQeyJcGY_VSt-DWFhpzWr-YchIRqA1RIRJnsbm1yIBRn-bYLQ4kzLoVomZq9K0L-ZhvVNEEgl5jA1-pa3z4yrB0mxlAZx0UQr2JzpQd_hhAqlOk1W93i_F1hZSJ0rF6GEp2hmKG2HdVqEs-z3cJZ5CGf4TPt5c88hxS4DBNEXnkwU68-hMwoOg3oWCGT8BhY6Xw7aarEXs2RjEBKh34aYJ6Y7I6QIF_vOZn3_u1sVNACdFdspNpIIzP3WfdZLU9uKsA_zDuNiE8foxoM7vm_h-6MeUPYfBb2RLnZqmsFyS6uBLgThPxJ3YbuZ9GmmuqNwgMJahz89VK3OC0lzePw9db5YbpaU7XirzAfDUuOI7VcDN-1Kx6oGmP-rEtVUq_6Kmw2zBmGLpp9W8OcgOG3POjBRWTod9iXpe6-YCNIvkArTJ9wEHJOZEviJcmLnJcQ2gK0IhGPa6bfoxTAv7sBfK8oXXniXsxGnwleTJti16DjU8DCh2CSA8FcD6m-PoLvp150fSzNX-aqbHispT_se_FwlTg5iL2A8uLLwLS8jJzbSBB\"]}}','{\"OperationId\":0,\"LoyaltyTransaction\":null,\"Confirmed\":null,\"Processed\":null,\"Canceled\":null,\"CustomerKey\":\"00000000-0000-0000-0000-000000000000\",\"CustomerCode\":null,\"BonusAmount\":null,\"DiscountAmount\":0,\"MoneyInfo\":null,\"CustomerInfo\":null,\"PaymentId\":261955,\"Status\":1,\"Registered\":\"2018-11-23T14:31:15.757\",\"Amount\":84500,\"Commission\":0,\"Invoice\":1291542976275,\"MerchantCode\":\"454780\",\"LinkUrlSuccess\":null,\"LinkUrlCancel\":null,\"Signature\":\"61260ab951d5ba55502807dbe15276c7\",\"Customer\":{\"Code\":\"30\",\"Name\":null,\"Address\":\"Trifan Petru, invoice address is empty, MD-0000 Chisinau, Republica Moldova, 060589521\"},\"Payer\":null,\"Currency\":498,\"ExternalDate\":\"2018-11-23T14:31:15.757\",\"ExpiryDate\":\"2018-11-23T15:01:15\",\"Services\":[{\"Name\":\"Card of products\",\"Description\":\"Cart of products\",\"Amount\":84500,\"Products\":[{\"GroupName\":null,\"QualitiesConcat\":null,\"LineNo\":1,\"GroupId\":null,\"Code\":\"undefinedServiceCode1\",\"Barcode\":null,\"Name\":\"Order payment for Cadouri.md\",\"Description\":\"Online payment\",\"UnitPrice\":null,\"UnitProduct\":null,\"Quantity\":null,\"Amount\":84500,\"Dimensions\":null,\"Qualities\":null,\"TotalAmount\":84500}]}]}','2018-11-23 14:31:16','2018-11-23 14:31:16'),
	(38,4,'Warning HASH is not correct!','PAID','','{\"Eventid\":209584,\"EventType\":\"PAID\",\"EventDate\":\"2018-11-23T14:43:11.993\",\"Payment\":{\"Id\":261955,\"ExternalId\":1291542976275,\"SaleAreaCode\":null,\"Customer\":null,\"StatusDate\":\"2018-11-23T14:43:11.89\",\"Amount\":84500,\"Merchant\":\"cadourimd\"}}','2018-11-23 14:43:13','2018-11-23 14:43:13'),
	(39,0,'Init: Sent request for order request','Sent order to PayNet : 146','{\"url:\":\"https:\\/\\/paynet.md:4446\\/api\\/Payments\",\"param:\":{\"products\":{\"Invoice\":\"1461543611386\",\"Customer\":{\"Code\":33,\"Name\":\"Daniela Pascal\",\"Address\":\"Daniela Pascal, invoice address is empty, MD-0000 Chisinau, Republica Moldova, 1771872355\"},\"Currency\":498,\"ExpiryDate\":\"2018-11-30T23:26:26\",\"Services\":[{\"Name\":\"Order payment for Cadouri.md\",\"Description\":\"Online payment\",\"Products\":[{\"LineNo\":1,\"Code\":146,\"Name\":\"Payment from my shop\",\"Description\":\"Payment id order: 146\",\"Quantity\":1,\"UnitPrice\":27900}],\"Amount\":27900}],\"MerchantCode\":\"454780\"},\"header\":[\"Content-length: 761\",\"Authorization: bearer -nYQYTUiqooNzbHJSZyzGiAc_MHoaPTGRMIqn6uQU3NvqRANfqe8ip5sUjRQcfp1OGuK4gkdv9tnp50XRI3fsxmx77l9yPrwqCBDger--SwCsd1VfWW-Pc1qX61EPYJJO8e5HFPXGZWV68ThyDXsUZ2mb57bZJdlTTSIhDG8g6Z7Cm_uFOzmKQ2xN99ZhyXRjLVY97J7YK2RcdoqbzzkbWYwHlojii0gF_IhnvkAhdOdDMeEpSFR06I3Fx-pKgaWcBK_MQWmIx01Nbg3QayGvlqTV0wLoA6UlkH--Ewh6jpOq4zcQp5AdCoagqCl0fy6tIKQLYEBSC3IaCUFz9HvwSVl6bmKvsmrUhZA6hkti7SVTnIUVhJ6ImLLnrT-1SSf3Kx1gmXeA-9rsCJp_jFWsmaIsJdEWERZ-jvjCEu0tcTqviZ74Koe7GknnrKycYP3nVgT_2-m5S-buwWJ_7PTXLOS8RYC9-MyAzPJUQqtxlc-2zcEnarDxvxMW0EQC7BuCi0htU_FxTyWCG2Bq1yU-QdWNmPLex_feayh1nKReTRw2HOyGjJqVq2pV9ySBvpdsoMbkisl7mxeBPBpY1TD0kX7nO2Prlq85TZkuETBFMZA-2f7OdPEmbDdBVPvyi9HurfuTRTNERuzF_3MqqEQqTr-pAt-odNl-K9oKP2TLM0AlfhBEId76NukwP_a7Y3C7yrB_zGngZx_dRD8TizZ3b7PQLBEsEZ7txTerV35Ux5928nEg482vzLDaWUFjLJZ\"]}}','{\"OperationId\":0,\"LoyaltyTransaction\":null,\"Confirmed\":null,\"Processed\":null,\"Canceled\":null,\"CustomerKey\":\"00000000-0000-0000-0000-000000000000\",\"CustomerCode\":null,\"BonusAmount\":null,\"DiscountAmount\":0,\"MoneyInfo\":null,\"CustomerInfo\":null,\"PaymentId\":267510,\"Status\":1,\"Registered\":\"2018-11-30T22:56:26.67\",\"Amount\":27900,\"Commission\":0,\"Invoice\":1461543611386,\"MerchantCode\":\"454780\",\"LinkUrlSuccess\":null,\"LinkUrlCancel\":null,\"Signature\":\"375d8d1042858aa862249d25ee85cc15\",\"Customer\":{\"Code\":\"33\",\"Name\":null,\"Address\":\"Daniela Pascal, invoice address is empty, MD-0000 Chisinau, Republica Moldova, 1771872355\"},\"Payer\":null,\"Currency\":498,\"ExternalDate\":\"2018-11-30T22:56:26.67\",\"ExpiryDate\":\"2018-11-30T23:26:26\",\"Services\":[{\"Name\":\"Card of products\",\"Description\":\"Cart of products\",\"Amount\":27900,\"Products\":[{\"GroupName\":null,\"QualitiesConcat\":null,\"LineNo\":1,\"GroupId\":null,\"Code\":\"undefinedServiceCode1\",\"Barcode\":null,\"Name\":\"Order payment for Cadouri.md\",\"Description\":\"Online payment\",\"UnitPrice\":null,\"UnitProduct\":null,\"Quantity\":null,\"Amount\":27900,\"Dimensions\":null,\"Qualities\":null,\"TotalAmount\":27900}]}]}','2018-11-30 22:56:26','2018-11-30 22:56:26'),
	(40,4,'Warning HASH is not correct!','PAID','','{\"Eventid\":212709,\"EventType\":\"PAID\",\"EventDate\":\"2018-11-30T22:59:18.01\",\"Payment\":{\"Id\":267510,\"ExternalId\":1461543611386,\"SaleAreaCode\":null,\"Customer\":null,\"StatusDate\":\"2018-11-30T22:59:17.933\",\"Amount\":27900,\"Merchant\":\"cadourimd\"}}','2018-11-30 22:59:19','2018-11-30 22:59:19'),
	(41,0,'Init: Sent request for order request','Sent order to PayNet : 146','{\"url:\":\"https:\\/\\/paynet.md:4446\\/api\\/Payments\",\"param:\":{\"products\":{\"Invoice\":\"1461543611868\",\"Customer\":{\"Code\":33,\"Name\":\"Daniela Pascal\",\"Address\":\"Daniela Pascal, invoice address is empty, MD-0000 Chisinau, Republica Moldova, 1771872355\"},\"Currency\":498,\"ExpiryDate\":\"2018-11-30T23:34:28\",\"Services\":[{\"Name\":\"Order payment for Cadouri.md\",\"Description\":\"Online payment\",\"Products\":[{\"LineNo\":1,\"Code\":146,\"Name\":\"Payment from my shop\",\"Description\":\"Payment id order: 146\",\"Quantity\":1,\"UnitPrice\":27900}],\"Amount\":27900}],\"MerchantCode\":\"454780\"},\"header\":[\"Content-length: 761\",\"Authorization: bearer EiB8wkbV3cctZJ4-tUQTMVHXqSshcUrNXF1lDVe3ehCSG-mVPXbI9OMN_BHAGuieTnNEMN1PSFQZIq8iB4qgPB4eNNUys-gurowbRfPdejix_nuF01UpbvXVZVdvc1j5pMUheSI8Mfj2AGj7FkFc3WUtMhGEXmMC2gbP8QT-l0WaXCSkAXCJHC8KuW3_tB8LITEv-B8dq5-WjA_PVV8u_oiz5534NtoJ_pp0QZRhbhS6rwG1E4mh23PzVGQVyC-uUQivp2GWpihVweM46J8ySuxWNyfuK27O3YN-YSsJ1cA83TB6DXapag17_xzknGByMTKfPbK1N3gCaogqKxcdJ9JwZsWOv-rgy0crLXiiF8-i8EMXvAQxbiEASieF4EpVzjlmLMN89s-DB6Ok-1V-VZMSJPNDruecIJLQWIyfgJfQBAWpqnKgfQpEfKWAlRl9wVmOiqn2t_G69AjoEfrtjLifQvqqCwKU7U6RZRSXeNGljgna0REPGn8iTmtyAqlfHfyM2vBmTkWsaTw3XdgIeaxB0SXmmb2f0Owu67TYkljuGuNkciF1caXJ9kqfZuOLsRQ0klHlUspKzGXizLieZxW5Qn8umcEidztoq3u2SgDUky-9ICleKfihEhlvQtRJ69SUr3yBQ1VBXnSB9KIWeNs0JL7Xm8tmXuArlkDl6fti96XWJ9D7RXln_qdtjns6fTnYe_RLAWxvZQ0l784F-TjvTNXiA22d-yhpliEZp4DzmB7stE3tXu8X8Khal8EH\"]}}','{\"OperationId\":0,\"LoyaltyTransaction\":null,\"Confirmed\":null,\"Processed\":null,\"Canceled\":null,\"CustomerKey\":\"00000000-0000-0000-0000-000000000000\",\"CustomerCode\":null,\"BonusAmount\":null,\"DiscountAmount\":0,\"MoneyInfo\":null,\"CustomerInfo\":null,\"PaymentId\":267527,\"Status\":1,\"Registered\":\"2018-11-30T23:04:28.96\",\"Amount\":27900,\"Commission\":0,\"Invoice\":1461543611868,\"MerchantCode\":\"454780\",\"LinkUrlSuccess\":null,\"LinkUrlCancel\":null,\"Signature\":\"ba509a458baff7f21c98bdd1a845e9b4\",\"Customer\":{\"Code\":\"33\",\"Name\":null,\"Address\":\"Daniela Pascal, invoice address is empty, MD-0000 Chisinau, Republica Moldova, 1771872355\"},\"Payer\":null,\"Currency\":498,\"ExternalDate\":\"2018-11-30T23:04:28.96\",\"ExpiryDate\":\"2018-11-30T23:34:28\",\"Services\":[{\"Name\":\"Card of products\",\"Description\":\"Cart of products\",\"Amount\":27900,\"Products\":[{\"GroupName\":null,\"QualitiesConcat\":null,\"LineNo\":1,\"GroupId\":null,\"Code\":\"undefinedServiceCode1\",\"Barcode\":null,\"Name\":\"Order payment for Cadouri.md\",\"Description\":\"Online payment\",\"UnitPrice\":null,\"UnitProduct\":null,\"Quantity\":null,\"Amount\":27900,\"Dimensions\":null,\"Qualities\":null,\"TotalAmount\":27900}]}]}','2018-11-30 23:04:29','2018-11-30 23:04:29'),
	(42,4,'Warning HASH is not correct!','PAID','','{\"Eventid\":212712,\"EventType\":\"PAID\",\"EventDate\":\"2018-11-30T23:07:42.32\",\"Payment\":{\"Id\":267527,\"ExternalId\":1461543611868,\"SaleAreaCode\":null,\"Customer\":null,\"StatusDate\":\"2018-11-30T23:07:42.213\",\"Amount\":27900,\"Merchant\":\"cadourimd\"}}','2018-11-30 23:07:43','2018-11-30 23:07:43'),
	(43,0,'Init: Sent request for order request','Sent order to PayNet : 188','{\"url:\":\"https:\\/\\/paynet.md:4446\\/api\\/Payments\",\"param:\":{\"products\":{\"Invoice\":\"1881544553613\",\"Customer\":{\"Code\":35,\"Name\":\"ANGELA Surname\",\"Address\":\"ANGELA Last name, invoice address is empty, MD-0000 Chisinau, Moldova, +37379470799\"},\"Currency\":498,\"ExpiryDate\":\"2018-12-11T21:10:13\",\"Services\":[{\"Name\":\"Order payment for Cadouri.md\",\"Description\":\"Online payment\",\"Products\":[{\"LineNo\":1,\"Code\":188,\"Name\":\"Payment from my shop\",\"Description\":\"Payment id order: 188\",\"Quantity\":1,\"UnitPrice\":756000}],\"Amount\":756000}],\"MerchantCode\":\"454780\"},\"header\":[\"Content-length: 759\",\"Authorization: bearer MmQa1FbL-LT_Xxy9V04AkzC2OIlFQi9xu9wELUdSkbsZZ8-P5BqqXHjfdTQq5rbfL3ajENsbSwsXm5IhMnJ3r-Z7KrGD-MqVVgaIiqoRNNEMt2pP1XzeifpbyslTv2lVHWqjeDlMw4B8BfnuANAoAmscZBL_GErWG7k8S4PgwsNyIqMROelz2nmTRCH_EEE9gOYNZcEuAXKl_PF1BZOnK24oMJDAh8L0DPW0bc59hNA-WnzUYFKwhbpiyZZaa784-PzTsD4YsMqtZcUsqWQYp_2wCMqGt0PXS4KMRnzHATJqmcYR6RWkoYZBe_9xFL3ahzMiskAtoNfrUYuV1B80cHwbFx6UPx7Luzr5wMX6PXblfrzJ4zDvF9EOVywAYcyxBxenD4z_wKDK5p3Y5xUPcXl4s2ZBa4MmBnJ2E80Xt3TTkMbOpHJiY1vbxQmVbhklarZrdvo4Pn0Ixund7fAJoLzay6acO4ao5EG-j5E4pwhMbMqgzQqUMVB1Niqsf84byX0PrRQKHCDryWHxYeNbYVNneAYg74IHN67DMdNaxwewK9iCoDzgBoaeV7iFiIlBuTkXO6hPIeMr1iL26aZc-nTGGVcFdJQCwv4PvnjotNRPJYlHNF-4v6ZxfXR6gUECijo9JCdKjQS25z0X1LydFTriQ4_7wQVArPPutVyIOMvGHQn0oiSeDoW0ETWqIEkMB6f0dMpNqQs4gsU6tWLGhU1c2XtafnKNlVqO8iewoId43MnrwBW-UfRkIPQ0dY-u\"]}}','{\"OperationId\":0,\"LoyaltyTransaction\":null,\"Confirmed\":null,\"Processed\":null,\"Canceled\":null,\"CustomerKey\":\"00000000-0000-0000-0000-000000000000\",\"CustomerCode\":null,\"BonusAmount\":null,\"DiscountAmount\":0,\"MoneyInfo\":null,\"CustomerInfo\":null,\"PaymentId\":273729,\"Status\":1,\"Registered\":\"2018-12-11T20:40:13.93\",\"Amount\":756000,\"Commission\":0,\"Invoice\":1881544553613,\"MerchantCode\":\"454780\",\"LinkUrlSuccess\":null,\"LinkUrlCancel\":null,\"Signature\":\"8501f2512fb30bbf1e0afc1cff70a1d0\",\"Customer\":{\"Code\":\"35\",\"Name\":null,\"Address\":\"ANGELA Last name, invoice address is empty, MD-0000 Chisinau, Moldova, +37379470799\"},\"Payer\":null,\"Currency\":498,\"ExternalDate\":\"2018-12-11T20:40:13.93\",\"ExpiryDate\":\"2018-12-11T21:10:13\",\"Services\":[{\"Name\":\"Card of products\",\"Description\":\"Cart of products\",\"Amount\":756000,\"Products\":[{\"GroupName\":null,\"QualitiesConcat\":null,\"LineNo\":1,\"GroupId\":null,\"Code\":\"undefinedServiceCode1\",\"Barcode\":null,\"Name\":\"Order payment for Cadouri.md\",\"Description\":\"Online payment\",\"UnitPrice\":null,\"UnitProduct\":null,\"Quantity\":null,\"Amount\":756000,\"Dimensions\":null,\"Qualities\":null,\"TotalAmount\":756000}]}]}','2018-12-11 20:40:14','2018-12-11 20:40:14'),
	(44,4,'Warning HASH is not correct!','PAID','','{\"Eventid\":215854,\"EventType\":\"PAID\",\"EventDate\":\"2018-12-11T20:42:20.887\",\"Payment\":{\"Id\":273729,\"ExternalId\":1881544553613,\"SaleAreaCode\":null,\"Customer\":null,\"StatusDate\":\"2018-12-11T20:42:20.78\",\"Amount\":756000,\"Merchant\":\"cadourimd\"}}','2018-12-11 20:42:22','2018-12-11 20:42:22'),
	(45,0,'Init: Sent request for order request','Sent order to PayNet : 196','{\"url:\":\"https:\\/\\/paynet.md:4446\\/api\\/Payments\",\"param:\":{\"products\":{\"Invoice\":\"1961544711584\",\"Customer\":{\"Code\":36,\"Name\":\"Pletniov Olesea \",\"Address\":\"Pletniov Olesea, invoice address is empty, MD-0000 Chisinau, Republica Moldova, 079999095\"},\"Currency\":498,\"ExpiryDate\":\"2018-12-13T17:03:04\",\"Services\":[{\"Name\":\"Order payment for Cadouri.md\",\"Description\":\"Online payment\",\"Products\":[{\"LineNo\":1,\"Code\":196,\"Name\":\"Payment from my shop\",\"Description\":\"Payment id order: 196\",\"Quantity\":1,\"UnitPrice\":30000}],\"Amount\":30000}],\"MerchantCode\":\"454780\"},\"header\":[\"Content-length: 763\",\"Authorization: bearer Zqti-lJbk2jnny_B_qh1vc4lCSC4YtYFZneARkdofQwVXWkir8ohY8cfXHx0jiRodIBQc9zAWTpZ5WOG9qCFd6R6F-Aut1U64DNgYJecHESNSAkYQ2FdS4q4X4Q3o9EYMMkJRmH2mWTv1k1m-rzu9qhYu1Jhe-1scLRsnRxPNcDzE9Hg6yjgQ1pjFmlRsL5jHQb9YEWCmVrcN-4HMGIyHECR7cVfP7HyExvz_44T90c1gbTSmo51KsE3adisDyQbfipuvMs-u3wqFVD4uuZ2HbGX6ErqYsyDsmbYiaiC5Ggdx3IPekP6otKTqvMOlGoN12K-4wzTzAtO4FrK5XGKYH1VbAE6N4Ri0VtQh-dBLJjF0a_JS91mquRtms5dMLWVVtQ0npLve33MBp1XB0yBu-GVFdDX1zo3K8eQMEsPeCbg7l1XG-YaW3XAjpoauPSWTGaeTLHBnUxIhHtr4bAuBER0JT_tdb-COfunpkpYyZcClcG8yO0LHTl1pV_EKGSA22vz8P4RRj4VcHNiHAxs9K9EoHw5onB-s9zRukrViaF5sHULq5afkCD3kQAFWLu_kZfRvG15QhE1-7EnzZk6xGTX5BK6xscMxFGYlT0qxYn_FlJvoJ2ZfzXtBOu20Z2vmNCccvemas9qmdgIQV0bDSpiij93CwQBZPLbFT8EhE4-jpaoB6_vGH4lgUf0XqIVN1GzBhK7HaYBs8JL4_vJdvRvV0f0ZSLXSr9rJy3_vEUD08b-NJOArB_KU64WIzna\"]}}','{\"OperationId\":0,\"LoyaltyTransaction\":null,\"Confirmed\":null,\"Processed\":null,\"Canceled\":null,\"CustomerKey\":\"00000000-0000-0000-0000-000000000000\",\"CustomerCode\":null,\"BonusAmount\":null,\"DiscountAmount\":0,\"MoneyInfo\":null,\"CustomerInfo\":null,\"PaymentId\":274882,\"Status\":1,\"Registered\":\"2018-12-13T16:33:04.413\",\"Amount\":30000,\"Commission\":0,\"Invoice\":1961544711584,\"MerchantCode\":\"454780\",\"LinkUrlSuccess\":null,\"LinkUrlCancel\":null,\"Signature\":\"eb1221f1fe99cc0426a0dc0a1f0cb5de\",\"Customer\":{\"Code\":\"36\",\"Name\":null,\"Address\":\"Pletniov Olesea, invoice address is empty, MD-0000 Chisinau, Republica Moldova, 079999095\"},\"Payer\":null,\"Currency\":498,\"ExternalDate\":\"2018-12-13T16:33:04.413\",\"ExpiryDate\":\"2018-12-13T17:03:04\",\"Services\":[{\"Name\":\"Card of products\",\"Description\":\"Cart of products\",\"Amount\":30000,\"Products\":[{\"GroupName\":null,\"QualitiesConcat\":null,\"LineNo\":1,\"GroupId\":null,\"Code\":\"undefinedServiceCode1\",\"Barcode\":null,\"Name\":\"Order payment for Cadouri.md\",\"Description\":\"Online payment\",\"UnitPrice\":null,\"UnitProduct\":null,\"Quantity\":null,\"Amount\":30000,\"Dimensions\":null,\"Qualities\":null,\"TotalAmount\":30000}]}]}','2018-12-13 16:33:04','2018-12-13 16:33:04'),
	(46,4,'Warning HASH is not correct!','PAID','','{\"Eventid\":216468,\"EventType\":\"PAID\",\"EventDate\":\"2018-12-13T16:37:38.07\",\"Payment\":{\"Id\":274882,\"ExternalId\":1961544711584,\"SaleAreaCode\":null,\"Customer\":null,\"StatusDate\":\"2018-12-13T16:37:37.92\",\"Amount\":30000,\"Merchant\":\"cadourimd\"}}','2018-12-13 16:37:40','2018-12-13 16:37:40'),
	(47,0,'Init: Sent request for order request','Sent order to PayNet : 204','{\"url:\":\"https:\\/\\/paynet.md:4446\\/api\\/Payments\",\"param:\":{\"products\":{\"Invoice\":\"2041545078454\",\"Customer\":{\"Code\":38,\"Name\":\"Konstantinos Surname\",\"Address\":\"Konstantinos Last name, invoice address is empty, MD-0000 Chisinau, Moldova, 079470799\"},\"Currency\":498,\"ExpiryDate\":\"2018-12-17T22:57:34\",\"Services\":[{\"Name\":\"Order payment for Cadouri.md\",\"Description\":\"Online payment\",\"Products\":[{\"LineNo\":1,\"Code\":204,\"Name\":\"Payment from my shop\",\"Description\":\"Payment id order: 204\",\"Quantity\":1,\"UnitPrice\":460000}],\"Amount\":460000}],\"MerchantCode\":\"454780\"},\"header\":[\"Content-length: 766\",\"Authorization: bearer nKFrBji1nH-t39QwQXZuI_g3IJWjtkeb2PF1qoVXvqTLkDPbjIyt4tzEmfav0Ya9VOgZO_MJy99UG23_1HTVhRidINLVqk6U69-IKpxO3kVhfzsfTmgofXi2gQfhca_T-h5RFrwnU-uiRrXntgBqkF3S1tpQSw93yraaJLm0J3QeUAqcSe25hJyFzyDSVbQ4lZqwaedzatNI6vXStz0GkAH5qd26WwkM07nJvrfjT7R6v-alkEoyihFXWoGLBhKqRKIj9j-xUlEZPjp1TnzBw1eoZjZK2F_hCTygaJNSf3bMSBb30CvSf5A9BtKTT6umToRkccFdPoKVZJjLTlwhHrWBSOOJzQpGMH3_InNMN_QzUmR_cLOowmvHeVQB785XxgZ4myzuTCfkxzGxgYCj1HiEEpnqUmCU98SgKqomvTY1E6zU4qtbml2flXJ_kmquODTk_tlPZFwLIrdxiwokpLggJM7F2Waxx6MMjxAvbhzGtiMcaY7VBNN4qHubNVRrc9O5rOaa9EF7VVXc4ODf0PZCkbQ031boiHfxyfhjD2FVtl7RQ-9oxMeqydl1GEvaTAe7WU3Fxq7xln23317vYNn7Mp9WYktwOSEGoAgch5k3CZpdUHLBjbrLxkxcAzUk5M2A8XtcMcz2wOttUfikoCM65G5Num81aqhoc8mvTNn1Zx3cI65G1xRJFjRH_frQaLK6Xuuh6x4ey07hgIxCQJFhOny2LQzEHMdJlFbd2VFQYJDxBeleWtJPY3W_1VzD\"]}}','{\"OperationId\":0,\"LoyaltyTransaction\":null,\"Confirmed\":null,\"Processed\":null,\"Canceled\":null,\"CustomerKey\":\"00000000-0000-0000-0000-000000000000\",\"CustomerCode\":null,\"BonusAmount\":null,\"DiscountAmount\":0,\"MoneyInfo\":null,\"CustomerInfo\":null,\"PaymentId\":277571,\"Status\":1,\"Registered\":\"2018-12-17T22:27:34.733\",\"Amount\":460000,\"Commission\":0,\"Invoice\":2041545078454,\"MerchantCode\":\"454780\",\"LinkUrlSuccess\":null,\"LinkUrlCancel\":null,\"Signature\":\"ffdec675f8d51d21221e3ab06fd687c9\",\"Customer\":{\"Code\":\"38\",\"Name\":null,\"Address\":\"Konstantinos Last name, invoice address is empty, MD-0000 Chisinau, Moldova, 079470799\"},\"Payer\":null,\"Currency\":498,\"ExternalDate\":\"2018-12-17T22:27:34.733\",\"ExpiryDate\":\"2018-12-17T22:57:34\",\"Services\":[{\"Name\":\"Card of products\",\"Description\":\"Cart of products\",\"Amount\":460000,\"Products\":[{\"GroupName\":null,\"QualitiesConcat\":null,\"LineNo\":1,\"GroupId\":null,\"Code\":\"undefinedServiceCode1\",\"Barcode\":null,\"Name\":\"Order payment for Cadouri.md\",\"Description\":\"Online payment\",\"UnitPrice\":null,\"UnitProduct\":null,\"Quantity\":null,\"Amount\":460000,\"Dimensions\":null,\"Qualities\":null,\"TotalAmount\":460000}]}]}','2018-12-17 22:27:35','2018-12-17 22:27:35'),
	(48,4,'Warning HASH is not correct!','PAID','','{\"Eventid\":217848,\"EventType\":\"PAID\",\"EventDate\":\"2018-12-17T22:30:26.317\",\"Payment\":{\"Id\":277571,\"ExternalId\":2041545078454,\"SaleAreaCode\":null,\"Customer\":null,\"StatusDate\":\"2018-12-17T22:30:26.1\",\"Amount\":460000,\"Merchant\":\"cadourimd\"}}','2018-12-17 22:30:34','2018-12-17 22:30:34'),
	(49,2,'Init: Sent request for order request','Sent order to PayNet : 212TECHNICAL_ERROR','{\"url:\":\"https:\\/\\/paynet.md:4446\\/api\\/Payments\",\"param:\":{\"products\":{\"Invoice\":\"2121545321635\",\"Customer\":{\"Code\":39,\"Name\":\"Jamshed Rahimov\",\"Address\":\"Jamshed Rahimov, invoice address is empty, MD-0000 Chisinau, \\u041c\\u043e\\u043b\\u0434\\u043e\\u0432\\u0430, +905428769829\"},\"Currency\":498,\"ExpiryDate\":\"2018-12-20T18:30:35\",\"Services\":[{\"Name\":\"Order payment for Cadouri.md\",\"Description\":\"Online payment\",\"Products\":[{\"LineNo\":1,\"Code\":212,\"Name\":\"Payment from my shop\",\"Description\":\"Payment id order: 212\",\"Quantity\":1,\"UnitPrice\":77425}],\"Amount\":77425}],\"MerchantCode\":\"454780\"},\"header\":[\"Content-length: 793\",\"Authorization: bearer nL36HQjGeTP-JDhvLdyagX3bIFhucnJfSVj4v0YohVD_YGtpQFTElczwCNgCwRJgW83vZair3ZPJpEcnfXg7IXoNay1wfDhcCUCen1AuVrSB43SFjDEgmi2wEYI4sHHxD_641JizjvxUg09pm0hjruMW3F-vPCTde-1jMgPZYrnXu8sJsF8TiAut11lilo84GvsASzbrrKgKwk3rYf5fuwcv1JbuC6Ee1Jhw87PjM7ys9vxatgogsO-jndqAmegpy1tI7XNYxPLd5wOi65ijb0wm25XFpyPseXOWiHFvL_mTlUOPSrz1qNkVijOq_uqB1ROdXmfbuaAAb6czvzJrL0K_vadwJTm9Xq-VemhJy7OUWhiOJUXHL3B1AnwJqTNDnHgyOjqYeu1iF51fxFxOWqC3p58fVmLWQqA_P6Qn4m5orIPj70J7Z8Ni9EdVsNTq6fMEH2wmaYo-pc6zB_myOm15jbkOSEtILdD3cNEYZPNoy55OI0tMOpCxHxbJ4Baqb-rYARh1dt2RNLD8zBykj-iznl3-OZbxRVcmHWae11KMs5rXCCvtif49Mg3ot68fFXBebtW-u1k7M9vbyYUe4rJdxRuUGL8eYYWM348uN3opkEGkEnqjAsUqBlt3m8s3PgbU0sCxI_bJWikn1Md_0wv9-F2W-Crsot8x89NecCKssDam6Nxpw0-X-h05gX9uMAETNCY3d20QdBQTdAjnmv02W4zj3H7DMDtkOElp7HdTgVJOVV_a3x5mVYjHU-z8\"]}}','{\"Code\":\"1\",\"Message\":\"TECHNICAL_ERROR\"}','2018-12-20 18:01:06','2018-12-20 18:01:06'),
	(50,2,'Init: Sent request for order request','Sent order to PayNet : 212TECHNICAL_ERROR','{\"url:\":\"https:\\/\\/paynet.md:4446\\/api\\/Payments\",\"param:\":{\"products\":{\"Invoice\":\"2121545321663\",\"Customer\":{\"Code\":39,\"Name\":\"Jamshed Rahimov\",\"Address\":\"Jamshed Rahimov, invoice address is empty, MD-0000 Chisinau, \\u041c\\u043e\\u043b\\u0434\\u043e\\u0432\\u0430, +905428769829\"},\"Currency\":498,\"ExpiryDate\":\"2018-12-20T18:31:03\",\"Services\":[{\"Name\":\"Order payment for Cadouri.md\",\"Description\":\"Online payment\",\"Products\":[{\"LineNo\":1,\"Code\":212,\"Name\":\"Payment from my shop\",\"Description\":\"Payment id order: 212\",\"Quantity\":1,\"UnitPrice\":77425}],\"Amount\":77425}],\"MerchantCode\":\"454780\"},\"header\":[\"Content-length: 793\",\"Authorization: bearer fIuqQSnoRnR_f4bKMTde06BJueY4TE68h1ziu4QhNlKeTh1riC2hjKByvfYr3KFmqI777nzoNz_37VKE2XUxxuDFwcEHNGZ8O0DXYyeuCcXF1t3jLJQLgZQcOlIrHlw8kd0cmTufyDbgma4HSEAbz2V2lZOa7IDibWbtNvBC72QsG4jYpxLkLJGUNnN5vfmPi2v4XYltOgAMmNukacNVVnwz1rDKor_vZ1X7o1JnJSfMNGaS-5dGDHIByfhNk9SdH2cVsIxAi2ztJzRfKG0YqvqzKx8adgD1w4I86hyxbFNJMdIwJ9stp5rysvqHllsw4BIw-l9-ojq5bgx81g-tq-LYnc1uB13G9JLDHmFDx_3DXB18LAV12s8jEIvJ0xMSq7RGJuVwgGeGFO5oUflYoT5-R9g65jy3wJYl4FHkWh_WxQcWWDAks9F_-8sPJbtXcAPL4-UDrRuuZvM6CAx34s-CkObSuHst6oTFSKK2sZGFRsDd8r5Y67mTN2hm_KCbC507qVLap2n00VBUnu-bMDpKdfhaf3slSHZ9h13D5dW6xcWKZ25pjkMRq4UXzFVDdew29AV63NsUPJrrbBwG3ukOS8btW0E6517zt2vfrt-wvBb7CCV2ZkntdF5QjY4OneBpklCY3wpLSE5RZpJMl7WWVgcV6dX70cMPOmzjzcBNKfaTenR94EygfZaf-MsYu_mtmNG2_Cw3TOr_wY1lhCMcYVuW1spYEiBq_OKeVC80DRvQq5a2EfzvwnVIiKNS\"]}}','{\"Code\":\"1\",\"Message\":\"TECHNICAL_ERROR\"}','2018-12-20 18:01:34','2018-12-20 18:01:34'),
	(51,0,'Init: Sent request for order request','Sent order to PayNet : 212','{\"url:\":\"https:\\/\\/paynet.md:4446\\/api\\/Payments\",\"param:\":{\"products\":{\"Invoice\":\"2121545321756\",\"Customer\":{\"Code\":39,\"Name\":\"Jamshed Rahimov\",\"Address\":\"Jamshed Rahimov, invoice address is empty, MD-0000 Chisinau, \\u041c\\u043e\\u043b\\u0434\\u043e\\u0432\\u0430, +905428769829\"},\"Currency\":498,\"ExpiryDate\":\"2018-12-20T18:32:36\",\"Services\":[{\"Name\":\"Order payment for Cadouri.md\",\"Description\":\"Online payment\",\"Products\":[{\"LineNo\":1,\"Code\":212,\"Name\":\"Payment from my shop\",\"Description\":\"Payment id order: 212\",\"Quantity\":1,\"UnitPrice\":77425}],\"Amount\":77425}],\"MerchantCode\":\"454780\"},\"header\":[\"Content-length: 793\",\"Authorization: bearer TgDYoLZVKUTCZtNvcXiv_LYd2emyKncIrgOM9ws-JpvizF2sNXQx2T7DKSrmy-hy4gJcmP7ELS7pvqlRfAZRuPuoOMXph57udtmWZG5eW237qS1szdbS_faOrF7V2sp3D3H17-9HzH0vXak9PuoErRjshaGQ4jMuyA5begF-TVR1LEbuiF2rX8y5r7g04P9rb8X8Fr686K1KbEho5uaQYS9yNVked3KR1Z-PesuyOR_8Ws_VvMk2ytylrBqP7kLSF_LLnM7jFEoLMR6Th-5xasOh3clNyXA_rG4nLMlp-XNaeCcnyxNJ_cjRfVrajlGTVYhvnIAKTdBicul-ZtJDCEEJokDXafEMksV0tsE9fUwWspjcVrlJnwuZSxKPzY-S-h-XFPzIxwFSCutJp6wpGH2EHrvzFSKYSKdl4jUEUSb9tx_zAWZqUpDjOg3Dz1W956zT8Z0PVlalRdVJLCBeP_fnYh7a3c8NAkaBdiWv5WmSjxHucrUMopHI-yQoLTfNpffi5iforDsu11BZRJFYtUMuEoAxFgiKsOz3wY_cyXTapXpX8WJMzQLYyx2PyhJsVIV11oJPbtTKMjMMimoffRv3MxVqt9OzztX0zDOmLPD8LEYUTECmIlL1WKjB3rwcxGv5Wd0J6RDtgOEzPdLA0MuVrcUL2L6blMeE2ZMpZ6apx2MIiqzJ8u-qemEapfkT_-_3N8VN5hcCzLs6qOfDKSmKpnkiMVKsHtPRktuBHV5jbhl79AeUNkHoSlK3j0HR\"]}}','{\"OperationId\":0,\"LoyaltyTransaction\":null,\"Confirmed\":null,\"Processed\":null,\"Canceled\":null,\"CustomerKey\":\"00000000-0000-0000-0000-000000000000\",\"CustomerCode\":null,\"BonusAmount\":null,\"DiscountAmount\":0,\"MoneyInfo\":null,\"CustomerInfo\":null,\"PaymentId\":279934,\"Status\":1,\"Registered\":\"2018-12-20T18:02:36.33\",\"Amount\":77425,\"Commission\":0,\"Invoice\":2121545321756,\"MerchantCode\":\"454780\",\"LinkUrlSuccess\":null,\"LinkUrlCancel\":null,\"Signature\":\"1e673655c13eefcb717bbe33aed9dacc\",\"Customer\":{\"Code\":\"39\",\"Name\":null,\"Address\":\"Jamshed Rahimov, invoice address is empty, MD-0000 Chisinau, Молдова, +905428769829\"},\"Payer\":null,\"Currency\":498,\"ExternalDate\":\"2018-12-20T18:02:36.33\",\"ExpiryDate\":\"2018-12-20T18:32:36\",\"Services\":[{\"Name\":\"Card of products\",\"Description\":\"Cart of products\",\"Amount\":77425,\"Products\":[{\"GroupName\":null,\"QualitiesConcat\":null,\"LineNo\":1,\"GroupId\":null,\"Code\":\"undefinedServiceCode1\",\"Barcode\":null,\"Name\":\"Order payment for Cadouri.md\",\"Description\":\"Online payment\",\"UnitPrice\":null,\"UnitProduct\":null,\"Quantity\":null,\"Amount\":77425,\"Dimensions\":null,\"Qualities\":null,\"TotalAmount\":77425}]}]}','2018-12-20 18:02:36','2018-12-20 18:02:36'),
	(52,0,'Init: Sent request for order request','Sent order to PayNet : 212','{\"url:\":\"https:\\/\\/paynet.md:4446\\/api\\/Payments\",\"param:\":{\"products\":{\"Invoice\":\"2121545322266\",\"Customer\":{\"Code\":39,\"Name\":\"Jamshed Rahimov\",\"Address\":\"Jamshed Rahimov, invoice address is empty, MD-0000 Chisinau, \\u041c\\u043e\\u043b\\u0434\\u043e\\u0432\\u0430, +905428769829\"},\"Currency\":498,\"ExpiryDate\":\"2018-12-20T18:41:06\",\"Services\":[{\"Name\":\"Order payment for Cadouri.md\",\"Description\":\"Online payment\",\"Products\":[{\"LineNo\":1,\"Code\":212,\"Name\":\"Payment from my shop\",\"Description\":\"Payment id order: 212\",\"Quantity\":1,\"UnitPrice\":77425}],\"Amount\":77425}],\"MerchantCode\":\"454780\"},\"header\":[\"Content-length: 793\",\"Authorization: bearer bCrPakMAHyPsJGYvXYiZvbBHefzwvyxJ3TlLLpEmu9C8yM1lSKTiqN5kW3j1U-Jpyx7bmKcvn9ZVd5d8ZThWwmfBBXNBy0JkZYHMNXaiQVRb7UvOAJzzFaGxmzWH8kF0YLhRcKy1s5hO4UFuT9FBkuk-dlnIdbuOxQdEvWpkPFKhmIrdSmsbOKwv0uw7RSbLsC--6IZUGLg-XbQnfbj6L6FRH2x3gFrNY0IylDK9T5ZVm8a44pieuRbE125oaaGdojJ0jwyYF760FQ-dDkjLjKBjpiVoEfu8Ni5GLDgCPGRXUddGGw5OYFKJsDpB06TY-2S_mSH7xycgSvEkh0VI1j21ruyeQpQPPwW7cqp8MkKwIqK0kcrnOE7QDtkaDlTuXTcXcoZ8F0xL_o4apd3qGHZgxsk8n8tH4koMBs-rFTPFC66aF3ZayiEcj6EFH6q6CS1OacFDHmozJ_c92dLAhAmK7t-V-JBjmGvV0XhIFVDZy4kA7bxSnTF7evlHC5-TVCnrLRbeNhuEIQzqsHHpIw4itWTMf2UXcHcgH6zBA3Ney4aRsTFhbIxVTeiERJOSNSME6qdJfFsvFnemrBA9eJVv-1T6dLTv_CrFoXABERc9n_WWIyhZVwcflB5RCWY6xO1gDk0qCae-FF2lj_9i6WOZKY9c7_AgS4DBUIaJHzP5FGXtC83gk9kA7xnae9n8sFY1EbRmAfWvjji87Fm5lS3Hhfm_7I7Lcqr-Vs3O42ZndpAUeF1SpGKPsff1qbwf\"]}}','{\"OperationId\":0,\"LoyaltyTransaction\":null,\"Confirmed\":null,\"Processed\":null,\"Canceled\":null,\"CustomerKey\":\"00000000-0000-0000-0000-000000000000\",\"CustomerCode\":null,\"BonusAmount\":null,\"DiscountAmount\":0,\"MoneyInfo\":null,\"CustomerInfo\":null,\"PaymentId\":279947,\"Status\":1,\"Registered\":\"2018-12-20T18:11:07.027\",\"Amount\":77425,\"Commission\":0,\"Invoice\":2121545322266,\"MerchantCode\":\"454780\",\"LinkUrlSuccess\":null,\"LinkUrlCancel\":null,\"Signature\":\"eee66758babefb9e58458a578e366323\",\"Customer\":{\"Code\":\"39\",\"Name\":null,\"Address\":\"Jamshed Rahimov, invoice address is empty, MD-0000 Chisinau, Молдова, +905428769829\"},\"Payer\":null,\"Currency\":498,\"ExternalDate\":\"2018-12-20T18:11:07.027\",\"ExpiryDate\":\"2018-12-20T18:41:06\",\"Services\":[{\"Name\":\"Card of products\",\"Description\":\"Cart of products\",\"Amount\":77425,\"Products\":[{\"GroupName\":null,\"QualitiesConcat\":null,\"LineNo\":1,\"GroupId\":null,\"Code\":\"undefinedServiceCode1\",\"Barcode\":null,\"Name\":\"Order payment for Cadouri.md\",\"Description\":\"Online payment\",\"UnitPrice\":null,\"UnitProduct\":null,\"Quantity\":null,\"Amount\":77425,\"Dimensions\":null,\"Qualities\":null,\"TotalAmount\":77425}]}]}','2018-12-20 18:11:07','2018-12-20 18:11:07'),
	(53,0,'Init: Sent request for order request','Sent order to PayNet : 212','{\"url:\":\"https:\\/\\/paynet.md:4446\\/api\\/Payments\",\"param:\":{\"products\":{\"Invoice\":\"2121545322550\",\"Customer\":{\"Code\":39,\"Name\":\"Jamshed Rahimov\",\"Address\":\"Jamshed Rahimov, invoice address is empty, MD-0000 Chisinau, \\u041c\\u043e\\u043b\\u0434\\u043e\\u0432\\u0430, +905428769829\"},\"Currency\":498,\"ExpiryDate\":\"2018-12-20T18:45:50\",\"Services\":[{\"Name\":\"Order payment for Cadouri.md\",\"Description\":\"Online payment\",\"Products\":[{\"LineNo\":1,\"Code\":212,\"Name\":\"Payment from my shop\",\"Description\":\"Payment id order: 212\",\"Quantity\":1,\"UnitPrice\":77425}],\"Amount\":77425}],\"MerchantCode\":\"454780\"},\"header\":[\"Content-length: 793\",\"Authorization: bearer 6D1q1kPFZpQHVigzCkHbiqJyJveRroxZ6E4ztOA78JtslxfA6uAfDCReg7nnY2BtdE1cxcXt0iFYX2GeVLJnoOL_jT5Fb6_MGI1d9YNiSeKzD2TpWA-6mH_IFErDhmrlqWBT1Mxloqj7BlOwhQ3zP8wAG8JhDfQn4Yvpo6yi4rL7f93tBVrgztj-KVIDFicHBo2HmqaA1p8acDber3jfiW263FVj0knGgHG1-8z6GNhwBpUHP81owt9Y0qc8Lno2s6PfIsD5_TQULhwl2n2y0NWb3qIRffv1HrGuLT9_6OI7CSSg3HyWxmodpaLY06u_UhrQOackRinK3XljSj7FdUnpbJ9ZH-_UopXUYC_l6jm3Z5dttT4pTyIB5KBsVPZ0ArHs7zdEyEU8SwcMxyTq13B59S9UHl3_btkVi5z2BBm6QX3UOakGybe5fJF199_VBzUn1vjNp-TVphep-FNHmgAQOhuBNUQ9eXgxc95wTF5VpKOcPGi4yxG6hLn6C76PdsPowS3-Fc7ZwrE5dM8ycv9Xx0XO6J0aeXBwbYVbPgalJCppbkKgu1e5G96UYm4ZqtOrL_JARoO6dJSaIEyT545b_cCQoq3bOjb36bLfS8IenkCCwFQaM4ypNWnpKWeBiCW7iL5XIoopZaX0ebtVJ1uITDX6i7jVaZMRxLLnYT513z9e1n9SSXuqSCE5nilDGbbRi4sKH7dahWm-cY4cRNOEqUk1GiRbli6Ssd1Ry2wlYbEh0Hlykxpzqfgztwsr\"]}}','{\"OperationId\":0,\"LoyaltyTransaction\":null,\"Confirmed\":null,\"Processed\":null,\"Canceled\":null,\"CustomerKey\":\"00000000-0000-0000-0000-000000000000\",\"CustomerCode\":null,\"BonusAmount\":null,\"DiscountAmount\":0,\"MoneyInfo\":null,\"CustomerInfo\":null,\"PaymentId\":279951,\"Status\":1,\"Registered\":\"2018-12-20T18:15:50.35\",\"Amount\":77425,\"Commission\":0,\"Invoice\":2121545322550,\"MerchantCode\":\"454780\",\"LinkUrlSuccess\":null,\"LinkUrlCancel\":null,\"Signature\":\"1f272844c5c8c482974c7de2363c28ec\",\"Customer\":{\"Code\":\"39\",\"Name\":null,\"Address\":\"Jamshed Rahimov, invoice address is empty, MD-0000 Chisinau, Молдова, +905428769829\"},\"Payer\":null,\"Currency\":498,\"ExternalDate\":\"2018-12-20T18:15:50.35\",\"ExpiryDate\":\"2018-12-20T18:45:50\",\"Services\":[{\"Name\":\"Card of products\",\"Description\":\"Cart of products\",\"Amount\":77425,\"Products\":[{\"GroupName\":null,\"QualitiesConcat\":null,\"LineNo\":1,\"GroupId\":null,\"Code\":\"undefinedServiceCode1\",\"Barcode\":null,\"Name\":\"Order payment for Cadouri.md\",\"Description\":\"Online payment\",\"UnitPrice\":null,\"UnitProduct\":null,\"Quantity\":null,\"Amount\":77425,\"Dimensions\":null,\"Qualities\":null,\"TotalAmount\":77425}]}]}','2018-12-20 18:15:50','2018-12-20 18:15:50'),
	(54,0,'Init: Sent request for order request','Sent order to PayNet : 249','{\"url:\":\"https:\\/\\/paynet.md:4446\\/api\\/Payments\",\"param:\":{\"products\":{\"Invoice\":\"2491545894990\",\"Customer\":{\"Code\":42,\"Name\":\"Elena Metlinski\",\"Address\":\"Elena Metlinski, invoice address is empty, MD-0000 Chisinau, Moldova, 14156098269\"},\"Currency\":498,\"ExpiryDate\":\"2018-12-27T09:46:30\",\"Services\":[{\"Name\":\"Order payment for Cadouri.md\",\"Description\":\"Online payment\",\"Products\":[{\"LineNo\":1,\"Code\":249,\"Name\":\"Payment from my shop\",\"Description\":\"Payment id order: 249\",\"Quantity\":1,\"UnitPrice\":75500}],\"Amount\":75500}],\"MerchantCode\":\"454780\"},\"header\":[\"Content-length: 754\",\"Authorization: bearer 5-OWlO8kIzFAKQOzGNsb1DGTSjYCwzpgZ7-w00_EU6nRPE0dweCz7if6jCuM07x9U2oM4514Xk2_Rxng_u5m6aU-1XGRkw5_GX77H3s4qepcx22cJp7cPueDjYP0q8AzTOd0Awk9BGwYcbhWs1zkfxaVSlJ1Q9k_qZZAspxX3ZthbWWxuEC0NTxX9BqJMw9jcjtqSnqkNOOBSk3_zZsI4_uua0I0mJZqIuq2gMTM16PDIeuP-IyQZ0R73xLR9MDesFixz99rmSvYGei6kZ7-lShdEevMNxPEZJE5xZaDAdxAB0RvV0k2v2t_celUNH5OmWpR-0xPna_Sd8ILhwt7iq0x5Q_Ov_KewTFuzVi_RcXCA2RFiR2sCVaukZPsXIeR_lSQOMlAB1QOkTV_LpcwqJyQiMyogAAG4AjzALEcjM5m5haAhQzE7RCNhhPvNAmLY75iFwBppNwVTCe4QPjOg5_bv1KO2pIQAWEd3bmro1tCxw4Bq1BuhZCGLgFAYo5bNIf8lIibtvwbefzsqOZcVFhE-kuqarivaoVfsd2mwLrUX1zUK0PRks6V76OTGteg-tcHBfniLuJ_vHwppASPKCEnZW7CTMjW53JQFb2_hkrei9RfxbrL-x0DB3Ki7B5hiw3H28apl7dC4hHrShb2mbWLLhSbaIOtxwkwiUUYSN9O3in3PFE5LktBeO1JxLOAM-zme_YLXwGbxL76XuFxoA_f2dwKyKgb0hq0Rx6iUCFt4FEpYUMKLUKGQC69C_8C\"]}}','{\"OperationId\":0,\"LoyaltyTransaction\":null,\"Confirmed\":null,\"Processed\":null,\"Canceled\":null,\"CustomerKey\":\"00000000-0000-0000-0000-000000000000\",\"CustomerCode\":null,\"BonusAmount\":null,\"DiscountAmount\":0,\"MoneyInfo\":null,\"CustomerInfo\":null,\"PaymentId\":284669,\"Status\":1,\"Registered\":\"2018-12-27T09:16:30.583\",\"Amount\":75500,\"Commission\":0,\"Invoice\":2491545894990,\"MerchantCode\":\"454780\",\"LinkUrlSuccess\":null,\"LinkUrlCancel\":null,\"Signature\":\"af6102e27fdcf70ecc11024c68b20dfc\",\"Customer\":{\"Code\":\"42\",\"Name\":null,\"Address\":\"Elena Metlinski, invoice address is empty, MD-0000 Chisinau, Moldova, 14156098269\"},\"Payer\":null,\"Currency\":498,\"ExternalDate\":\"2018-12-27T09:16:30.583\",\"ExpiryDate\":\"2018-12-27T09:46:30\",\"Services\":[{\"Name\":\"Card of products\",\"Description\":\"Cart of products\",\"Amount\":75500,\"Products\":[{\"GroupName\":null,\"QualitiesConcat\":null,\"LineNo\":1,\"GroupId\":null,\"Code\":\"undefinedServiceCode1\",\"Barcode\":null,\"Name\":\"Order payment for Cadouri.md\",\"Description\":\"Online payment\",\"UnitPrice\":null,\"UnitProduct\":null,\"Quantity\":null,\"Amount\":75500,\"Dimensions\":null,\"Qualities\":null,\"TotalAmount\":75500}]}]}','2018-12-27 09:16:30','2018-12-27 09:16:30'),
	(55,0,'Init: Sent request for order request','Sent order to PayNet : 249','{\"url:\":\"https:\\/\\/paynet.md:4446\\/api\\/Payments\",\"param:\":{\"products\":{\"Invoice\":\"2491545895179\",\"Customer\":{\"Code\":42,\"Name\":\"Elena Metlinski\",\"Address\":\"Elena Metlinski, invoice address is empty, MD-0000 Chisinau, Moldova, 14156098269\"},\"Currency\":498,\"ExpiryDate\":\"2018-12-27T09:49:39\",\"Services\":[{\"Name\":\"Order payment for Cadouri.md\",\"Description\":\"Online payment\",\"Products\":[{\"LineNo\":1,\"Code\":249,\"Name\":\"Payment from my shop\",\"Description\":\"Payment id order: 249\",\"Quantity\":1,\"UnitPrice\":75500}],\"Amount\":75500}],\"MerchantCode\":\"454780\"},\"header\":[\"Content-length: 754\",\"Authorization: bearer 5yBT-FeDfGF9Qr9n-EADp4vlkmjngse9IE3gKOok6bDjakfCyeoxEPauJIpihpqrK4ee9HlLgUL73l-b5-6JUD_GM5zG8ultXclZ1zcf-SrwpSQQ9GdHaoWbPSe-CXcV1tfJGCxxm4vGLfZhH9BQhgC-7Ded7z0uKfgTczKEwsCxEgp_beU2vvlryCxnoi3wgbdaw6h2-qR5sNK9nMsyddLpP33AbNmyxI3ZRjC2TJjiFanEVCFdbrapyFuA0tNnVA9ZkOwAEJYKwIPtxdv7J-HwHAprMTaOxqRRQoSIlCtIKsrE6raI4r_VV_VB4CEV-hBSKBvVuDgNg7pUItLdjDkv4h-9ZgEoowGp28ycFTRSFvbf6_qU5i9XvEaPI36MsTAp8Kz23d-0AN6-BCQ--LzjR2PXgIzEXGMiowGcDgrmA9sckAyNnKMc5zx--VGRKE8KgSZ-I2E3p3cZEVpl5T6hyBusRFM7zgnceaFylyer_GsUpG4hLBi65AkL1CGTJ7ZTB2sDoDlxPxmaLJUdx3nuDg_ywl45SKtOvgC6LK9_JDSNWoCVLzzpmmdWU8nyXyH-MELLZDpz0d1oprK5A3Otm55H04stXrM6TzoXAQjabsIHqDK196jXlbk1m7uriXF58s1a2Z-YTXhAWFHYhTc1KpXAG3PJ2GE1oR0Lusd_IQudAk9G4ae4_jp5cwD-u6HP8MhrlzlGcHS5wNzzmSQpb66VnaX1ALxjAmBLBXQmOc5Dv80ppgchtBlU9ATz\"]}}','{\"OperationId\":0,\"LoyaltyTransaction\":null,\"Confirmed\":null,\"Processed\":null,\"Canceled\":null,\"CustomerKey\":\"00000000-0000-0000-0000-000000000000\",\"CustomerCode\":null,\"BonusAmount\":null,\"DiscountAmount\":0,\"MoneyInfo\":null,\"CustomerInfo\":null,\"PaymentId\":284672,\"Status\":1,\"Registered\":\"2018-12-27T09:19:40.173\",\"Amount\":75500,\"Commission\":0,\"Invoice\":2491545895179,\"MerchantCode\":\"454780\",\"LinkUrlSuccess\":null,\"LinkUrlCancel\":null,\"Signature\":\"c4394e743934872ce28dea2ddbcafebf\",\"Customer\":{\"Code\":\"42\",\"Name\":null,\"Address\":\"Elena Metlinski, invoice address is empty, MD-0000 Chisinau, Moldova, 14156098269\"},\"Payer\":null,\"Currency\":498,\"ExternalDate\":\"2018-12-27T09:19:40.173\",\"ExpiryDate\":\"2018-12-27T09:49:39\",\"Services\":[{\"Name\":\"Card of products\",\"Description\":\"Cart of products\",\"Amount\":75500,\"Products\":[{\"GroupName\":null,\"QualitiesConcat\":null,\"LineNo\":1,\"GroupId\":null,\"Code\":\"undefinedServiceCode1\",\"Barcode\":null,\"Name\":\"Order payment for Cadouri.md\",\"Description\":\"Online payment\",\"UnitPrice\":null,\"UnitProduct\":null,\"Quantity\":null,\"Amount\":75500,\"Dimensions\":null,\"Qualities\":null,\"TotalAmount\":75500}]}]}','2018-12-27 09:19:40','2018-12-27 09:19:40'),
	(56,0,'Init: Sent request for order request','Sent order to PayNet : 249','{\"url:\":\"https:\\/\\/paynet.md:4446\\/api\\/Payments\",\"param:\":{\"products\":{\"Invoice\":\"2491545895446\",\"Customer\":{\"Code\":42,\"Name\":\"Elena Metlinski\",\"Address\":\"Elena Metlinski, invoice address is empty, MD-0000 Chisinau, Moldova, 14156098269\"},\"Currency\":498,\"ExpiryDate\":\"2018-12-27T09:54:06\",\"Services\":[{\"Name\":\"Order payment for Cadouri.md\",\"Description\":\"Online payment\",\"Products\":[{\"LineNo\":1,\"Code\":249,\"Name\":\"Payment from my shop\",\"Description\":\"Payment id order: 249\",\"Quantity\":1,\"UnitPrice\":75500}],\"Amount\":75500}],\"MerchantCode\":\"454780\"},\"header\":[\"Content-length: 754\",\"Authorization: bearer IGGZ6XLSe5vVZluylyTTrHhdSLwNXIFm0g_I2APCwXT7uLeVtpRRIvOKHOdOIqSdSSwmseDaHPyfuqgN3wZnmnfL5Gmp-FCTKcWk_ubCmgcohS7J4rTYu_FSVOQBRjnfrNuzfTp73BE4uw4jY2vGfdCJIPPtDDMbzFDs5s4VwAeFpTCF80MvKTqjDCKJxZK1w4udH-cAK1XbheUr4kBvlj2kEum2AQKlfued0QB43C5lk0mOK5mYhYrZo65SIT8alLlzxKHn4QMtmVYxmALARGt5qs807rHF4orpfUop0w41Mv_LTT7NYCw_iAjxnPA5VJWWsAtzywmHJSREsw-JnxbG0XsPRa0yzoNNn4B9cj_-wPL9xzNjolMpwCkTKr4voUR2qayOCtwQMIc1G-Ay--FWBqfje0lYXR5xlAqyC_P61_0Ed3tQwh28qsJXLizWB1jcF3pe8yE6ZwNH7Vy4zgMyQIc5beTg0oDHsbaez7Yj09ceqsRdaT_aCD3m0VFeeEbESvTgV77g9lCioweRZ3z7qWmd06vbgE-caOL09iF9n-2io1MaLgym3YO6ZXAMkRXSf-onv4w4e1B8Wo3N7vvi2g_RfDf1fmY8EfR-u4kbGmXKWjL11KXbo7E0IASXdbjph3pxXw-SvdfCD80rrNPh4tlug8b0Vn3coUuwemsia8bWHktG9i2CcInqpU_cX7kp-BC4Ch3xfmzq-RoAZS7jOJBLjg7RndxFsutb5ofHqq12Om9BnE42LB9JOU1q\"]}}','{\"OperationId\":0,\"LoyaltyTransaction\":null,\"Confirmed\":null,\"Processed\":null,\"Canceled\":null,\"CustomerKey\":\"00000000-0000-0000-0000-000000000000\",\"CustomerCode\":null,\"BonusAmount\":null,\"DiscountAmount\":0,\"MoneyInfo\":null,\"CustomerInfo\":null,\"PaymentId\":284678,\"Status\":1,\"Registered\":\"2018-12-27T09:24:06.533\",\"Amount\":75500,\"Commission\":0,\"Invoice\":2491545895446,\"MerchantCode\":\"454780\",\"LinkUrlSuccess\":null,\"LinkUrlCancel\":null,\"Signature\":\"77bec0729d5eb9c64008822b64c48f5d\",\"Customer\":{\"Code\":\"42\",\"Name\":null,\"Address\":\"Elena Metlinski, invoice address is empty, MD-0000 Chisinau, Moldova, 14156098269\"},\"Payer\":null,\"Currency\":498,\"ExternalDate\":\"2018-12-27T09:24:06.533\",\"ExpiryDate\":\"2018-12-27T09:54:06\",\"Services\":[{\"Name\":\"Card of products\",\"Description\":\"Cart of products\",\"Amount\":75500,\"Products\":[{\"GroupName\":null,\"QualitiesConcat\":null,\"LineNo\":1,\"GroupId\":null,\"Code\":\"undefinedServiceCode1\",\"Barcode\":null,\"Name\":\"Order payment for Cadouri.md\",\"Description\":\"Online payment\",\"UnitPrice\":null,\"UnitProduct\":null,\"Quantity\":null,\"Amount\":75500,\"Dimensions\":null,\"Qualities\":null,\"TotalAmount\":75500}]}]}','2018-12-27 09:24:06','2018-12-27 09:24:06'),
	(57,4,'Warning HASH is not correct!','PAID','','{\"Eventid\":221155,\"EventType\":\"PAID\",\"EventDate\":\"2018-12-27T09:25:01.807\",\"Payment\":{\"Id\":284678,\"ExternalId\":2491545895446,\"SaleAreaCode\":null,\"Customer\":null,\"StatusDate\":\"2018-12-27T09:25:01.687\",\"Amount\":75500,\"Merchant\":\"cadourimd\"}}','2018-12-27 09:25:03','2018-12-27 09:25:03'),
	(58,0,'Init: Sent request for order request','Sent order to PayNet : 252','{\"url:\":\"https:\\/\\/paynet.md:4446\\/api\\/Payments\",\"param:\":{\"products\":{\"Invoice\":\"2521546057114\",\"Customer\":{\"Code\":43,\"Name\":\"Constantinos Agathokleous\",\"Address\":\"Constantinos Agathokleous, invoice address is empty, MD-0000 Chisinau, Moldova, 99642633\"},\"Currency\":498,\"ExpiryDate\":\"2018-12-29T06:48:34\",\"Services\":[{\"Name\":\"Order payment for Cadouri.md\",\"Description\":\"Online payment\",\"Products\":[{\"LineNo\":1,\"Code\":252,\"Name\":\"Payment from my shop\",\"Description\":\"Payment id order: 252\",\"Quantity\":1,\"UnitPrice\":214000}],\"Amount\":214000}],\"MerchantCode\":\"454780\"},\"header\":[\"Content-length: 773\",\"Authorization: bearer OOM3pe9ds9_jveTTjl01mEFjL32ran_kdN732qUbtEJHarnPUfpso2Uj70FZrP5d9zaAA9nEhXhLVnvwadQcAKuVoJ1AHxxdZOAT2MOebb3k9NSoabXW5BZfO6JD40ymnBnB2RakeMcgemlZkNA0FS8-LHWFse5DWEHrCunQ2T6fVRvmuY6fB0wxXPHcmDgKv61aqHHG_9JjxqXamJ40uLBGox3mHvOfHwhkomPwRuVBIVV25AVDPvwXKtYMSNjrUQP5MKsAGEU5eLlUqsu3cZxxgUyJxi_LD8ilSjMaJqhT6qCLlU6bN50j1L0jWHpgjfcgRlNS05VJejzqeVdTyLY1dR22BWDU0KJmoudUlGfbDj4vdg5xMMh5TxQblZaEvH0Fb7xb7jLE6V4eXbEIOXcCsPzyoJKPy-EGaTgeU6GfGWppmcYqKDlCE3QJqOdS0jSYGEm4vtN6XrdWTEmAvZxMnfDw0gUtKVhHYo2Zpwe0IaiHFFXceuPMOUYOcpFn4NeDdBuGwxMjB1799_ACwifLInEKh-nS1dpPPOXQZErWlMl_poSHPaHeykpq7xSn-mRMlDaIZ5DNpGysYw8mhLU0UxkKfjYxk7FIhivpLLZIljYLu2ip7El2fds_JRkUnaU3qhaLcpJGr1fhQIDADljadxH5jfF1xjGTjRONeHVfhkyvIbQywF6dJSwX22NcIoNuA6uSxqozlLGsIfejIpfQEVwFA9soOEA244u5a6dsDsQeryL9j3DAVVKwaXOs\"]}}','{\"OperationId\":0,\"LoyaltyTransaction\":null,\"Confirmed\":null,\"Processed\":null,\"Canceled\":null,\"CustomerKey\":\"00000000-0000-0000-0000-000000000000\",\"CustomerCode\":null,\"BonusAmount\":null,\"DiscountAmount\":0,\"MoneyInfo\":null,\"CustomerInfo\":null,\"PaymentId\":287497,\"Status\":1,\"Registered\":\"2018-12-29T06:18:35.29\",\"Amount\":214000,\"Commission\":0,\"Invoice\":2521546057114,\"MerchantCode\":\"454780\",\"LinkUrlSuccess\":null,\"LinkUrlCancel\":null,\"Signature\":\"c6854c49e1b30a7752497d1d541372c3\",\"Customer\":{\"Code\":\"43\",\"Name\":null,\"Address\":\"Constantinos Agathokleous, invoice address is empty, MD-0000 Chisinau, Moldova, 99642633\"},\"Payer\":null,\"Currency\":498,\"ExternalDate\":\"2018-12-29T06:18:35.29\",\"ExpiryDate\":\"2018-12-29T06:48:34\",\"Services\":[{\"Name\":\"Card of products\",\"Description\":\"Cart of products\",\"Amount\":214000,\"Products\":[{\"GroupName\":null,\"QualitiesConcat\":null,\"LineNo\":1,\"GroupId\":null,\"Code\":\"undefinedServiceCode1\",\"Barcode\":null,\"Name\":\"Order payment for Cadouri.md\",\"Description\":\"Online payment\",\"UnitPrice\":null,\"UnitProduct\":null,\"Quantity\":null,\"Amount\":214000,\"Dimensions\":null,\"Qualities\":null,\"TotalAmount\":214000}]}]}','2018-12-29 06:18:35','2018-12-29 06:18:35'),
	(59,4,'Warning HASH is not correct!','PAID','','{\"Eventid\":222463,\"EventType\":\"PAID\",\"EventDate\":\"2018-12-29T06:21:12.58\",\"Payment\":{\"Id\":287497,\"ExternalId\":2521546057114,\"SaleAreaCode\":null,\"Customer\":null,\"StatusDate\":\"2018-12-29T06:21:12.417\",\"Amount\":214000,\"Merchant\":\"cadourimd\"}}','2018-12-29 06:21:14','2018-12-29 06:21:14'),
	(60,0,'Init: Sent request for order request','Sent order to PayNet : 253','{\"url:\":\"https:\\/\\/paynet.md:4446\\/api\\/Payments\",\"param:\":{\"products\":{\"Invoice\":\"2531546078679\",\"Customer\":{\"Code\":44,\"Name\":\"Name Surname\",\"Address\":\"First name Last name, invoice address is empty, MD-0000 Chisinau, \\u041c\\u043e\\u043b\\u0434\\u043e\\u0432\\u0430, 79647587\"},\"Currency\":498,\"ExpiryDate\":\"2018-12-29T12:47:59\",\"Services\":[{\"Name\":\"Order payment for Cadouri.md\",\"Description\":\"Online payment\",\"Products\":[{\"LineNo\":1,\"Code\":253,\"Name\":\"Payment from my shop\",\"Description\":\"Payment id order: 253\",\"Quantity\":1,\"UnitPrice\":35000}],\"Amount\":35000}],\"MerchantCode\":\"454780\"},\"header\":[\"Content-length: 788\",\"Authorization: bearer KJ-e9gN46cEvZQ1hFozphy9e-gPYHDmJGbFtVGkPeDdc-wRXRJ8qW5QJn_PQenley7NhGMrXGhZwfYDAk98uDbbRgiYt1ITx6BNB97kEfqpC6UQ4zmIP9B5aCtrSkoSsxeWIGjMbaVk5wE6GaHTNERMo282F-Vf_RKT88rPq_pNXfBohk_arJaltNBg4HfP0svk_YQ6k0sVdR6ZeKq2bcqJ0uYTfjeEgWglmiol9b81nZq-KlnDBXyBykeLab3pPPwC0TeeSu0Fut5FUEBdOMHAj78kT9NjmaOQ3EF1jv7Muskagfcyu8aOyI9muuYT0N_kGGg3U5Volll3rcquWYHo8U5s4WnsL-cR2Ff6BWqjmPXEXzzzhFksiMcqY4tHzzDl8c9B2vKUlx2Sx_kpWdcpzmFxZrAE6LjtzqOXLb1ew1U4UVgxM_rXWkbEDDjR_F0dkeB8erDfb8D8h0_LF7xTF9HlYn8RuosFVKLEeJY-KdnDkW_K5-QxteL1jCLfv8UjUtLggQCR_YmwnAcx72ZijgCPnbCwJj-s5udC9vygLQ8RPSXoleoqHu280BramhQJvyIFr1uZVBEeFKXJBmbxgveSSZ_3qgt558Id7AZFXLGRb6A8KByz775-V2eBw-z0hSKu7HPB2eD3BUPMt34Vc9WnnYJcmMphVA7g0FryqIa-mcWJk6Zk7dv942XdEW4SNTPSytboVDoVkDqTseoEkXIOH8lm2mncQ5NTMgSn8dei8dOMvNsJh3S15m5Ic\"]}}','{\"OperationId\":0,\"LoyaltyTransaction\":null,\"Confirmed\":null,\"Processed\":null,\"Canceled\":null,\"CustomerKey\":\"00000000-0000-0000-0000-000000000000\",\"CustomerCode\":null,\"BonusAmount\":null,\"DiscountAmount\":0,\"MoneyInfo\":null,\"CustomerInfo\":null,\"PaymentId\":287776,\"Status\":1,\"Registered\":\"2018-12-29T12:18:00.09\",\"Amount\":35000,\"Commission\":0,\"Invoice\":2531546078679,\"MerchantCode\":\"454780\",\"LinkUrlSuccess\":null,\"LinkUrlCancel\":null,\"Signature\":\"1a2a459d61686714ade42b51aa9054fe\",\"Customer\":{\"Code\":\"44\",\"Name\":null,\"Address\":\"First name Last name, invoice address is empty, MD-0000 Chisinau, Молдова, 79647587\"},\"Payer\":null,\"Currency\":498,\"ExternalDate\":\"2018-12-29T12:18:00.09\",\"ExpiryDate\":\"2018-12-29T12:47:59\",\"Services\":[{\"Name\":\"Card of products\",\"Description\":\"Cart of products\",\"Amount\":35000,\"Products\":[{\"GroupName\":null,\"QualitiesConcat\":null,\"LineNo\":1,\"GroupId\":null,\"Code\":\"undefinedServiceCode1\",\"Barcode\":null,\"Name\":\"Order payment for Cadouri.md\",\"Description\":\"Online payment\",\"UnitPrice\":null,\"UnitProduct\":null,\"Quantity\":null,\"Amount\":35000,\"Dimensions\":null,\"Qualities\":null,\"TotalAmount\":35000}]}]}','2018-12-29 12:18:00','2018-12-29 12:18:00'),
	(61,0,'Init: Sent request for order request','Sent order to PayNet : 253','{\"url:\":\"https:\\/\\/paynet.md:4446\\/api\\/Payments\",\"param:\":{\"products\":{\"Invoice\":\"2531546078891\",\"Customer\":{\"Code\":44,\"Name\":\"Name Surname\",\"Address\":\"First name Last name, invoice address is empty, MD-0000 Chisinau, \\u041c\\u043e\\u043b\\u0434\\u043e\\u0432\\u0430, 79647587\"},\"Currency\":498,\"ExpiryDate\":\"2018-12-29T12:51:31\",\"Services\":[{\"Name\":\"Order payment for Cadouri.md\",\"Description\":\"Online payment\",\"Products\":[{\"LineNo\":1,\"Code\":253,\"Name\":\"Payment from my shop\",\"Description\":\"Payment id order: 253\",\"Quantity\":1,\"UnitPrice\":35000}],\"Amount\":35000}],\"MerchantCode\":\"454780\"},\"header\":[\"Content-length: 788\",\"Authorization: bearer TxmXCKv_X2kReW7MKyUE3ZlZppr1DDJbYEv9kQwu_0sA32OFQi-w5mmgBIoN6U4KootjRM-6Uo0ltNcRAPhis3LugK-F9Hl0gvJAJ7ACgdCelnIRDkia5W4Da-9EgcYp8h5mrFZ7tilurmrrDDRHJ5Yj1HAccKLabCwEwZW1BvgttLNhhJ8AGHF7USY11e_ewaFIemqLT4hrA5dNl3C_TTDMwH5P3-girgcXEPHN089hD_ArRh-uJpwjp1zhOlzXv7cPO_Mq055O6AtKIr7JWc7b2ELWv8tOiWKnwXpJ1NyagH4Nsv31Oy_toQpqw_-pxra9_Kss84BfIBTfnj3xTsjlzTKhQ2Bvnyf6DENIz9ICUQwFk0Yvs0x24W5AuMwvp0IibNXWExiB8bHYbqJv2uxUj6Wsj8knxzdp4bq6tSNJg-NCXWry2y6HxD3jFk0Z7JtFt7Zw0_nd5druZ6vsPL4PKfLV1eV6puhmiV97sS7kUvR0O6wGVl9OOmYngfxh6XnC4CGBqDr8lpU2OmpTC17XsKWhoPH0ItNJ1uzrTTtjqG7fV7-AV-tjfh7PMLvFo4IOOtb2oH77HoZJ6pJs1QyUpYjS_ACd0Af-7Vny-7KrV-GJE3h7QoWhUXgfqoX5yoBRkBWrXnRsjxrJWa2hegOjmvDdtJAAw45h-oSbsUvKgz8ue2RYQUagh41iXisYVefhfwB_FhI7_O_nOiZe0GnaNquFMlx-92QNzi0w7Uy2kgYUPXa3xcC0qDA_V56z\"]}}','{\"OperationId\":0,\"LoyaltyTransaction\":null,\"Confirmed\":null,\"Processed\":null,\"Canceled\":null,\"CustomerKey\":\"00000000-0000-0000-0000-000000000000\",\"CustomerCode\":null,\"BonusAmount\":null,\"DiscountAmount\":0,\"MoneyInfo\":null,\"CustomerInfo\":null,\"PaymentId\":287782,\"Status\":1,\"Registered\":\"2018-12-29T12:21:31.23\",\"Amount\":35000,\"Commission\":0,\"Invoice\":2531546078891,\"MerchantCode\":\"454780\",\"LinkUrlSuccess\":null,\"LinkUrlCancel\":null,\"Signature\":\"c008a2ac35a5ff190ab670cf0cfe3c44\",\"Customer\":{\"Code\":\"44\",\"Name\":null,\"Address\":\"First name Last name, invoice address is empty, MD-0000 Chisinau, Молдова, 79647587\"},\"Payer\":null,\"Currency\":498,\"ExternalDate\":\"2018-12-29T12:21:31.23\",\"ExpiryDate\":\"2018-12-29T12:51:31\",\"Services\":[{\"Name\":\"Card of products\",\"Description\":\"Cart of products\",\"Amount\":35000,\"Products\":[{\"GroupName\":null,\"QualitiesConcat\":null,\"LineNo\":1,\"GroupId\":null,\"Code\":\"undefinedServiceCode1\",\"Barcode\":null,\"Name\":\"Order payment for Cadouri.md\",\"Description\":\"Online payment\",\"UnitPrice\":null,\"UnitProduct\":null,\"Quantity\":null,\"Amount\":35000,\"Dimensions\":null,\"Qualities\":null,\"TotalAmount\":35000}]}]}','2018-12-29 12:21:31','2018-12-29 12:21:31'),
	(62,0,'Init: Sent request for order request','Sent order to PayNet : 258','{\"url:\":\"https:\\/\\/paynet.md:4446\\/api\\/Payments\",\"param:\":{\"products\":{\"Invoice\":\"2581546247718\",\"Customer\":{\"Code\":45,\"Name\":\"Deliana Maria\",\"Address\":\"Deliana Maria, invoice address is empty, MD-0000 Chisinau, Moldova, 069072067\"},\"Currency\":498,\"ExpiryDate\":\"2018-12-31T11:45:18\",\"Services\":[{\"Name\":\"Order payment for Cadouri.md\",\"Description\":\"Online payment\",\"Products\":[{\"LineNo\":1,\"Code\":258,\"Name\":\"Payment from my shop\",\"Description\":\"Payment id order: 258\",\"Quantity\":1,\"UnitPrice\":103500}],\"Amount\":103500}],\"MerchantCode\":\"454780\"},\"header\":[\"Content-length: 750\",\"Authorization: bearer d9tZcYc6PiESLozDg0bbme_QrJBvICBvvhZUSTUTKAOWGrTFGFT_94EwzYtTFHo8oTErllUyV1nc0f3cThnS9L6yRTzJ0J6hQJWSwo2EzyybCpffY9LN5nXYJ_Y6em9jp7f43I5vH1xiEoBcvEWM52LU5RelZsT-NXsV091ST0bd31hHEGYg8q3h_BLZ_D84zG8QvpRyWO4uvdY44PaVtZrG2a_tX8ZjQKE31rXnwf7tE9tc5NRMGDUe9YLMB_UD9hxRql_fyNSTODneUYxWQg0EBAUt8-BV7XPFpm03kl6yl-J_eApv_d8PAxYpnBjBplxNavyivCTAvb-ask6xhoTjvPyjASc_O1vuQX348HfHGgUezPPJ3Z6gLcEBOvnWqootTEfVlY8F6pQK8FY8HblEq53xwKXxK6I8yr8f4BmKbKtPym1fjIO9mygZKsrCVcikXjAGs9ztDkQR4bcib2ip10ZR2uSm7wQkR_pGHxd7ISwS8vJFGXWcQUjnMXxdTfZ-WXB-ZpAq9Cjy4UGChPpxAmn8MAS9Ki3lp9XjBUroqv7CPms748G8EiibWiyVurDIodyKypkL09vvvxe7g4yTLvAq4ItLrPpkVhbTukt6bK_enT7Mm8pqJNIUPwLh7dg2FXpE9tGdgbgaGWIUb0Rec5dtk6hh3lsPcxVVrJ9nhB-DDoxTfRkOUpZR_n5AQLPtPrxK6COXIcRHhaPQtxo6wgFWzPakagQqFkukHvweu45QYEbQhRVKdwHH34a2\"]}}','{\"OperationId\":0,\"LoyaltyTransaction\":null,\"Confirmed\":null,\"Processed\":null,\"Canceled\":null,\"CustomerKey\":\"00000000-0000-0000-0000-000000000000\",\"CustomerCode\":null,\"BonusAmount\":null,\"DiscountAmount\":0,\"MoneyInfo\":null,\"CustomerInfo\":null,\"PaymentId\":289571,\"Status\":1,\"Registered\":\"2018-12-31T11:15:19.033\",\"Amount\":103500,\"Commission\":0,\"Invoice\":2581546247718,\"MerchantCode\":\"454780\",\"LinkUrlSuccess\":null,\"LinkUrlCancel\":null,\"Signature\":\"44d62f716b7c8dae3b9d4e28fcab075d\",\"Customer\":{\"Code\":\"45\",\"Name\":null,\"Address\":\"Deliana Maria, invoice address is empty, MD-0000 Chisinau, Moldova, 069072067\"},\"Payer\":null,\"Currency\":498,\"ExternalDate\":\"2018-12-31T11:15:19.033\",\"ExpiryDate\":\"2018-12-31T11:45:18\",\"Services\":[{\"Name\":\"Card of products\",\"Description\":\"Cart of products\",\"Amount\":103500,\"Products\":[{\"GroupName\":null,\"QualitiesConcat\":null,\"LineNo\":1,\"GroupId\":null,\"Code\":\"undefinedServiceCode1\",\"Barcode\":null,\"Name\":\"Order payment for Cadouri.md\",\"Description\":\"Online payment\",\"UnitPrice\":null,\"UnitProduct\":null,\"Quantity\":null,\"Amount\":103500,\"Dimensions\":null,\"Qualities\":null,\"TotalAmount\":103500}]}]}','2018-12-31 11:15:19','2018-12-31 11:15:19'),
	(63,4,'Warning HASH is not correct!','PAID','','{\"Eventid\":223426,\"EventType\":\"PAID\",\"EventDate\":\"2018-12-31T11:18:18.84\",\"Payment\":{\"Id\":289571,\"ExternalId\":2581546247718,\"SaleAreaCode\":null,\"Customer\":null,\"StatusDate\":\"2018-12-31T11:18:18.71\",\"Amount\":103500,\"Merchant\":\"cadourimd\"}}','2018-12-31 11:18:21','2018-12-31 11:18:21'),
	(64,0,'Init: Sent request for order request','Sent order to PayNet : 84','{\"url:\":\"https:\\/\\/paynet.md:4446\\/api\\/Payments\",\"param:\":{\"products\":{\"Invoice\":\"841546345210\",\"Customer\":{\"Code\":46,\"Name\":\"Name Surname\",\"Address\":\"First name Last name, invoice address is empty, MD-0000 Chisinau, Republica Moldova, 079900914\"},\"Currency\":498,\"ExpiryDate\":\"2019-01-01T14:50:10\",\"Services\":[{\"Name\":\"Order payment for Cadouri.md\",\"Description\":\"Online payment\",\"Products\":[{\"LineNo\":1,\"Code\":84,\"Name\":\"Payment from my shop\",\"Description\":\"Payment id order: 84\",\"Quantity\":1,\"UnitPrice\":97500}],\"Amount\":97500}],\"MerchantCode\":\"454780\"},\"header\":[\"Content-length: 761\",\"Authorization: bearer NxI7m0w7pExi04z-0U85ZtqvkXW1SjeDFneoeMQE01W2npoTynwzf3UriVmyf6APgQmqQi4uvJujjeiQlCIa9pY5zEtVACDl8NX5CIvXDwzEKvFOKQWcAKyPXdK1JEG4Z6X7Cg9iu3tqEvhLwVVaXKSHTpZgwJmVcKRK3VnM-piw1NnOvMrxQUIkUJ0CocMHN_yIVmyuQCNUISvfu4aaE2Dih5IcwPo2-HjPE4e-nevARmzek23K1WB04J_krDhWIBhiJpQaLZrvw4KbR1s9Ovr8XV0YURKsKEGJHMMQA2vb9EC3R1RUrMSS-1Xiwn5a1zBj9g_YH_sRpr8C9xJz2sN_RCvqiK7NTTZIy5H8dK22ynhmvfnqqwPiZUzSk0arH8NdJ_nilZQKOi-Hzn3Ac4gPP384VndRewLIrTEQR9lWTLlgqwtGtkgxbhIqM8uBOifEYrLvrTikczPW4AeHqD-n8wlzrTkLtcdd5zk4CseFuPramADmrbTGeogHl645Ao8_droW72iTuy9nHpzZ5zHWOv45uCrVbsuAQPTwTH_HyJYIsuRojrgO053BkT3okcFXPHetFp3uHHbuLiQl9tLzijfqq2xHvlIHU7nqMYJji0xygR9j5wDvSydwHEdUTDR9ep3VbwJv45j2hcMs8qQkjEXhlOnW4IsMCxO48Jl1GBEDt1f7IowfULmNttI7w1Q9Q5MxrOQAEwLl01ecntchKR8yk1BcSsJM_IcOQp6grvtnzZGlcZP5Yg-n3Gcw\"]}}','{\"OperationId\":0,\"LoyaltyTransaction\":null,\"Confirmed\":null,\"Processed\":null,\"Canceled\":null,\"CustomerKey\":\"00000000-0000-0000-0000-000000000000\",\"CustomerCode\":null,\"BonusAmount\":null,\"DiscountAmount\":0,\"MoneyInfo\":null,\"CustomerInfo\":null,\"PaymentId\":290273,\"Status\":1,\"Registered\":\"2019-01-01T14:20:10.55\",\"Amount\":97500,\"Commission\":0,\"Invoice\":841546345210,\"MerchantCode\":\"454780\",\"LinkUrlSuccess\":null,\"LinkUrlCancel\":null,\"Signature\":\"4c01710c7bc7cadd6d2972ec34882b1e\",\"Customer\":{\"Code\":\"46\",\"Name\":null,\"Address\":\"First name Last name, invoice address is empty, MD-0000 Chisinau, Republica Moldova, 079900914\"},\"Payer\":null,\"Currency\":498,\"ExternalDate\":\"2019-01-01T14:20:10.547\",\"ExpiryDate\":\"2019-01-01T14:50:10\",\"Services\":[{\"Name\":\"Card of products\",\"Description\":\"Cart of products\",\"Amount\":97500,\"Products\":[{\"GroupName\":null,\"QualitiesConcat\":null,\"LineNo\":1,\"GroupId\":null,\"Code\":\"undefinedServiceCode1\",\"Barcode\":null,\"Name\":\"Order payment for Cadouri.md\",\"Description\":\"Online payment\",\"UnitPrice\":null,\"UnitProduct\":null,\"Quantity\":null,\"Amount\":97500,\"Dimensions\":null,\"Qualities\":null,\"TotalAmount\":97500}]}]}','2019-01-01 14:20:10','2019-01-01 14:20:10'),
	(65,0,'Init: Sent request for order request','Sent order to PayNet : 260','{\"url:\":\"https:\\/\\/paynet.md:4446\\/api\\/Payments\",\"param:\":{\"products\":{\"Invoice\":\"2601546420221\",\"Customer\":{\"Code\":47,\"Name\":\"\\u041e\\u043e\\u043e\\u043e Surname\",\"Address\":\"\\u041e\\u043e\\u043e\\u043e Last name, invoice address is empty, MD-0000 Chisinau, \\u041c\\u043e\\u043b\\u0434\\u043e\\u0432\\u0430, 66677778\"},\"Currency\":498,\"ExpiryDate\":\"2019-01-02T11:40:21\",\"Services\":[{\"Name\":\"Order payment for Cadouri.md\",\"Description\":\"Online payment\",\"Products\":[{\"LineNo\":1,\"Code\":260,\"Name\":\"Payment from my shop\",\"Description\":\"Payment id order: 260\",\"Quantity\":1,\"UnitPrice\":206500}],\"Amount\":206500}],\"MerchantCode\":\"454780\"},\"header\":[\"Content-length: 824\",\"Authorization: bearer v2LKfWcHkylaQcsT0OQkNBCBcj_GVn0cP78Z5TBfdgcp8db13Bt6zB_kXFuC6QpdNRif8eKPqaPjknm1B4CzY7fav0IAbw10SPc2VsnODTSbT4bc00d5esgkilTdzef-PQVopQYZ0bLFSujdUTNCZ8f75gCckmfLZiZ8cg7vPcCQRM4E-q_E_0IJ7J14kslvVaIPmaBC1QWdYSqFDQr1acPLt_tcPz-Vr5ztOhAvMKSFyZ1DtCGtImUtoO2cRTNev2L4pRc-eGGoUziiqKsitprXJWGqm08066yCy-bczSQo_pwQyj40viSYbgykSGXnEJD8ThfTPp5YkJMqg9u77cbFV4oGT7Yo8LQcI-EbXdvCUg2oVxj3iAG91yeg7SwTbfiJj8aV3ipKzGXSnRbKQ36x5EUaSJWAKgF5ejzuN83E2n2iFNo049Vx5gBRf4BgPbYM8lJfYtVzTvo1Z_pSmdrLv39XHK3kNlPBdcuZr1-TqG6c2yfj857ZIjGQaDJ_MoBOnIilo1udhjjQnzjsgQhchlYt49sWinxZb5laTu9ad_3drMUQ6u5PyGukJF3yamszqcWOo9HjfKd3lOo1AO7pfNmEFtTmUbH_TeAzTCZQIKmyOenBX52veT-WNXn9XWi8-7NPaY95Lm4iIaRNGtIi54cSBXOd1GjshsDOyLg6Du1_rb4BUgpQjpCsWBvR-RrUeiI7FKI1LgE-lezxX62lGSTtDJLz22g_XcdpjjxifmbAlYDDlvVrlNHvPctW\"]}}','{\"OperationId\":0,\"LoyaltyTransaction\":null,\"Confirmed\":null,\"Processed\":null,\"Canceled\":null,\"CustomerKey\":\"00000000-0000-0000-0000-000000000000\",\"CustomerCode\":null,\"BonusAmount\":null,\"DiscountAmount\":0,\"MoneyInfo\":null,\"CustomerInfo\":null,\"PaymentId\":290578,\"Status\":1,\"Registered\":\"2019-01-02T11:10:22.257\",\"Amount\":206500,\"Commission\":0,\"Invoice\":2601546420221,\"MerchantCode\":\"454780\",\"LinkUrlSuccess\":null,\"LinkUrlCancel\":null,\"Signature\":\"f579a79de61a4c9696f6c6472e9e4347\",\"Customer\":{\"Code\":\"47\",\"Name\":null,\"Address\":\"Оооо Last name, invoice address is empty, MD-0000 Chisinau, Молдова, 66677778\"},\"Payer\":null,\"Currency\":498,\"ExternalDate\":\"2019-01-02T11:10:22.257\",\"ExpiryDate\":\"2019-01-02T11:40:21\",\"Services\":[{\"Name\":\"Card of products\",\"Description\":\"Cart of products\",\"Amount\":206500,\"Products\":[{\"GroupName\":null,\"QualitiesConcat\":null,\"LineNo\":1,\"GroupId\":null,\"Code\":\"undefinedServiceCode1\",\"Barcode\":null,\"Name\":\"Order payment for Cadouri.md\",\"Description\":\"Online payment\",\"UnitPrice\":null,\"UnitProduct\":null,\"Quantity\":null,\"Amount\":206500,\"Dimensions\":null,\"Qualities\":null,\"TotalAmount\":206500}]}]}','2019-01-02 11:10:22','2019-01-02 11:10:22'),
	(66,0,'Init: Sent request for order request','Sent order to PayNet : 251','{\"url:\":\"https:\\/\\/paynet.md:4446\\/api\\/Payments\",\"param:\":{\"products\":{\"Invoice\":\"2511546503155\",\"Customer\":{\"Code\":48,\"Name\":\"\\u0421\\u0442\\u0430\\u043d\\u0438\\u0441\\u043b\\u0430\\u0432 \\u0416\\u0438\\u0433\\u0430\\u043b\\u044c\\u0446\\u0435\\u0432\",\"Address\":\"\\u0421\\u0442\\u0430\\u043d\\u0438\\u0441\\u043b\\u0430\\u0432 \\u0416\\u0438\\u0433\\u0430\\u043b\\u044c\\u0446\\u0435\\u0432, invoice address is empty, MD-0000 Chisinau, \\u041c\\u043e\\u043b\\u0434\\u043e\\u0432\\u0430, +380664775097\"},\"Currency\":498,\"ExpiryDate\":\"2019-01-03T10:42:35\",\"Services\":[{\"Name\":\"Order payment for Cadouri.md\",\"Description\":\"Online payment\",\"Products\":[{\"LineNo\":1,\"Code\":251,\"Name\":\"Payment from my shop\",\"Description\":\"Payment id order: 251\",\"Quantity\":1,\"UnitPrice\":70000}],\"Amount\":70000}],\"MerchantCode\":\"454780\"},\"header\":[\"Content-length: 981\",\"Authorization: bearer 92wdwXToVrbzJDOOcO1zmF3tDrjLKe-6OZfaxWky7ln6HE_dyinIqksu1exrIptZYFnTmZVYkTxHUm9GnPJi2Am0S7nf4VQB37jnzUciWujQauRDCYrSMwNdTo8CT1qYrFPTyNpobkBfjw3e-Nn_Eq3L3xWqjAGAhpmtnq5QJ-duv0uSOeZKp__tEka3rG1FzvEqMrrSWPWo5IFDcOgO6aWLXvDBVgehz-5CKfT9cmEz9rrm-8zWERF6CGfia_PfmTbTl0hlTW2U_AxY5jAaWeO-yG3mCcrgGc_0ExVfnN4UizIGb3K-a1Mwlh9EgcjCakeG6p3bXaNoyU6IEvHzN6UYm-8j0dDBLcOssg0f-PDNBb6dpWVHUx3fJPwy9ehMBTxPQ_MySAayBFSBbWZ_fxl0H6Gh8PBu0ClZL1WtpeoA9w7TbpjeG9-T_Wa4fxv_xeoCNLvha8sS7reu1i-Ctn-ROPEEgTMD5gi7fhYusEZRI68hhf0Nvb7xLMVJDgd9Jf0xfAKrJtu5JLvgRUBJ3fJ2T1ucFSgRhenijcNA15TJqZ1vutPB6RukzmaT4f51QBhMQx0hnGhHnl2t_E9TLrUzr2SQy0RUw23L0pVzjkk_vfnRBL7XcnhZsPycTp_FGJy2ZKykUgLbdIDbeguGbFr5IPqFURApUyDUF9Y41uWTOpVz2e7ip_Hd2EVPMgQdCc8YvosgVw6hXCmn-yUVzMrNw1X0EgulT4NxOv3S1Zq21km5bTOWqHrX0T_486IU\"]}}','{\"OperationId\":0,\"LoyaltyTransaction\":null,\"Confirmed\":null,\"Processed\":null,\"Canceled\":null,\"CustomerKey\":\"00000000-0000-0000-0000-000000000000\",\"CustomerCode\":null,\"BonusAmount\":null,\"DiscountAmount\":0,\"MoneyInfo\":null,\"CustomerInfo\":null,\"PaymentId\":291262,\"Status\":1,\"Registered\":\"2019-01-03T10:12:36.18\",\"Amount\":70000,\"Commission\":0,\"Invoice\":2511546503155,\"MerchantCode\":\"454780\",\"LinkUrlSuccess\":null,\"LinkUrlCancel\":null,\"Signature\":\"56474417ca03b52d466e20057b386965\",\"Customer\":{\"Code\":\"48\",\"Name\":null,\"Address\":\"Станислав Жигальцев, invoice address is empty, MD-0000 Chisinau, Молдова, +380664775097\"},\"Payer\":null,\"Currency\":498,\"ExternalDate\":\"2019-01-03T10:12:36.18\",\"ExpiryDate\":\"2019-01-03T10:42:35\",\"Services\":[{\"Name\":\"Card of products\",\"Description\":\"Cart of products\",\"Amount\":70000,\"Products\":[{\"GroupName\":null,\"QualitiesConcat\":null,\"LineNo\":1,\"GroupId\":null,\"Code\":\"undefinedServiceCode1\",\"Barcode\":null,\"Name\":\"Order payment for Cadouri.md\",\"Description\":\"Online payment\",\"UnitPrice\":null,\"UnitProduct\":null,\"Quantity\":null,\"Amount\":70000,\"Dimensions\":null,\"Qualities\":null,\"TotalAmount\":70000}]}]}','2019-01-03 10:12:36','2019-01-03 10:12:36'),
	(67,4,'Warning HASH is not correct!','PAID','','{\"Eventid\":224195,\"EventType\":\"PAID\",\"EventDate\":\"2019-01-03T10:19:09.147\",\"Payment\":{\"Id\":291262,\"ExternalId\":2511546503155,\"SaleAreaCode\":null,\"Customer\":null,\"StatusDate\":\"2019-01-03T10:19:09.027\",\"Amount\":70000,\"Merchant\":\"cadourimd\"}}','2019-01-03 10:19:09','2019-01-03 10:19:09'),
	(68,0,'Init: Sent request for order request','Sent order to PayNet : 266','{\"url:\":\"https:\\/\\/paynet.md:4446\\/api\\/Payments\",\"param:\":{\"products\":{\"Invoice\":\"2661546545983\",\"Customer\":{\"Code\":49,\"Name\":\"Guzun Viorica\",\"Address\":\"Guzun Viorica, invoice address is empty, MD-0000 Chisinau, Republica Moldova, 069442389\"},\"Currency\":498,\"ExpiryDate\":\"2019-01-03T22:36:23\",\"Services\":[{\"Name\":\"Order payment for Cadouri.md\",\"Description\":\"Online payment\",\"Products\":[{\"LineNo\":1,\"Code\":266,\"Name\":\"Payment from my shop\",\"Description\":\"Payment id order: 266\",\"Quantity\":1,\"UnitPrice\":90000}],\"Amount\":90000}],\"MerchantCode\":\"454780\"},\"header\":[\"Content-length: 758\",\"Authorization: bearer Jj0I0U6MNbovQxv-80E1tj1QgJie7BtkxQxjY6lPIpox5mN4PlF7QUdmeNSd4ffx7b20ChTVmLbiiv4YMiBxQZmDsWsjYe0pdqnbqlk7CFi0KeDDUt8L2F_X-vl4XgGdtpxE-3IQpt8sVeDvxRfVFKfPlGPn2m1l5wl_Oz9rcy_vm1kdO90SOY0IRGemn7iE-aeHyoiArObBefcT9HyX0Blh0vgHv9kUPuARk68I-5WyR2nMJQB4I-u4rtIbJBuhpLyA3Ve82I2ItfKJ7Y81FkpXJSggiQGkbRsDxXMlepuwWetymGD6BqqhEi5aan1EFe_iH98h_gvg9_sSDfKn4pZpmN5IYmEi1XAZx1nbHH_F9oHM44m2hMhZHYgm3fyF6Iyoxs-9Djmrx0gbE5uA2_8zxI6EmMXymt9I5NoE8IgSB0qdrPv_7lVYMycv_kK4SzMG2sVJAYdi0LkTJhdhjVuq3Z_dMqyIOu6RhgJRqKo-rbiAeCAqHDU_gwM3-R2phOCMLiNU83A1Tef6aGwGU33MED-gAs0SI6iLSinK9vXF5jkDQltwhWSTAohmpC5CSpc5gNAFsIagM5kJaQQRDsX7vCv4t2LplWV9mTDwO9pFPdq28MNXVj9z6cJDgentUoc3Lf57qymT6gqfV-lEeTbEcaplhS427K9moavpKYvyNxM3h_ONQOsX8XtTLhIcHEr_cNpv-W-y0UB9Dhmxdg5Ubx_s4PhaASCjJcZ7MiAaSYMXPNIblDUEvT6Daosz\"]}}','{\"OperationId\":0,\"LoyaltyTransaction\":null,\"Confirmed\":null,\"Processed\":null,\"Canceled\":null,\"CustomerKey\":\"00000000-0000-0000-0000-000000000000\",\"CustomerCode\":null,\"BonusAmount\":null,\"DiscountAmount\":0,\"MoneyInfo\":null,\"CustomerInfo\":null,\"PaymentId\":291957,\"Status\":1,\"Registered\":\"2019-01-03T22:06:23.533\",\"Amount\":90000,\"Commission\":0,\"Invoice\":2661546545983,\"MerchantCode\":\"454780\",\"LinkUrlSuccess\":null,\"LinkUrlCancel\":null,\"Signature\":\"c5383dce221b6a56e7d3d7af8352cfe0\",\"Customer\":{\"Code\":\"49\",\"Name\":null,\"Address\":\"Guzun Viorica, invoice address is empty, MD-0000 Chisinau, Republica Moldova, 069442389\"},\"Payer\":null,\"Currency\":498,\"ExternalDate\":\"2019-01-03T22:06:23.533\",\"ExpiryDate\":\"2019-01-03T22:36:23\",\"Services\":[{\"Name\":\"Card of products\",\"Description\":\"Cart of products\",\"Amount\":90000,\"Products\":[{\"GroupName\":null,\"QualitiesConcat\":null,\"LineNo\":1,\"GroupId\":null,\"Code\":\"undefinedServiceCode1\",\"Barcode\":null,\"Name\":\"Order payment for Cadouri.md\",\"Description\":\"Online payment\",\"UnitPrice\":null,\"UnitProduct\":null,\"Quantity\":null,\"Amount\":90000,\"Dimensions\":null,\"Qualities\":null,\"TotalAmount\":90000}]}]}','2019-01-03 22:06:23','2019-01-03 22:06:23'),
	(69,0,'Init: Sent request for order request','Sent order to PayNet : 266','{\"url:\":\"https:\\/\\/paynet.md:4446\\/api\\/Payments\",\"param:\":{\"products\":{\"Invoice\":\"2661546546191\",\"Customer\":{\"Code\":49,\"Name\":\"Guzun Viorica\",\"Address\":\"Guzun Viorica, invoice address is empty, MD-0000 Chisinau, Republica Moldova, 069442389\"},\"Currency\":498,\"ExpiryDate\":\"2019-01-03T22:39:51\",\"Services\":[{\"Name\":\"Order payment for Cadouri.md\",\"Description\":\"Online payment\",\"Products\":[{\"LineNo\":1,\"Code\":266,\"Name\":\"Payment from my shop\",\"Description\":\"Payment id order: 266\",\"Quantity\":1,\"UnitPrice\":90000}],\"Amount\":90000}],\"MerchantCode\":\"454780\"},\"header\":[\"Content-length: 758\",\"Authorization: bearer CbEoc5B8EpYjAsxjMRNDBFCyBHB1Lam8Cw58BgTzpX_aCBk01YmP9huhUYolk3WVLILYRwgzQMylvFDFn2Bs9vZLrd7YQ5dGd33cwvKYCBMAZHIfvQQoSWH4qs_MOzK_NuASCM8zDMAaHnwbkala5_buX1etp8y-okEgdTY1UFyMvqwfd4joqYB-RjAlSDRWICWgKXsOZP-PLrNr8dY012VOavoCEw79iDCfKEdG1qNkUbyez0rhgVCdxd3lxIYtzEJekh1769B418X3hckIfkoBJUNJIo3SpbpIi10RNkY1eciPzO6tWJdSVKeTpVGPoGw2GwAq7nZ4k93THmDl9IR5LkH6lw3Iw_jhxOBNhMe9uIqk67Oawr36Uuxgo1hEbamIIbiU8vH-bM5HvUtN7Rdca9lSo65jZWJOGvmtJ65PJ2LrScNiJt-PKCFdaTkEs6QP4KRe06btd2mA42T97qZjqcc6B5va8kNnA7tKHYGyQwU5bBWpZksjGFXkSvc3vAQvei4ZcmhGxWMvoSgg-M9LDflbtoauuSwMPhlKp-z14XZpo3uH-FT6yAYJGmq3gdPcx9mFhUtAIYiFxsWAZeg7vxzosEKSb8BmoEv36bsWhOS5QkkXIKOpO5fU7R8LpGT1cPizMXY0DxqwL4TU9bTK0Bl4kipSHt7ElOJDINmjVkLXKm2e49zZv9hR5-rUxoKwurDPcw7OVasEToXpKa8E18d75UgpAf8OAVJ4C0XR8899rLpI9mcDuy9hSEOh\"]}}','{\"OperationId\":0,\"LoyaltyTransaction\":null,\"Confirmed\":null,\"Processed\":null,\"Canceled\":null,\"CustomerKey\":\"00000000-0000-0000-0000-000000000000\",\"CustomerCode\":null,\"BonusAmount\":null,\"DiscountAmount\":0,\"MoneyInfo\":null,\"CustomerInfo\":null,\"PaymentId\":291962,\"Status\":1,\"Registered\":\"2019-01-03T22:09:51.263\",\"Amount\":90000,\"Commission\":0,\"Invoice\":2661546546191,\"MerchantCode\":\"454780\",\"LinkUrlSuccess\":null,\"LinkUrlCancel\":null,\"Signature\":\"8ef66ec5f907fbcd6f84fb960ab6aa71\",\"Customer\":{\"Code\":\"49\",\"Name\":null,\"Address\":\"Guzun Viorica, invoice address is empty, MD-0000 Chisinau, Republica Moldova, 069442389\"},\"Payer\":null,\"Currency\":498,\"ExternalDate\":\"2019-01-03T22:09:51.263\",\"ExpiryDate\":\"2019-01-03T22:39:51\",\"Services\":[{\"Name\":\"Card of products\",\"Description\":\"Cart of products\",\"Amount\":90000,\"Products\":[{\"GroupName\":null,\"QualitiesConcat\":null,\"LineNo\":1,\"GroupId\":null,\"Code\":\"undefinedServiceCode1\",\"Barcode\":null,\"Name\":\"Order payment for Cadouri.md\",\"Description\":\"Online payment\",\"UnitPrice\":null,\"UnitProduct\":null,\"Quantity\":null,\"Amount\":90000,\"Dimensions\":null,\"Qualities\":null,\"TotalAmount\":90000}]}]}','2019-01-03 22:09:51','2019-01-03 22:09:51'),
	(70,4,'Warning HASH is not correct!','PAID','','{\"Eventid\":224488,\"EventType\":\"PAID\",\"EventDate\":\"2019-01-03T22:12:05.097\",\"Payment\":{\"Id\":291962,\"ExternalId\":2661546546191,\"SaleAreaCode\":null,\"Customer\":null,\"StatusDate\":\"2019-01-03T22:12:04.927\",\"Amount\":90000,\"Merchant\":\"cadourimd\"}}','2019-01-03 22:12:05','2019-01-03 22:12:05'),
	(71,0,'Init: Sent request for order request','Sent order to PayNet : 267','{\"url:\":\"https:\\/\\/paynet.md:4446\\/api\\/Payments\",\"param:\":{\"products\":{\"Invoice\":\"2671546566200\",\"Customer\":{\"Code\":50,\"Name\":\"Ionel Balteanu\",\"Address\":\"Ionel Balteanu, invoice address is empty, MD-0000 Chisinau, Moldova, 7047246170\"},\"Currency\":498,\"ExpiryDate\":\"2019-01-04T04:13:20\",\"Services\":[{\"Name\":\"Order payment for Cadouri.md\",\"Description\":\"Online payment\",\"Products\":[{\"LineNo\":1,\"Code\":267,\"Name\":\"Payment from my shop\",\"Description\":\"Payment id order: 267\",\"Quantity\":1,\"UnitPrice\":358000}],\"Amount\":358000}],\"MerchantCode\":\"454780\"},\"header\":[\"Content-length: 753\",\"Authorization: bearer f3wfKr2qScYLr4tVwvEtm9r9aIYka9609YGhL5Znldic5BDdvKfYD_21PI34qL7cb-0X_ZUTkhVUf655TqYuhPsPf7G4q_PxOmNmbEMhhHnsgPVNAaeCUojOTfEAIr_OabXMuTjEPRi4XdP6_wcqs4Tprb4WdJRBbl-h8AS7jkM5xK-9lgXyCV2oT_8WIltKu_ZF8FXKgYvR3W5f5MIVfIH9UXxJHBBYwPKc1fBmng-qW99FeE5rxqvP1XDFA_gRlR-0WZgU8VcCxox1NFZHzKmk-vOt97c8mqpjoeG4avwLGzfR3UIKkXny8K2qEI57J9ZxJNnsbs4stGNAztjlxlQyfZPssYrVLhn1Ioxji4c6RcpX59U6rZqww1L16M37LAhVtRItXGNUGBRuRjSH_KF3ee5ooXBZQCmBGPnxcPqTq4bPmJeOgGNGK6pDKI7hkrExeAFp55wlwzcwhIAqgHUWvfVdv0w3hD3FKbG-46mriqMBu6j7MH1G4tNM5KalvZI-ZwQlO_NHzJAMEICYKTf-axPOTVw1l-OB52eRAi71gdFWKvaL0yzozXvMk1dgQz4pEOyKJBLSirIIAc_RsOq9ok6eXLETNzJxVhubd-kgQIFvBU1QxzTxX94Fw7OGd4kRBX3098F68x5O693ILVY5Jnsap3CwcydFX-1RBNYJbzi6ZOygTjHfVbp38vjcbc8_jDM-a5tCM5Wuqhzh8BZpTf3fMNI_mWqTCgQePAvOtnY8HMimJbV_9NxQCXA2\"]}}','{\"OperationId\":0,\"LoyaltyTransaction\":null,\"Confirmed\":null,\"Processed\":null,\"Canceled\":null,\"CustomerKey\":\"00000000-0000-0000-0000-000000000000\",\"CustomerCode\":null,\"BonusAmount\":null,\"DiscountAmount\":0,\"MoneyInfo\":null,\"CustomerInfo\":null,\"PaymentId\":292125,\"Status\":1,\"Registered\":\"2019-01-04T03:43:22.733\",\"Amount\":358000,\"Commission\":0,\"Invoice\":2671546566200,\"MerchantCode\":\"454780\",\"LinkUrlSuccess\":null,\"LinkUrlCancel\":null,\"Signature\":\"296de01d4c8398a851bb75fbf064d369\",\"Customer\":{\"Code\":\"50\",\"Name\":null,\"Address\":\"Ionel Balteanu, invoice address is empty, MD-0000 Chisinau, Moldova, 7047246170\"},\"Payer\":null,\"Currency\":498,\"ExternalDate\":\"2019-01-04T03:43:22.733\",\"ExpiryDate\":\"2019-01-04T04:13:20\",\"Services\":[{\"Name\":\"Card of products\",\"Description\":\"Cart of products\",\"Amount\":358000,\"Products\":[{\"GroupName\":null,\"QualitiesConcat\":null,\"LineNo\":1,\"GroupId\":null,\"Code\":\"undefinedServiceCode1\",\"Barcode\":null,\"Name\":\"Order payment for Cadouri.md\",\"Description\":\"Online payment\",\"UnitPrice\":null,\"UnitProduct\":null,\"Quantity\":null,\"Amount\":358000,\"Dimensions\":null,\"Qualities\":null,\"TotalAmount\":358000}]}]}','2019-01-04 03:43:23','2019-01-04 03:43:23'),
	(72,0,'Init: Sent request for order request','Sent order to PayNet : 267','{\"url:\":\"https:\\/\\/paynet.md:4446\\/api\\/Payments\",\"param:\":{\"products\":{\"Invoice\":\"2671546566565\",\"Customer\":{\"Code\":50,\"Name\":\"Ionel Balteanu\",\"Address\":\"Ionel Balteanu, invoice address is empty, MD-0000 Chisinau, Moldova, 7047246170\"},\"Currency\":498,\"ExpiryDate\":\"2019-01-04T04:19:25\",\"Services\":[{\"Name\":\"Order payment for Cadouri.md\",\"Description\":\"Online payment\",\"Products\":[{\"LineNo\":1,\"Code\":267,\"Name\":\"Payment from my shop\",\"Description\":\"Payment id order: 267\",\"Quantity\":1,\"UnitPrice\":358000}],\"Amount\":358000}],\"MerchantCode\":\"454780\"},\"header\":[\"Content-length: 753\",\"Authorization: bearer 1m-H3aZhrY_UtPsNVjv8LXzHyE6nxPXH9X6Fp1cyORZM9OOecDa-M0caZm2Le-X-xRDXP5457Qt8juL4ljySQZwCRHRw66n6-vOr5Lo4MHL69Pks_pSry7qqy_bHl0bbla1afzuIEQRX7Tu1hoDGauq7jcrxPfO8ZyzYTJ9MOAvLtW3b46wrooAviC0gcSKW0F0vZAdNm2D_sZsYiX39TLvHYAsTjX6dQO3lRg5vkAk_cgggZ23Y2yA0nBYgINoEyLZkqIRbDzko8HV0tUeT2J3XpkCklmYbCUHe5w9cOie9werxP0vN0nB-HxKGzLMNbndiNdrgkGh0zIa_7xZ5vZVvMiAReasqHPqMx5kWTQo0vkURlQgY94yiWH2f8RMAXKOWM0w-VxE-s6_-1hbPRBT9v5eznG6mPnmtDv5DcOr7At8FHp0ICblp3lvaHY4naCTFX1xnjDmtjhoovxUpMJblpHSPZvqlaxCrwsty3d6eFX6HJIlmyJjiJdxMRUcNP08P4gOhltptq-GRyqUwcnMWSCZE27NvD3a0-oAKfbIWHU-1WA46FM3etgarFM2mtAvqNUVn5G-h-evVIhhCbWtCtPiwQ63CkPC3oPvUZg_vEBprxFZAe7COHYbaZJsK2FktIZwdytxKl1UIDTZacMkXCGM2ajnLsiLmiWhtfQGYLoaEIinT2lx9MI88JDW7lNWgHazUFhBzUY-6eKLxhjyr9YcETkujR4wKN8RCmOqyvf83ucWcTDzHVVjB8FNX\"]}}','{\"OperationId\":0,\"LoyaltyTransaction\":null,\"Confirmed\":null,\"Processed\":null,\"Canceled\":null,\"CustomerKey\":\"00000000-0000-0000-0000-000000000000\",\"CustomerCode\":null,\"BonusAmount\":null,\"DiscountAmount\":0,\"MoneyInfo\":null,\"CustomerInfo\":null,\"PaymentId\":292127,\"Status\":1,\"Registered\":\"2019-01-04T03:49:25.99\",\"Amount\":358000,\"Commission\":0,\"Invoice\":2671546566565,\"MerchantCode\":\"454780\",\"LinkUrlSuccess\":null,\"LinkUrlCancel\":null,\"Signature\":\"36337c884b751330f5b85705412975cd\",\"Customer\":{\"Code\":\"50\",\"Name\":null,\"Address\":\"Ionel Balteanu, invoice address is empty, MD-0000 Chisinau, Moldova, 7047246170\"},\"Payer\":null,\"Currency\":498,\"ExternalDate\":\"2019-01-04T03:49:25.99\",\"ExpiryDate\":\"2019-01-04T04:19:25\",\"Services\":[{\"Name\":\"Card of products\",\"Description\":\"Cart of products\",\"Amount\":358000,\"Products\":[{\"GroupName\":null,\"QualitiesConcat\":null,\"LineNo\":1,\"GroupId\":null,\"Code\":\"undefinedServiceCode1\",\"Barcode\":null,\"Name\":\"Order payment for Cadouri.md\",\"Description\":\"Online payment\",\"UnitPrice\":null,\"UnitProduct\":null,\"Quantity\":null,\"Amount\":358000,\"Dimensions\":null,\"Qualities\":null,\"TotalAmount\":358000}]}]}','2019-01-04 03:49:26','2019-01-04 03:49:26'),
	(73,0,'Init: Sent request for order request','Sent order to PayNet : 267','{\"url:\":\"https:\\/\\/paynet.md:4446\\/api\\/Payments\",\"param:\":{\"products\":{\"Invoice\":\"2671546566613\",\"Customer\":{\"Code\":50,\"Name\":\"Ionel Balteanu\",\"Address\":\"Ionel Balteanu, invoice address is empty, MD-0000 Chisinau, Moldova, 7047246170\"},\"Currency\":498,\"ExpiryDate\":\"2019-01-04T04:20:13\",\"Services\":[{\"Name\":\"Order payment for Cadouri.md\",\"Description\":\"Online payment\",\"Products\":[{\"LineNo\":1,\"Code\":267,\"Name\":\"Payment from my shop\",\"Description\":\"Payment id order: 267\",\"Quantity\":1,\"UnitPrice\":358000}],\"Amount\":358000}],\"MerchantCode\":\"454780\"},\"header\":[\"Content-length: 753\",\"Authorization: bearer 7ZhYwDJEiymbixzUra98GYihMhxwgN-MYwsnsy71jJCCpQmZEL3vPOTTb9u9Uc2dYtGHCtWvKq4CZKHsXRfVgWX5bNLxmvKmZmPttJTWdHfzxjevOqUYljj112pG4AYDb3QYsrzvmxN_4XY6Ccook-taBl22XaMrsp1rBif62CisJajEpO18EscHUyLAo9ady1UIy-IMw_5nqBRb3xRVQdnqVvf_ilPFV78lkQYCfaaIRpAi5UInb_gG6lPpev-yl0q0ZDvBBpddrKlwumxlIsETszIPOnHD59BJTyeWC0Z3bdpxxud5nMSiJ3u4wwFNLIB9t2I-7HHMLpB9sFD5l9xKgCIUdp6vUNMtTZMCjYRcUD1lsKBl5ua09nw8rTOk5yr0-l39JQJjYiZXfvuFlliJ5pNGwbIcoNWzVSTzKqmRateHk05cVtfW12UDat9VLUkNBBwkCSbUGg63CZDLBtC5WZQWW2Y5baX59_l3Z2UaU-dDhSwjzWg4Rviab-DQupIY5LifmX77MTEpPiR91fcBTnD05dFlBvbia8E_IrdwhGXrF81yEyjboDsf7SBmFROy7tr2_4wik-Ox_TrL22T0LV0wS3L5xQnJAPHTEdS-F7vdxaFObDTxh0Z9YJQ_kgh5of1X87-LlP3j7h0SEzh_o0R3bX2yq1qgvIcFCVVU4_ZXmggiVQhKuu597u6VgORPnuuvoii9L5l2-_W2KuYwWUOYvUD0C2fwW7pvpmHuRvrWdD98OV_FUxGNdhJ3\"]}}','{\"OperationId\":0,\"LoyaltyTransaction\":null,\"Confirmed\":null,\"Processed\":null,\"Canceled\":null,\"CustomerKey\":\"00000000-0000-0000-0000-000000000000\",\"CustomerCode\":null,\"BonusAmount\":null,\"DiscountAmount\":0,\"MoneyInfo\":null,\"CustomerInfo\":null,\"PaymentId\":292128,\"Status\":1,\"Registered\":\"2019-01-04T03:50:13.243\",\"Amount\":358000,\"Commission\":0,\"Invoice\":2671546566613,\"MerchantCode\":\"454780\",\"LinkUrlSuccess\":null,\"LinkUrlCancel\":null,\"Signature\":\"58e48555f80399edfa04eb25c36e811f\",\"Customer\":{\"Code\":\"50\",\"Name\":null,\"Address\":\"Ionel Balteanu, invoice address is empty, MD-0000 Chisinau, Moldova, 7047246170\"},\"Payer\":null,\"Currency\":498,\"ExternalDate\":\"2019-01-04T03:50:13.243\",\"ExpiryDate\":\"2019-01-04T04:20:13\",\"Services\":[{\"Name\":\"Card of products\",\"Description\":\"Cart of products\",\"Amount\":358000,\"Products\":[{\"GroupName\":null,\"QualitiesConcat\":null,\"LineNo\":1,\"GroupId\":null,\"Code\":\"undefinedServiceCode1\",\"Barcode\":null,\"Name\":\"Order payment for Cadouri.md\",\"Description\":\"Online payment\",\"UnitPrice\":null,\"UnitProduct\":null,\"Quantity\":null,\"Amount\":358000,\"Dimensions\":null,\"Qualities\":null,\"TotalAmount\":358000}]}]}','2019-01-04 03:50:13','2019-01-04 03:50:13'),
	(74,0,'Init: Sent request for order request','Sent order to PayNet : 267','{\"url:\":\"https:\\/\\/paynet.md:4446\\/api\\/Payments\",\"param:\":{\"products\":{\"Invoice\":\"2671546566816\",\"Customer\":{\"Code\":50,\"Name\":\"Ionel Balteanu\",\"Address\":\"Ionel Balteanu, invoice address is empty, MD-0000 Chisinau, Moldova, 7047246170\"},\"Currency\":498,\"ExpiryDate\":\"2019-01-04T04:23:36\",\"Services\":[{\"Name\":\"Order payment for Cadouri.md\",\"Description\":\"Online payment\",\"Products\":[{\"LineNo\":1,\"Code\":267,\"Name\":\"Payment from my shop\",\"Description\":\"Payment id order: 267\",\"Quantity\":1,\"UnitPrice\":358000}],\"Amount\":358000}],\"MerchantCode\":\"454780\"},\"header\":[\"Content-length: 753\",\"Authorization: bearer qFid_5mUBn_HczwcT29khGTni4uiiB8vogxWTal1ybU_6tUw4IGe57Uuq3BDPdurGR8ji-9ScJdKLJ73aJ8U6wPsbb5J3pCwdcTn36mgpeB5AdlUBD9A7bv6z4jMocfI6Vw9T0AJArEyuIyGd1GI7jP33NwbiLjPRUZTuaa8kZfRqxzg5kxU1EGTkEDV6uAWHFMXsKCm_cSbOXcd7zWMgMgu-6-IHPtMp1VdWv0TwcJXOpvq6xIhIUXhQB9Pdob3RbIDGV9T7_tLiVHcS6SAdU1EUKFVy-y4UyXNivENXU4zW3uZIWLqqrWNAdzMEg9P1NnYEKS_blAw8mUUJyDxM-xPX9CzSTvwaYUTadL44TLeili_XnSf7HZDaxRY9uigkl1lnJmp8EvJSf69tbSTyhLHNodWF_tS6fCs97wsSEWxlY7bAONvII10sm6uGqIx-1VlXQFuCBRQo0c5fr3KCjH--h-fmWVD3ytkqao74JXLta3ioyNaSC2jjOitH-ibPSKFoudDn0BPILVR4a5gXq3VOAgwE5tqWp0pL7shFIMGV7HATwq9VIHFgjkNVB5lqy9V19PgH4U6-W_2p4tJTXus3nSpMXiHMNDY6Bj_XpJ8HtVtaBoxGiewLKhf1-sZkQ9DxjF7OrQaMW1efehG6yxxcd4SHnoo38lS7DvEO4yM-2lrRzP5VheghWsiw0_bfLduT58Lwl307hLM76AE9YVYvmweIEhuC5h2gSl2uQDC-1-ze_bkACo2-9RxS4Ck\"]}}','{\"OperationId\":0,\"LoyaltyTransaction\":null,\"Confirmed\":null,\"Processed\":null,\"Canceled\":null,\"CustomerKey\":\"00000000-0000-0000-0000-000000000000\",\"CustomerCode\":null,\"BonusAmount\":null,\"DiscountAmount\":0,\"MoneyInfo\":null,\"CustomerInfo\":null,\"PaymentId\":292129,\"Status\":1,\"Registered\":\"2019-01-04T03:53:36.873\",\"Amount\":358000,\"Commission\":0,\"Invoice\":2671546566816,\"MerchantCode\":\"454780\",\"LinkUrlSuccess\":null,\"LinkUrlCancel\":null,\"Signature\":\"a7102af55028c03bcd2a1b4107c42b0d\",\"Customer\":{\"Code\":\"50\",\"Name\":null,\"Address\":\"Ionel Balteanu, invoice address is empty, MD-0000 Chisinau, Moldova, 7047246170\"},\"Payer\":null,\"Currency\":498,\"ExternalDate\":\"2019-01-04T03:53:36.873\",\"ExpiryDate\":\"2019-01-04T04:23:36\",\"Services\":[{\"Name\":\"Card of products\",\"Description\":\"Cart of products\",\"Amount\":358000,\"Products\":[{\"GroupName\":null,\"QualitiesConcat\":null,\"LineNo\":1,\"GroupId\":null,\"Code\":\"undefinedServiceCode1\",\"Barcode\":null,\"Name\":\"Order payment for Cadouri.md\",\"Description\":\"Online payment\",\"UnitPrice\":null,\"UnitProduct\":null,\"Quantity\":null,\"Amount\":358000,\"Dimensions\":null,\"Qualities\":null,\"TotalAmount\":358000}]}]}','2019-01-04 03:53:37','2019-01-04 03:53:37'),
	(75,0,'Init: Sent request for order request','Sent order to PayNet : 286','{\"url:\":\"https:\\/\\/paynet.md:4446\\/api\\/Payments\",\"param:\":{\"products\":{\"Invoice\":\"2861547204063\",\"Customer\":{\"Code\":52,\"Name\":\"Ghirisan Raisa\",\"Address\":\"Ghirisan Raisa, invoice address is empty, MD-0000 Chisinau, Republica Moldova, 079068147\"},\"Currency\":498,\"ExpiryDate\":\"2019-01-11T13:24:23\",\"Services\":[{\"Name\":\"Order payment for Cadouri.md\",\"Description\":\"Online payment\",\"Products\":[{\"LineNo\":1,\"Code\":286,\"Name\":\"Payment from my shop\",\"Description\":\"Payment id order: 286\",\"Quantity\":1,\"UnitPrice\":57500}],\"Amount\":57500}],\"MerchantCode\":\"454780\"},\"header\":[\"Content-length: 760\",\"Authorization: bearer KP812E8HcImmc0rbVLhlLHYvliDiCH2AzloN0ddve5B5aNUj4ABQnc4Olt5duH3zl2r6zDZRq_IHlUDZwwLiFlbcfi3HMlhgkai3YKrBW-S7i4v-UrGEQkKTqzGLI2B68SUod5cJWiJJ0fGy-YcCMMIjMi2X4wdO3ShpYzTDplVkZKxrxXYZtZnEUgsFI_UgSkIwrqxQXKkzMm48CC6NpLLHIL5xSyOX1tU21TAMq5UZewUg6ff6u69Nt0dbLhWJvhRmVNWVEeTN3EGQPiw_ZFI3LkM38eRIrottOmBPTfBIbV7fpLfCWRXQceMjZlOC6MwzRsrQXC0MoXidduGnOPxR9-XobBYUpP-3MAI6YEisyuQtkcACt4pIEmlXcnjJsWyucinQTBO8HmXs0mgR2x7D1MTxP6QosR8Dh9_XsxK4PIE6ibLQQ-OqlAvBl7-V2acOtImbOmwQQJwVMsDzTRmKcxv-xA8Lv6DStht7VQvQeDp2fPV6gTHV73QWe8o-kEIxqcvlEfVzz06qcWTH5-mcOsqY1RTA4d_Xlsx5KTmIb3qy19R4cTIA3mDC-IYSnh11eM4D_NezsCrEPH3SuIHpQTx9dxHLOM1H9W9rmV1UpntoDJmJl-r6i_5clQP6ighdaONH59dqcYh7DKrGx6NE_zsHuVbRWc5fAAYlpsAs2sMFro57ZqdXAfvN98Zg4QV4cLIG7l5f2geeVgAz3AjGcJ2EDg7lISiHbVaCZXq0BYMqunAYXvFMPDaoIPi4\"]}}','{\"OperationId\":0,\"LoyaltyTransaction\":null,\"Confirmed\":null,\"Processed\":null,\"Canceled\":null,\"CustomerKey\":\"00000000-0000-0000-0000-000000000000\",\"CustomerCode\":null,\"BonusAmount\":null,\"DiscountAmount\":0,\"MoneyInfo\":null,\"CustomerInfo\":null,\"PaymentId\":296639,\"Status\":1,\"Registered\":\"2019-01-11T12:54:24.083\",\"Amount\":57500,\"Commission\":0,\"Invoice\":2861547204063,\"MerchantCode\":\"454780\",\"LinkUrlSuccess\":null,\"LinkUrlCancel\":null,\"Signature\":\"b75d0cd5403300d2f84364ea927e8add\",\"Customer\":{\"Code\":\"52\",\"Name\":null,\"Address\":\"Ghirisan Raisa, invoice address is empty, MD-0000 Chisinau, Republica Moldova, 079068147\"},\"Payer\":null,\"Currency\":498,\"ExternalDate\":\"2019-01-11T12:54:24.083\",\"ExpiryDate\":\"2019-01-11T13:24:23\",\"Services\":[{\"Name\":\"Card of products\",\"Description\":\"Cart of products\",\"Amount\":57500,\"Products\":[{\"GroupName\":null,\"QualitiesConcat\":null,\"LineNo\":1,\"GroupId\":null,\"Code\":\"undefinedServiceCode1\",\"Barcode\":null,\"Name\":\"Order payment for Cadouri.md\",\"Description\":\"Online payment\",\"UnitPrice\":null,\"UnitProduct\":null,\"Quantity\":null,\"Amount\":57500,\"Dimensions\":null,\"Qualities\":null,\"TotalAmount\":57500}]}]}','2019-01-11 12:54:24','2019-01-11 12:54:24'),
	(76,4,'Warning HASH is not correct!','PAID','','{\"Eventid\":226389,\"EventType\":\"PAID\",\"EventDate\":\"2019-01-11T12:59:01.453\",\"Payment\":{\"Id\":296639,\"ExternalId\":2861547204063,\"SaleAreaCode\":null,\"Customer\":null,\"StatusDate\":\"2019-01-11T12:59:01.34\",\"Amount\":57500,\"Merchant\":\"cadourimd\"}}','2019-01-11 12:59:06','2019-01-11 12:59:06'),
	(77,0,'Init: Sent request for order request','Sent order to PayNet : 287','{\"url:\":\"https:\\/\\/paynet.md:4446\\/api\\/Payments\",\"param:\":{\"products\":{\"Invoice\":\"2871547215602\",\"Customer\":{\"Code\":53,\"Name\":\"cush Surname\",\"Address\":\"cush Last name, invoice address is empty, MD-0000 Chisinau, \\u041c\\u043e\\u043b\\u0434\\u043e\\u0432\\u0430, 2342354\"},\"Currency\":498,\"ExpiryDate\":\"2019-01-11T16:36:42\",\"Services\":[{\"Name\":\"Order payment for Cadouri.md\",\"Description\":\"Online payment\",\"Products\":[{\"LineNo\":1,\"Code\":287,\"Name\":\"Payment from my shop\",\"Description\":\"Payment id order: 287\",\"Quantity\":1,\"UnitPrice\":20000}],\"Amount\":20000}],\"MerchantCode\":\"454780\"},\"header\":[\"Content-length: 781\",\"Authorization: bearer NiONigUC7hkg-GC-GTz3UK4lXU6bL89nOeKQZOhFs-ICozsSm4wctpdBHW_PZ98PMpe2h2sfc7n8LFT9ojS5ZdMananPKEbQqTHpT5IV-Twmp96vIGxdM2gsvCdlSzstNnxIO11pChfBfGvMUQM64Sz4a8wRRsLfcrbHf7Vsb3yoGNI24JnEAAH_sprX3SObUY6t4gvmZ916kCWUUR42uGEGnBGVCZdLoam0w2aUIg2PP9vtZbF1oQKxKzSyWAZrjvNnn8cjdn96Cf_7Xt7GwmW2nrsLRrcLIARNbhTwCGedqCtThaeD49Ctp9fo1QRvUGK2B3ZeT6Nkfy77XwBIRwxihZ_VNpbmxO4QBrOLSUaWa8bH-sNYzZJuqtSLgefZtaEYk-0b-GT8EwuUFtD7yPLrQHw7k1uNysZ8ofg2KMJ6PB4u8fvuwLD9RqJRVO1WChH-I-vTVGu8ZA-l38wLt-wVPqUkGkHDBW8PCbtNbVi3gLG4yzKIXJZD2gEGkQacFb91VdrUE0_2TwkjPdxFJzTE_bysRdsgJgi8xOXaIrwH9osNAYrBqveVl4m8qbqYxK7HHRJRfnYwNcsVEqX3t5VRdTb_4quhYNmZTamczZqjU9URy3szuWd5m1rhneB7iGmCeyfJwS8nFDZhrtWXzijOAx52hmZaG6vecgy2WZJS1b9oHZKzx2yBj96U0P_tZ-wJIvmAAQgXdRXKSf8YuKgpTJ8Sz-BGPcQo4_17Y-rjja2LUzF0SeQUQTX5GHlX\"]}}','{\"OperationId\":0,\"LoyaltyTransaction\":null,\"Confirmed\":null,\"Processed\":null,\"Canceled\":null,\"CustomerKey\":\"00000000-0000-0000-0000-000000000000\",\"CustomerCode\":null,\"BonusAmount\":null,\"DiscountAmount\":0,\"MoneyInfo\":null,\"CustomerInfo\":null,\"PaymentId\":296873,\"Status\":1,\"Registered\":\"2019-01-11T16:06:42.35\",\"Amount\":20000,\"Commission\":0,\"Invoice\":2871547215602,\"MerchantCode\":\"454780\",\"LinkUrlSuccess\":null,\"LinkUrlCancel\":null,\"Signature\":\"b6893339726a6ef249e8805de2fe5f6f\",\"Customer\":{\"Code\":\"53\",\"Name\":null,\"Address\":\"cush Last name, invoice address is empty, MD-0000 Chisinau, Молдова, 2342354\"},\"Payer\":null,\"Currency\":498,\"ExternalDate\":\"2019-01-11T16:06:42.35\",\"ExpiryDate\":\"2019-01-11T16:36:42\",\"Services\":[{\"Name\":\"Card of products\",\"Description\":\"Cart of products\",\"Amount\":20000,\"Products\":[{\"GroupName\":null,\"QualitiesConcat\":null,\"LineNo\":1,\"GroupId\":null,\"Code\":\"undefinedServiceCode1\",\"Barcode\":null,\"Name\":\"Order payment for Cadouri.md\",\"Description\":\"Online payment\",\"UnitPrice\":null,\"UnitProduct\":null,\"Quantity\":null,\"Amount\":20000,\"Dimensions\":null,\"Qualities\":null,\"TotalAmount\":20000}]}]}','2019-01-11 16:06:42','2019-01-11 16:06:42'),
	(78,0,'Init: Sent request for order request','Sent order to PayNet : 287','{\"url:\":\"https:\\/\\/paynet.md:4446\\/api\\/Payments\",\"param:\":{\"products\":{\"Invoice\":\"2871547215707\",\"Customer\":{\"Code\":53,\"Name\":\"cush Surname\",\"Address\":\"cush Last name, invoice address is empty, MD-0000 Chisinau, \\u041c\\u043e\\u043b\\u0434\\u043e\\u0432\\u0430, 2342354\"},\"Currency\":498,\"ExpiryDate\":\"2019-01-11T16:38:27\",\"Services\":[{\"Name\":\"Order payment for Cadouri.md\",\"Description\":\"Online payment\",\"Products\":[{\"LineNo\":1,\"Code\":287,\"Name\":\"Payment from my shop\",\"Description\":\"Payment id order: 287\",\"Quantity\":1,\"UnitPrice\":20000}],\"Amount\":20000}],\"MerchantCode\":\"454780\"},\"header\":[\"Content-length: 781\",\"Authorization: bearer FGzRvZAU4FQSPjQjTppHCt8J_xmM-05EHcF7ObkOMrlK6D5lFGwFYk3vrW6J-SA65f6XBhb56bXvw6F9DWh4Yd4_wg_u0Ic7wj0SVgiQmtm2W158p8i0heZa3UK7xifzKAf85KwQxvWOH759sqF1eLa_0sv0GWSCAUWqoXjKuUIVNKaoDt96oDWYKvgi_L2MImgEFtBJaBfxHZzmrG8EBJNd0VREkrDzqF4hO116T3e6IdSwNIE9OiVFFTv_D4WSAeCVyH1k5RS7hTra3n3rmT3hJkUVXz1jwIz01y7P90Z5WIr0Rwm4GIsaxmDK9F5wuvPriGQU_D4ICUt7RjjCcqOwZ-UlC4X9JVXTgg9F7QS5fdpXDoH7kA9Y9rYlKwjyM8ldAlk-MIFtBJ3IfGrxnXXpI6iJGcgWZ56tYXH8FAqBFV9JhfZSzXWNS9mJmKES-i4_q6QbFw2rhRKJFYUb69apWGOcHmJEz0-IXBPBkvYH4BHKpQLMAJiLyAlD_WqJJO4GhRehl4ges_Eyu6xtZihElO5gjrDH2gkCqcjxDk7-DIvk0knisK8LqhMKL7HtQS6eaQADZdLZ_uMcC-MPm60MxyfuxB7jC1j0hxaQaKIFKqu2fViTw-RBdWhvm2IEky31z-rigDWeCTWr7i6r0HuBuOyp5PUkcq8k3S9A7rVC5o9-iApi68FE0uq81BsR7V4BWiFS1jnI_r21qnhM_lMwKPxmXu3fsa0qSKxS-5_drRpGcaqe0_Ip-n-HX2uR\"]}}','{\"OperationId\":0,\"LoyaltyTransaction\":null,\"Confirmed\":null,\"Processed\":null,\"Canceled\":null,\"CustomerKey\":\"00000000-0000-0000-0000-000000000000\",\"CustomerCode\":null,\"BonusAmount\":null,\"DiscountAmount\":0,\"MoneyInfo\":null,\"CustomerInfo\":null,\"PaymentId\":296880,\"Status\":1,\"Registered\":\"2019-01-11T16:08:28.043\",\"Amount\":20000,\"Commission\":0,\"Invoice\":2871547215707,\"MerchantCode\":\"454780\",\"LinkUrlSuccess\":null,\"LinkUrlCancel\":null,\"Signature\":\"94cee569cae358444bbe3db6ee7a2b82\",\"Customer\":{\"Code\":\"53\",\"Name\":null,\"Address\":\"cush Last name, invoice address is empty, MD-0000 Chisinau, Молдова, 2342354\"},\"Payer\":null,\"Currency\":498,\"ExternalDate\":\"2019-01-11T16:08:28.043\",\"ExpiryDate\":\"2019-01-11T16:38:27\",\"Services\":[{\"Name\":\"Card of products\",\"Description\":\"Cart of products\",\"Amount\":20000,\"Products\":[{\"GroupName\":null,\"QualitiesConcat\":null,\"LineNo\":1,\"GroupId\":null,\"Code\":\"undefinedServiceCode1\",\"Barcode\":null,\"Name\":\"Order payment for Cadouri.md\",\"Description\":\"Online payment\",\"UnitPrice\":null,\"UnitProduct\":null,\"Quantity\":null,\"Amount\":20000,\"Dimensions\":null,\"Qualities\":null,\"TotalAmount\":20000}]}]}','2019-01-11 16:08:28','2019-01-11 16:08:28'),
	(79,0,'Init: Sent request for order request','Sent order to PayNet : 287','{\"url:\":\"https:\\/\\/paynet.md:4446\\/api\\/Payments\",\"param:\":{\"products\":{\"Invoice\":\"2871547215719\",\"Customer\":{\"Code\":53,\"Name\":\"cush Surname\",\"Address\":\"cush Last name, invoice address is empty, MD-0000 Chisinau, \\u041c\\u043e\\u043b\\u0434\\u043e\\u0432\\u0430, 2342354\"},\"Currency\":498,\"ExpiryDate\":\"2019-01-11T16:38:39\",\"Services\":[{\"Name\":\"Order payment for Cadouri.md\",\"Description\":\"Online payment\",\"Products\":[{\"LineNo\":1,\"Code\":287,\"Name\":\"Payment from my shop\",\"Description\":\"Payment id order: 287\",\"Quantity\":1,\"UnitPrice\":20000}],\"Amount\":20000}],\"MerchantCode\":\"454780\"},\"header\":[\"Content-length: 781\",\"Authorization: bearer DsExPr9eZm0Cw8YvbAqRnO-p9aruD9qRoonHfT5HCIrLpRM7W268pIRD-osk2DV5bs8mLv12vxpz8XmSeRVI3dOZYOgW8VJQsdIQ4BtcauezzeCiwnGmPcWyK1kpxG4uV-UAFOkqJbxMG_xRukaGZQSe1ytyeO6Rqio9sFrev_w6Pk7lb_D3VxELCPWNUH3aeIJivvu6la8PSbwyzgaAvpDMBvGt0w_2vBQOQ9v2056WcTcMpA6S9Wsqn9plLlZvGuVP0jCiBCa1EZsYs910vSt98dCrwv38B5qYkImDiKfc2VPCXgYGxO4uyxOElIZhFJ9AYAks_uKI0qvHOGIXmbx5g9b9BOJU029u24WNUNoGfx1xpBIXRsqyAIZ50qjZEXk5HC2Yl1PQ8qGsoaiSAIuCk6K33L4D8ns_hxfnUONyLpbpl5s0eps8EZljnyIoCuCRcsmqA0f6qAnH8y8mqPNNpqF5i8kV03c0qrIMFMTFh25-XUvIm6812uW6_0xvUJlOh8mbM516BaoifclBz9dCBKIDXk9XN5UBSQy1NQ69HALpYCV8DpfxrPvcWeTQzxvaB2TEt4nMs1c49ix0Oz43vmEetvXDXUUYAeuV29pA9vEZnJSBE78UoHSoss3ueSMsk5JwV9ON1B1WkBlUjGeZsbYE8vmrltPi0mPs8NnMJq7B9d6qlEQU4pUYqTRsJsrYsXNsyiMPMVBkIif2iDohZawZ1_BmuyBdM7Gj8ryxwMgfP_xt7BMVAuujUm2P\"]}}','{\"OperationId\":0,\"LoyaltyTransaction\":null,\"Confirmed\":null,\"Processed\":null,\"Canceled\":null,\"CustomerKey\":\"00000000-0000-0000-0000-000000000000\",\"CustomerCode\":null,\"BonusAmount\":null,\"DiscountAmount\":0,\"MoneyInfo\":null,\"CustomerInfo\":null,\"PaymentId\":296882,\"Status\":1,\"Registered\":\"2019-01-11T16:08:40.017\",\"Amount\":20000,\"Commission\":0,\"Invoice\":2871547215719,\"MerchantCode\":\"454780\",\"LinkUrlSuccess\":null,\"LinkUrlCancel\":null,\"Signature\":\"5ec47966f412340d7c4f34c3915ebecd\",\"Customer\":{\"Code\":\"53\",\"Name\":null,\"Address\":\"cush Last name, invoice address is empty, MD-0000 Chisinau, Молдова, 2342354\"},\"Payer\":null,\"Currency\":498,\"ExternalDate\":\"2019-01-11T16:08:40.017\",\"ExpiryDate\":\"2019-01-11T16:38:39\",\"Services\":[{\"Name\":\"Card of products\",\"Description\":\"Cart of products\",\"Amount\":20000,\"Products\":[{\"GroupName\":null,\"QualitiesConcat\":null,\"LineNo\":1,\"GroupId\":null,\"Code\":\"undefinedServiceCode1\",\"Barcode\":null,\"Name\":\"Order payment for Cadouri.md\",\"Description\":\"Online payment\",\"UnitPrice\":null,\"UnitProduct\":null,\"Quantity\":null,\"Amount\":20000,\"Dimensions\":null,\"Qualities\":null,\"TotalAmount\":20000}]}]}','2019-01-11 16:08:40','2019-01-11 16:08:40'),
	(80,0,'Init: Sent request for order request','Sent order to PayNet : 287','{\"url:\":\"https:\\/\\/paynet.md:4446\\/api\\/Payments\",\"param:\":{\"products\":{\"Invoice\":\"2871547216015\",\"Customer\":{\"Code\":53,\"Name\":\"cush Surname\",\"Address\":\"cush Last name, invoice address is empty, MD-0000 Chisinau, \\u041c\\u043e\\u043b\\u0434\\u043e\\u0432\\u0430, 2342354\"},\"Currency\":498,\"ExpiryDate\":\"2019-01-11T16:43:35\",\"Services\":[{\"Name\":\"Order payment for Cadouri.md\",\"Description\":\"Online payment\",\"Products\":[{\"LineNo\":1,\"Code\":287,\"Name\":\"Payment from my shop\",\"Description\":\"Payment id order: 287\",\"Quantity\":1,\"UnitPrice\":20000}],\"Amount\":20000}],\"MerchantCode\":\"454780\"},\"header\":[\"Content-length: 781\",\"Authorization: bearer PkwqnfLeQ2VjE6CATSGB614UXFG5b61uXwNRCVVpuqIUYp2I0-hgxUF1AE3xeBTOA3tzkfO4EDDRER6Oc8O8ZUADKNjhb64N4YXiHaBKquyE9EMhUVINjjqkkM1kbt4N534rdnGyqFYVArglO2aSnHeg9iiJ-X5z4YYaKoYAbI5NDjfkqzpG-cbUHYxRjfzi50wsGNaSF6_cY7kF5fd1cYyRFqraE79NeXUjClMErRFVZJie2Nw1noWwMm69Vnb8YLNQm7iNh7CUcocoWX2cWUEvkc63n6QEVVct_j1pIVO1pZxjmCGTN8igIa3k79TX1sgQUSXXbGEhPYHs18io4nPBQAAO-fu5RxvyPmfMc1uCSv_e-96h_LjzAuNzlkW-ovUsPqkja5tAsQpiMj7yLH3TcKGP-c3kSE1r4ipeKyU4KmPH3N7GfEamMFyCnJeqS7hcxA28P2dyvzEqe1LCxNI9FqSW2-g3xFzDkkh-0UMFSPcve0Rk9B1LCThn5rYN-kppFIGjukpuYbRduL081gRxdAS6_hmgaeUjmmgzO9KPOhmd8o2hjMvH8icewsGzrufJtKJyYptA5VfPIt9rUgnCLs8z-VzstO4cJuQCwh7Tts03z8X1a7jN7SVPEuCDWk3XYFGHnc5QOEvVxkIl2uWYo_KX0Dm3G5HdI2APbfx2j97qYRNtkobLUmBnz-cw5V04TQ71YRwAaPzIIvJAsEV1eUEkHSCPLzVZlFZxUptFmIlyJ4OHcxzFfzCel29q\"]}}','{\"OperationId\":0,\"LoyaltyTransaction\":null,\"Confirmed\":null,\"Processed\":null,\"Canceled\":null,\"CustomerKey\":\"00000000-0000-0000-0000-000000000000\",\"CustomerCode\":null,\"BonusAmount\":null,\"DiscountAmount\":0,\"MoneyInfo\":null,\"CustomerInfo\":null,\"PaymentId\":296891,\"Status\":1,\"Registered\":\"2019-01-11T16:13:35.487\",\"Amount\":20000,\"Commission\":0,\"Invoice\":2871547216015,\"MerchantCode\":\"454780\",\"LinkUrlSuccess\":null,\"LinkUrlCancel\":null,\"Signature\":\"b48237337671a41c1274a892ef72529a\",\"Customer\":{\"Code\":\"53\",\"Name\":null,\"Address\":\"cush Last name, invoice address is empty, MD-0000 Chisinau, Молдова, 2342354\"},\"Payer\":null,\"Currency\":498,\"ExternalDate\":\"2019-01-11T16:13:35.487\",\"ExpiryDate\":\"2019-01-11T16:43:35\",\"Services\":[{\"Name\":\"Card of products\",\"Description\":\"Cart of products\",\"Amount\":20000,\"Products\":[{\"GroupName\":null,\"QualitiesConcat\":null,\"LineNo\":1,\"GroupId\":null,\"Code\":\"undefinedServiceCode1\",\"Barcode\":null,\"Name\":\"Order payment for Cadouri.md\",\"Description\":\"Online payment\",\"UnitPrice\":null,\"UnitProduct\":null,\"Quantity\":null,\"Amount\":20000,\"Dimensions\":null,\"Qualities\":null,\"TotalAmount\":20000}]}]}','2019-01-11 16:13:36','2019-01-11 16:13:36'),
	(81,0,'Init: Sent request for order request','Sent order to PayNet : 287','{\"url:\":\"https:\\/\\/paynet.md:4446\\/api\\/Payments\",\"param:\":{\"products\":{\"Invoice\":\"2871547216372\",\"Customer\":{\"Code\":53,\"Name\":\"cush Surname\",\"Address\":\"cush Last name, invoice address is empty, MD-0000 Chisinau, \\u041c\\u043e\\u043b\\u0434\\u043e\\u0432\\u0430, 2342354\"},\"Currency\":498,\"ExpiryDate\":\"2019-01-11T16:49:32\",\"Services\":[{\"Name\":\"Order payment for Cadouri.md\",\"Description\":\"Online payment\",\"Products\":[{\"LineNo\":1,\"Code\":287,\"Name\":\"Payment from my shop\",\"Description\":\"Payment id order: 287\",\"Quantity\":1,\"UnitPrice\":20000}],\"Amount\":20000}],\"MerchantCode\":\"454780\"},\"header\":[\"Content-length: 781\",\"Authorization: bearer ioJnz6LbpkFstA3qH8IZTScwUyP084NnyeJLCHu0Up1fZIIxa2XXfJl0mvdIGn0rOoAd13bfPdCkJadsJ-Vz8RzQrPy661IgtMDqwtTUrWiZFQOpvkeIHG7ZFFkIyzqQTdIymIOiE-UvVDWbs05vNPPDXGE0xb9isvvRWCRLkyv2NPfDL-LQRV2xvmtc4xzH1mdpat-LXhvH-zODQLMHROFL0olSiDMb4Qyc1BuE2iqiz-P5W5JqjkJvkGrDfHZiFN-INDfvtFf38p0F5JuBnka3FqMq22D2Zm0EOtyL_kNuMnT-Nn10fJI5BO8vXnKGAAKHI7Pk84-bTl5t5EeAh1jbPEIMlQqqGO3DmsvTSFZ4o8ejAn3v0v3uhAjjJJw1gF-WnY4rPjriIuHu81CeTgC6VHiAgIsV0ZyusGUqMjM7ewHwMDBHu_kOrRsH4N1nPTHkw0kDehySUXzmk5iZMzDvdm5mJ_ofaOjRIiVK0h_K8tRF0NSN97Fq6b0Vkyzd-TqPgVG4s9dR-wSioOJBJTR4OmqvMMjxGWiHHXLz78EKedcDGg4q11UOeVmLEvygvvvCb7YhJYxuMnIXErZfiYFKw03jJ784CcwHoMgs0sHDiJHkiK4Szx9J6Pv5It8zXirhXWcdfZiA2xD6fvhnIH-F1BZH6GQS-ZaC9P8W4Vk_XmYw_jat6qvIkFPpJaIRuBiIv_nVJYqI8QhjMbJV1br-6_K0b5CH0cK5X2yo1hSS63x_1aB-bLnzHzHuxUZ-\"]}}','{\"OperationId\":0,\"LoyaltyTransaction\":null,\"Confirmed\":null,\"Processed\":null,\"Canceled\":null,\"CustomerKey\":\"00000000-0000-0000-0000-000000000000\",\"CustomerCode\":null,\"BonusAmount\":null,\"DiscountAmount\":0,\"MoneyInfo\":null,\"CustomerInfo\":null,\"PaymentId\":296902,\"Status\":1,\"Registered\":\"2019-01-11T16:19:33.03\",\"Amount\":20000,\"Commission\":0,\"Invoice\":2871547216372,\"MerchantCode\":\"454780\",\"LinkUrlSuccess\":null,\"LinkUrlCancel\":null,\"Signature\":\"85f669743734df12954fe0b5a2f56b60\",\"Customer\":{\"Code\":\"53\",\"Name\":null,\"Address\":\"cush Last name, invoice address is empty, MD-0000 Chisinau, Молдова, 2342354\"},\"Payer\":null,\"Currency\":498,\"ExternalDate\":\"2019-01-11T16:19:33.03\",\"ExpiryDate\":\"2019-01-11T16:49:32\",\"Services\":[{\"Name\":\"Card of products\",\"Description\":\"Cart of products\",\"Amount\":20000,\"Products\":[{\"GroupName\":null,\"QualitiesConcat\":null,\"LineNo\":1,\"GroupId\":null,\"Code\":\"undefinedServiceCode1\",\"Barcode\":null,\"Name\":\"Order payment for Cadouri.md\",\"Description\":\"Online payment\",\"UnitPrice\":null,\"UnitProduct\":null,\"Quantity\":null,\"Amount\":20000,\"Dimensions\":null,\"Qualities\":null,\"TotalAmount\":20000}]}]}','2019-01-11 16:19:33','2019-01-11 16:19:33'),
	(82,0,'Init: Sent request for order request','Sent order to PayNet : 287','{\"url:\":\"https:\\/\\/paynet.md:4446\\/api\\/Payments\",\"param:\":{\"products\":{\"Invoice\":\"2871547216460\",\"Customer\":{\"Code\":53,\"Name\":\"cush Surname\",\"Address\":\"cush Last name, invoice address is empty, MD-0000 Chisinau, \\u041c\\u043e\\u043b\\u0434\\u043e\\u0432\\u0430, 2342354\"},\"Currency\":498,\"ExpiryDate\":\"2019-01-11T16:51:00\",\"Services\":[{\"Name\":\"Order payment for Cadouri.md\",\"Description\":\"Online payment\",\"Products\":[{\"LineNo\":1,\"Code\":287,\"Name\":\"Payment from my shop\",\"Description\":\"Payment id order: 287\",\"Quantity\":1,\"UnitPrice\":20000}],\"Amount\":20000}],\"MerchantCode\":\"454780\"},\"header\":[\"Content-length: 781\",\"Authorization: bearer ovAoh-BpyT8jXqXjSuOiR8C78qnAI3-McsckhfQjJc1yt2SOqMtSsfIs-VrcXORySg9pZRrVWm4cHVi3p-J289w7sJhDEF9SRwjIQqM7_uS1nDNxh39AXcFPEi-owOCMwUrkcZ_zCMpWzpUbERVmEnzoCjfBGaadb3N_X8vvul06iopNBaK25Ixd5HGa279d49J0uVPmdbtRjbZTE0Ixxkn5Zt5UD1nxsVkUngYWjVK_anK4DRqDfxFVGiVD06Oot9iL0N8wqV9-ErONKjR4ix--QN1zxdirKmwO_EFR9twFEtfcWHDphimYBUBZahpyfsNYgvfnLgGnibtQeF6dLsOIjL2W8osCh08rB1-1oZ0U7vdNaXxVRWuCIuSITaHzfCkPRpLykjNwa9XfoW5ImsXYMdmnkUAtSdWNE59rQZc24nkYgkWxLhp3Cl5M2xbJubinqph2tn-I5pYcgOHsJkA51_buINldDxSmPw6s2O_XBmR6l7miVHi_AeJDhs0TWm2Nwx5zbH8EMhuL3IHebNrmh2R1A8h6ujMQarzEvcNuUIGSwy0-RN9uCAVvk6XWEHCkjf720eAUFonyzAE8MfhxghEIY575Tfr2Cqogb-p-zCH5jj0H9PwVE_C5zqnxxlhsF1Kx_JsqUMuZl0-226N-8EINAi0Noad5RP7nO99AzxVXkZk-o2BtEKXvvh5piNql2eiD4Vrfx-CaONGmnS0FEdHsc17yebWqWS3bXiuRU2Nqyl4VbEIvfWSUkLQP\"]}}','{\"OperationId\":0,\"LoyaltyTransaction\":null,\"Confirmed\":null,\"Processed\":null,\"Canceled\":null,\"CustomerKey\":\"00000000-0000-0000-0000-000000000000\",\"CustomerCode\":null,\"BonusAmount\":null,\"DiscountAmount\":0,\"MoneyInfo\":null,\"CustomerInfo\":null,\"PaymentId\":296906,\"Status\":1,\"Registered\":\"2019-01-11T16:21:01.21\",\"Amount\":20000,\"Commission\":0,\"Invoice\":2871547216460,\"MerchantCode\":\"454780\",\"LinkUrlSuccess\":null,\"LinkUrlCancel\":null,\"Signature\":\"fa42e0f3d036ea6b4600571b70e17cd8\",\"Customer\":{\"Code\":\"53\",\"Name\":null,\"Address\":\"cush Last name, invoice address is empty, MD-0000 Chisinau, Молдова, 2342354\"},\"Payer\":null,\"Currency\":498,\"ExternalDate\":\"2019-01-11T16:21:01.21\",\"ExpiryDate\":\"2019-01-11T16:51:00\",\"Services\":[{\"Name\":\"Card of products\",\"Description\":\"Cart of products\",\"Amount\":20000,\"Products\":[{\"GroupName\":null,\"QualitiesConcat\":null,\"LineNo\":1,\"GroupId\":null,\"Code\":\"undefinedServiceCode1\",\"Barcode\":null,\"Name\":\"Order payment for Cadouri.md\",\"Description\":\"Online payment\",\"UnitPrice\":null,\"UnitProduct\":null,\"Quantity\":null,\"Amount\":20000,\"Dimensions\":null,\"Qualities\":null,\"TotalAmount\":20000}]}]}','2019-01-11 16:21:01','2019-01-11 16:21:01'),
	(83,0,'Init: Sent request for order request','Sent order to PayNet : 287','{\"url:\":\"https:\\/\\/paynet.md:4446\\/api\\/Payments\",\"param:\":{\"products\":{\"Invoice\":\"2871547216619\",\"Customer\":{\"Code\":53,\"Name\":\"cush Surname\",\"Address\":\"cush Last name, invoice address is empty, MD-0000 Chisinau, \\u041c\\u043e\\u043b\\u0434\\u043e\\u0432\\u0430, 2342354\"},\"Currency\":498,\"ExpiryDate\":\"2019-01-11T16:53:39\",\"Services\":[{\"Name\":\"Order payment for Cadouri.md\",\"Description\":\"Online payment\",\"Products\":[{\"LineNo\":1,\"Code\":287,\"Name\":\"Payment from my shop\",\"Description\":\"Payment id order: 287\",\"Quantity\":1,\"UnitPrice\":20000}],\"Amount\":20000}],\"MerchantCode\":\"454780\"},\"header\":[\"Content-length: 781\",\"Authorization: bearer hap31xy0xXfLRSdOf_UBpyInhVXpgi9ArdWc90yLY_Q7GGErAyS3tdvVdifS6t910bKThD3bOKX1o57iIorvwem3DWW-abCsDGiXPdXB2V-Zmv60Dsbz48fYPEi8_ceWpTvaTg4YMMeK3ioykbIkenncIDayiFLFfdPbfXnizkm6Xya94nEiBmMILxoW4WuzQDCROnHFBd17_61Cz6wXOk0sKzC16x1oHaPY-7uLT29YV8IGteOtFd2JNYd2yHZb-QIqnJn6MgeaQM90cotJQLcnJyl22vKfB64mFuIltL4kpEBSbZc1pux1H8PIrD57eA6_62L-jC7yX5mS65KZmZhhYyVTuOdPUMXwDZo5alrr7vsjkuLUW38fEbIrc7kSAROil9s5A36ipUe-Dn5_qilQCUkVKScyLRoma91BDuM-FAYLaGOULjrFT70WKQHamLl6TlMOfujJ3QZKMBIzwWhP9tkbL4t9U0eSH28lDlL4VqQ5dNUmw4j6Une1zPbdl39bgRQeteczpjy85FSMfTdAidh0AJ5CR_GlyoJADyG2Ei2ZEjuKROgPMwea1Lf0FaJZndF73PyGpf2Lm4c1o8iZIo_M4tEPtCK1OKlavbzQec7ODw6czkrxbffHKYpKM1guL4CtrzjXRoMlRY4A_92seuuVe5q0mSepCy_MEtADTM8676WtJHKZ3-sogORECMuZQpLCfNmXXbSGg1_KfeerHaVEVoYVRoLKgliKDdpOlhEw2D6d7mobyEAOH3ny\"]}}','{\"OperationId\":0,\"LoyaltyTransaction\":null,\"Confirmed\":null,\"Processed\":null,\"Canceled\":null,\"CustomerKey\":\"00000000-0000-0000-0000-000000000000\",\"CustomerCode\":null,\"BonusAmount\":null,\"DiscountAmount\":0,\"MoneyInfo\":null,\"CustomerInfo\":null,\"PaymentId\":296910,\"Status\":1,\"Registered\":\"2019-01-11T16:23:39.817\",\"Amount\":20000,\"Commission\":0,\"Invoice\":2871547216619,\"MerchantCode\":\"454780\",\"LinkUrlSuccess\":null,\"LinkUrlCancel\":null,\"Signature\":\"1f8444aa6fd8b6276f5d878a3bd8aa77\",\"Customer\":{\"Code\":\"53\",\"Name\":null,\"Address\":\"cush Last name, invoice address is empty, MD-0000 Chisinau, Молдова, 2342354\"},\"Payer\":null,\"Currency\":498,\"ExternalDate\":\"2019-01-11T16:23:39.817\",\"ExpiryDate\":\"2019-01-11T16:53:39\",\"Services\":[{\"Name\":\"Card of products\",\"Description\":\"Cart of products\",\"Amount\":20000,\"Products\":[{\"GroupName\":null,\"QualitiesConcat\":null,\"LineNo\":1,\"GroupId\":null,\"Code\":\"undefinedServiceCode1\",\"Barcode\":null,\"Name\":\"Order payment for Cadouri.md\",\"Description\":\"Online payment\",\"UnitPrice\":null,\"UnitProduct\":null,\"Quantity\":null,\"Amount\":20000,\"Dimensions\":null,\"Qualities\":null,\"TotalAmount\":20000}]}]}','2019-01-11 16:23:40','2019-01-11 16:23:40'),
	(84,0,'Init: Sent request for order request','Sent order to PayNet : 288','{\"url:\":\"https:\\/\\/paynet.md:4446\\/api\\/Payments\",\"param:\":{\"products\":{\"Invoice\":\"2881547222360\",\"Customer\":{\"Code\":54,\"Name\":\"qwe Surname\",\"Address\":\"qwe Last name, invoice address is empty, MD-0000 Chisinau, \\u041c\\u043e\\u043b\\u0434\\u043e\\u0432\\u0430, 234234\"},\"Currency\":498,\"ExpiryDate\":\"2019-01-11T18:29:20\",\"Services\":[{\"Name\":\"Order payment for Cadouri.md\",\"Description\":\"Online payment\",\"Products\":[{\"LineNo\":1,\"Code\":288,\"Name\":\"Payment from my shop\",\"Description\":\"Payment id order: 288\",\"Quantity\":1,\"UnitPrice\":572800}],\"Amount\":572800}],\"MerchantCode\":\"454780\"},\"header\":[\"Content-length: 780\",\"Authorization: bearer IQ7PMueF-tLtuyqd676FceLEJ3IHGjBwyTqXmc_HPTZ4qWUsq35ZXxK_Atce-9MtVVFJ0Wxer8lhoe48r9aqoHW5TxGknksl0Np9RQWdPqA2Ld4wLzXdk6JwP-FmCp55pKPJqO_PQasaBRMIZ16WxAw2FxC6l4BDFo5YRDMN-VRyzjkclWoMPxeqBgRjGrk43hJEc5NAj3PbPB4DMtU_h5D63jTuplbLyjTuU765-hBaBMJ4UFQzqp9BDOcOsOsNHFnNX68tx4dl-uWnO-KOWdnrAXZq79cQfL9d0VHTU37kzVrQzvlsYng8dtsy_F1f49IGm11dfvC5QgyUpmWzcNYPSoaVeHzJmdzDIQTwKLbgc4WVlFu_HG2Hr4QUP-4j9O_MzmcKWDky6z5xB1WtGBbImxVNdZxIFyo6evcqH8FP8MjzRzaeWMVE2yGlhuAt1Dy7YL_So06pbMaDYw_-0m6ATeXL5PXkEqyDdeJZg7L_h5stx5uT8XalN4wkQa4yq-uS956JNCh9-NsR1LiCjppHE4f70zcydmZEmZh2GUuKMmXIO7XicHCUwgBRqxZlShRLSAT7UJe7mpLtUiJj5tA6GrFfOATbMFTJUI-QnqgkrPEdF0r5NoN5RPB9E928m6BCUyHaAiuVPELXB-TiqzTO_mEm_4ntxfFACCoECsCrjl7vRGrlALPCxrLKU_8elufFr07O3V6iB3IRuYUmXRAa2921qZ-6oJHIa9Olm0IrqAnjwqHhKZN0kOwAbgQv\"]}}','{\"OperationId\":0,\"LoyaltyTransaction\":null,\"Confirmed\":null,\"Processed\":null,\"Canceled\":null,\"CustomerKey\":\"00000000-0000-0000-0000-000000000000\",\"CustomerCode\":null,\"BonusAmount\":null,\"DiscountAmount\":0,\"MoneyInfo\":null,\"CustomerInfo\":null,\"PaymentId\":297015,\"Status\":1,\"Registered\":\"2019-01-11T17:59:20.33\",\"Amount\":572800,\"Commission\":0,\"Invoice\":2881547222360,\"MerchantCode\":\"454780\",\"LinkUrlSuccess\":null,\"LinkUrlCancel\":null,\"Signature\":\"9a42115321435e746a6fc0a1b6332cab\",\"Customer\":{\"Code\":\"54\",\"Name\":null,\"Address\":\"qwe Last name, invoice address is empty, MD-0000 Chisinau, Молдова, 234234\"},\"Payer\":null,\"Currency\":498,\"ExternalDate\":\"2019-01-11T17:59:20.33\",\"ExpiryDate\":\"2019-01-11T18:29:20\",\"Services\":[{\"Name\":\"Card of products\",\"Description\":\"Cart of products\",\"Amount\":572800,\"Products\":[{\"GroupName\":null,\"QualitiesConcat\":null,\"LineNo\":1,\"GroupId\":null,\"Code\":\"undefinedServiceCode1\",\"Barcode\":null,\"Name\":\"Order payment for Cadouri.md\",\"Description\":\"Online payment\",\"UnitPrice\":null,\"UnitProduct\":null,\"Quantity\":null,\"Amount\":572800,\"Dimensions\":null,\"Qualities\":null,\"TotalAmount\":572800}]}]}','2019-01-11 17:59:20','2019-01-11 17:59:20'),
	(85,0,'Init: Sent request for order request','Sent order to PayNet : 288','{\"url:\":\"https:\\/\\/paynet.md:4446\\/api\\/Payments\",\"param:\":{\"products\":{\"Invoice\":\"2881547222416\",\"Customer\":{\"Code\":54,\"Name\":\"qwe Surname\",\"Address\":\"qwe Last name, invoice address is empty, MD-0000 Chisinau, \\u041c\\u043e\\u043b\\u0434\\u043e\\u0432\\u0430, 234234\"},\"Currency\":498,\"ExpiryDate\":\"2019-01-11T18:30:16\",\"Services\":[{\"Name\":\"Order payment for Cadouri.md\",\"Description\":\"Online payment\",\"Products\":[{\"LineNo\":1,\"Code\":288,\"Name\":\"Payment from my shop\",\"Description\":\"Payment id order: 288\",\"Quantity\":1,\"UnitPrice\":572800}],\"Amount\":572800}],\"MerchantCode\":\"454780\"},\"header\":[\"Content-length: 780\",\"Authorization: bearer j0C9w183N1cILQykNB_WAQjavTplJ3dt70Cc_zBBeEKDaQBAvCLtwwp_R_wVcyD6MA_f43Kd3_N4CmamLbjLQhcmL4LY80zL2wCkr2Jlco5-nCLtioOFkJovKL4aCwgcF2RJOpN1ru9JVWVg276W4HeJ97zlMb2SC2GJvHQmzyswxsHGQpyoEpuAovZQ3JAu59nMj-ZGb-neyJHfUnVudIl9I21S14yKPUZKHJqbsUUrv04zc5qCZ6NUlizq3Wd-9-puWs-pfFpOaMf6R_x4LThOhBDN-d5o6JQ4Ik5YFFm6oUACVomBLMTuq8AYm_avUFQTvxkH9xM1BAgRCQwyEN9uXwB3OuoDTWMTbGLA83I0jsZOYuAlDa71MZLiycDfWRnL84sPMzqN1dGyIs4pk_uLgi7Ov7xljSRl7oy4_l6XBOkZT_EANq-XoMabKlJ-7LKS82oRPMtYLxUWZRUmVpATAh57bgpg4fHZ-KKKGS4o9sIF6aDXTEgcWu06_dRKohmOqiPLZ6OSe_xlrVFBm2PPQ8MFBY6Im-IPXguZVtwnqBvo60zvB1Bw2oYKk8eNarEvlaQw9CKvoifBOD5nkpLKid3YqzUuudDDvFWmR0nDaykvh9UQjRr1kn6sY_leNlJeVT13E8LAcNckRPu00axQgSe70gBbLA7-v0eLAZihVrzR1JyqW4c-gJ94wEvs498x8REkAy70lSToM5zG82bAloAV9j3XnVy4T-Nt2m3xtu6OopLMubIGsrZ38QiJ\"]}}','{\"OperationId\":0,\"LoyaltyTransaction\":null,\"Confirmed\":null,\"Processed\":null,\"Canceled\":null,\"CustomerKey\":\"00000000-0000-0000-0000-000000000000\",\"CustomerCode\":null,\"BonusAmount\":null,\"DiscountAmount\":0,\"MoneyInfo\":null,\"CustomerInfo\":null,\"PaymentId\":297016,\"Status\":1,\"Registered\":\"2019-01-11T18:00:17.147\",\"Amount\":572800,\"Commission\":0,\"Invoice\":2881547222416,\"MerchantCode\":\"454780\",\"LinkUrlSuccess\":null,\"LinkUrlCancel\":null,\"Signature\":\"4cf29d293c29c4270faa02b950911d4f\",\"Customer\":{\"Code\":\"54\",\"Name\":null,\"Address\":\"qwe Last name, invoice address is empty, MD-0000 Chisinau, Молдова, 234234\"},\"Payer\":null,\"Currency\":498,\"ExternalDate\":\"2019-01-11T18:00:17.147\",\"ExpiryDate\":\"2019-01-11T18:30:16\",\"Services\":[{\"Name\":\"Card of products\",\"Description\":\"Cart of products\",\"Amount\":572800,\"Products\":[{\"GroupName\":null,\"QualitiesConcat\":null,\"LineNo\":1,\"GroupId\":null,\"Code\":\"undefinedServiceCode1\",\"Barcode\":null,\"Name\":\"Order payment for Cadouri.md\",\"Description\":\"Online payment\",\"UnitPrice\":null,\"UnitProduct\":null,\"Quantity\":null,\"Amount\":572800,\"Dimensions\":null,\"Qualities\":null,\"TotalAmount\":572800}]}]}','2019-01-11 18:00:17','2019-01-11 18:00:17'),
	(86,0,'Init: Sent request for order request','Sent order to PayNet : 288','{\"url:\":\"https:\\/\\/paynet.md:4446\\/api\\/Payments\",\"param:\":{\"products\":{\"Invoice\":\"2881547222420\",\"Customer\":{\"Code\":54,\"Name\":\"qwe Surname\",\"Address\":\"qwe Last name, invoice address is empty, MD-0000 Chisinau, \\u041c\\u043e\\u043b\\u0434\\u043e\\u0432\\u0430, 234234\"},\"Currency\":498,\"ExpiryDate\":\"2019-01-11T18:30:20\",\"Services\":[{\"Name\":\"Order payment for Cadouri.md\",\"Description\":\"Online payment\",\"Products\":[{\"LineNo\":1,\"Code\":288,\"Name\":\"Payment from my shop\",\"Description\":\"Payment id order: 288\",\"Quantity\":1,\"UnitPrice\":572800}],\"Amount\":572800}],\"MerchantCode\":\"454780\"},\"header\":[\"Content-length: 780\",\"Authorization: bearer JXpwLw08-RvxWjuLamAaVrIh_sCOkQsH-Z5w3W7-OLkg5jthMulhd6OO0RYTVdsp3p6-Bow8eqJtKqRncMmKE3EIvZjwk9ErnPmjxGRxmcRTUCbCIOCD04T_y521wKXfS3s2MVdFK6Ga5sT3OvSS7Kfhqr6351PgSNSdK1_JVwtkVxb2Vxzn7-1hEsXCWD6zwzKKKl6T_JYBRvBxnx6MkSJAUD2GqTDxHGHPpxHF4lZwO0qq_vSHACJVqDesLrzpmbJ6FZkKGuUSLYY8qyZuBMUu2ssjv-fgbzSASqPOK-SACcPkTW2zB1qi3ntzmhdyFNiHgt64n19jnbRO4L9lG3TfPUQqh9e9Mql2SBTsU7945U7h_rH8vxxITZWltdezjitM2nPG9E_AjcK6tRFN0PJPq1wyfZWsiqveAR7W5wdtFlOvazmREWaMTe5FSblr9gBdCVCsdesGdObHcjVzEHPBdCe6Vp5pxfhlkYpETkI6GdfiLGhZUciIlDs0I0iGq2krsIcck6oKhKgjT1mw5_-tmvK4Oo6R4lazgq2Ke2zfylZ05o9ukNk7CNngFV2LrloOFQE8h8Euse15HBK9JMDZAcWDuNEOkgqAMFkAyw4rSMEa9NtRi7hv04sKpAYYRlgGqUtiPcZZ-Kw7nyofNUJAEmj-ECJXwUS38ttmL5-m4NNDxJmhzJKDUvvf8e1iqfsI6Y2Q8V5m5alj42q_Fm-dAbKEQrJlXaVJreAlFuxiGuuyKw_B4PAYHnLjvw3W\"]}}','{\"OperationId\":0,\"LoyaltyTransaction\":null,\"Confirmed\":null,\"Processed\":null,\"Canceled\":null,\"CustomerKey\":\"00000000-0000-0000-0000-000000000000\",\"CustomerCode\":null,\"BonusAmount\":null,\"DiscountAmount\":0,\"MoneyInfo\":null,\"CustomerInfo\":null,\"PaymentId\":297018,\"Status\":1,\"Registered\":\"2019-01-11T18:00:21.14\",\"Amount\":572800,\"Commission\":0,\"Invoice\":2881547222420,\"MerchantCode\":\"454780\",\"LinkUrlSuccess\":null,\"LinkUrlCancel\":null,\"Signature\":\"9a9d0292d35e91171c25424f6de84145\",\"Customer\":{\"Code\":\"54\",\"Name\":null,\"Address\":\"qwe Last name, invoice address is empty, MD-0000 Chisinau, Молдова, 234234\"},\"Payer\":null,\"Currency\":498,\"ExternalDate\":\"2019-01-11T18:00:21.137\",\"ExpiryDate\":\"2019-01-11T18:30:20\",\"Services\":[{\"Name\":\"Card of products\",\"Description\":\"Cart of products\",\"Amount\":572800,\"Products\":[{\"GroupName\":null,\"QualitiesConcat\":null,\"LineNo\":1,\"GroupId\":null,\"Code\":\"undefinedServiceCode1\",\"Barcode\":null,\"Name\":\"Order payment for Cadouri.md\",\"Description\":\"Online payment\",\"UnitPrice\":null,\"UnitProduct\":null,\"Quantity\":null,\"Amount\":572800,\"Dimensions\":null,\"Qualities\":null,\"TotalAmount\":572800}]}]}','2019-01-11 18:00:21','2019-01-11 18:00:21'),
	(87,0,'Init: Sent request for order request','Sent order to PayNet : 288','{\"url:\":\"https:\\/\\/paynet.md:4446\\/api\\/Payments\",\"param:\":{\"products\":{\"Invoice\":\"2881547234490\",\"Customer\":{\"Code\":54,\"Name\":\"qwe Surname\",\"Address\":\"qwe Last name, invoice address is empty, MD-0000 Chisinau, \\u041c\\u043e\\u043b\\u0434\\u043e\\u0432\\u0430, 234234\"},\"Currency\":498,\"ExpiryDate\":\"2019-01-11T21:51:30\",\"Services\":[{\"Name\":\"Order payment for Cadouri.md\",\"Description\":\"Online payment\",\"Products\":[{\"LineNo\":1,\"Code\":288,\"Name\":\"Payment from my shop\",\"Description\":\"Payment id order: 288\",\"Quantity\":1,\"UnitPrice\":572800}],\"Amount\":572800}],\"MerchantCode\":\"454780\"},\"header\":[\"Content-length: 780\",\"Authorization: bearer n55GXsfnNnQUz1MXMz9LSiuWWaiLwpmzuCg8BbJIoMFl6JehBYz_Zyh7kpzNRjBuXxZOUfb-jdYL07q2835oOUhZRGI_QPSgorh22zD4jeCZfGbjMT0qQZ4WmvDuV0JJXPM-fib42URyQatGbutiqN4GQ1g0BWJmpq-_m89GKK5sfzOlfLRuuUzKAHloB9ojiSb2eGOFWxrtv-G9wmdAKjijTxExVtGICBHesZdgry2ylOOQnioT7wzSBV-Y_hel91rn-QGb-u3cFOEP0_lqqChMPBVdEMrletLWWelWhpLIO0ciwWb342TTPshfudDc2qv0NZ3IfyQ9YtQSSeM6i0CbouygienFH72MpaxN_30gBspA5J0tf6jPK4TkmMyiJXU3DmgWlAtrXOsHt2OJT8eSsUwegehGMr0hS98_pgexWCqUG3Fu26Ayv20HFhC0zuIqEIhXKfRF6RSV6m40mNxrLB97bFZeqRdkB86_is2hMGl8stLQTkv0CzPXt2o9caLcrK4JWxKicRpDBub-D3p0bWy9RZDl7Tqkj82NKfjjW4O8nlGqYemF1qUb5-GdjycbVsF2A6U_am-H60fnJvHEZzyxFXAqg_PVnB1LTEmJmbpLeohlxDpKhn6aNNwUxUKTg3sPg7KHev2FGhipjldAjxfoDuZScQTsG1MPPEdeLQqr7MGgyUjwS9O93TEBsViUXJURfGiE7zGcuxvYE9ocTkF35DsfIdsUq0X9YyAdTzjKJe9B6TaorOoHdzmG\"]}}','{\"OperationId\":0,\"LoyaltyTransaction\":null,\"Confirmed\":null,\"Processed\":null,\"Canceled\":null,\"CustomerKey\":\"00000000-0000-0000-0000-000000000000\",\"CustomerCode\":null,\"BonusAmount\":null,\"DiscountAmount\":0,\"MoneyInfo\":null,\"CustomerInfo\":null,\"PaymentId\":297214,\"Status\":1,\"Registered\":\"2019-01-11T21:21:30.253\",\"Amount\":572800,\"Commission\":0,\"Invoice\":2881547234490,\"MerchantCode\":\"454780\",\"LinkUrlSuccess\":null,\"LinkUrlCancel\":null,\"Signature\":\"dc75c1c699f050f725fbd09ba47a7693\",\"Customer\":{\"Code\":\"54\",\"Name\":null,\"Address\":\"qwe Last name, invoice address is empty, MD-0000 Chisinau, Молдова, 234234\"},\"Payer\":null,\"Currency\":498,\"ExternalDate\":\"2019-01-11T21:21:30.253\",\"ExpiryDate\":\"2019-01-11T21:51:30\",\"Services\":[{\"Name\":\"Card of products\",\"Description\":\"Cart of products\",\"Amount\":572800,\"Products\":[{\"GroupName\":null,\"QualitiesConcat\":null,\"LineNo\":1,\"GroupId\":null,\"Code\":\"undefinedServiceCode1\",\"Barcode\":null,\"Name\":\"Order payment for Cadouri.md\",\"Description\":\"Online payment\",\"UnitPrice\":null,\"UnitProduct\":null,\"Quantity\":null,\"Amount\":572800,\"Dimensions\":null,\"Qualities\":null,\"TotalAmount\":572800}]}]}','2019-01-11 21:21:30','2019-01-11 21:21:30'),
	(88,0,'Init: Sent request for order request','Sent order to PayNet : 290','{\"url:\":\"https:\\/\\/paynet.md:4446\\/api\\/Payments\",\"param:\":{\"products\":{\"Invoice\":\"2901547235600\",\"Customer\":{\"Code\":55,\"Name\":\"Name Surname\",\"Address\":\"First name Last name, invoice address is empty, MD-0000 Chisinau, \\u041c\\u043e\\u043b\\u0434\\u043e\\u0432\\u0430, 235235\"},\"Currency\":498,\"ExpiryDate\":\"2019-01-11T22:10:00\",\"Services\":[{\"Name\":\"Order payment for Cadouri.md\",\"Description\":\"Online payment\",\"Products\":[{\"LineNo\":1,\"Code\":290,\"Name\":\"Payment from my shop\",\"Description\":\"Payment id order: 290\",\"Quantity\":1,\"UnitPrice\":65500}],\"Amount\":65500}],\"MerchantCode\":\"454780\"},\"header\":[\"Content-length: 786\",\"Authorization: bearer uGiFb38TGqGzFLNazBnHY6XkCKNHnvlZFMXAEXFOcCb2Jry9C2925g-QZ7YsFLYdKEQLjwhm6Mk5dB0St4x5s1HRD96GPXcUbony1QwvVu4j060OjjGglRBJ5PmBhhDKo2Q7pmfLQBuRWoYctC5d0n0rhtknbFHgP1BbMvE5MEKFTQXGrrsbRwylI7qDCoCDtSFCpIvf7LITrxYsrjjlGIZSEa9FA6p6cRCMmlgQNh9pdMR7TmQqCaYOFB_5586onwcmSQZgBKkS7E74DfJBdbYWheKaZCiK_fhDsHFQf2doOD_QY3JAnPugwARCgtC866mOCikdJXKqq-WjLsl3ueur9Wf9HpX9oHzPndBwI2_59MjSHsf1MHJksLfcWEQKWVBrnLXiOD1B-3UufvszpiGtJnEYwqgGmdlXCad8lIBOTlq1CPCyeurcsDR7Vkm6Mj7AZLhH1z6Htlv5qaYlAFaTwk-fOwo9TA-c3243_Wub2gYTjSVjER5dvgmzEzG-cgPAAqhzeOPQc7x8gsnXuc2D_9h1S6EjyVZucYsWvydoOSPqsDIU_7TfHATWruAfr6TvqvSg8v-vsT8ptzwTAX0NLfIlqOQlkw3vX7FFHp-PykkCIHPkAlj23r-NcoL8nI2tEDdEqzHRHZjaX2Ie_bNbRl4xFjbFYBxuuukdaRNlwb1Jxd_MJAe17rRREK5HiM155bDXrZ_FrEII4BPwYj21lUiGPrcZiyHVqePzHX7-jKvC5XO1ES6hdcLi3COn\"]}}','{\"OperationId\":0,\"LoyaltyTransaction\":null,\"Confirmed\":null,\"Processed\":null,\"Canceled\":null,\"CustomerKey\":\"00000000-0000-0000-0000-000000000000\",\"CustomerCode\":null,\"BonusAmount\":null,\"DiscountAmount\":0,\"MoneyInfo\":null,\"CustomerInfo\":null,\"PaymentId\":297233,\"Status\":1,\"Registered\":\"2019-01-11T21:40:00.95\",\"Amount\":65500,\"Commission\":0,\"Invoice\":2901547235600,\"MerchantCode\":\"454780\",\"LinkUrlSuccess\":null,\"LinkUrlCancel\":null,\"Signature\":\"0b880104068d9fca335c33db3de7d6c2\",\"Customer\":{\"Code\":\"55\",\"Name\":null,\"Address\":\"First name Last name, invoice address is empty, MD-0000 Chisinau, Молдова, 235235\"},\"Payer\":null,\"Currency\":498,\"ExternalDate\":\"2019-01-11T21:40:00.947\",\"ExpiryDate\":\"2019-01-11T22:10:00\",\"Services\":[{\"Name\":\"Card of products\",\"Description\":\"Cart of products\",\"Amount\":65500,\"Products\":[{\"GroupName\":null,\"QualitiesConcat\":null,\"LineNo\":1,\"GroupId\":null,\"Code\":\"undefinedServiceCode1\",\"Barcode\":null,\"Name\":\"Order payment for Cadouri.md\",\"Description\":\"Online payment\",\"UnitPrice\":null,\"UnitProduct\":null,\"Quantity\":null,\"Amount\":65500,\"Dimensions\":null,\"Qualities\":null,\"TotalAmount\":65500}]}]}','2019-01-11 21:40:01','2019-01-11 21:40:01'),
	(89,0,'Init: Sent request for order request','Sent order to PayNet : 294','{\"url:\":\"https:\\/\\/paynet.md:4446\\/api\\/Payments\",\"param:\":{\"products\":{\"Invoice\":\"2941547263258\",\"Customer\":{\"Code\":56,\"Name\":\"\\u0442\\u0435\\u0441\\u0442 Surname\",\"Address\":\"\\u0442\\u0435\\u0441\\u0442 Last name, invoice address is empty, MD-0000 Chisinau, \\u041c\\u043e\\u043b\\u0434\\u043e\\u0432\\u0430, 012345678\"},\"Currency\":498,\"ExpiryDate\":\"2019-01-12T05:50:58\",\"Services\":[{\"Name\":\"Order payment for Cadouri.md\",\"Description\":\"Online payment\",\"Products\":[{\"LineNo\":1,\"Code\":294,\"Name\":\"Payment from my shop\",\"Description\":\"Payment id order: 294\",\"Quantity\":1,\"UnitPrice\":78400}],\"Amount\":78400}],\"MerchantCode\":\"454780\"},\"header\":[\"Content-length: 823\",\"Authorization: bearer Mq-JPivQdGkkeWvatIhk5tJHDjhvXfJsrvO-O3WxlN1PKHgjWjx2hfwnHSemf-u1KWHeozJsU3bifVgqgvcuhJ8uTtkkLOJ7wP4yPSjq1jn5a4_jFE6qR6GU50-Lwt9hRGydbC5E5Ty6Je0LIXKMFLV0XlaFG86r-V_hg9u4X_x2d0_1KkKLL6X85ykA3tLUngnzBgGTx1Nn2z4dh75nbcxkzyf15UioI0SuAldb9a67LDOfYwb7pQsPFHpQTayKBY2nL6TJ8dDhvoaRql-wDlK7eYLgv46GYhO1vjwT6vSG_CXNVGWRb6M9LZ9N4uonQ9GNjX06OtCIj8ckzB9dZjcFyVWyXoYmDNkwa6OWVSHzXNYU1NpcZB73uo8DEEcG6XRu_JafjYdWOydFqtjHqy9jZm3n-Bx1l6pUOyDZv2y7_EllqVoW9SrIIlX4Ht9ncz2xBHq8ogcI5w4GwGhvXmhpN0KG0V5a5qiGXtjmEIokxnEGHGeDPsNor4KdBAFfQOODU1JtSlX--alQmSyuP-WESZ5UjP_PTKG_Sl9gkcnodaeN8KWVJIzapvl4zRHHV9vO80Y-2dnRxXkDgnzRrcDEXS036jVYQJpcF8zHRW6aWSeSdnMYk70JT-xOyKaB-woPEOfF5ZtRKrxjEUM4wObXearomN6vPCb5i9S0gR5Aj927z2PfDtp44UFYn40_aB0DN8DOem3M5w8rI86QtP1Zev9E1SDpAiyaywow473IYntaXhX8URwniZ6u6SZm\"]}}','{\"OperationId\":0,\"LoyaltyTransaction\":null,\"Confirmed\":null,\"Processed\":null,\"Canceled\":null,\"CustomerKey\":\"00000000-0000-0000-0000-000000000000\",\"CustomerCode\":null,\"BonusAmount\":null,\"DiscountAmount\":0,\"MoneyInfo\":null,\"CustomerInfo\":null,\"PaymentId\":297374,\"Status\":1,\"Registered\":\"2019-01-12T05:21:00.62\",\"Amount\":78400,\"Commission\":0,\"Invoice\":2941547263258,\"MerchantCode\":\"454780\",\"LinkUrlSuccess\":null,\"LinkUrlCancel\":null,\"Signature\":\"3791556b8cf5ba008987cea2ff8464a0\",\"Customer\":{\"Code\":\"56\",\"Name\":null,\"Address\":\"тест Last name, invoice address is empty, MD-0000 Chisinau, Молдова, 012345678\"},\"Payer\":null,\"Currency\":498,\"ExternalDate\":\"2019-01-12T05:21:00.62\",\"ExpiryDate\":\"2019-01-12T05:50:58\",\"Services\":[{\"Name\":\"Card of products\",\"Description\":\"Cart of products\",\"Amount\":78400,\"Products\":[{\"GroupName\":null,\"QualitiesConcat\":null,\"LineNo\":1,\"GroupId\":null,\"Code\":\"undefinedServiceCode1\",\"Barcode\":null,\"Name\":\"Order payment for Cadouri.md\",\"Description\":\"Online payment\",\"UnitPrice\":null,\"UnitProduct\":null,\"Quantity\":null,\"Amount\":78400,\"Dimensions\":null,\"Qualities\":null,\"TotalAmount\":78400}]}]}','2019-01-12 05:21:01','2019-01-12 05:21:01'),
	(90,2,'Init: Sent request for order request','Sent order to PayNet : 295TECHNICAL_ERROR','{\"url:\":\"https:\\/\\/paynet.md:4446\\/api\\/Payments\",\"param:\":{\"products\":{\"Invoice\":\"2951547283720\",\"Customer\":{\"Code\":57,\"Name\":\"\\u0410\\u043b\\u0435\\u043a\\u0441\\u0430\\u043d\\u0434\\u0440\\u0430 \\u041b\\u0438\\u0442\\u0432\\u0438\\u043d\\u043e\\u0432\\u0430 \",\"Address\":\"\\u0410\\u043b\\u0435\\u043a\\u0441\\u0430\\u043d\\u0434\\u0440\\u0430 \\u041b\\u0438\\u0442\\u0432\\u0438\\u043d\\u043e\\u0432\\u0430, invoice address is empty, MD-0000 Chisinau, \\u041c\\u043e\\u043b\\u0434\\u043e\\u0432\\u0430, 069874038\"},\"Currency\":498,\"ExpiryDate\":\"2019-01-12T11:32:00\",\"Services\":[{\"Name\":\"Order payment for Cadouri.md\",\"Description\":\"Online payment\",\"Products\":[{\"LineNo\":1,\"Code\":295,\"Name\":\"Payment from my shop\",\"Description\":\"Payment id order: 295\",\"Quantity\":1,\"UnitPrice\":99000}],\"Amount\":99000}],\"MerchantCode\":\"454780\"},\"header\":[\"Content-length: 988\",\"Authorization: bearer dPQR8w-spXAmlZroJw5dWwQLkd1Bm2K-xmmCYixSRvQH52Wdlr8Rh6zFaZk7V0Sb-XSltBtm8KABlv3JJERLP4N8kF1BkMqq0TgbVh6H6ernhdGI-91pieXlsSQlyE2dcRiPay6zSeh6LN2m0TZRS82CAqSPkAeGsdbwoJvWqe1KC9qqKRxxwR_UEHmWoz1fuR9ruOBuGUEH0mrZ2VrqkCSkmRP9t3SCpTMLOF3TSExMoC8xVoEvwp9bzqEXfLMndxc0X_Yi2EvAzg9sFEWYQQSryj93RQJ1-_BF9swohARg9MrJJf4-1dPlNwBZSGDfye-pDCGliMfnTxqgpeMM1P27BHCHrqgdLr_2MYwA4xKlf3mu2QLaaXOh4WMzDBbSvczoxSpNUsCCb9fl5vabDv5wbibwaVcTf3MZBQ_K7V4lKksxPrSrwMiohgfrnwC4aktPe5nOC3wmh71VWJxAxH1wGvUv_eAnLIvpJmnlIGw2A8pHUc4tyhKB40UAzALyub68extd8AYHHU_p2ko8Z4HeRbXEIkYLEFPpdNxri5g8XYoBqrQ1PPQMfC5veHFXCJXz4p1h-3YJGDN38kpCm1HwlN8F2G5wkjVuDxCxLe8ps0NuU2xmKxyntv0VVFGIUtb2y2-HCxUp3QHHHaln1RpYI0NtQ7DrNmDlFHI8T5jUgl5EhrmSZrUBj6RagHYoNq50WYydTQ4mvDzzQWE7AYYJJtck7SccsiZ5H-q1l0al7HuFEhgRZ6oZ0QpNlE6T\"]}}','{\"Code\":\"1\",\"Message\":\"TECHNICAL_ERROR\"}','2019-01-12 11:02:31','2019-01-12 11:02:31'),
	(91,0,'Init: Sent request for order request','Sent order to PayNet : 84','{\"url:\":\"https:\\/\\/paynet.md:4446\\/api\\/Payments\",\"param:\":{\"products\":{\"Invoice\":\"841547283976\",\"Customer\":{\"Code\":46,\"Name\":\"Name Surname\",\"Address\":\"First name Last name, invoice address is empty, MD-0000 Chisinau, \\u041c\\u043e\\u043b\\u0434\\u043e\\u0432\\u0430, 079900914\"},\"Currency\":498,\"ExpiryDate\":\"2019-01-12T11:36:16\",\"Services\":[{\"Name\":\"Order payment for Cadouri.md\",\"Description\":\"Online payment\",\"Products\":[{\"LineNo\":1,\"Code\":84,\"Name\":\"Payment from my shop\",\"Description\":\"Payment id order: 84\",\"Quantity\":1,\"UnitPrice\":99000}],\"Amount\":99000}],\"MerchantCode\":\"454780\"},\"header\":[\"Content-length: 786\",\"Authorization: bearer FrV9CGKdvAWNwCEqP_aNv9NTUcnJtAXn4cAcgTK9E_ZX8J_CXwg8qlqDYUqd9NvxzT6PhU8VlJdtnv2f1n1365STr-nkDmNLZUip58KjLFBR4wFn68ZQAKCVFxu9Ta0YQ_uXzLbGcu7-8TWAO0H44fIOdSLODXOoup-6ZUwx1mEc9DjJdNoYvk_p_gkM9YUIod1x-NGvDYEsEyJ5KQbKCPLmq3X9e7UUMLe2-Ei2ajpe6z8UlXgIyAUcqCgqysFCu-8v2DWmuIT5uFlN4u56VPZOCDq9f-jYz2HYQqoZETj2p-rYW9OuOJ4vagQqXZPS1DNuQ6JWKUpdjprrEhvKapLibcYpKzQ3MpTN4GQcyF9yKeJZ8wRKdPcNBbx2zTsguxa-_96UJOOHzsa1piXb9Jf1TQE5MzSGc0N8751gvPLQ179f1OY4Au4z4tbrvbL0SFd0xvx4mFzg8zzJEf4syal0hE_fx_1gv5z14abTLt6gjTj6cp10fhl6T31k9I8QvcKDVyc6kZCsqTpvUVzgH3iP_WA_3UfyA0HyxU_6T0nJ4H7tJJSYbU3JivnSyNkrsJk01diqMj3W7Gvg0vSmg971Fi6Us_A59hoB30QMHtscjP5iPkDmCkTN7nJrfimbH5KZgIH7X9IfBPXeEXT_I1kGnIhFTDtSCyTbEBAW3L8PCM4XEiA3rXs_ndtEPnn_m7mE4kdHSgYCvuWMEPDJuCLx-fNEw4PPwWANZejre74UIX52frEUKrYwoSaeoFPj\"]}}','{\"OperationId\":0,\"LoyaltyTransaction\":null,\"Confirmed\":null,\"Processed\":null,\"Canceled\":null,\"CustomerKey\":\"00000000-0000-0000-0000-000000000000\",\"CustomerCode\":null,\"BonusAmount\":null,\"DiscountAmount\":0,\"MoneyInfo\":null,\"CustomerInfo\":null,\"PaymentId\":297493,\"Status\":1,\"Registered\":\"2019-01-12T11:06:16.583\",\"Amount\":99000,\"Commission\":0,\"Invoice\":841547283976,\"MerchantCode\":\"454780\",\"LinkUrlSuccess\":null,\"LinkUrlCancel\":null,\"Signature\":\"da6c5554ae164b4b736df7e0c6456860\",\"Customer\":{\"Code\":\"46\",\"Name\":null,\"Address\":\"First name Last name, invoice address is empty, MD-0000 Chisinau, Молдова, 079900914\"},\"Payer\":null,\"Currency\":498,\"ExternalDate\":\"2019-01-12T11:06:16.583\",\"ExpiryDate\":\"2019-01-12T11:36:16\",\"Services\":[{\"Name\":\"Card of products\",\"Description\":\"Cart of products\",\"Amount\":99000,\"Products\":[{\"GroupName\":null,\"QualitiesConcat\":null,\"LineNo\":1,\"GroupId\":null,\"Code\":\"undefinedServiceCode1\",\"Barcode\":null,\"Name\":\"Order payment for Cadouri.md\",\"Description\":\"Online payment\",\"UnitPrice\":null,\"UnitProduct\":null,\"Quantity\":null,\"Amount\":99000,\"Dimensions\":null,\"Qualities\":null,\"TotalAmount\":99000}]}]}','2019-01-12 11:06:16','2019-01-12 11:06:16'),
	(92,0,'Init: Sent request for order request','Sent order to PayNet : 13','{\"url:\":\"https:\\/\\/paynet.md:4446\\/api\\/Payments\",\"param:\":{\"products\":{\"Invoice\":\"131547288652\",\"Customer\":{\"Code\":5,\"Name\":\"Olga Pencencova\",\"Address\":\"Olga Last name, invoice address is empty, MD-0000 Chisinau, Republica Moldova, 07676977\"},\"Currency\":498,\"ExpiryDate\":\"2019-01-12T12:54:12\",\"Services\":[{\"Name\":\"Order payment for Cadouri.md\",\"Description\":\"Online payment\",\"Products\":[{\"LineNo\":1,\"Code\":13,\"Name\":\"Payment from my shop\",\"Description\":\"Payment id order: 13\",\"Quantity\":1,\"UnitPrice\":41850}],\"Amount\":41850}],\"MerchantCode\":\"454780\"},\"header\":[\"Content-length: 756\",\"Authorization: bearer MB-XkjLkh9PkqD5Rq7qM7O3sl-rjEKaPxn-GjuuJPKfbdwjcU2_NLjR6z_c3QukjlfzV-xw7B9QMK0Akcl2muOYaxsPzNuytgbadfVFPlj5geosZf-uh0DHmV3M4xQ8Em6RFL8NebH4H1bTlWcS-KL3EShSSEiIX9tyFfm74rSrtpOiOlG8UuuFLmWgmda2WKEDsXLJqT46jfZZdV4dakasIViTp5nXWTj6JOjiRqwrcQtDfZiBRCoR0wNISN62YYSS2XteEFwjVrcPc6uTLKjCjztnmeHnE_Xu6DR4cMyUC7ona-PH8qW9ktj7quoB_Vc8IEQwM4GLMq8aum09urPxR6ejtN53Qd7fEYsmn7ehi4APQowV8n6Fl-rTCH4R3UhxYwnWFlaIxDLEWA3TqbgtyG5Es0batGnPa2NVUyfBzX_CA65owa1qT_D7vqlE0dmP-Usuzd7e_WnldKR2e7mzPSZLv2k2B2Esww0a23avD8rue0kaF7RQaZjH4h2f6VEMby6hzyKdGd2VbhyfFGkSPexg1SJ_2o2Pxr1e099k2GKqLfjFU1Em90uevmpjlXBRN7j96CwrriyH-YtgFi8940wjogg4EiRN7bDO521vwIF_8QkxaJMSgGALtYs_Yex2HTm6xjtIxzkUZOKT108LCovG4fcD0kw95uYUhhN_tzpR3B55Dbs1pdD2-QYRbFxZ90IdOzKMZlhYIsGdgqQK9ILrlacQknljsW4Za0M_8En7Iyz4QepH1dIyosmqx\"]}}','{\"OperationId\":0,\"LoyaltyTransaction\":null,\"Confirmed\":null,\"Processed\":null,\"Canceled\":null,\"CustomerKey\":\"00000000-0000-0000-0000-000000000000\",\"CustomerCode\":null,\"BonusAmount\":null,\"DiscountAmount\":0,\"MoneyInfo\":null,\"CustomerInfo\":null,\"PaymentId\":297575,\"Status\":1,\"Registered\":\"2019-01-12T12:24:13.017\",\"Amount\":41850,\"Commission\":0,\"Invoice\":131547288652,\"MerchantCode\":\"454780\",\"LinkUrlSuccess\":null,\"LinkUrlCancel\":null,\"Signature\":\"2ffedb61fd0416334da5da641d9285ee\",\"Customer\":{\"Code\":\"5\",\"Name\":null,\"Address\":\"Olga Last name, invoice address is empty, MD-0000 Chisinau, Republica Moldova, 07676977\"},\"Payer\":null,\"Currency\":498,\"ExternalDate\":\"2019-01-12T12:24:13.017\",\"ExpiryDate\":\"2019-01-12T12:54:12\",\"Services\":[{\"Name\":\"Card of products\",\"Description\":\"Cart of products\",\"Amount\":41850,\"Products\":[{\"GroupName\":null,\"QualitiesConcat\":null,\"LineNo\":1,\"GroupId\":null,\"Code\":\"undefinedServiceCode1\",\"Barcode\":null,\"Name\":\"Order payment for Cadouri.md\",\"Description\":\"Online payment\",\"UnitPrice\":null,\"UnitProduct\":null,\"Quantity\":null,\"Amount\":41850,\"Dimensions\":null,\"Qualities\":null,\"TotalAmount\":41850}]}]}','2019-01-12 12:24:13','2019-01-12 12:24:13'),
	(93,0,'Init: Sent request for order request','Sent order to PayNet : 295','{\"url:\":\"https:\\/\\/paynet.md:4446\\/api\\/Payments\",\"param:\":{\"products\":{\"Invoice\":\"2951547289253\",\"Customer\":{\"Code\":57,\"Name\":\"\\u0410\\u043b\\u0435\\u043a\\u0441\\u0430\\u043d\\u0434\\u0440\\u0430 \\u041b\\u0438\\u0442\\u0432\\u0438\\u043d\\u043e\\u0432\\u0430 \",\"Address\":\"\\u0410\\u043b\\u0435\\u043a\\u0441\\u0430\\u043d\\u0434\\u0440\\u0430 \\u041b\\u0438\\u0442\\u0432\\u0438\\u043d\\u043e\\u0432\\u0430, invoice address is empty, MD-0000 Chisinau, \\u041c\\u043e\\u043b\\u0434\\u043e\\u0432\\u0430, 069874038\"},\"Currency\":498,\"ExpiryDate\":\"2019-01-12T13:04:13\",\"Services\":[{\"Name\":\"Order payment for Cadouri.md\",\"Description\":\"Online payment\",\"Products\":[{\"LineNo\":1,\"Code\":295,\"Name\":\"Payment from my shop\",\"Description\":\"Payment id order: 295\",\"Quantity\":1,\"UnitPrice\":49000}],\"Amount\":49000}],\"MerchantCode\":\"454780\"},\"header\":[\"Content-length: 988\",\"Authorization: bearer ojz1H1IFSVqZoZrkXYBvWGOEMiZ7OOzwxB-1U-f8ZoU0CMTSYopLLsfoS1JAVNYD1rmZYdvq1lf34f3jDbeEMkB3THNzwhKxBiJ5_lTYq3Nua7Q5zbPIxW05irIegGhBZovZEYceidmOom2xDBfefcDiyyPS6Eq47q9VfRTdAnqPAjI_HARpvx4ZTGrqZ5y3PCPa8UEgVqMo1dVtgQZFkKjh4dkAL8RvxUiOVR8frzSWktdY4rSN2NwziqG699N9o9NJmpwV7E9MqtTTYBUCrTnoKFfNWIjpy_mpGqmgsiXuT3644gxKjcUBSsQvLwFeOgELfaANhl61G4WITXGB2Vl_PGrGvXdiHzWvMkm_5x0AcdUwPxuaWL7pxCtdP9eTcZQqYvBvBKbSNrrBZQTBO-ycbGI6WsI_rd7DWDJdxx5LvywdO_Udw7X8ubBK_bnu_1r5ozZc-55hVKdVbLydmBszNxLRyle8g-d1s7J7VdA2imjXV6_KUm-JBnoiEiya08yttLXPsE9bzVwcVlsciX-EyrmXn342aiHWB4oCXEEylw9WUJaUr6kCDcr2oBOdAJAuNLmRe5a1RQWNPOTcP-wm6x2MF9A9mlpAryMJT_q3D78QCAh_pd2QIVYH7V4iu7m_E70Qyx23QQUdNf3OVa3ThEn9792kD_6seI_Lw8YtFYSelEyWyyizjxpMcE5dMXsGM_wZhu-bC8udu90z36Oc_A8B98dOdmW3t-00S3VUKUjA1tXdblUygrZkteL3\"]}}','{\"OperationId\":0,\"LoyaltyTransaction\":null,\"Confirmed\":null,\"Processed\":null,\"Canceled\":null,\"CustomerKey\":\"00000000-0000-0000-0000-000000000000\",\"CustomerCode\":null,\"BonusAmount\":null,\"DiscountAmount\":0,\"MoneyInfo\":null,\"CustomerInfo\":null,\"PaymentId\":297583,\"Status\":1,\"Registered\":\"2019-01-12T12:34:14.057\",\"Amount\":49000,\"Commission\":0,\"Invoice\":2951547289253,\"MerchantCode\":\"454780\",\"LinkUrlSuccess\":null,\"LinkUrlCancel\":null,\"Signature\":\"a79548c2c11604acfc951c37c88858e1\",\"Customer\":{\"Code\":\"57\",\"Name\":null,\"Address\":\"Александра Литвинова, invoice address is empty, MD-0000 Chisinau, Молдова, 069874038\"},\"Payer\":null,\"Currency\":498,\"ExternalDate\":\"2019-01-12T12:34:14.057\",\"ExpiryDate\":\"2019-01-12T13:04:13\",\"Services\":[{\"Name\":\"Card of products\",\"Description\":\"Cart of products\",\"Amount\":49000,\"Products\":[{\"GroupName\":null,\"QualitiesConcat\":null,\"LineNo\":1,\"GroupId\":null,\"Code\":\"undefinedServiceCode1\",\"Barcode\":null,\"Name\":\"Order payment for Cadouri.md\",\"Description\":\"Online payment\",\"UnitPrice\":null,\"UnitProduct\":null,\"Quantity\":null,\"Amount\":49000,\"Dimensions\":null,\"Qualities\":null,\"TotalAmount\":49000}]}]}','2019-01-12 12:34:14','2019-01-12 12:34:14'),
	(94,0,'Init: Sent request for order request','Sent order to PayNet : 295','{\"url:\":\"https:\\/\\/paynet.md:4446\\/api\\/Payments\",\"param:\":{\"products\":{\"Invoice\":\"2951547289503\",\"Customer\":{\"Code\":57,\"Name\":\"\\u0410\\u043b\\u0435\\u043a\\u0441\\u0430\\u043d\\u0434\\u0440\\u0430 \\u041b\\u0438\\u0442\\u0432\\u0438\\u043d\\u043e\\u0432\\u0430 \",\"Address\":\"\\u0410\\u043b\\u0435\\u043a\\u0441\\u0430\\u043d\\u0434\\u0440\\u0430 \\u041b\\u0438\\u0442\\u0432\\u0438\\u043d\\u043e\\u0432\\u0430, invoice address is empty, MD-0000 Chisinau, \\u041c\\u043e\\u043b\\u0434\\u043e\\u0432\\u0430, 069874038\"},\"Currency\":498,\"ExpiryDate\":\"2019-01-12T13:08:23\",\"Services\":[{\"Name\":\"Order payment for Cadouri.md\",\"Description\":\"Online payment\",\"Products\":[{\"LineNo\":1,\"Code\":295,\"Name\":\"Payment from my shop\",\"Description\":\"Payment id order: 295\",\"Quantity\":1,\"UnitPrice\":99000}],\"Amount\":99000}],\"MerchantCode\":\"454780\"},\"header\":[\"Content-length: 988\",\"Authorization: bearer pd-tS1HNDg30Cd3qZ7QKeWHdviHHaZUFe3RvIp44BhLRZ893qVuXwmnm0AMl58j99IrHmizccB3EAlSCtxXDdNctgKJ6HJm0fmX2sPclyq_mzGpYmXYDJOW5B9dxs9b-vMSCJvpdM3f9ndDtMgP6V2IgAEnNGc0OAWQlsUtVkNLdF0gVMK_ZaPGOPiJT277J_YLl15zA10EdL9Cssz6C7zAIgIRgxtBGkDJA8PAnyEQObXLGvC_8p9vjz97RM4J91s5RJt6-W-EDDu0cjVE0NQcAGLF3EsgAbnTPTvwE0NrI2eq_-hmP-sfHl2M6Si0B2XqOAZFqB29l7bRm0k2aOrDFWADFu4-PWnuaLcD9O19lhkAOnFxjS-Z7dGlvvMNGtrNjp6fK5wOHIPlRlHc5nxuq7ObFiG0Bd9eEun8c01D8CJ2NDGwxJR4L5Q48e897YA_syfcEfq2ZpgolLDlBlWOpqmCnnbdyZbFb6iLjBv4AiSMks6lRZDBrO1ShzoROSH7JqF_N-55PlhQ1yH9caXZ2cZVmqqgQsOyCPQmYrru_kYABQw7uQ43n3o6Jf0R1hwPrWXMbzNY5zQSEVTqbJ_zGlj5Ma4yL0VTOeiPJ8d1ER3k-8rnf8mWixLJ12K5j7Vp848_gAOSDgyEJly3zBkxGt_1DhnTfuSPwUy18A7crkGHduODRpNC6dOOdsH25Z-9rTcv0HOkflDGCRz7v_mT3bSuYXuRmcthdNdQWHzNXcNlJkPkMLeRLVyP5MlGB\"]}}','{\"OperationId\":0,\"LoyaltyTransaction\":null,\"Confirmed\":null,\"Processed\":null,\"Canceled\":null,\"CustomerKey\":\"00000000-0000-0000-0000-000000000000\",\"CustomerCode\":null,\"BonusAmount\":null,\"DiscountAmount\":0,\"MoneyInfo\":null,\"CustomerInfo\":null,\"PaymentId\":297590,\"Status\":1,\"Registered\":\"2019-01-12T12:38:23.27\",\"Amount\":99000,\"Commission\":0,\"Invoice\":2951547289503,\"MerchantCode\":\"454780\",\"LinkUrlSuccess\":null,\"LinkUrlCancel\":null,\"Signature\":\"c8aca8f0e6c621bddf21758cae763289\",\"Customer\":{\"Code\":\"57\",\"Name\":null,\"Address\":\"Александра Литвинова, invoice address is empty, MD-0000 Chisinau, Молдова, 069874038\"},\"Payer\":null,\"Currency\":498,\"ExternalDate\":\"2019-01-12T12:38:23.27\",\"ExpiryDate\":\"2019-01-12T13:08:23\",\"Services\":[{\"Name\":\"Card of products\",\"Description\":\"Cart of products\",\"Amount\":99000,\"Products\":[{\"GroupName\":null,\"QualitiesConcat\":null,\"LineNo\":1,\"GroupId\":null,\"Code\":\"undefinedServiceCode1\",\"Barcode\":null,\"Name\":\"Order payment for Cadouri.md\",\"Description\":\"Online payment\",\"UnitPrice\":null,\"UnitProduct\":null,\"Quantity\":null,\"Amount\":99000,\"Dimensions\":null,\"Qualities\":null,\"TotalAmount\":99000}]}]}','2019-01-12 12:38:23','2019-01-12 12:38:23'),
	(95,0,'Init: Sent request for order request','Sent order to PayNet : 295','{\"url:\":\"https:\\/\\/paynet.md:4446\\/api\\/Payments\",\"param:\":{\"products\":{\"Invoice\":\"2951547291977\",\"Customer\":{\"Code\":57,\"Name\":\"\\u0410\\u043b\\u0435\\u043a\\u0441\\u0430\\u043d\\u0434\\u0440\\u0430 \\u041b\\u0438\\u0442\\u0432\\u0438\\u043d\\u043e\\u0432\\u0430 \",\"Address\":\"\\u0410\\u043b\\u0435\\u043a\\u0441\\u0430\\u043d\\u0434\\u0440\\u0430 \\u041b\\u0438\\u0442\\u0432\\u0438\\u043d\\u043e\\u0432\\u0430, invoice address is empty, MD-0000 Chisinau, \\u041c\\u043e\\u043b\\u0434\\u043e\\u0432\\u0430, 069874038\"},\"Currency\":498,\"ExpiryDate\":\"2019-01-12T13:49:37\",\"Services\":[{\"Name\":\"Order payment for Cadouri.md\",\"Description\":\"Online payment\",\"Products\":[{\"LineNo\":1,\"Code\":295,\"Name\":\"Payment from my shop\",\"Description\":\"Payment id order: 295\",\"Quantity\":1,\"UnitPrice\":99000}],\"Amount\":99000}],\"MerchantCode\":\"454780\"},\"header\":[\"Content-length: 988\",\"Authorization: bearer BRG_-ilRi_XQmlW_8GX0CFzZHT1BHfDv8dGom7cWSqF9RW5LqCcNTa22NiDfb9691PPSx1nHq3MWR0xS-FrDn-MVI1taviOIah2y8BWkZJWpqnY18-pkm4sSNzwsp86bhOwKiHx-qPAMgfgp-JMmkvqe7UkLaxOmzPvEdtY9WeawljVXcuNcfHf93lnM7x6nYgVD1wMlkMBFfovpmi2LC0Y3AqapokzdWuNPfU_t0lGqGdhjjKubvKno8Aru8VxdDxeqzdaRgAD8As0jGwxc4S2hf1Wo2LI07ZkWGiTg-yQPvDWmg4KMefbsuXXbQ56dh2IvCK95Cib08wQYDFes94nJwZAWW03lLcn1TEWV4PzSYlYapv0WE8Ec5qKHR-s7zAGmUNsl503qyODClh0VK8fz1PYkM9zGoXP_ejLyelYxOo8iyalQWuH4PgPOLmjpFPWC-GUExSaWa5rRmc3qQbumoGjC2vMMevsKPE0ArYqb0vunTzTFBI2YtYhLLWZ0Xal7SW3yIUwQpXD17KgAmr3f7qrfE5RIMno5x8cFiurIyRB75ZCJ-l4tCY68ARtmgi-rAaP5RIKwdet80D7dADd8SdC8bJtzuIhMRvv0i1OJ2cmH9zgXncrDrx6p6oJ-IAD_d7mp2Q9i1aRlKUaxGE6trF-OvNTioc5JFOMtGU_UX9dptPbR7NQs_7zdqMadTvJyjIj6g7A3tdz8Vi1QQxwUTPZm2Iq1PH2yZ_dHxTsmCVR5Fem6SEQ0R5H2TVrA\"]}}','{\"OperationId\":0,\"LoyaltyTransaction\":null,\"Confirmed\":null,\"Processed\":null,\"Canceled\":null,\"CustomerKey\":\"00000000-0000-0000-0000-000000000000\",\"CustomerCode\":null,\"BonusAmount\":null,\"DiscountAmount\":0,\"MoneyInfo\":null,\"CustomerInfo\":null,\"PaymentId\":297659,\"Status\":1,\"Registered\":\"2019-01-12T13:19:37.47\",\"Amount\":99000,\"Commission\":0,\"Invoice\":2951547291977,\"MerchantCode\":\"454780\",\"LinkUrlSuccess\":null,\"LinkUrlCancel\":null,\"Signature\":\"fe1e4e34d7f1dae885e43047d7752c91\",\"Customer\":{\"Code\":\"57\",\"Name\":null,\"Address\":\"Александра Литвинова, invoice address is empty, MD-0000 Chisinau, Молдова, 069874038\"},\"Payer\":null,\"Currency\":498,\"ExternalDate\":\"2019-01-12T13:19:37.47\",\"ExpiryDate\":\"2019-01-12T13:49:37\",\"Services\":[{\"Name\":\"Card of products\",\"Description\":\"Cart of products\",\"Amount\":99000,\"Products\":[{\"GroupName\":null,\"QualitiesConcat\":null,\"LineNo\":1,\"GroupId\":null,\"Code\":\"undefinedServiceCode1\",\"Barcode\":null,\"Name\":\"Order payment for Cadouri.md\",\"Description\":\"Online payment\",\"UnitPrice\":null,\"UnitProduct\":null,\"Quantity\":null,\"Amount\":99000,\"Dimensions\":null,\"Qualities\":null,\"TotalAmount\":99000}]}]}','2019-01-12 13:19:37','2019-01-12 13:19:37'),
	(96,4,'Warning HASH is not correct!','PAID','','{\"Eventid\":226784,\"EventType\":\"PAID\",\"EventDate\":\"2019-01-12T13:21:57.71\",\"Payment\":{\"Id\":297659,\"ExternalId\":2951547291977,\"SaleAreaCode\":null,\"Customer\":null,\"StatusDate\":\"2019-01-12T13:21:57.59\",\"Amount\":99000,\"Merchant\":\"cadourimd\"}}','2019-01-12 13:21:59','2019-01-12 13:21:59'),
	(97,0,'Init: Sent request for order request','Sent order to PayNet : 301','{\"url:\":\"https:\\/\\/paynet.md:4446\\/api\\/Payments\",\"param:\":{\"products\":{\"Invoice\":\"3011547722112\",\"Customer\":{\"Code\":58,\"Name\":\"\\u0410\\u043b\\u043b\\u0430 \\u041a\\u0443\\u0448\\u043d\\u0438\\u0440  \",\"Address\":\"\\u0410\\u043b\\u043b\\u0430 \\u041a\\u0443\\u0448\\u043d\\u0438\\u0440, invoice address is empty, MD-0000 Chisinau, \\u041c\\u043e\\u043b\\u0434\\u043e\\u0432\\u0430, +373-79-40-30-63\"},\"Currency\":498,\"ExpiryDate\":\"2019-01-17T13:18:32\",\"Services\":[{\"Name\":\"Order payment for Cadouri.md\",\"Description\":\"Online payment\",\"Products\":[{\"LineNo\":1,\"Code\":301,\"Name\":\"Payment from my shop\",\"Description\":\"Payment id order: 301\",\"Quantity\":1,\"UnitPrice\":114500}],\"Amount\":114500}],\"MerchantCode\":\"454780\"},\"header\":[\"Content-length: 892\",\"Authorization: bearer dlS-1bbDJJVbJRErYG_ltB3yPSz_lnxew_iHRY9ukCAo1qyYukImxiF2SEBI2cc8TnvxpkXJUOFjy-q8f6rcAakVXf1nHkFnUXbDKMXlxo8pc0pzyJ7jb_AxJUBqGPXV0-2quQoIczEjNywCl_VzKodiGKfCqynysp23YOUiaKafrS9tIoy2cJ2lm_d84Jf8sukWqXyAvaPraeuCskuXpaPUr5WHL8JzYp0CdNGeZ2iKHgDpypcrlhPDd0NhuUDtHMil1bE5d1YS8pELXjjavhF6HNjFBZKm4n12OZJ-g4rGVad67bDiqf9gtdiVKkhOCTgZKojZ2DCnAcVKo6tJQcja81dXqJHAI_--0vhcSmMJfEwFH9_w4_XBqF1Uyiu7P9w8zyp4dWsXD_YQ1cTjObkJYlaYFXD02ptgBiIKDnnA-m-5CIZsg2pl3HqVVd0aF9CgMwJjqJnoWzj4-tkgtGZVMYjE8X8gfdnYoWuree5vgsiilUmbXQ001nOst534J6We7JRyJRr4Tg722-ekwvoci1Pf2fpnEGMW07bIhkGHnKuxrEsaoflqtHgIJW0n6yloElW_ryBCAc_dJz5iEXc50SXKQ0XGwA0p-Qz1hVV-c7rjgueSLBWxqTpn30nIIAfZaPMaUTAmhlL01PEvhgOBW0nkFlnhl3Z_34v_rZnzGwoyyLbRPVx_B5xkA2iBVkgncRhzkc0tEU8WwG7jgZhBVmQeLZMnxOjaDrJ_z2RNsoixK_bzNPqX9-ClmWcw\"]}}','{\"OperationId\":0,\"LoyaltyTransaction\":null,\"Confirmed\":null,\"Processed\":null,\"Canceled\":null,\"CustomerKey\":\"00000000-0000-0000-0000-000000000000\",\"CustomerCode\":null,\"BonusAmount\":null,\"DiscountAmount\":0,\"MoneyInfo\":null,\"CustomerInfo\":null,\"PaymentId\":301546,\"Status\":1,\"Registered\":\"2019-01-17T12:48:33.07\",\"Amount\":114500,\"Commission\":0,\"Invoice\":3011547722112,\"MerchantCode\":\"454780\",\"LinkUrlSuccess\":null,\"LinkUrlCancel\":null,\"Signature\":\"082871585aa0e24ce74a8f0d206df675\",\"Customer\":{\"Code\":\"58\",\"Name\":null,\"Address\":\"Алла Кушнир, invoice address is empty, MD-0000 Chisinau, Молдова, +373-79-40-30-63\"},\"Payer\":null,\"Currency\":498,\"ExternalDate\":\"2019-01-17T12:48:33.07\",\"ExpiryDate\":\"2019-01-17T13:18:32\",\"Services\":[{\"Name\":\"Card of products\",\"Description\":\"Cart of products\",\"Amount\":114500,\"Products\":[{\"GroupName\":null,\"QualitiesConcat\":null,\"LineNo\":1,\"GroupId\":null,\"Code\":\"undefinedServiceCode1\",\"Barcode\":null,\"Name\":\"Order payment for Cadouri.md\",\"Description\":\"Online payment\",\"UnitPrice\":null,\"UnitProduct\":null,\"Quantity\":null,\"Amount\":114500,\"Dimensions\":null,\"Qualities\":null,\"TotalAmount\":114500}]}]}','2019-01-17 12:48:33','2019-01-17 12:48:33'),
	(98,4,'Warning HASH is not correct!','PAID','','{\"Eventid\":228430,\"EventType\":\"PAID\",\"EventDate\":\"2019-01-17T12:52:03.237\",\"Payment\":{\"Id\":301546,\"ExternalId\":3011547722112,\"SaleAreaCode\":null,\"Customer\":null,\"StatusDate\":\"2019-01-17T12:52:03.11\",\"Amount\":114500,\"Merchant\":\"cadourimd\"}}','2019-01-17 12:52:06','2019-01-17 12:52:06'),
	(99,0,'Init: Sent request for order request','Sent order to PayNet : 302','{\"url:\":\"https:\\/\\/paynet.md:4446\\/api\\/Payments\",\"param:\":{\"products\":{\"Invoice\":\"3021547806718\",\"Customer\":{\"Code\":59,\"Name\":\"Name Surname\",\"Address\":\"First name Last name, invoice address is empty, MD-0000 Chisinau, \\u041c\\u043e\\u043b\\u0434\\u043e\\u0432\\u0430, +972 54 678 8929\"},\"Currency\":498,\"ExpiryDate\":\"2019-01-18T12:48:38\",\"Services\":[{\"Name\":\"Order payment for Cadouri.md\",\"Description\":\"Online payment\",\"Products\":[{\"LineNo\":1,\"Code\":302,\"Name\":\"Payment from my shop\",\"Description\":\"Payment id order: 302\",\"Quantity\":1,\"UnitPrice\":46000}],\"Amount\":46000}],\"MerchantCode\":\"454780\"},\"header\":[\"Content-length: 798\",\"Authorization: bearer uec9GswHQpeTBOedl5TwQMQ58grkDz8HlC9Tx7X3PJRhXY3tofifHzbXhoQXkNylj3t4pQGCzikycU3X_CJHlzwji2TW0V5Kt6kskt892OZgVkSrReXdOMh-nvJY774BvXD0Tr8_c-HBOstge71A_Cyj7R_bR1zCmHHTlxW1m6Ibh9IXD0JHcHi-_FvGnAB8vsG9dMzi4xrZrBRklfCdYKpeGexHy5N583ih-MyMWBghIVuk3fovT83dzpbT3As1rsy9U8CnWiE4OiPLihXo3dEIpN-Kv6-YIqCYj9rvars-08BGSnoXikom2DWm_ii6xAVfOcMZpMfo1qPznqlbU8_-VZzHjKciDWnyCA5ig89aq4kfFJXJOJ4UC9wuulZsf1hqlOsbhX3s5Xtd5yeil-vW89hxr9Ty77PmtQ0YaZSac3cDk42nU7q9Y04MdCC6M_ePjdb5GDoxvoKWH6yJSuFPqsbTWQYnvmIZoGHJurlaz0TLBZ7DD0zt_8IL-yrvfMvi6gbuJZmlsXlxV646jd-RWtj1b5rj9s7k5WWShStyrZFVsYcK_ae9yzIJz0o8hq4exuVk-ghe6L8mR9N6BR_XEg4dHWk-yB44acJved27xa28CZ23Zqw1x1QzwxeujEG-ZTsjgN9Ay5u8nT5r5s19pdZ3KAtbq2hImqqfkz6vVDClAdVGZFg852q8roGRCNHGik61YEOKuQfplU0S1-7XlFKxuIIM4FV3azf892I19yfd1bOaaR2fuBMkxApJ\"]}}','{\"OperationId\":0,\"LoyaltyTransaction\":null,\"Confirmed\":null,\"Processed\":null,\"Canceled\":null,\"CustomerKey\":\"00000000-0000-0000-0000-000000000000\",\"CustomerCode\":null,\"BonusAmount\":null,\"DiscountAmount\":0,\"MoneyInfo\":null,\"CustomerInfo\":null,\"PaymentId\":302342,\"Status\":1,\"Registered\":\"2019-01-18T12:18:39.12\",\"Amount\":46000,\"Commission\":0,\"Invoice\":3021547806718,\"MerchantCode\":\"454780\",\"LinkUrlSuccess\":null,\"LinkUrlCancel\":null,\"Signature\":\"6f47636e9bde9f5d6390b93949a9e2b5\",\"Customer\":{\"Code\":\"59\",\"Name\":null,\"Address\":\"First name Last name, invoice address is empty, MD-0000 Chisinau, Молдова, +972 54 678 8929\"},\"Payer\":null,\"Currency\":498,\"ExternalDate\":\"2019-01-18T12:18:39.12\",\"ExpiryDate\":\"2019-01-18T12:48:38\",\"Services\":[{\"Name\":\"Card of products\",\"Description\":\"Cart of products\",\"Amount\":46000,\"Products\":[{\"GroupName\":null,\"QualitiesConcat\":null,\"LineNo\":1,\"GroupId\":null,\"Code\":\"undefinedServiceCode1\",\"Barcode\":null,\"Name\":\"Order payment for Cadouri.md\",\"Description\":\"Online payment\",\"UnitPrice\":null,\"UnitProduct\":null,\"Quantity\":null,\"Amount\":46000,\"Dimensions\":null,\"Qualities\":null,\"TotalAmount\":46000}]}]}','2019-01-18 12:18:39','2019-01-18 12:18:39'),
	(100,0,'Init: Sent request for order request','Sent order to PayNet : 302','{\"url:\":\"https:\\/\\/paynet.md:4446\\/api\\/Payments\",\"param:\":{\"products\":{\"Invoice\":\"3021547807138\",\"Customer\":{\"Code\":59,\"Name\":\"Name Surname\",\"Address\":\"First name Last name, invoice address is empty, MD-0000 Chisinau, \\u041c\\u043e\\u043b\\u0434\\u043e\\u0432\\u0430, +972 54 678 8929\"},\"Currency\":498,\"ExpiryDate\":\"2019-01-18T12:55:38\",\"Services\":[{\"Name\":\"Order payment for Cadouri.md\",\"Description\":\"Online payment\",\"Products\":[{\"LineNo\":1,\"Code\":302,\"Name\":\"Payment from my shop\",\"Description\":\"Payment id order: 302\",\"Quantity\":1,\"UnitPrice\":133400}],\"Amount\":133400}],\"MerchantCode\":\"454780\"},\"header\":[\"Content-length: 800\",\"Authorization: bearer vNcvk7CxGNzpK2DulSw1eEwhtalbDEmx_CnpSwJPyhq57SpDIaLFIAhrC5Vf0nE-NWFRfkdGqVrHPUM4DfU__758veyCELFD1xOGFmZn3n2Nr6siQ_cOzkuT_F3s2NmoQqFXuUbiklVeq8MG0QsLyP1RMFpddSHsWF2Y8QS8s73WuuGglQoJIRYfdLhjGlQS-PqMa7XquQTSJXqVKjMFpHf3j1R0t7OPg8YBZdn2ZjuEplGI-JfYjV2WFR1oBWE2huIijKEevlQUGyxbISc1LUgUQCzyfc65QCEWOIr2WyHRRBkXVNhKxZwCf6EfyQi_WevVtgNiiXhcj8VzLpN4RQ2bMIBb3MHMIGEsVLsur2gQlTDSJGmX8cay_cKg3ItjV83rLfpkY9Xqavibr5IB_Qwy_tfEE9P1Z9gFe0diwdOsXeVH5TbX8VAcQmH4YfO1qHdaWB68NuzpbyIRAljuOs56hfy5TDmJ5L3vluqzARBmFgG3Mj-1nJKTm8h_wwPdgpGJXaZKU-uJlCWg91LkcLkCOVUU_pjZNlNwFZYbepK3KsYOcMabhQlzAQxE5wYm5HtASaGlOouwW1eNe3wzsJXfMrAKiBCs4S3kbyYHQ8sf7bRjlepwhZj2VZItRa1XWOF0IXGjU02dsh-akEdkN249-XP4qbcqKqe2q62x2cHOC8miH76dauFb-v2Spny_Rw0LKcFuOFTihXiWcETIk6aCxiyOykaF9EKgT0HZORqi6_9M37RBgf90s9KzAyc3\"]}}','{\"OperationId\":0,\"LoyaltyTransaction\":null,\"Confirmed\":null,\"Processed\":null,\"Canceled\":null,\"CustomerKey\":\"00000000-0000-0000-0000-000000000000\",\"CustomerCode\":null,\"BonusAmount\":null,\"DiscountAmount\":0,\"MoneyInfo\":null,\"CustomerInfo\":null,\"PaymentId\":302347,\"Status\":1,\"Registered\":\"2019-01-18T12:25:38.443\",\"Amount\":133400,\"Commission\":0,\"Invoice\":3021547807138,\"MerchantCode\":\"454780\",\"LinkUrlSuccess\":null,\"LinkUrlCancel\":null,\"Signature\":\"6fd5df8f32566189c38669eaa02eaf7f\",\"Customer\":{\"Code\":\"59\",\"Name\":null,\"Address\":\"First name Last name, invoice address is empty, MD-0000 Chisinau, Молдова, +972 54 678 8929\"},\"Payer\":null,\"Currency\":498,\"ExternalDate\":\"2019-01-18T12:25:38.443\",\"ExpiryDate\":\"2019-01-18T12:55:38\",\"Services\":[{\"Name\":\"Card of products\",\"Description\":\"Cart of products\",\"Amount\":133400,\"Products\":[{\"GroupName\":null,\"QualitiesConcat\":null,\"LineNo\":1,\"GroupId\":null,\"Code\":\"undefinedServiceCode1\",\"Barcode\":null,\"Name\":\"Order payment for Cadouri.md\",\"Description\":\"Online payment\",\"UnitPrice\":null,\"UnitProduct\":null,\"Quantity\":null,\"Amount\":133400,\"Dimensions\":null,\"Qualities\":null,\"TotalAmount\":133400}]}]}','2019-01-18 12:25:38','2019-01-18 12:25:38'),
	(101,0,'Init: Sent request for order request','Sent order to PayNet : 302','{\"url:\":\"https:\\/\\/paynet.md:4446\\/api\\/Payments\",\"param:\":{\"products\":{\"Invoice\":\"3021547807200\",\"Customer\":{\"Code\":59,\"Name\":\"Name Surname\",\"Address\":\"First name Last name, invoice address is empty, MD-0000 Chisinau, \\u041c\\u043e\\u043b\\u0434\\u043e\\u0432\\u0430, +972 54 678 8929\"},\"Currency\":498,\"ExpiryDate\":\"2019-01-18T12:56:40\",\"Services\":[{\"Name\":\"Order payment for Cadouri.md\",\"Description\":\"Online payment\",\"Products\":[{\"LineNo\":1,\"Code\":302,\"Name\":\"Payment from my shop\",\"Description\":\"Payment id order: 302\",\"Quantity\":1,\"UnitPrice\":133400}],\"Amount\":133400}],\"MerchantCode\":\"454780\"},\"header\":[\"Content-length: 800\",\"Authorization: bearer 8R0coylpeQ8NzliplyZYqiZo8MW522MYOQecP1b8sWOnb9piRqwORgUgEUI5R24kKrzLqLeYceKSl2FO4f2D0fIPeqP3Vn_3ZPFnzanQilntaZ_Hv7K7qYKtcX-VSvZ2hqrBHJQ6zmMxTLNBfdsabJBOegA487EVCB0bcJM4RdqPEda2kynNMK9EZBvvirv8Doy0Y5GpdqMSxE1K15teAn4dWyJPIgoaKQNDWi_EVFkEfswgsEIapXbxflaC7GMI9nZdP6xqh4OYyKK7SA6qLwbNRw6J_UMW1m6GJB_-RWkozw8qcn77gUopk84aArl6A_i8M8R1GVU8o4NWlzSM0e8D7s7PUH9ADdFb1mvj-5atcRjYXx6Mqt_Kjlfu-jFO-wC8ejIpME2twXSbN9Ch5i0EwJZ_NKU7cW_jUBNSR03WpugDUaqGcNSO8yYWJDKOgPN0uJNCvFLSgrSNCosz415cvPG3wib9FHGsrPcI49IepwbOxQc0HTdV0tuUziv8Nc4Uhs7D6bjMZy8QNkWviHSCRklPljbi-kRJsvqo1ZxwhJRgojpJoOICXSZDrtVWIW_IaykBfSmiZHFrIAvY8SPXAvAa3oW3L-JZHJ8BewRk71vWDxSLqb0lt_S5hosVLXODjTNXgLybM2oGz4iSZppR2MdGoQiTtUDjL_VMxWHpGLwyCVvvwEcEXxR2lsWWk-0mXzHoTqQr5lYUXMuRbM0uH1nWMA-3aQ7RRDgWcru_8c6iUGruqmdhFCMOyPdX\"]}}','{\"OperationId\":0,\"LoyaltyTransaction\":null,\"Confirmed\":null,\"Processed\":null,\"Canceled\":null,\"CustomerKey\":\"00000000-0000-0000-0000-000000000000\",\"CustomerCode\":null,\"BonusAmount\":null,\"DiscountAmount\":0,\"MoneyInfo\":null,\"CustomerInfo\":null,\"PaymentId\":302349,\"Status\":1,\"Registered\":\"2019-01-18T12:26:40.797\",\"Amount\":133400,\"Commission\":0,\"Invoice\":3021547807200,\"MerchantCode\":\"454780\",\"LinkUrlSuccess\":null,\"LinkUrlCancel\":null,\"Signature\":\"ea87d47ce274ca61ead23b281e956145\",\"Customer\":{\"Code\":\"59\",\"Name\":null,\"Address\":\"First name Last name, invoice address is empty, MD-0000 Chisinau, Молдова, +972 54 678 8929\"},\"Payer\":null,\"Currency\":498,\"ExternalDate\":\"2019-01-18T12:26:40.797\",\"ExpiryDate\":\"2019-01-18T12:56:40\",\"Services\":[{\"Name\":\"Card of products\",\"Description\":\"Cart of products\",\"Amount\":133400,\"Products\":[{\"GroupName\":null,\"QualitiesConcat\":null,\"LineNo\":1,\"GroupId\":null,\"Code\":\"undefinedServiceCode1\",\"Barcode\":null,\"Name\":\"Order payment for Cadouri.md\",\"Description\":\"Online payment\",\"UnitPrice\":null,\"UnitProduct\":null,\"Quantity\":null,\"Amount\":133400,\"Dimensions\":null,\"Qualities\":null,\"TotalAmount\":133400}]}]}','2019-01-18 12:26:41','2019-01-18 12:26:41'),
	(102,0,'Init: Sent request for order request','Sent order to PayNet : 303','{\"url:\":\"https:\\/\\/paynet.md:4446\\/api\\/Payments\",\"param:\":{\"products\":{\"Invoice\":\"3031547807919\",\"Customer\":{\"Code\":60,\"Name\":\"Name Surname\",\"Address\":\"First name Last name, invoice address is empty, MD-0000 Chisinau, \\u041c\\u043e\\u043b\\u0434\\u043e\\u0432\\u0430, 079900914\"},\"Currency\":498,\"ExpiryDate\":\"2019-01-18T13:08:39\",\"Services\":[{\"Name\":\"Order payment for Cadouri.md\",\"Description\":\"Online payment\",\"Products\":[{\"LineNo\":1,\"Code\":303,\"Name\":\"Payment from my shop\",\"Description\":\"Payment id order: 303\",\"Quantity\":1,\"UnitPrice\":99000}],\"Amount\":99000}],\"MerchantCode\":\"454780\"},\"header\":[\"Content-length: 789\",\"Authorization: bearer 0m-KhQrgMPDQYZMqFJ4HhK-gdIQza22TFVADEtqLNEq3fWCis4BQU7poNGOEUOoaNpSDovCeIgaGXyEQ3wAro_1-LM1gBDoaGttRagPq94FnIfe9-PZQJUxdKGQFo9s-__vqN7HoDvUwEdEzm7oGItFI6C7Dtr1ksHVyEXMfy2cDFCSR4rDiKW5Yn3VDWMmRO_WyUySN2_ebF3sw45lJeYGJ13jxpqHHWehgHzBsj1XQOmi502LPdoa1PfLrcZIzITLVwdc3dS-Ov7oXmbeyFT457Cz_pbalpoirSCDpddSAC6MIbpyHwA6-hTaKL4SbX29ebzWWqGI_ZLdCK55D3u4CdsUuX8KK3rXrXETm6uHVhSrJf_TC-0WldjjryWBdFfgBXeZSxahe_itf-EhzCvwtkn5469jAbz-qHbF2COxCTdQKHgY8oojBXoLnbSfzuxTNAdX7x2izNCBt26iCnX6xP0D5nI8YDCrfKeoZOMGHb9g-jCzRIFyljDdit58kqtqqCnZyelQuKUPsri9dvTUtwpNkIRmxSeT9NjnadTY54fBpL8gctvSlmDODHaOXu97cenlFTtCAWST6uZNrhIEmlh3t4TRwAuhmBsrn5QYLx_0dQG1Wax81JtIhwMfAFiOEDqWRgz2DHScCP1d3KZlVBfiGdQNOPQygdIJ70K-392ekM5ruaK6BOtVTaFuvwkIr7NojoRafbI6FJhGYnYiVfnnUxve8la2W-31fDi8SEWXSKxHP7WvKP5v5p5wZ\"]}}','{\"OperationId\":0,\"LoyaltyTransaction\":null,\"Confirmed\":null,\"Processed\":null,\"Canceled\":null,\"CustomerKey\":\"00000000-0000-0000-0000-000000000000\",\"CustomerCode\":null,\"BonusAmount\":null,\"DiscountAmount\":0,\"MoneyInfo\":null,\"CustomerInfo\":null,\"PaymentId\":302367,\"Status\":1,\"Registered\":\"2019-01-18T12:38:39.773\",\"Amount\":99000,\"Commission\":0,\"Invoice\":3031547807919,\"MerchantCode\":\"454780\",\"LinkUrlSuccess\":null,\"LinkUrlCancel\":null,\"Signature\":\"608c577f1cd5c3bc4904f616056442af\",\"Customer\":{\"Code\":\"60\",\"Name\":null,\"Address\":\"First name Last name, invoice address is empty, MD-0000 Chisinau, Молдова, 079900914\"},\"Payer\":null,\"Currency\":498,\"ExternalDate\":\"2019-01-18T12:38:39.773\",\"ExpiryDate\":\"2019-01-18T13:08:39\",\"Services\":[{\"Name\":\"Card of products\",\"Description\":\"Cart of products\",\"Amount\":99000,\"Products\":[{\"GroupName\":null,\"QualitiesConcat\":null,\"LineNo\":1,\"GroupId\":null,\"Code\":\"undefinedServiceCode1\",\"Barcode\":null,\"Name\":\"Order payment for Cadouri.md\",\"Description\":\"Online payment\",\"UnitPrice\":null,\"UnitProduct\":null,\"Quantity\":null,\"Amount\":99000,\"Dimensions\":null,\"Qualities\":null,\"TotalAmount\":99000}]}]}','2019-01-18 12:38:40','2019-01-18 12:38:40'),
	(103,0,'Init: Sent request for order request','Sent order to PayNet : 302','{\"url:\":\"https:\\/\\/paynet.md:4446\\/api\\/Payments\",\"param:\":{\"products\":{\"Invoice\":\"3021547807997\",\"Customer\":{\"Code\":59,\"Name\":\"Name Surname\",\"Address\":\"First name Last name, invoice address is empty, MD-0000 Chisinau, \\u041c\\u043e\\u043b\\u0434\\u043e\\u0432\\u0430, +972 54 678 8929\"},\"Currency\":498,\"ExpiryDate\":\"2019-01-18T13:09:57\",\"Services\":[{\"Name\":\"Order payment for Cadouri.md\",\"Description\":\"Online payment\",\"Products\":[{\"LineNo\":1,\"Code\":302,\"Name\":\"Payment from my shop\",\"Description\":\"Payment id order: 302\",\"Quantity\":1,\"UnitPrice\":133400}],\"Amount\":133400}],\"MerchantCode\":\"454780\"},\"header\":[\"Content-length: 800\",\"Authorization: bearer 6RQGLLJkf5Cx4oAXdV1ttI_rxTtwsXehH0-3w02gtr7-se0VEGn4bSWm0QzqR3oPcn9GW4S7jJx76g-fOLHJDU_nkazC336LybRyFZTPXJRDaluFcstvGN9rI1bN9aUmTm070_KAXP28kc8SsuVaqqNeVMfcCvZ88gpz3JOqimMOcJL0Fb6S9U5MTOPAst1uZLBaZglncj0Cyw6bWqEIqw0wW-Du--MmPPbrKiAZTQuT2g1x-yJJ4YN1E7iZiTjYDQzllDral8uUGJF9_mBtuKgLoaP0rPLwz7f7t2p2gyMkG_zCTJi1VPvqXlV54r9h-PQuvRod6hILAOmztnI3l8v4RaRGaSshPFHCHNQjKDOFTUgU1UyzR-CrGWczn_lTBGCFSKtXXk0vDXgZvbZX88aXU9YNkTI-u8fzQ7aO0bE0h0REYXAd8VM8768aSfwiXRKigyDEGxA_r_qg1KV2WRTsFt4z7X60Lw1tjE94Hr3jm-TxV_1kdcDM6WTfEsYCiZsKzaodoJ7qeYDIfpDfgRZyA2hFxuwip63MvAynVbyKawywo8pQjndtHUGy-cjb4UpvigYaSOh0HLhJSo7ggRcgWrguM_fkiqIOGH6oVAhHQeHJarIirl8cf8bYEP07LEa53k5vOOB6JQn81bJWqnItio1nR2XwWh-x7k1Sucq4654tb_d9Ymp3pBXJ0-MgrpQYtfqMQ4e-uodnQSSL_0eny0i4eyiSzomX-txWrbV2aR9o2_P683v2Bk31Tkp4\"]}}','{\"OperationId\":0,\"LoyaltyTransaction\":null,\"Confirmed\":null,\"Processed\":null,\"Canceled\":null,\"CustomerKey\":\"00000000-0000-0000-0000-000000000000\",\"CustomerCode\":null,\"BonusAmount\":null,\"DiscountAmount\":0,\"MoneyInfo\":null,\"CustomerInfo\":null,\"PaymentId\":302371,\"Status\":1,\"Registered\":\"2019-01-18T12:39:57.743\",\"Amount\":133400,\"Commission\":0,\"Invoice\":3021547807997,\"MerchantCode\":\"454780\",\"LinkUrlSuccess\":null,\"LinkUrlCancel\":null,\"Signature\":\"e5f2885778b2c6ff4455a4d892232f6f\",\"Customer\":{\"Code\":\"59\",\"Name\":null,\"Address\":\"First name Last name, invoice address is empty, MD-0000 Chisinau, Молдова, +972 54 678 8929\"},\"Payer\":null,\"Currency\":498,\"ExternalDate\":\"2019-01-18T12:39:57.743\",\"ExpiryDate\":\"2019-01-18T13:09:57\",\"Services\":[{\"Name\":\"Card of products\",\"Description\":\"Cart of products\",\"Amount\":133400,\"Products\":[{\"GroupName\":null,\"QualitiesConcat\":null,\"LineNo\":1,\"GroupId\":null,\"Code\":\"undefinedServiceCode1\",\"Barcode\":null,\"Name\":\"Order payment for Cadouri.md\",\"Description\":\"Online payment\",\"UnitPrice\":null,\"UnitProduct\":null,\"Quantity\":null,\"Amount\":133400,\"Dimensions\":null,\"Qualities\":null,\"TotalAmount\":133400}]}]}','2019-01-18 12:39:58','2019-01-18 12:39:58'),
	(104,0,'Init: Sent request for order request','Sent order to PayNet : 13','{\"url:\":\"https:\\/\\/paynet.md:4446\\/api\\/Payments\",\"param:\":{\"products\":{\"Invoice\":\"131547808655\",\"Customer\":{\"Code\":5,\"Name\":\"Olga Pencencova\",\"Address\":\"Olga Last name, invoice address is empty, MD-0000 Chisinau, Republica Moldova, 07676977\"},\"Currency\":498,\"ExpiryDate\":\"2019-01-18T13:20:55\",\"Services\":[{\"Name\":\"Order payment for Cadouri.md\",\"Description\":\"Online payment\",\"Products\":[{\"LineNo\":1,\"Code\":13,\"Name\":\"Payment from my shop\",\"Description\":\"Payment id order: 13\",\"Quantity\":1,\"UnitPrice\":41850}],\"Amount\":41850}],\"MerchantCode\":\"454780\"},\"header\":[\"Content-length: 756\",\"Authorization: bearer hPv0FWTl8Z55-s2e0Q-6jCI1gROMnLi7c_0qc3aOvNkIkDU4PDSCGjUCx041Vhp9JfLcRLh2_eyqmv4Xtmx_W1V9R1T76p5ulXz3MJ4bH6-dan5zPePEak0d10El68R8qLV1F7u5P9ikD0w6-xFm5QXnOk5g1SRWEr_FVFfC5ukAwyhRYkdtxdnNzn0p6q4tvdKTB-MvyxKvc_Gb1sO_XWarEyiaJuCmnz30RAh2tg2IvqCkG6bxmCfqxs7gMKbAw4PzjYZymzxjzbT5jw6ml-xi6ud5BXP_KvLqCsw5UlZWjOav7gPbOx4rlyphURPBDVDan6jSbCYG2mLyA8rwWxOPe1wArTju9758EdsJba5A7pmVtdnTzj6ipv14yGMtny2Wz2J_D4H_9Yvf4PZabKm4JMF5maRoUH3upaC88F0MKc4hlUc3I8EHsdwVzNbQ3cH9ZLnAbE6ZKvXMCu7yIwairNRVj7whS38KL69iCZedULCoAtQd5pE7oG9paa6TY7wOP0V3zdTE-7WGgr8rbTYgO1MI2iqmpyDPj87OT-ZSEGf71CJ-Z1pgZfmsyoBjAd9zeeDHpqbazfNMSAeM2GoYZMsuUjRK-G-i1NSIdj12E9DyXML_qcyB7Eg5PtivYONlNJ0H6CWjeO91z3BQvG_ox5nFzz8BPy4jLk8hYDMIyAnd8cKey1_i9Rh-LS8BmqItc1Obm0zEVZ_Exo7TXeQ0dz3vaui3Kf0LtBxB0aIJWFyyFN3lSMwBOU5RWXIu\"]}}','{\"OperationId\":0,\"LoyaltyTransaction\":null,\"Confirmed\":null,\"Processed\":null,\"Canceled\":null,\"CustomerKey\":\"00000000-0000-0000-0000-000000000000\",\"CustomerCode\":null,\"BonusAmount\":null,\"DiscountAmount\":0,\"MoneyInfo\":null,\"CustomerInfo\":null,\"PaymentId\":302385,\"Status\":1,\"Registered\":\"2019-01-18T12:50:55.433\",\"Amount\":41850,\"Commission\":0,\"Invoice\":131547808655,\"MerchantCode\":\"454780\",\"LinkUrlSuccess\":null,\"LinkUrlCancel\":null,\"Signature\":\"7682ecbad91274958b5be4aacb6d10ce\",\"Customer\":{\"Code\":\"5\",\"Name\":null,\"Address\":\"Olga Last name, invoice address is empty, MD-0000 Chisinau, Republica Moldova, 07676977\"},\"Payer\":null,\"Currency\":498,\"ExternalDate\":\"2019-01-18T12:50:55.43\",\"ExpiryDate\":\"2019-01-18T13:20:55\",\"Services\":[{\"Name\":\"Card of products\",\"Description\":\"Cart of products\",\"Amount\":41850,\"Products\":[{\"GroupName\":null,\"QualitiesConcat\":null,\"LineNo\":1,\"GroupId\":null,\"Code\":\"undefinedServiceCode1\",\"Barcode\":null,\"Name\":\"Order payment for Cadouri.md\",\"Description\":\"Online payment\",\"UnitPrice\":null,\"UnitProduct\":null,\"Quantity\":null,\"Amount\":41850,\"Dimensions\":null,\"Qualities\":null,\"TotalAmount\":41850}]}]}','2019-01-18 12:50:55','2019-01-18 12:50:55'),
	(105,0,'Init: Sent request for order request','Sent order to PayNet : 304','{\"url:\":\"https:\\/\\/paynet.md:4446\\/api\\/Payments\",\"param:\":{\"products\":{\"Invoice\":\"3041547808666\",\"Customer\":{\"Code\":61,\"Name\":\"Name Surname\",\"Address\":\"First name Last name, invoice address is empty, MD-0000 Chisinau, \\u041c\\u043e\\u043b\\u0434\\u043e\\u0432\\u0430, 079900914\"},\"Currency\":498,\"ExpiryDate\":\"2019-01-18T13:21:06\",\"Services\":[{\"Name\":\"Order payment for Cadouri.md\",\"Description\":\"Online payment\",\"Products\":[{\"LineNo\":1,\"Code\":304,\"Name\":\"Payment from my shop\",\"Description\":\"Payment id order: 304\",\"Quantity\":1,\"UnitPrice\":99000}],\"Amount\":99000}],\"MerchantCode\":\"454780\"},\"header\":[\"Content-length: 789\",\"Authorization: bearer tir0FUvNa4BPvgrUY0eBv6EAQcdeJt5J4lcsgMcn0xp3PXPVZtpuQh2-3iv5VawXwgHV6lluYwbUbvmfJfj4T6BzkE9YI-URx5ohfs2_ngv8VPKQqc42xSPBnmiGhcDSob5UBXCvwc8JnUzng1FNJVqrGOXp1hGfxiAtRNymXs1o-7S4xzvaaH7_EL7w6XpoAsuK5suuZFAjAaAmfe009RFEpCD8npMwbUFCNtzsm5c3X4QWKSBFXKQbTSQlHKiRnA4H6wDfy5cpCVlbpSLS8ILYzFOhttwnq37SU2f7T31Vy4jByriureA0jLqVadAxXdFOL9-pXp4d6HAKyKk5x_dd7im5Ug-jELqLuFcGMh3j7VLKyfg5WHvG4j6UUxo0ZloP994Ru3OhameI5r20_-ChXKx_7gz1pF0JviunHL5AfThxfVf8wwYeJvkVEEEkS4H6W5QIdOcO3Q3STqnjytr4RkfWnqE52e5AzqE8045F97CgpA8G_7DeSANMr1WZSYrNiUpsJ17kkbWjnWbeGk3j8hYpbileCsISM_xmbe_JYKnzqokBfH9bfraaZW7mnysukPIWKWE6HiUI_3z37XVO-lGk4fd97j_PJQjCvCTc7ykI_Dqf4jJdGK4XimuJfTxyE8RJUPau_1smMq_n6zjf4zaRD70RP6rfd46WxnPl1zSrFawWbIS_Woz897zMvQrd6VXngTvrkQwcU8mXv7xXHfjmaoPb-4AjoAL0-fSWBUQRlUShzFuO6dPLwtan\"]}}','{\"OperationId\":0,\"LoyaltyTransaction\":null,\"Confirmed\":null,\"Processed\":null,\"Canceled\":null,\"CustomerKey\":\"00000000-0000-0000-0000-000000000000\",\"CustomerCode\":null,\"BonusAmount\":null,\"DiscountAmount\":0,\"MoneyInfo\":null,\"CustomerInfo\":null,\"PaymentId\":302386,\"Status\":1,\"Registered\":\"2019-01-18T12:51:06.543\",\"Amount\":99000,\"Commission\":0,\"Invoice\":3041547808666,\"MerchantCode\":\"454780\",\"LinkUrlSuccess\":null,\"LinkUrlCancel\":null,\"Signature\":\"b6c3c511994f8122486c51b5685f8d8a\",\"Customer\":{\"Code\":\"61\",\"Name\":null,\"Address\":\"First name Last name, invoice address is empty, MD-0000 Chisinau, Молдова, 079900914\"},\"Payer\":null,\"Currency\":498,\"ExternalDate\":\"2019-01-18T12:51:06.543\",\"ExpiryDate\":\"2019-01-18T13:21:06\",\"Services\":[{\"Name\":\"Card of products\",\"Description\":\"Cart of products\",\"Amount\":99000,\"Products\":[{\"GroupName\":null,\"QualitiesConcat\":null,\"LineNo\":1,\"GroupId\":null,\"Code\":\"undefinedServiceCode1\",\"Barcode\":null,\"Name\":\"Order payment for Cadouri.md\",\"Description\":\"Online payment\",\"UnitPrice\":null,\"UnitProduct\":null,\"Quantity\":null,\"Amount\":99000,\"Dimensions\":null,\"Qualities\":null,\"TotalAmount\":99000}]}]}','2019-01-18 12:51:06','2019-01-18 12:51:06'),
	(106,0,'Init: Sent request for order request','Sent order to PayNet : 304','{\"url:\":\"https:\\/\\/paynet.md:4446\\/api\\/Payments\",\"param:\":{\"products\":{\"Invoice\":\"3041547808810\",\"Customer\":{\"Code\":61,\"Name\":\"Name Surname\",\"Address\":\"First name Last name, invoice address is empty, MD-0000 Chisinau, \\u041c\\u043e\\u043b\\u0434\\u043e\\u0432\\u0430, 079900914\"},\"Currency\":498,\"ExpiryDate\":\"2019-01-18T13:23:30\",\"Services\":[{\"Name\":\"Order payment for Cadouri.md\",\"Description\":\"Online payment\",\"Products\":[{\"LineNo\":1,\"Code\":304,\"Name\":\"Payment from my shop\",\"Description\":\"Payment id order: 304\",\"Quantity\":1,\"UnitPrice\":99000}],\"Amount\":99000}],\"MerchantCode\":\"454780\"},\"header\":[\"Content-length: 789\",\"Authorization: bearer SUmafblxR7Kp5msJN7Bp6Iqgb3EY2NbFA8jGsrinTvfugoPyEJyZB2FibgOy1u6HZ_yVj361ypyTCp79-fLsELz44LIhInzYAcrnqKvu6c-ESL4VyCjYIZwEQHy-2CGzl4IfUfeQUakL5KfLdTIlbBmoxmQI5FLaqZIJwXEQCDdE8-H4beOTS2_8BM6MWeOROgB_GsjNNDae3bDPRyc6Xx5lDSGO-4YxSNKoVBBkCTjhrxC2mAnxUdUO13-VK6ReYNY96LZCActCUI37xdj2vW_bzjrnYzbiHgWNg0MyxPfmbDoDFv9WfSj1LlB8La2TcV8a8Do-jlnQP3b_v6P4HMN7ptb3ilx0GiPo-9HxTHXhhzlDDu5YcA7wHWZzFsdOVekIgP3Lp24FJpatknaxZQqKA-BkLrnAy56DNWr96qMZF59UNlO5lhB4YZOKbSccRTeTlt6JoFT9Mr2QxDjqyzXfLWepJO_z2rU2jzHHfWG7KnFe262Uvv1L9F-_YaXw_0wdlu5-de2qACGhTR7hsKcYbBl3ypXJX3pCyxmoOSlkBI9SKP5AT4eFWMSoYjhlTm8iczHmsu-0ThyKv-zIx1CI_LxP-3zRIfaeFr1gpYoJZOwZJW8eVprJsUHmy161x8iqa8xdZn8sLqSlYzwNizv2RchKnpyGn3vTB8KQo8JLCjoIG83q6HAklyvH-DXa54fmPJYaK5R6w6CRl7UN1PuSvQYzIBX3jzTHhjyu9bg2sFXN7Gac5S7D4DxtK82b\"]}}','{\"OperationId\":0,\"LoyaltyTransaction\":null,\"Confirmed\":null,\"Processed\":null,\"Canceled\":null,\"CustomerKey\":\"00000000-0000-0000-0000-000000000000\",\"CustomerCode\":null,\"BonusAmount\":null,\"DiscountAmount\":0,\"MoneyInfo\":null,\"CustomerInfo\":null,\"PaymentId\":302390,\"Status\":1,\"Registered\":\"2019-01-18T12:53:30.73\",\"Amount\":99000,\"Commission\":0,\"Invoice\":3041547808810,\"MerchantCode\":\"454780\",\"LinkUrlSuccess\":null,\"LinkUrlCancel\":null,\"Signature\":\"8188c839be3dcbb76391cc46d9fcc26f\",\"Customer\":{\"Code\":\"61\",\"Name\":null,\"Address\":\"First name Last name, invoice address is empty, MD-0000 Chisinau, Молдова, 079900914\"},\"Payer\":null,\"Currency\":498,\"ExternalDate\":\"2019-01-18T12:53:30.73\",\"ExpiryDate\":\"2019-01-18T13:23:30\",\"Services\":[{\"Name\":\"Card of products\",\"Description\":\"Cart of products\",\"Amount\":99000,\"Products\":[{\"GroupName\":null,\"QualitiesConcat\":null,\"LineNo\":1,\"GroupId\":null,\"Code\":\"undefinedServiceCode1\",\"Barcode\":null,\"Name\":\"Order payment for Cadouri.md\",\"Description\":\"Online payment\",\"UnitPrice\":null,\"UnitProduct\":null,\"Quantity\":null,\"Amount\":99000,\"Dimensions\":null,\"Qualities\":null,\"TotalAmount\":99000}]}]}','2019-01-18 12:53:31','2019-01-18 12:53:31'),
	(107,0,'Init: Sent request for order request','Sent order to PayNet : 13','{\"url:\":\"https:\\/\\/paynet.md:4446\\/api\\/Payments\",\"param:\":{\"products\":{\"Invoice\":\"131547808821\",\"Customer\":{\"Code\":5,\"Name\":\"Olga Pencencova\",\"Address\":\"Olga Last name, invoice address is empty, MD-0000 Chisinau, Republica Moldova, 07676977\"},\"Currency\":498,\"ExpiryDate\":\"2019-01-18T13:23:41\",\"Services\":[{\"Name\":\"Order payment for Cadouri.md\",\"Description\":\"Online payment\",\"Products\":[{\"LineNo\":1,\"Code\":13,\"Name\":\"Payment from my shop\",\"Description\":\"Payment id order: 13\",\"Quantity\":1,\"UnitPrice\":41850}],\"Amount\":41850}],\"MerchantCode\":\"454780\"},\"header\":[\"Content-length: 756\",\"Authorization: bearer ImEGnvfrUZWfi4NygYE40QkcboGdtGVTdpZgFwJulDnanD3PT0kOoZqoVK82N6K40aJ5GUzrzO1gXgQ3CXsb944tXAiHorKeOIw4ukpSjdgmdy5pCtEEVVHt5nQIEXsu2_AdPQtm4qsc1ARwvI7YX_Z_0CRiBKIdJuR4zBwAME_YLgPByupCgeD_gmMwA1NYomMr6JsgrERTIdf_ZsAkaiczhaLtFWnonVsmpAUfqG37ZS9PiEc_NjELZP_dVhu1dLzf7nhU7kQpZbNCMrm6aLkS7873H7NWG6kQTC0cv9QC-rRVljedWfw0hu10HHNqKs8elcPfu6eF83cFQfpq56yireNq08Fzw_1D_5ah5f-qyxx1Nw5JYjTbBx7CCDVvIEXPQ0QIR58WV5RR9NbbVVz7aXTWrk7DQFki2uCIwxfTbZS5R1GNPS62-mvBInqCmdbMt2hGZM1dVR8X4RT71_w6ziLyl4-APPCLDHVtQyA0V6F7dSr3IsEINVXSGH8UO1eobzAJmPqIzn_u04K3XfWHAbeeAwiaB4G4F5BKNtFFEXScjCg4vFcYATjgGoCwhYDjb4YVMyzeEZfXa_5ln2_ecq8NU_7cdgclFq6UZ7ePeOPFav3K35tJo3mS04basZYjosbtJjouASXR_hjlzdC1UWqvf9Mt-3v77fv3nEw_-_z9ICLFgocTn8iGGJWWF9i3cbkRTimsd7_jRuACHtc51f__AjvjAcu3OzKeOSzwKyCI6Pi_8AgahB2StoVN\"]}}','{\"OperationId\":0,\"LoyaltyTransaction\":null,\"Confirmed\":null,\"Processed\":null,\"Canceled\":null,\"CustomerKey\":\"00000000-0000-0000-0000-000000000000\",\"CustomerCode\":null,\"BonusAmount\":null,\"DiscountAmount\":0,\"MoneyInfo\":null,\"CustomerInfo\":null,\"PaymentId\":302392,\"Status\":1,\"Registered\":\"2019-01-18T12:53:41.447\",\"Amount\":41850,\"Commission\":0,\"Invoice\":131547808821,\"MerchantCode\":\"454780\",\"LinkUrlSuccess\":null,\"LinkUrlCancel\":null,\"Signature\":\"d1a266886e3a710496f3241554bff45c\",\"Customer\":{\"Code\":\"5\",\"Name\":null,\"Address\":\"Olga Last name, invoice address is empty, MD-0000 Chisinau, Republica Moldova, 07676977\"},\"Payer\":null,\"Currency\":498,\"ExternalDate\":\"2019-01-18T12:53:41.447\",\"ExpiryDate\":\"2019-01-18T13:23:41\",\"Services\":[{\"Name\":\"Card of products\",\"Description\":\"Cart of products\",\"Amount\":41850,\"Products\":[{\"GroupName\":null,\"QualitiesConcat\":null,\"LineNo\":1,\"GroupId\":null,\"Code\":\"undefinedServiceCode1\",\"Barcode\":null,\"Name\":\"Order payment for Cadouri.md\",\"Description\":\"Online payment\",\"UnitPrice\":null,\"UnitProduct\":null,\"Quantity\":null,\"Amount\":41850,\"Dimensions\":null,\"Qualities\":null,\"TotalAmount\":41850}]}]}','2019-01-18 12:53:41','2019-01-18 12:53:41'),
	(108,0,'Init: Sent request for order request','Sent order to PayNet : 13','{\"url:\":\"https:\\/\\/paynet.md:4446\\/api\\/Payments\",\"param:\":{\"products\":{\"Invoice\":\"131547808952\",\"Customer\":{\"Code\":5,\"Name\":\"Olga Pencencova\",\"Address\":\"Olga Last name, invoice address is empty, MD-0000 Chisinau, \\u041c\\u043e\\u043b\\u0434\\u043e\\u0432\\u0430, 07676977\"},\"Currency\":498,\"ExpiryDate\":\"2019-01-18T13:25:52\",\"Services\":[{\"Name\":\"Order payment for Cadouri.md\",\"Description\":\"Online payment\",\"Products\":[{\"LineNo\":1,\"Code\":13,\"Name\":\"Payment from my shop\",\"Description\":\"Payment id order: 13\",\"Quantity\":1,\"UnitPrice\":41850}],\"Amount\":41850}],\"MerchantCode\":\"454780\"},\"header\":[\"Content-length: 781\",\"Authorization: bearer aLv2Um_dPtSm9ZaRZtOjzflPKRPwxsItjkd0EQv6iAHjx969ZrWUNyBFkL7AtkURuQ50PQtkd5V_mAtexMBFKsPJsIXVipb09JR9YUVbW9tTxj3eN7DxnVlTqZy0R0yF3uPzB6lGp0qEOt3uQ3A4wni8-QHPs6fRZ44ajvIRByyUHi_1nXYXtkkF5bKneF4wOH86wwtT-cL3FpE-mrD5STDVr9ODSN1pfr_5t0UjmSMKNAcnTxNEmOwWAqPruCGh3Ml3_6ByiyDB_lLv0MuRQeNZKXlbHry68PN371CfnixoGqnEqE8rJa2VDkQ-CYsipGOPAXQW-I9HdnCs1XzkdL_m6tklQNjQaXbJn-bjufu3QXOzQ3gZNMPS339Z7RieGZPbKNoUWfFf9Q9iGedaQZwxJuWyCztYdvUw1TDJeUNXq2pa95dEHr5tT9yDwGT4nJ0M2w_7YgDAAirx4wDf9L9UnDezEX2OEtndyD8qqwW4J2i5j94aD9pKG0EAVR2PjdTwO77_FWfcpRIpawdzdt2OYnoy3tIlf8da_AOTfEXIaatBRDgLy7Ycpxd7IGzrozhTFTWMBHknBus2Q0FTWkFOmfaLtrJd9S-6Dsfq8UzHIzyNVBzrev5U9gxb3olb3XFsJBN1udx_n3XyTwJ0QW9nMtJ80PzNpgf-Gf4s0GizjdWDbXwMXNOklZkIC6a2KMKIcDU3uAypYg4RzU_H3giUZIcJOMdguf7VYgxtt-2rOpJn4NzDjStADbVfoIW0\"]}}','{\"OperationId\":0,\"LoyaltyTransaction\":null,\"Confirmed\":null,\"Processed\":null,\"Canceled\":null,\"CustomerKey\":\"00000000-0000-0000-0000-000000000000\",\"CustomerCode\":null,\"BonusAmount\":null,\"DiscountAmount\":0,\"MoneyInfo\":null,\"CustomerInfo\":null,\"PaymentId\":302393,\"Status\":1,\"Registered\":\"2019-01-18T12:55:52.387\",\"Amount\":41850,\"Commission\":0,\"Invoice\":131547808952,\"MerchantCode\":\"454780\",\"LinkUrlSuccess\":null,\"LinkUrlCancel\":null,\"Signature\":\"2fc004f0904f20f613e539cce5beb71b\",\"Customer\":{\"Code\":\"5\",\"Name\":null,\"Address\":\"Olga Last name, invoice address is empty, MD-0000 Chisinau, Молдова, 07676977\"},\"Payer\":null,\"Currency\":498,\"ExternalDate\":\"2019-01-18T12:55:52.387\",\"ExpiryDate\":\"2019-01-18T13:25:52\",\"Services\":[{\"Name\":\"Card of products\",\"Description\":\"Cart of products\",\"Amount\":41850,\"Products\":[{\"GroupName\":null,\"QualitiesConcat\":null,\"LineNo\":1,\"GroupId\":null,\"Code\":\"undefinedServiceCode1\",\"Barcode\":null,\"Name\":\"Order payment for Cadouri.md\",\"Description\":\"Online payment\",\"UnitPrice\":null,\"UnitProduct\":null,\"Quantity\":null,\"Amount\":41850,\"Dimensions\":null,\"Qualities\":null,\"TotalAmount\":41850}]}]}','2019-01-18 12:55:52','2019-01-18 12:55:52');

INSERT INTO `ps_paynet_log` (`id_paynet_log`, `error_code`, `type`, `status`, `request`, `response`, `date_add`, `date_upd`)
VALUES
	(109,0,'Init: Sent request for order request','Sent order to PayNet : 302','{\"url:\":\"https:\\/\\/paynet.md:4446\\/api\\/Payments\",\"param:\":{\"products\":{\"Invoice\":\"3021547810529\",\"Customer\":{\"Code\":59,\"Name\":\"Name Surname\",\"Address\":\"First name Last name, invoice address is empty, MD-0000 Chisinau, \\u041c\\u043e\\u043b\\u0434\\u043e\\u0432\\u0430, +972 54 678 8929\"},\"Currency\":498,\"ExpiryDate\":\"2019-01-18T13:52:09\",\"Services\":[{\"Name\":\"Order payment for Cadouri.md\",\"Description\":\"Online payment\",\"Products\":[{\"LineNo\":1,\"Code\":302,\"Name\":\"Payment from my shop\",\"Description\":\"Payment id order: 302\",\"Quantity\":1,\"UnitPrice\":133400}],\"Amount\":133400}],\"MerchantCode\":\"454780\"},\"header\":[\"Content-length: 800\",\"Authorization: bearer JRs3awZmsWqJn6sHUvoODJn1YwI6Lhuf7TZ10bsf31yKtYKQmcK6xK-XO8VTrbzZjn7sP8uEUwfB0y4QJ92ac2EvE_XtHzucT3YeVo987e5E4vN7pEfigjyS53xSFIEjIk8UwVqwK3Hn5fy8x4_uwlqZUu94jzbx9jxw3YKnGASkiJ69i7BN2u6PPipSxqVok6WsBzEEx3P6h1nuJaptshyDQ_Fk_aZ0XEQGzZ5RKYrXuplbDfOg7HkTWtPlRf9CaQc47UfPGAQK99XDmxR5GcCbBfOkH-V73gz649hC16bWgnFWWmfXu2isUZtt-dAKAEDa1SOTS7YqbYGBhzruEuKabami_Vl6bj6bRFEedwwm4tETofWY_MUsX5nzvl84U7M8PbCOchm0y4llABsRAjPwru536a3TtJg0yqzxGkWHcsprdifm7wKBwvOE9vcfU3BEy4jwWE0SUpHpznyNajQx2e6LhCi42DdQOMXzByywzflzy6tG8z2qTlvaYW24kKzUdn8Gcu_SFOEp_NlhubHRsaj6nVtWf44Nufp--wv5kA9k-rHmBUYG0PoXn_VcBiU068PuqiYBFJHTKyGZyxOx3FzupUKvYiDhMecR0qKVosfIbl4pvLs9V8yQm_kgYq5vAcwR5nxXpvOYnSwN1oEXPTNYg6AjWisrMutEMUAovihIMpl-SsKj0zFYNp-MeaBPF_Y-T63CnSeCiZEfTDmJT0vpwnLxXfQ9J5Rv3LYElM-LfR3k5-rpt8K6Spi2\"]}}','{\"OperationId\":0,\"LoyaltyTransaction\":null,\"Confirmed\":null,\"Processed\":null,\"Canceled\":null,\"CustomerKey\":\"00000000-0000-0000-0000-000000000000\",\"CustomerCode\":null,\"BonusAmount\":null,\"DiscountAmount\":0,\"MoneyInfo\":null,\"CustomerInfo\":null,\"PaymentId\":302414,\"Status\":1,\"Registered\":\"2019-01-18T13:22:10.163\",\"Amount\":133400,\"Commission\":0,\"Invoice\":3021547810529,\"MerchantCode\":\"454780\",\"LinkUrlSuccess\":null,\"LinkUrlCancel\":null,\"Signature\":\"4f114eebeef5647fd33ad1f9243cbbf8\",\"Customer\":{\"Code\":\"59\",\"Name\":null,\"Address\":\"First name Last name, invoice address is empty, MD-0000 Chisinau, Молдова, +972 54 678 8929\"},\"Payer\":null,\"Currency\":498,\"ExternalDate\":\"2019-01-18T13:22:10.163\",\"ExpiryDate\":\"2019-01-18T13:52:09\",\"Services\":[{\"Name\":\"Card of products\",\"Description\":\"Cart of products\",\"Amount\":133400,\"Products\":[{\"GroupName\":null,\"QualitiesConcat\":null,\"LineNo\":1,\"GroupId\":null,\"Code\":\"undefinedServiceCode1\",\"Barcode\":null,\"Name\":\"Order payment for Cadouri.md\",\"Description\":\"Online payment\",\"UnitPrice\":null,\"UnitProduct\":null,\"Quantity\":null,\"Amount\":133400,\"Dimensions\":null,\"Qualities\":null,\"TotalAmount\":133400}]}]}','2019-01-18 13:22:10','2019-01-18 13:22:10'),
	(110,4,'Warning HASH is not correct!','PAID','','{\"Eventid\":228821,\"EventType\":\"PAID\",\"EventDate\":\"2019-01-18T13:26:27.3\",\"Payment\":{\"Id\":302414,\"ExternalId\":3021547810529,\"SaleAreaCode\":null,\"Customer\":null,\"StatusDate\":\"2019-01-18T13:26:27.197\",\"Amount\":133400,\"Merchant\":\"cadourimd\"}}','2019-01-18 13:26:27','2019-01-18 13:26:27'),
	(111,0,'Init: Sent request for order request','Sent order to PayNet : 305','{\"url:\":\"https:\\/\\/paynet.md:4446\\/api\\/Payments\",\"param:\":{\"products\":{\"Invoice\":\"3051548066487\",\"Customer\":{\"Code\":62,\"Name\":\"test Surname\",\"Address\":\"test Last name, invoice address is empty, MD-0000 Chisinau, \\u041c\\u043e\\u043b\\u0434\\u043e\\u0432\\u0430, 000000000\"},\"Currency\":498,\"ExpiryDate\":\"2019-01-21T12:58:07\",\"Services\":[{\"Name\":\"Order payment for Cadouri.md\",\"Description\":\"Online payment\",\"Products\":[{\"LineNo\":1,\"Code\":305,\"Name\":\"Payment from my shop\",\"Description\":\"Payment id order: 305\",\"Quantity\":1,\"UnitPrice\":303800}],\"Amount\":303800}],\"MerchantCode\":\"454780\"},\"header\":[\"Content-length: 785\",\"Authorization: bearer zyIIQaCn60GYjvm9aAR4i9XlPxeSIPfO4vx2yYKFqFPf4jL4TECQftCT3_DgtgpXKFIHcht08r9cC-o-nu9DXgp6QNwCF7F6xwcFw6d-thEnoAYnqxzr1rEAyR98EiUIpH1q7quBkgN5CMi4kI9_I1ddEfi2E4F-6zLquAiY0Ihuzaslnq7I3wLHZExn-G7lfdeMBQ1Sv1KzZLvvk8iVka3R2jZtNQK-jvbHGbX8YZ1MFUoCdEbOC8jT7bahfKSP32QAp8qZJM9oOnqwWGYg6g44b8BuduLqiRnr2YQi38wfPCL_B8ittH8Tx6a5CK_tA5qBmFsXkSrXxy__XgxFSlhQ70SRhSyf8R0S59QB0yPuVHGN_cHvszMGyw_62t-_37WjV8b8fdwgf6Kl1dpwp6-dYqcmh_YBV4MsFi64e5P1OXw9uzmS7Fj87CNdYhaTHRTjbZMXlHi49_NjQnSb3VKaEHFglC3vzDhjE4hMPYhXELDCmeVTFFQhfnx4tyo52v4NwrmxR3dTWUGj2UbIeLpPy6M_9BrVfkhfFEHCzGwbTPGdQBLKq1aKj30WtUx00CBFuPTQGhYGR9Qmi0H_g6E5vkNIDRmjUyCEk25nKAp0nqnhaBapY5voWDq5FUVJSod8HB7cGW1wYvxQwFj_MoSIT7v8shkD8ndaZajLx-E-_zraJiYREc84yEZiWzY22BvASojE5k1zY2uGAclNIjRGLAflhpM9CfThwyApiOzalEXTKzvdWZmWnn_uY3Xj\"]}}','{\"OperationId\":0,\"LoyaltyTransaction\":null,\"Confirmed\":null,\"Processed\":null,\"Canceled\":null,\"CustomerKey\":\"00000000-0000-0000-0000-000000000000\",\"CustomerCode\":null,\"BonusAmount\":null,\"DiscountAmount\":0,\"MoneyInfo\":null,\"CustomerInfo\":null,\"PaymentId\":304201,\"Status\":1,\"Registered\":\"2019-01-21T12:28:07.83\",\"Amount\":303800,\"Commission\":0,\"Invoice\":3051548066487,\"MerchantCode\":\"454780\",\"LinkUrlSuccess\":null,\"LinkUrlCancel\":null,\"Signature\":\"f6abb9be3dbf486dc9959ba717355aeb\",\"Customer\":{\"Code\":\"62\",\"Name\":null,\"Address\":\"test Last name, invoice address is empty, MD-0000 Chisinau, Молдова, 000000000\"},\"Payer\":null,\"Currency\":498,\"ExternalDate\":\"2019-01-21T12:28:07.83\",\"ExpiryDate\":\"2019-01-21T12:58:07\",\"Services\":[{\"Name\":\"Card of products\",\"Description\":\"Cart of products\",\"Amount\":303800,\"Products\":[{\"GroupName\":null,\"QualitiesConcat\":null,\"LineNo\":1,\"GroupId\":null,\"Code\":\"undefinedServiceCode1\",\"Barcode\":null,\"Name\":\"Order payment for Cadouri.md\",\"Description\":\"Online payment\",\"UnitPrice\":null,\"UnitProduct\":null,\"Quantity\":null,\"Amount\":303800,\"Dimensions\":null,\"Qualities\":null,\"TotalAmount\":303800}]}]}','2019-01-21 12:28:08','2019-01-21 12:28:08'),
	(112,0,'Init: Sent request for order request','Sent order to PayNet : 308','{\"url:\":\"https:\\/\\/paynet.md:4446\\/api\\/Payments\",\"param:\":{\"products\":{\"Invoice\":\"3081548144276\",\"Customer\":{\"Code\":63,\"Name\":\"Name Surname\",\"Address\":\"First name Last name, invoice address is empty, MD-0000 Chisinau, Republica Moldova, 061020033\"},\"Currency\":498,\"ExpiryDate\":\"2019-01-22T10:34:36\",\"Services\":[{\"Name\":\"Order payment for Cadouri.md\",\"Description\":\"Online payment\",\"Products\":[{\"LineNo\":1,\"Code\":308,\"Name\":\"Payment from my shop\",\"Description\":\"Payment id order: 308\",\"Quantity\":1,\"UnitPrice\":159500}],\"Amount\":159500}],\"MerchantCode\":\"454780\"},\"header\":[\"Content-length: 766\",\"Authorization: bearer IExeiyPRCb-haC6LMzqE8HFCR3KH9X8YQmB9ACkzp-4mTq0TM-NL4cufK2HNm4XoylM80DeZjKVB4LMNXH6FKm3A5h9hCSbUR4SRc3dJarjWP7pZgzG1gZtGSycbOjEAAb3EqcJilViVOYApQNNV_CQdll4nDtL-OcxaNl7wbJG41Pqhfp0x51RnPiHTHCOFijMy2n-r4fVmNBOERBXWDQbDqgmbvRCV42JpqG8_fTGmNhrpAb5ioUAl2FLp3NEYIjthHkIpRE1nAHrneMlU-16he2i1JvHK4lh2VN8Qut2KMKBVpQ4G9-BAjMdOn2IeplwUt7kmHTxC2Krby3KvDuYuuH6RbXVvhgXowG45wiPFQPBruAUFGoLkLnHAXUMWoHPZYQYp8EQkHmSNNXswlrPUjrxdMSsV1xP2-Y7_DDoC73tzC_1cy-cxArWbyskM-ie0xvBhkT4zMj6udzM9yKIm1XpbbrHjPUzvJiRF5uAzkrsgJ-cK_GF-M41yNX1yKK4t_W04KeVi7s1cNyjSgjI-XPP5n8lRdnFlj_kb1Dnyr8iQavlIcM7d7mmiXlDoq2IIirkModB1g14DTmQ-IFUaA5mYvP-WnSw15EO-_8tPJ56GP8eqYBUYQtxR4ajn1t1FvWoiGdgfly-ZI4OaAYdb2lgj8PVZ47wnlvOp84dEKfcKe0yw_jhCUZpuCH8EDQAYW8VrpgnX1YedVBy8lWhvOqp9j4-0ZriASpIqnYEzgpuE3-AQ5kDFX8ft4vd2\"]}}','{\"OperationId\":0,\"LoyaltyTransaction\":null,\"Confirmed\":null,\"Processed\":null,\"Canceled\":null,\"CustomerKey\":\"00000000-0000-0000-0000-000000000000\",\"CustomerCode\":null,\"BonusAmount\":null,\"DiscountAmount\":0,\"MoneyInfo\":null,\"CustomerInfo\":null,\"PaymentId\":304850,\"Status\":1,\"Registered\":\"2019-01-22T10:04:36.617\",\"Amount\":159500,\"Commission\":0,\"Invoice\":3081548144276,\"MerchantCode\":\"454780\",\"LinkUrlSuccess\":null,\"LinkUrlCancel\":null,\"Signature\":\"25d73fca9f22d75ea23220234669ab60\",\"Customer\":{\"Code\":\"63\",\"Name\":null,\"Address\":\"First name Last name, invoice address is empty, MD-0000 Chisinau, Republica Moldova, 061020033\"},\"Payer\":null,\"Currency\":498,\"ExternalDate\":\"2019-01-22T10:04:36.617\",\"ExpiryDate\":\"2019-01-22T10:34:36\",\"Services\":[{\"Name\":\"Card of products\",\"Description\":\"Cart of products\",\"Amount\":159500,\"Products\":[{\"GroupName\":null,\"QualitiesConcat\":null,\"LineNo\":1,\"GroupId\":null,\"Code\":\"undefinedServiceCode1\",\"Barcode\":null,\"Name\":\"Order payment for Cadouri.md\",\"Description\":\"Online payment\",\"UnitPrice\":null,\"UnitProduct\":null,\"Quantity\":null,\"Amount\":159500,\"Dimensions\":null,\"Qualities\":null,\"TotalAmount\":159500}]}]}','2019-01-22 10:04:37','2019-01-22 10:04:37'),
	(113,0,'Init: Sent request for order request','Sent order to PayNet : 288','{\"url:\":\"https:\\/\\/paynet.md:4446\\/api\\/Payments\",\"param:\":{\"products\":{\"Invoice\":\"2881548146122\",\"Customer\":{\"Code\":54,\"Name\":\"qwe Surname\",\"Address\":\"qwe Last name, invoice address is empty, MD-0000 Chisinau, \\u041c\\u043e\\u043b\\u0434\\u043e\\u0432\\u0430, 234234\"},\"Currency\":498,\"ExpiryDate\":\"2019-01-22T11:05:22\",\"Services\":[{\"Name\":\"Order payment for Cadouri.md\",\"Description\":\"Online payment\",\"Products\":[{\"LineNo\":1,\"Code\":288,\"Name\":\"Payment from my shop\",\"Description\":\"Payment id order: 288\",\"Quantity\":1,\"UnitPrice\":2506000}],\"Amount\":2506000}],\"MerchantCode\":\"454780\"},\"header\":[\"Content-length: 782\",\"Authorization: bearer DWteXkkILGDC0jQ7kKvLmAVQOHR9nrkd8B2dAQuvlRRcpoclBOOnpzbQC1sctnhEKom9Wqn8XBhoN_CBsgictR-RVo5NJyDLY8A-zzLtUwCgqcClstVjSqNNHZFJx6rqfPoJJCSV-yVpRiC9s5DKj4q6KfymEkofRcGZRRtbEYc65CHXX45NV9mGK_HUrycNWbMiiQKqZW-0kf4dbSkI_YuF--nmiP_aj9wuNMJRR4S6S06MkN1RkiO8NLs-0CVVSzkZRbKKr1Tqy-dDeYveacNBgEoDPw2HSTYA4C1VL4eeOe7JrdkrlK75rLaVT5Nx5rPpHq-fK5y0E0zDkphx5jmlS7k0q0_p3dWVjfQTFKtIuw_Zhn5mZgjrTYcDbR0Yppz_Czsy31roQHgoGg5L8neJB9DqLF4j8FD6ZEH_233y7FpcqsY95wFNqVSFSzy-rylR4j15qTHujsqmMwvCKxIzGvMWv6zm5ASWd1KlV0YRmwJGVCqQlWncUn32x99xDZkQmF8E22i3FxSvrUhFmeN3lEz7Mu4eR8PhkXAS16PaEAwi0bmWyNGn-zbGnrDKRUoYbqiR9tAGVDGArSnW4HscLE8un967kyO9vWJuD7wCv8-34qhRCP9NVCn3LWtpcKjpCvNaaomIwosHN6ty6zHErjxDg7VgRiIisNebigHVbbiks3L3cNbSY0gdz7FLQNcn_zjjNDrNOoZNvvxmBJGgrHngwAraaLqKh4_7856loK9Oc5hy9mfK3NRFkH5b\"]}}','{\"OperationId\":0,\"LoyaltyTransaction\":null,\"Confirmed\":null,\"Processed\":null,\"Canceled\":null,\"CustomerKey\":\"00000000-0000-0000-0000-000000000000\",\"CustomerCode\":null,\"BonusAmount\":null,\"DiscountAmount\":0,\"MoneyInfo\":null,\"CustomerInfo\":null,\"PaymentId\":304865,\"Status\":1,\"Registered\":\"2019-01-22T10:35:22.77\",\"Amount\":2506000,\"Commission\":0,\"Invoice\":2881548146122,\"MerchantCode\":\"454780\",\"LinkUrlSuccess\":null,\"LinkUrlCancel\":null,\"Signature\":\"59650ee6144e43ac18ee5e98cb79d8fd\",\"Customer\":{\"Code\":\"54\",\"Name\":null,\"Address\":\"qwe Last name, invoice address is empty, MD-0000 Chisinau, Молдова, 234234\"},\"Payer\":null,\"Currency\":498,\"ExternalDate\":\"2019-01-22T10:35:22.767\",\"ExpiryDate\":\"2019-01-22T11:05:22\",\"Services\":[{\"Name\":\"Card of products\",\"Description\":\"Cart of products\",\"Amount\":2506000,\"Products\":[{\"GroupName\":null,\"QualitiesConcat\":null,\"LineNo\":1,\"GroupId\":null,\"Code\":\"undefinedServiceCode1\",\"Barcode\":null,\"Name\":\"Order payment for Cadouri.md\",\"Description\":\"Online payment\",\"UnitPrice\":null,\"UnitProduct\":null,\"Quantity\":null,\"Amount\":2506000,\"Dimensions\":null,\"Qualities\":null,\"TotalAmount\":2506000}]}]}','2019-01-22 10:35:23','2019-01-22 10:35:23'),
	(114,0,'Init: Sent request for order request','Sent order to PayNet : 308','{\"url:\":\"https:\\/\\/paynet.md:4446\\/api\\/Payments\",\"param:\":{\"products\":{\"Invoice\":\"3081548146717\",\"Customer\":{\"Code\":63,\"Name\":\"Bujac Ecaterina\",\"Address\":\"Bujac Ecaterina, invoice address is empty, MD-0000 Chisinau, Republica Moldova, 061020033\"},\"Currency\":498,\"ExpiryDate\":\"2019-01-22T11:15:17\",\"Services\":[{\"Name\":\"Order payment for Cadouri.md\",\"Description\":\"Online payment\",\"Products\":[{\"LineNo\":1,\"Code\":308,\"Name\":\"Payment from my shop\",\"Description\":\"Payment id order: 308\",\"Quantity\":1,\"UnitPrice\":159500}],\"Amount\":159500}],\"MerchantCode\":\"454780\"},\"header\":[\"Content-length: 764\",\"Authorization: bearer idEcFOIzXk5d_6ny0TuaJtzpIfGgmM169CyAzK2Reifr6xXfQN6y9EQIkTCkVdh8Y1YWGRnarKXGq4FvVzGULi7ADfPXQ8_8vFqVTUXUQz9RlkscaW8JUCnMsIlaXyonJOh3GBIrhDlklnUDf7q-Yj_kiKsU3h1wS29JanxGG9EzvzEw9257nXYoB09l0jiwg8p3ukMm0q6bkGm2u995-ZtbfYSYww2r3O-ZD_ozxxYEnff7nWVmzeHDmVLnO7e6w4KJFnRMDsLWQbA2Tt0pif2O0I3g0zET16eVFOm2mJMo1GbKYXKwZgAUh-ZdjXag3_u8apjgcMT7ZlPTWaXIxHJS9_JMVzCcK6mAFccF4_MpCyWtwn8YGkXSKuMXZg-6OjlHNtDUpfskhWfCCIfVAf1WgKSVqkIfP6y7c0UqRGBsQ019qAo46G8yKkygT3PqXTwyxfqjnOqc2oStlv994k7ALFbHct0jWhG5H644m84j6Rl7Mp7keZ1dcNvi3AYMY6lKWz6qn6oOUM0JqlhkJG3liZ2Byfj71HxIfV0u0EzLbtjVN8Sr8HFV6mKO72xIaf1kxOORhD6EBj06IqdRa5OydkoPAYBo2P_NXpmw-R-XL351-BlFfgmztBkS8uVuboyN_AY__t8mjkJQqj3rTNDsDCkoh4faDaoRy-CYudnwJJgbZ5y1TTbbIgrCaof4bWSIw_6BUUKsV8lYiy52oknMAvdy_c2SgzwQYng8s6Z7EASptcOUmZg8SfJqrd8O\"]}}','{\"OperationId\":0,\"LoyaltyTransaction\":null,\"Confirmed\":null,\"Processed\":null,\"Canceled\":null,\"CustomerKey\":\"00000000-0000-0000-0000-000000000000\",\"CustomerCode\":null,\"BonusAmount\":null,\"DiscountAmount\":0,\"MoneyInfo\":null,\"CustomerInfo\":null,\"PaymentId\":304872,\"Status\":1,\"Registered\":\"2019-01-22T10:45:17.68\",\"Amount\":159500,\"Commission\":0,\"Invoice\":3081548146717,\"MerchantCode\":\"454780\",\"LinkUrlSuccess\":null,\"LinkUrlCancel\":null,\"Signature\":\"1029b011e54f92e51eaf90cd485ba306\",\"Customer\":{\"Code\":\"63\",\"Name\":null,\"Address\":\"Bujac Ecaterina, invoice address is empty, MD-0000 Chisinau, Republica Moldova, 061020033\"},\"Payer\":null,\"Currency\":498,\"ExternalDate\":\"2019-01-22T10:45:17.68\",\"ExpiryDate\":\"2019-01-22T11:15:17\",\"Services\":[{\"Name\":\"Card of products\",\"Description\":\"Cart of products\",\"Amount\":159500,\"Products\":[{\"GroupName\":null,\"QualitiesConcat\":null,\"LineNo\":1,\"GroupId\":null,\"Code\":\"undefinedServiceCode1\",\"Barcode\":null,\"Name\":\"Order payment for Cadouri.md\",\"Description\":\"Online payment\",\"UnitPrice\":null,\"UnitProduct\":null,\"Quantity\":null,\"Amount\":159500,\"Dimensions\":null,\"Qualities\":null,\"TotalAmount\":159500}]}]}','2019-01-22 10:45:17','2019-01-22 10:45:17'),
	(115,0,'Init: Sent request for order request','Sent order to PayNet : 308','{\"url:\":\"https:\\/\\/paynet.md:4446\\/api\\/Payments\",\"param:\":{\"products\":{\"Invoice\":\"3081548157256\",\"Customer\":{\"Code\":63,\"Name\":\"Bujac Ecaterina\",\"Address\":\"Bujac Ecaterina, invoice address is empty, MD-0000 Chisinau, Republica Moldova, 061020033\"},\"Currency\":498,\"ExpiryDate\":\"2019-01-22T14:10:56\",\"Services\":[{\"Name\":\"Order payment for Cadouri.md\",\"Description\":\"Online payment\",\"Products\":[{\"LineNo\":1,\"Code\":308,\"Name\":\"Payment from my shop\",\"Description\":\"Payment id order: 308\",\"Quantity\":1,\"UnitPrice\":159500}],\"Amount\":159500}],\"MerchantCode\":\"454780\"},\"header\":[\"Content-length: 764\",\"Authorization: bearer YU2Z8n6h5ufrY6qo_YFufheZr_PSDeB8UEci_5pAocDEDfHezT1IqSt4N38vsB9jKPj60pT2mREI8toxHVe2nITnNZfk0qpqdBvwn5HXxN0xfjctj9c20uPmdVSKuxd2N65F5elLaEnk84d-rN99JsviOc73hDfDqDZVFx5vMIsEPHEZetcJZmRkXkWYYhlRTBM8ZpjkvorDhg1VGmF6qGSAKK7nl9jUmpkkmqX9vDvXCXfJi3dm2Q_1UeLgFlJUBz6VwWfdKVGoQcWAnDlofMZQVg6UxbkNx6TthDmhFFk15xR6KMFJC_9Vsr75au4jT09mNH2nOi-Vxb84bltMvNCYWQdTl_VS1zQDDtKIWVWndqN0XxjjnOdI4OmgdDGJuHE-6FuH5uMD3hUUBSTRv60OiCOI8QCjRDt_RtrD6FhaaGZsJNO8UVg_NJctGpD0VVPDGT5smr8-SHoACr7sp9vuybghJo5N9ojaWwOUZO5j6uhaA1yx11UkzTzxCziYpjStkkxj_bYCGqiGqUS9LYHQIcUAL4nM2OHP7mkn8ONuVu5hRwHeaw1tuuOnr1joBHEsExYKqIkfjJhc4r3P4FMPwCSASj2yNt7M_sXNF9nl4ExFeQ2Mwa42fVGDiO7f_mlFK2BQNobBbyE-_sQW6wflWg276-CXvwDuSSlv2vHrABWMT0UJnGDF8jHp6OgbblJ-GEDbwH9xGfrkNpFDn4GAhFDOa1qP3gU2JvDt0l1kntVj2XfTbK3L1Axu0A-0\"]}}','{\"OperationId\":0,\"LoyaltyTransaction\":null,\"Confirmed\":null,\"Processed\":null,\"Canceled\":null,\"CustomerKey\":\"00000000-0000-0000-0000-000000000000\",\"CustomerCode\":null,\"BonusAmount\":null,\"DiscountAmount\":0,\"MoneyInfo\":null,\"CustomerInfo\":null,\"PaymentId\":305092,\"Status\":1,\"Registered\":\"2019-01-22T13:40:56.64\",\"Amount\":159500,\"Commission\":0,\"Invoice\":3081548157256,\"MerchantCode\":\"454780\",\"LinkUrlSuccess\":null,\"LinkUrlCancel\":null,\"Signature\":\"4d50af426a8e9137bfea88cc12849b4a\",\"Customer\":{\"Code\":\"63\",\"Name\":null,\"Address\":\"Bujac Ecaterina, invoice address is empty, MD-0000 Chisinau, Republica Moldova, 061020033\"},\"Payer\":null,\"Currency\":498,\"ExternalDate\":\"2019-01-22T13:40:56.64\",\"ExpiryDate\":\"2019-01-22T14:10:56\",\"Services\":[{\"Name\":\"Card of products\",\"Description\":\"Cart of products\",\"Amount\":159500,\"Products\":[{\"GroupName\":null,\"QualitiesConcat\":null,\"LineNo\":1,\"GroupId\":null,\"Code\":\"undefinedServiceCode1\",\"Barcode\":null,\"Name\":\"Order payment for Cadouri.md\",\"Description\":\"Online payment\",\"UnitPrice\":null,\"UnitProduct\":null,\"Quantity\":null,\"Amount\":159500,\"Dimensions\":null,\"Qualities\":null,\"TotalAmount\":159500}]}]}','2019-01-22 13:40:57','2019-01-22 13:40:57'),
	(116,0,'Init: Sent request for order request','Sent order to PayNet : 308','{\"url:\":\"https:\\/\\/paynet.md:4446\\/api\\/Payments\",\"param:\":{\"products\":{\"Invoice\":\"3081548157318\",\"Customer\":{\"Code\":63,\"Name\":\"Bujac Ecaterina\",\"Address\":\"Bujac Ecaterina, invoice address is empty, MD-0000 Chisinau, Republica Moldova, 061020033\"},\"Currency\":498,\"ExpiryDate\":\"2019-01-22T14:11:58\",\"Services\":[{\"Name\":\"Order payment for Cadouri.md\",\"Description\":\"Online payment\",\"Products\":[{\"LineNo\":1,\"Code\":308,\"Name\":\"Payment from my shop\",\"Description\":\"Payment id order: 308\",\"Quantity\":1,\"UnitPrice\":159500}],\"Amount\":159500}],\"MerchantCode\":\"454780\"},\"header\":[\"Content-length: 764\",\"Authorization: bearer PVFRtJk9pxcF6JI6yRSI0iKMJ_QXXPcdBLGrjwdI81DZHBJIIVsB0UxW95bcah4lTLodMflwlfCs0cBpwmod2jpZ2Nm19T07-M03DUkQytLFgHPGKV_dMwG0QIqy5sFFRFE2uKOcArQt1KSo3YWue_IvHGyngTr1StjSJYq2izkJSMFgTZP3q93dsKbNhtXajSJWpl9Q8oxK2vsmqcNEQL91TyFsludsukipJHdnKi7_8AqnDOfasunV7Iy-oFD77nLC9xPbifdrDPdoyXFyOa0YKL1_JG339stF1Qd_xuaria8FqabOkyX7lJzBrObZUmfIxys0wggO0WYtlo0drCHh2PryN6e3DLuQoldw8UhYQi6Oiaz4Z_6zMObpw5OHggUborHm7FyZAekkBZ-DyIp2vCvO1dJjRkukvoBYh17f8C-2FueyIV10FUh2XhhkWIhCq4EJAtI1cG5RbP45AZhnymjFwm0CnhwNKC9n6b7f-MIZsUpu4_NNrKGZGlEnO2uBJIr_832Vj1BFlB82YFkR0gwzaHwDZznj0HU1hMaPYtSE7Ren1hQBLu7HvXKBnxd-sMxJmOGW-mjcb0xle9negcRUVuwudqNsLYMP4rxjNXgG4ubL8JkfruGKDdFz8nZCoFkhregxgfpxs_U9S2YyPwdwM9WpYzQ1-XuJo2KecyAoTPXATQL01PmkTpPV_lsWr6QsKbwU4dEv2A0nI0EQkJCWC3Qr76saWgzQs-cYjiNTBuxhvhpaHk1Ld_aO\"]}}','{\"OperationId\":0,\"LoyaltyTransaction\":null,\"Confirmed\":null,\"Processed\":null,\"Canceled\":null,\"CustomerKey\":\"00000000-0000-0000-0000-000000000000\",\"CustomerCode\":null,\"BonusAmount\":null,\"DiscountAmount\":0,\"MoneyInfo\":null,\"CustomerInfo\":null,\"PaymentId\":305093,\"Status\":1,\"Registered\":\"2019-01-22T13:41:58.767\",\"Amount\":159500,\"Commission\":0,\"Invoice\":3081548157318,\"MerchantCode\":\"454780\",\"LinkUrlSuccess\":null,\"LinkUrlCancel\":null,\"Signature\":\"fbb5a50238f6ff32d38ea02358bd3aa8\",\"Customer\":{\"Code\":\"63\",\"Name\":null,\"Address\":\"Bujac Ecaterina, invoice address is empty, MD-0000 Chisinau, Republica Moldova, 061020033\"},\"Payer\":null,\"Currency\":498,\"ExternalDate\":\"2019-01-22T13:41:58.767\",\"ExpiryDate\":\"2019-01-22T14:11:58\",\"Services\":[{\"Name\":\"Card of products\",\"Description\":\"Cart of products\",\"Amount\":159500,\"Products\":[{\"GroupName\":null,\"QualitiesConcat\":null,\"LineNo\":1,\"GroupId\":null,\"Code\":\"undefinedServiceCode1\",\"Barcode\":null,\"Name\":\"Order payment for Cadouri.md\",\"Description\":\"Online payment\",\"UnitPrice\":null,\"UnitProduct\":null,\"Quantity\":null,\"Amount\":159500,\"Dimensions\":null,\"Qualities\":null,\"TotalAmount\":159500}]}]}','2019-01-22 13:41:59','2019-01-22 13:41:59'),
	(117,0,'Init: Sent request for order request','Sent order to PayNet : 308','{\"url:\":\"https:\\/\\/paynet.md:4446\\/api\\/Payments\",\"param:\":{\"products\":{\"Invoice\":\"3081548157738\",\"Customer\":{\"Code\":63,\"Name\":\"Bujac Ecaterina\",\"Address\":\"Bujac Ecaterina, invoice address is empty, MD-0000 Chisinau, Republica Moldova, 061020033\"},\"Currency\":498,\"ExpiryDate\":\"2019-01-22T14:18:58\",\"Services\":[{\"Name\":\"Order payment for Cadouri.md\",\"Description\":\"Online payment\",\"Products\":[{\"LineNo\":1,\"Code\":308,\"Name\":\"Payment from my shop\",\"Description\":\"Payment id order: 308\",\"Quantity\":1,\"UnitPrice\":159500}],\"Amount\":159500}],\"MerchantCode\":\"454780\"},\"header\":[\"Content-length: 764\",\"Authorization: bearer 5hG8mp6AnFN4m8fFbe8N890x6rBP7O4NP_pmHEEcH5CYnRkN3Z2bqT9r36q08ofQfZcOq78reta6IlTuoKDFEjZkvZliT7UOnTH8-0bvq9n_ZAaYTnVixCYzPxqSdUDRlLWGoLcFP1CVWRDIpWeo3Wc7CoHCddvLtviq1Co_S9zarRHIRCGQ4UfwvipBiPPqoSOQG0pVnnHPAe4NC2pv0tk6TQ5aE5sST8oG1GwjK6EMVwAFk0j2k2ySg7huIEHfcGHgkBJOIpS5irz6QZxhxTa3rfk_UyYULjs7IiSCYtLdBpUM_F77r_g45TyfMddC7LTZFU4IG0Yun83hqdHxLEsPHBAkxwLlIHBS7227WzvENOyMdkCj1FR-IMSc1HuoXkzPcNAc0i5GrNyP6A8cm-HhrREl7Qz41UDdppIyw9sby1JN1pelp9GLbUSwJI1hrGJq5mrwzgf2I4A7eJAvHEdgRnq5k07UNDV8oAXDJNK18krqsQUnhtLg4N6PIoBy_6OwKMte_U4X7xKe4fWr0-1g-96vQEJHgTZNaMGJbv7cpFCNgMvzSsh7_YxBkWdCEluFfWPPBP9YpVYiYwaoRqglV45HplaS4EsqsPgdHn0hzQ6x1M88jfXx1AU3zwUiuV5Bvlr9HFjq2-lXPO4QiGr45zqBxss7qfz9-JcJ2LW0s94XPSJjHOhxa4qnU79_oabhXV7_BHl08gol-IxGu_jHVBmMPMnYq11rWHehg3AJbP7tpAFDWx8XqPljnu6M\"]}}','{\"OperationId\":0,\"LoyaltyTransaction\":null,\"Confirmed\":null,\"Processed\":null,\"Canceled\":null,\"CustomerKey\":\"00000000-0000-0000-0000-000000000000\",\"CustomerCode\":null,\"BonusAmount\":null,\"DiscountAmount\":0,\"MoneyInfo\":null,\"CustomerInfo\":null,\"PaymentId\":305100,\"Status\":1,\"Registered\":\"2019-01-22T13:48:58.87\",\"Amount\":159500,\"Commission\":0,\"Invoice\":3081548157738,\"MerchantCode\":\"454780\",\"LinkUrlSuccess\":null,\"LinkUrlCancel\":null,\"Signature\":\"e283b568120740ddfdf3dfafe749587f\",\"Customer\":{\"Code\":\"63\",\"Name\":null,\"Address\":\"Bujac Ecaterina, invoice address is empty, MD-0000 Chisinau, Republica Moldova, 061020033\"},\"Payer\":null,\"Currency\":498,\"ExternalDate\":\"2019-01-22T13:48:58.87\",\"ExpiryDate\":\"2019-01-22T14:18:58\",\"Services\":[{\"Name\":\"Card of products\",\"Description\":\"Cart of products\",\"Amount\":159500,\"Products\":[{\"GroupName\":null,\"QualitiesConcat\":null,\"LineNo\":1,\"GroupId\":null,\"Code\":\"undefinedServiceCode1\",\"Barcode\":null,\"Name\":\"Order payment for Cadouri.md\",\"Description\":\"Online payment\",\"UnitPrice\":null,\"UnitProduct\":null,\"Quantity\":null,\"Amount\":159500,\"Dimensions\":null,\"Qualities\":null,\"TotalAmount\":159500}]}]}','2019-01-22 13:48:59','2019-01-22 13:48:59'),
	(118,0,'Init: Sent request for order request','Sent order to PayNet : 311','{\"url:\":\"https:\\/\\/paynet.md:4446\\/api\\/Payments\",\"param:\":{\"products\":{\"Invoice\":\"3111548234375\",\"Customer\":{\"Code\":64,\"Name\":\"\\u0417\\u043b\\u0430\\u0442\\u0430\\u043d \\u0422\\u0430\\u0442\\u044c\\u044f\\u043d\\u0430 \",\"Address\":\"\\u0417\\u043b\\u0430\\u0442\\u0430\\u043d \\u0422\\u0430\\u0442\\u044c\\u044f\\u043d\\u0430, invoice address is empty, MD-0000 Chisinau, \\u041c\\u043e\\u043b\\u0434\\u043e\\u0432\\u0430, 79533632150\"},\"Currency\":498,\"ExpiryDate\":\"2019-01-23T11:36:15\",\"Services\":[{\"Name\":\"Order payment for Cadouri.md\",\"Description\":\"Online payment\",\"Products\":[{\"LineNo\":1,\"Code\":311,\"Name\":\"Payment from my shop\",\"Description\":\"Payment id order: 311\",\"Quantity\":1,\"UnitPrice\":90000}],\"Amount\":90000}],\"MerchantCode\":\"454780\"},\"header\":[\"Content-length: 918\",\"Authorization: bearer hMY9iHhoTAPnMjNgJQXStTK7t9W2ucNXdbFt7GGmkvd9wmpaeEE3lrqhJ-7XDEA0JHsOwDq5SkEfFHqw2msfjv00O1Jm5csVER20e71JlcFa9B3hEwYtplxVvP94BSggX5vifAt9-B0ld18cJWN8-ih-GlnBJE01ThR859PkAPl_tSplSyP-mChPohJw3pKCbV9_vVKMkQQYXj0RzW50SgMs2azu-pN6AqeNpxR9EGevgj5feHCkqqAY5fF2MFi8U0E-1WIWf7DFYNulg9QDwHfQy1Bb3Tpci4L51w68-FacLwt5VRik1GVs_HsC511YRCuJ8A787QmM7UlBnedrClnK_YRJVVpSegI8ZkDnZP_mUTdsEH_vcXCci5e9Fzvv6Lj1gKOxiHgeJPNq8fHrM7VlTZ93p6KSB0UNyWs3lWwLtwcWCTAhb52JY7JeQEduJ0SF1ubwmFEyjcsy-e5cv8lOAI6Oy4M6IB3qJT0fOTc5zViALZ4GqfE305JzX5z_Xmi_1XucZWWHUDvwxJwugw3QIMFkwBxBUr9P66_4euBpTMFR7KYz2H-rj6ac0UDR2r_fgSyT47wtf0ayPPBUQnAIzUoDAFeK18DexNVBaAjp63pRONk7Q4OUQ7NZRCjcIHkioc-CQdvHaERCpFqjG75iY2MO2wrFCqLMHt7aLGIq2sZb_nCd_yMLZg1io5QovvIf7U0gjIk-MXADvAHaWRS7KPA_hldXc02qzfKIV0bhrfoR6cIoib_KhD_8iyL-O7w3oYw-zoDhzeGGGTLxLg\"]}}','{\"OperationId\":0,\"LoyaltyTransaction\":null,\"Confirmed\":null,\"Processed\":null,\"Canceled\":null,\"CustomerKey\":\"00000000-0000-0000-0000-000000000000\",\"CustomerCode\":null,\"BonusAmount\":null,\"DiscountAmount\":0,\"MoneyInfo\":null,\"CustomerInfo\":null,\"PaymentId\":305664,\"Status\":1,\"Registered\":\"2019-01-23T11:06:15.593\",\"Amount\":90000,\"Commission\":0,\"Invoice\":3111548234375,\"MerchantCode\":\"454780\",\"LinkUrlSuccess\":null,\"LinkUrlCancel\":null,\"Signature\":\"25e15fc2bafe99939846de3d6dc43830\",\"Customer\":{\"Code\":\"64\",\"Name\":null,\"Address\":\"Златан Татьяна, invoice address is empty, MD-0000 Chisinau, Молдова, 79533632150\"},\"Payer\":null,\"Currency\":498,\"ExternalDate\":\"2019-01-23T11:06:15.593\",\"ExpiryDate\":\"2019-01-23T11:36:15\",\"Services\":[{\"Name\":\"Card of products\",\"Description\":\"Cart of products\",\"Amount\":90000,\"Products\":[{\"GroupName\":null,\"QualitiesConcat\":null,\"LineNo\":1,\"GroupId\":null,\"Code\":\"undefinedServiceCode1\",\"Barcode\":null,\"Name\":\"Order payment for Cadouri.md\",\"Description\":\"Online payment\",\"UnitPrice\":null,\"UnitProduct\":null,\"Quantity\":null,\"Amount\":90000,\"Dimensions\":null,\"Qualities\":null,\"TotalAmount\":90000}]}]}','2019-01-23 11:06:19','2019-01-23 11:06:19'),
	(119,0,'Init: Sent request for order request','Sent order to PayNet : 311','{\"url:\":\"https:\\/\\/paynet.md:4446\\/api\\/Payments\",\"param:\":{\"products\":{\"Invoice\":\"3111548234439\",\"Customer\":{\"Code\":64,\"Name\":\"\\u0417\\u043b\\u0430\\u0442\\u0430\\u043d \\u0422\\u0430\\u0442\\u044c\\u044f\\u043d\\u0430 \",\"Address\":\"\\u0417\\u043b\\u0430\\u0442\\u0430\\u043d \\u0422\\u0430\\u0442\\u044c\\u044f\\u043d\\u0430, invoice address is empty, MD-0000 Chisinau, \\u041c\\u043e\\u043b\\u0434\\u043e\\u0432\\u0430, 79533632150\"},\"Currency\":498,\"ExpiryDate\":\"2019-01-23T11:37:19\",\"Services\":[{\"Name\":\"Order payment for Cadouri.md\",\"Description\":\"Online payment\",\"Products\":[{\"LineNo\":1,\"Code\":311,\"Name\":\"Payment from my shop\",\"Description\":\"Payment id order: 311\",\"Quantity\":1,\"UnitPrice\":90000}],\"Amount\":90000}],\"MerchantCode\":\"454780\"},\"header\":[\"Content-length: 918\",\"Authorization: bearer KkDqlHr7XwB9GxBJFVDSdGUhhKomKPAOW6MboLNXrgaLN3YDqriTLQGnrDu_ti2zvFJDAurSEOrj3eozVxV1XdxzZDy4GSfBQ9IXI6_LLrdVqngRZCq0ihq8HUoBjbgY5bZ_MedMn3MNYpnvIqe0bh384FP1A8P0y_OECFLSd2XPlwK97WT85TAmA8YzkbpNezcmUB0jCARkQjOeNbzXGRaW_apQLIdDOIdDvVaVGwZYWBpHUk22t1LgoM2CXsHh6mO-JsQy9jJ5WXkXZQVSDOlMCegxuCTBt6BzMRT9x01Njsx-oM8-jvhKpLwNRsu1QddjYAVWEnTU6BxWbRP-QhvDfW1iHH633NmdjXxf0raxL-Mp3R9z51SdY7yuRgHsOFtFjCar2V1PAh1Upte8qLK-K5hdgBhpDI13KW3HESzXizbw70Yt1kSITQiTu9yZtNaamqhFX1gbEAo78ZL_ioSZ-KWN_p-cJ13_EvGflE44eTZQVL-rYWlcghWAjAhDIIrMSbuTisx9M6VSgFNDqAF-SCI6xGb1k6nsy4r8oSAPJH1HgGY-kUcgVdwr9JiRX1-Qv3Q6_pTZrkpPjGAE5weQc0xvu7CARZ55g6qBnBEAI4NWE2rwIvyv3SpsWkI8HOdQ3EwlABFt85Tr8NgoqzmZHBvbvDJAkSObLf83AnggIfGGZH0hw2asFQ6E6vEhKqZWNcfnItHjNKG4Zx_zcTwkLUjIytQyQnZU6ICYVgrSEChDLLjmM7NMbPwj_R53chLuS4WTEAjThkApMirs1Q\"]}}','{\"OperationId\":0,\"LoyaltyTransaction\":null,\"Confirmed\":null,\"Processed\":null,\"Canceled\":null,\"CustomerKey\":\"00000000-0000-0000-0000-000000000000\",\"CustomerCode\":null,\"BonusAmount\":null,\"DiscountAmount\":0,\"MoneyInfo\":null,\"CustomerInfo\":null,\"PaymentId\":305666,\"Status\":1,\"Registered\":\"2019-01-23T11:07:20.14\",\"Amount\":90000,\"Commission\":0,\"Invoice\":3111548234439,\"MerchantCode\":\"454780\",\"LinkUrlSuccess\":null,\"LinkUrlCancel\":null,\"Signature\":\"5c0125bf42c981aa6b3f606b68d33465\",\"Customer\":{\"Code\":\"64\",\"Name\":null,\"Address\":\"Златан Татьяна, invoice address is empty, MD-0000 Chisinau, Молдова, 79533632150\"},\"Payer\":null,\"Currency\":498,\"ExternalDate\":\"2019-01-23T11:07:19.967\",\"ExpiryDate\":\"2019-01-23T11:37:19\",\"Services\":[{\"Name\":\"Card of products\",\"Description\":\"Cart of products\",\"Amount\":90000,\"Products\":[{\"GroupName\":null,\"QualitiesConcat\":null,\"LineNo\":1,\"GroupId\":null,\"Code\":\"undefinedServiceCode1\",\"Barcode\":null,\"Name\":\"Order payment for Cadouri.md\",\"Description\":\"Online payment\",\"UnitPrice\":null,\"UnitProduct\":null,\"Quantity\":null,\"Amount\":90000,\"Dimensions\":null,\"Qualities\":null,\"TotalAmount\":90000}]}]}','2019-01-23 11:07:20','2019-01-23 11:07:20'),
	(120,0,'Init: Sent request for order request','Sent order to PayNet : 311','{\"url:\":\"https:\\/\\/paynet.md:4446\\/api\\/Payments\",\"param:\":{\"products\":{\"Invoice\":\"3111548235201\",\"Customer\":{\"Code\":64,\"Name\":\"\\u0417\\u043b\\u0430\\u0442\\u0430\\u043d \\u0422\\u0430\\u0442\\u044c\\u044f\\u043d\\u0430 \",\"Address\":\"\\u0417\\u043b\\u0430\\u0442\\u0430\\u043d \\u0422\\u0430\\u0442\\u044c\\u044f\\u043d\\u0430, invoice address is empty, MD-0000 Chisinau, \\u041c\\u043e\\u043b\\u0434\\u043e\\u0432\\u0430, 79533632150\"},\"Currency\":498,\"ExpiryDate\":\"2019-01-23T11:50:01\",\"Services\":[{\"Name\":\"Order payment for Cadouri.md\",\"Description\":\"Online payment\",\"Products\":[{\"LineNo\":1,\"Code\":311,\"Name\":\"Payment from my shop\",\"Description\":\"Payment id order: 311\",\"Quantity\":1,\"UnitPrice\":90000}],\"Amount\":90000}],\"MerchantCode\":\"454780\"},\"header\":[\"Content-length: 918\",\"Authorization: bearer X7LouEp4smoSTGg_D620vvCM_rmfLx98WhZ91XKe22WNIaSythgG4R2HnokqcDmNfyPZm00rf6DJfMDQOOGc_7hjNTENDg8g_6Q7ZsnRYOxwBov-KFMCVK96y4lDAJYpb1O8ZC2CcvyLimuDrPFcMns7XSV_-7ZIlvLVKe7PYSUpAeqeh0Wzx6ilqy6wODSUjR3Q_WgFcUjfTsU0bBwAQSRdoC0Sbn_tI97PbBEC0D0A2ni9oMHfNqRCo4Ranimmxsj-EPZgggFAaiiKi3jWCDvrik7UtfMuRgKkMKENTZGYhvQF2_06zd2h-pcCpxRhYGJKAVrcfYySVzcfFXnSEQTngBRXS_-6JampdPEnPBqXNOS7M4lQpMiGldrha4V8TJ9lnbjRBrifaL0FqkamCKmWTATPvZ6YQaHq2GxtI6v-Z7mtruYgd41-Smj_VWVclMQXIHLb_jA_gndJHO46o-6AG3pAlauSGka4UlVz6_nkib5sFiALDE2V5rdjRG8wXIojQiw9aaXZtqrFIBmOEioWN9NLohuUHXyQBQschfYy9MP8xi9eqXIpfclDua8LLdNZdAnzmj1WlSH6wclnXt6hMWL-GLditElsMCk0VhKxcKsey8biFAD3xfuFHAAtl08IwtKEdU1kUGbDPpCeN2C8jiwbQkZi2R_m7yzbuF8aM2QiRDL15i-pJKb3g4Xnvjt7UbPcfRgXVz7ToKeUxvs8RX2AF9D0EcPrikVdKeeZfHIu7UvfEm-M1IVaAlJ-eidgaw-pwFD7PNYQHFxf-w\"]}}','{\"OperationId\":0,\"LoyaltyTransaction\":null,\"Confirmed\":null,\"Processed\":null,\"Canceled\":null,\"CustomerKey\":\"00000000-0000-0000-0000-000000000000\",\"CustomerCode\":null,\"BonusAmount\":null,\"DiscountAmount\":0,\"MoneyInfo\":null,\"CustomerInfo\":null,\"PaymentId\":305673,\"Status\":1,\"Registered\":\"2019-01-23T11:20:01.85\",\"Amount\":90000,\"Commission\":0,\"Invoice\":3111548235201,\"MerchantCode\":\"454780\",\"LinkUrlSuccess\":null,\"LinkUrlCancel\":null,\"Signature\":\"f1894d091c996b9dd934bda702eb4d9e\",\"Customer\":{\"Code\":\"64\",\"Name\":null,\"Address\":\"Златан Татьяна, invoice address is empty, MD-0000 Chisinau, Молдова, 79533632150\"},\"Payer\":null,\"Currency\":498,\"ExternalDate\":\"2019-01-23T11:20:01.85\",\"ExpiryDate\":\"2019-01-23T11:50:01\",\"Services\":[{\"Name\":\"Card of products\",\"Description\":\"Cart of products\",\"Amount\":90000,\"Products\":[{\"GroupName\":null,\"QualitiesConcat\":null,\"LineNo\":1,\"GroupId\":null,\"Code\":\"undefinedServiceCode1\",\"Barcode\":null,\"Name\":\"Order payment for Cadouri.md\",\"Description\":\"Online payment\",\"UnitPrice\":null,\"UnitProduct\":null,\"Quantity\":null,\"Amount\":90000,\"Dimensions\":null,\"Qualities\":null,\"TotalAmount\":90000}]}]}','2019-01-23 11:20:02','2019-01-23 11:20:02'),
	(121,4,'Warning HASH is not correct!','PAID','','{\"Eventid\":230439,\"EventType\":\"PAID\",\"EventDate\":\"2019-01-23T11:24:14.933\",\"Payment\":{\"Id\":305673,\"ExternalId\":3111548235201,\"SaleAreaCode\":null,\"Customer\":null,\"StatusDate\":\"2019-01-23T11:24:14.66\",\"Amount\":90000,\"Merchant\":\"cadourimd\"}}','2019-01-23 11:24:17','2019-01-23 11:24:17'),
	(122,0,'Init: Sent request for order request','Sent order to PayNet : 313','{\"url:\":\"https:\\/\\/paynet.md:4446\\/api\\/Payments\",\"param:\":{\"products\":{\"Invoice\":\"3131548398416\",\"Customer\":{\"Code\":65,\"Name\":\"\\u0410\\u043b\\u0435\\u043a\\u0441\\u0430\\u043d\\u0434\\u0440 Surname\",\"Address\":\"\\u0410\\u043b\\u0435\\u043a\\u0441\\u0430\\u043d\\u0434\\u0440 Last name, invoice address is empty, MD-0000 Chisinau, \\u041c\\u043e\\u043b\\u0434\\u043e\\u0432\\u0430, 068826777\"},\"Currency\":498,\"ExpiryDate\":\"2019-01-25T09:10:16\",\"Services\":[{\"Name\":\"Order payment for Cadouri.md\",\"Description\":\"Online payment\",\"Products\":[{\"LineNo\":1,\"Code\":313,\"Name\":\"Payment from my shop\",\"Description\":\"Payment id order: 313\",\"Quantity\":1,\"UnitPrice\":150000}],\"Amount\":150000}],\"MerchantCode\":\"454780\"},\"header\":[\"Content-length: 885\",\"Authorization: bearer OsvfWQWlPp6FcU3V_pi2nfA2Je0Cwpg9oFhoBk58JkVeioTnKU-6p-iaQbnDdFyDxZbTxJWZxC3RVFqplGEuxjOogEEGVKeePNZkYI--XUL4huxDdHiBLuSxbXHg220fHaCutlkJ4wjswBhECohqebtKUcXa81HZHU_qvZfHJGmQdxe9hcfSPOZrv2QT9a8RZNbJJNeQk8hsxk4YsxmaaKXj53PQuxMo6yo6sG60-mCasQkjqDETR-fBacQ_Gsxa60Dv8VmfRwJrT8PzO9yanNos2uxvtbmNDPAzd4Ty9oh3O-5P6vZYLMWuie8LarXspllYo9iPwrJuzsrun9xAVnYYYJqzlW3EMg8RxXHzMRLV_wubEn83R68TQNxrtxzQqT4DWlogvt5WIPx4qjZUIvXrXpDDzKDPeu5ygXiizXIxiD-xtPWoQE8XuQhW5fMWDZ-EuAfwAOFEuDzV9G85qgDX52x2MrKQF8Upo952CPc-5H52lkz8VJLDx_APevRcEyVjXBFHRXsPOzqFRp9KFvgIpSI2cCp30BXZO2d5SqOZ1c9pz77a_sYkVdUliXW3HenpxD-IBoNiyNNeOvhnyTxm9bkAy1n6RSibreoUB85Do-bV-llqfyo5DvHJteuQy0IX5a8swxYLFCnl-CwZluFSjMazcAbkt-7WacHefmQ-9Hq0QmuKLeSclaq2hQCHYOFpvLJtioXE6aiWYYksaYIVs3m_OogbdAAgCM3bY6OLaAx4ND_Ouy0ofGnkmnSQrpoZhQRJtLK_pJFnf61Nlw\"]}}','{\"OperationId\":0,\"LoyaltyTransaction\":null,\"Confirmed\":null,\"Processed\":null,\"Canceled\":null,\"CustomerKey\":\"00000000-0000-0000-0000-000000000000\",\"CustomerCode\":null,\"BonusAmount\":null,\"DiscountAmount\":0,\"MoneyInfo\":null,\"CustomerInfo\":null,\"PaymentId\":307449,\"Status\":1,\"Registered\":\"2019-01-25T08:40:16.737\",\"Amount\":150000,\"Commission\":0,\"Invoice\":3131548398416,\"MerchantCode\":\"454780\",\"LinkUrlSuccess\":null,\"LinkUrlCancel\":null,\"Signature\":\"b55c1093a5cae55a4c07ab11ec4c098e\",\"Customer\":{\"Code\":\"65\",\"Name\":null,\"Address\":\"Александр Last name, invoice address is empty, MD-0000 Chisinau, Молдова, 068826777\"},\"Payer\":null,\"Currency\":498,\"ExternalDate\":\"2019-01-25T08:40:16.737\",\"ExpiryDate\":\"2019-01-25T09:10:16\",\"Services\":[{\"Name\":\"Card of products\",\"Description\":\"Cart of products\",\"Amount\":150000,\"Products\":[{\"GroupName\":null,\"QualitiesConcat\":null,\"LineNo\":1,\"GroupId\":null,\"Code\":\"undefinedServiceCode1\",\"Barcode\":null,\"Name\":\"Order payment for Cadouri.md\",\"Description\":\"Online payment\",\"UnitPrice\":null,\"UnitProduct\":null,\"Quantity\":null,\"Amount\":150000,\"Dimensions\":null,\"Qualities\":null,\"TotalAmount\":150000}]}]}','2019-01-25 08:40:17','2019-01-25 08:40:17'),
	(123,0,'Init: Sent request for order request','Sent order to PayNet : 313','{\"url:\":\"https:\\/\\/paynet.md:4446\\/api\\/Payments\",\"param:\":{\"products\":{\"Invoice\":\"3131548398473\",\"Customer\":{\"Code\":65,\"Name\":\"\\u0410\\u043b\\u0435\\u043a\\u0441\\u0430\\u043d\\u0434\\u0440 Surname\",\"Address\":\"\\u0410\\u043b\\u0435\\u043a\\u0441\\u0430\\u043d\\u0434\\u0440 Last name, invoice address is empty, MD-0000 Chisinau, \\u041c\\u043e\\u043b\\u0434\\u043e\\u0432\\u0430, 068826777\"},\"Currency\":498,\"ExpiryDate\":\"2019-01-25T09:11:13\",\"Services\":[{\"Name\":\"Order payment for Cadouri.md\",\"Description\":\"Online payment\",\"Products\":[{\"LineNo\":1,\"Code\":313,\"Name\":\"Payment from my shop\",\"Description\":\"Payment id order: 313\",\"Quantity\":1,\"UnitPrice\":85000}],\"Amount\":85000}],\"MerchantCode\":\"454780\"},\"header\":[\"Content-length: 883\",\"Authorization: bearer cyeSnXMA9k2SU8B2UcID3Ttt4m3Soti2M2UO0slW5xRmmyF1Y-bb_ZXhOHVGakZhGzBVe5N8Dqphhd74NcJoqIBsO43MEcPle3CWYgcJAWBkGhJYbkygzarhHYQfwymXt-6YNW3htn8NBH5uW4dQdcW2F58sOrDr0-73DND64N_ULXhlzyfdo4rKPcnOEWrojRiOjIN-V-TvqmnY58NP27Ecj_XF_RC19y9yvi7wikkhi8ND3RcJ6q7FGuhEK_psWML4Mm_zPLEO8J6dOhIMeSBbi8l1dIiJ1fdcbOVTR_hlwyNIftkiSkBmcx60cY2BRfSaWZIx_Yjvhm3RK9r0uGNR7rz3hqKXu39Bvb5qWwn0wyH2dMww_y-qrP-4w2GBdLrtd2R_kUq4WkeokVV-W2giE07titk0xalsCCosef5COt2dk99-UWEkAG3j4yLfQJ8HGqMEpVJx77UW2qONHI6WXbBPul8s4YCiDSU0me96otGrIgqkmVgreb6WjMH5cd50atxZOs858MVjOgF3yrH26FYWDT69TddjPQNw1jHrsPt_bRne9GHFR7ksV03a5nnp7b95F-AQmnIr9AWxvsNWV6oP_VrNmTApHD-frEmJ4uPv0W9QFBLjJRYZ6e9tMXXUqI8vJi9jX2tbowSsMqeXbxyxrFiAKLPLPrN9Q54nWpSxfMDdvLB1KqfKeoKHX9vPsJatyEVHC_y9TUrT8shUjGqzPcTlukk8QC70P8Vgh4ez4U5UEhdwjEMV92ssC-r3GLGRx_fsdF7VrvhX9w\"]}}','{\"OperationId\":0,\"LoyaltyTransaction\":null,\"Confirmed\":null,\"Processed\":null,\"Canceled\":null,\"CustomerKey\":\"00000000-0000-0000-0000-000000000000\",\"CustomerCode\":null,\"BonusAmount\":null,\"DiscountAmount\":0,\"MoneyInfo\":null,\"CustomerInfo\":null,\"PaymentId\":307452,\"Status\":1,\"Registered\":\"2019-01-25T08:41:14.193\",\"Amount\":85000,\"Commission\":0,\"Invoice\":3131548398473,\"MerchantCode\":\"454780\",\"LinkUrlSuccess\":null,\"LinkUrlCancel\":null,\"Signature\":\"2e35a3ed955015c86b4c27211073b958\",\"Customer\":{\"Code\":\"65\",\"Name\":null,\"Address\":\"Александр Last name, invoice address is empty, MD-0000 Chisinau, Молдова, 068826777\"},\"Payer\":null,\"Currency\":498,\"ExternalDate\":\"2019-01-25T08:41:14.193\",\"ExpiryDate\":\"2019-01-25T09:11:13\",\"Services\":[{\"Name\":\"Card of products\",\"Description\":\"Cart of products\",\"Amount\":85000,\"Products\":[{\"GroupName\":null,\"QualitiesConcat\":null,\"LineNo\":1,\"GroupId\":null,\"Code\":\"undefinedServiceCode1\",\"Barcode\":null,\"Name\":\"Order payment for Cadouri.md\",\"Description\":\"Online payment\",\"UnitPrice\":null,\"UnitProduct\":null,\"Quantity\":null,\"Amount\":85000,\"Dimensions\":null,\"Qualities\":null,\"TotalAmount\":85000}]}]}','2019-01-25 08:41:14','2019-01-25 08:41:14'),
	(124,4,'Warning HASH is not correct!','PAID','','{\"Eventid\":231312,\"EventType\":\"PAID\",\"EventDate\":\"2019-01-25T08:44:58.98\",\"Payment\":{\"Id\":307452,\"ExternalId\":3131548398473,\"SaleAreaCode\":null,\"Customer\":null,\"StatusDate\":\"2019-01-25T08:44:58.773\",\"Amount\":85000,\"Merchant\":\"cadourimd\"}}','2019-01-25 08:45:00','2019-01-25 08:45:00'),
	(125,0,'Init: Sent request for order request','Sent order to PayNet : 314','{\"url:\":\"https:\\/\\/paynet.md:4446\\/api\\/Payments\",\"param:\":{\"products\":{\"Invoice\":\"3141548404545\",\"Customer\":{\"Code\":66,\"Name\":\"Nina Covalenco\",\"Address\":\"Nina Covalenco, invoice address is empty, MD-0000 Chisinau, Republica Moldova, 069500115\"},\"Currency\":498,\"ExpiryDate\":\"2019-01-25T10:52:25\",\"Services\":[{\"Name\":\"Order payment for Cadouri.md\",\"Description\":\"Online payment\",\"Products\":[{\"LineNo\":1,\"Code\":314,\"Name\":\"Payment from my shop\",\"Description\":\"Payment id order: 314\",\"Quantity\":1,\"UnitPrice\":99000}],\"Amount\":99000}],\"MerchantCode\":\"454780\"},\"header\":[\"Content-length: 760\",\"Authorization: bearer yTOlgxUYBHgNQoz1KbqFHsizZUFE8-YeFWIvzZc2JWc0zvfWuMWfSnhP61VGkicF4YvNtvUXLOl7o_ndTmzI4U3GUDY7HXlHoFmmE8lwh66Pltve1xS0SQZGWW9X31RQYr1xshRqJqEgiMpHFyxnsMLQ7Pu1w9hyNffq737KQiYz8eKmMHAGP95HUzkOJGPJoGQ-NkpoyIWayiaXK6lk34z0Pc93HKqvEUAD6hXtFc_XCl8U7Af1jIspl-sUYmYUWTvjbmgB4acLSmaw5hL_NmEOwRMfinyPqLHzhj-ilk5B8RZFoTxi2ke5syD5At_OYXZl6zeC6PGgI4s7KOyizRc-yqpIR8DpHdMZokkniAtgQOfo3EmLGe4g8x8Rdlpde0sggU8GDDSfBaOfR3YOiJatQgGOR3G4q2ynELBO0j9oK7kShXJd8zhVMnFGdOdfBeBARN0y5HAG6xXUkYL9wnTkMIMdUDjXf8EI1yiLhnAT9swZhMn7jxcva6yEEAcBbKqN-sU0N3VhsdYj01gMVGSfgfsq5Nnm9R2eMa97nipIDzePxW51cncXrcezw0b6cwDjy2g7m46--etNmbqMLQZv3kSdRaU8WIeixNPgpq6fCF_tUxb-cU1o70JvgXqD5dG3SE7iZlgXCUBuuCBMwX7FizCk5SgzKe_6Jo3H7lOu43bPnJhxjY5ORsS0BapMpk5xMUwBqnKLgefPWARPfI5z3xXrX5TXSWWCe14pi6JT-NFQOHNY8fukyrOI-VxeSPcITIiGIpxgfWjoDJyp2Q\"]}}','{\"OperationId\":0,\"LoyaltyTransaction\":null,\"Confirmed\":null,\"Processed\":null,\"Canceled\":null,\"CustomerKey\":\"00000000-0000-0000-0000-000000000000\",\"CustomerCode\":null,\"BonusAmount\":null,\"DiscountAmount\":0,\"MoneyInfo\":null,\"CustomerInfo\":null,\"PaymentId\":307524,\"Status\":1,\"Registered\":\"2019-01-25T10:22:26.033\",\"Amount\":99000,\"Commission\":0,\"Invoice\":3141548404545,\"MerchantCode\":\"454780\",\"LinkUrlSuccess\":null,\"LinkUrlCancel\":null,\"Signature\":\"4b8e544623ac9a2fa3fe49395d191fa8\",\"Customer\":{\"Code\":\"66\",\"Name\":null,\"Address\":\"Nina Covalenco, invoice address is empty, MD-0000 Chisinau, Republica Moldova, 069500115\"},\"Payer\":null,\"Currency\":498,\"ExternalDate\":\"2019-01-25T10:22:26.033\",\"ExpiryDate\":\"2019-01-25T10:52:25\",\"Services\":[{\"Name\":\"Card of products\",\"Description\":\"Cart of products\",\"Amount\":99000,\"Products\":[{\"GroupName\":null,\"QualitiesConcat\":null,\"LineNo\":1,\"GroupId\":null,\"Code\":\"undefinedServiceCode1\",\"Barcode\":null,\"Name\":\"Order payment for Cadouri.md\",\"Description\":\"Online payment\",\"UnitPrice\":null,\"UnitProduct\":null,\"Quantity\":null,\"Amount\":99000,\"Dimensions\":null,\"Qualities\":null,\"TotalAmount\":99000}]}]}','2019-01-25 10:22:26','2019-01-25 10:22:26'),
	(126,4,'Warning HASH is not correct!','PAID','','{\"Eventid\":231349,\"EventType\":\"PAID\",\"EventDate\":\"2019-01-25T10:28:35.59\",\"Payment\":{\"Id\":307524,\"ExternalId\":3141548404545,\"SaleAreaCode\":null,\"Customer\":null,\"StatusDate\":\"2019-01-25T10:28:35.43\",\"Amount\":99000,\"Merchant\":\"cadourimd\"}}','2019-01-25 10:28:37','2019-01-25 10:28:37'),
	(127,0,'Init: Sent request for order request','Sent order to PayNet : 288','{\"url:\":\"https:\\/\\/paynet.md:4446\\/api\\/Payments\",\"param:\":{\"products\":{\"Invoice\":\"2881548423505\",\"Customer\":{\"Code\":54,\"Name\":\"qwe Surname\",\"Address\":\"qwe Last name, invoice address is empty, MD-0000 Chisinau, \\u041c\\u043e\\u043b\\u0434\\u043e\\u0432\\u0430, 234234\"},\"Currency\":498,\"ExpiryDate\":\"2019-01-25T16:08:25\",\"Services\":[{\"Name\":\"Order payment for Cadouri.md\",\"Description\":\"Online payment\",\"Products\":[{\"LineNo\":1,\"Code\":288,\"Name\":\"Payment from my shop\",\"Description\":\"Payment id order: 288\",\"Quantity\":1,\"UnitPrice\":2506000}],\"Amount\":2506000}],\"MerchantCode\":\"454780\"},\"header\":[\"Content-length: 782\",\"Authorization: bearer _LPJz64YU8VNb2pgrq49TswOFUcJgQsbMdZRBiwnHHqdgdcIylxQ8B-mxOUt_OgOJemsikL-aPxCh8jpsNVQpbhiS2f-DAi5rQN1m9Ls6mv96-vI3VYsBldO5M3KK-TpovM-dnSFlSIo0M_pq5EXs1CqggvkXI2XCEXR2e2Oh1DnYZeEMrq1Cvkv6K2_mevNMQVDNqyeiKUeUAQXsly_lV0ONnmklvt0NwwDhmDsqUW2vpwD9eEBFJQkhxi-lWZf-M1gFuPue-ZlY67rz_E7jO98u0RMfc7q9nUPwqCdOCTkMoRxJqPr_FYoheyQ6x3OCn5VE2mFV2iQmD-rGSsVV4IohfkXs2HI0d76d1wg12SiyFzRw4Ik3NuIqAhe-gWw2cAI0-PRi8w-KwQJBZnQYZUs7AN5b3GaUgsQuOaQKvMrkDQloGcS-yfiwguPPY-A8IXlcYx2Ud_1sz83jqDl66UbCLtX32Tt6wMn2td4bgOLyTDaeUM7vqbcpXRsks4r9jnRsWDckrCq_fu1lmwHtuo_NgeotvIovtWYtr80J45Kygk9Wx9bsjBQuuaykoLwDYxqCpJIy_wBFNrY5rSHzlUPXTRt9MaqvqL-hOqGrKlJoRSBscCgYOBlX2rmREAVWlPioIzlGt6wN8YG1kAeuX4B7e8nbP6zvc3ScZ0Cjv5Q2VP9GotlmR0TVghcnrwDt83hQq0YQlXc9OW-kD1ybiF1IGzhCUSSbePViNm4khXJsiVOaqqA5a5t6S4KKoa9a6b1ZqLM0LtaxdAnugNFDA\"]}}','{\"OperationId\":0,\"LoyaltyTransaction\":null,\"Confirmed\":null,\"Processed\":null,\"Canceled\":null,\"CustomerKey\":\"00000000-0000-0000-0000-000000000000\",\"CustomerCode\":null,\"BonusAmount\":null,\"DiscountAmount\":0,\"MoneyInfo\":null,\"CustomerInfo\":null,\"PaymentId\":307845,\"Status\":1,\"Registered\":\"2019-01-25T15:38:25.95\",\"Amount\":2506000,\"Commission\":0,\"Invoice\":2881548423505,\"MerchantCode\":\"454780\",\"LinkUrlSuccess\":null,\"LinkUrlCancel\":null,\"Signature\":\"acd341b6320003816fd6d905f1f7104b\",\"Customer\":{\"Code\":\"54\",\"Name\":null,\"Address\":\"qwe Last name, invoice address is empty, MD-0000 Chisinau, Молдова, 234234\"},\"Payer\":null,\"Currency\":498,\"ExternalDate\":\"2019-01-25T15:38:25.95\",\"ExpiryDate\":\"2019-01-25T16:08:25\",\"Services\":[{\"Name\":\"Card of products\",\"Description\":\"Cart of products\",\"Amount\":2506000,\"Products\":[{\"GroupName\":null,\"QualitiesConcat\":null,\"LineNo\":1,\"GroupId\":null,\"Code\":\"undefinedServiceCode1\",\"Barcode\":null,\"Name\":\"Order payment for Cadouri.md\",\"Description\":\"Online payment\",\"UnitPrice\":null,\"UnitProduct\":null,\"Quantity\":null,\"Amount\":2506000,\"Dimensions\":null,\"Qualities\":null,\"TotalAmount\":2506000}]}]}','2019-01-25 15:38:26','2019-01-25 15:38:26'),
	(128,0,'Init: Sent request for order request','Sent order to PayNet : 316','{\"url:\":\"https:\\/\\/paynet.md:4446\\/api\\/Payments\",\"param:\":{\"products\":{\"Invoice\":\"3161548528522\",\"Customer\":{\"Code\":67,\"Name\":\"IIIJHHHH Surname\",\"Address\":\"IIIJHHHH Last name, invoice address is empty, MD-0000 Chisinau, Republica Moldova, 3334444\"},\"Currency\":498,\"ExpiryDate\":\"2019-01-26T21:18:42\",\"Services\":[{\"Name\":\"Order payment for Cadouri.md\",\"Description\":\"Online payment\",\"Products\":[{\"LineNo\":1,\"Code\":316,\"Name\":\"Payment from my shop\",\"Description\":\"Payment id order: 316\",\"Quantity\":1,\"UnitPrice\":191500}],\"Amount\":191500}],\"MerchantCode\":\"454780\"},\"header\":[\"Content-length: 766\",\"Authorization: bearer hgBtlQ5bQYnkFSrwgTwyGTgGIe4EaZf2hrizcXJkyWhHEbgQc2GQciC1yq8bCdE9rqeuVZWO2Np5fyGLi826imJqLETr4uqhrNiUHcs6iL8g_RQTt7cuzqq89oSZW1owtHb8AED6U_7UjINlp1RR8axtcLEuDY1OaoKbHfYg5fn_PlKmKZHSnDUJeGMU_uGaGmNU8q5Yr-yqYvdeyMuhqcU1gDEt4prHR2-hvc1Gmt8h6kWiDZWC9q1fk0-wkxlsM0a5TY9uCs9YcKLjzCLuueCfM6xoxcaUo3W-9eyj8J9XWkpR51IVDOGyDY1AsKg85oKq-OtjKx-CLNihoQ-TbCGhnqebiDmg_VIrWOlQTNbmBUNQVrp347tHc45ROFvC6i1ybj4DjXQrPMaZE6giwz0pRkIf1yVlW7rWvUmqCy2SPRrlSNQSlL5ifD3fK0SS4bPLnijLYRwIdbxWxd-_-uknNh4_Zde2oSatagMnfp2gyIwA5JvOdhInMpmZOz1IHgvLCfoEQTYG_xcsbGurzxsIjQpIl7mmCRGYQkSSBFJVmjYWyPOYTYTs2lUR4k1AEtpT2xSmtYEPiwtfxtvOIC6J0aNqF227mj1uyNjQ9wceg11ysend3-fy5wNMpYva58ru1qpuerModvypuQFZfcSbPG6iG7lRZhehdzEch5hgVqVOSy1JNa5pzJz2mq1vAWqdDQTBX9M4N0aP5EIHjgN0lLXQZ3Gdq1BHGQRq5ppXe9goNONr2FF6PzwwIe7nHbD93Qh1A9UG2qohqgKrGA\"]}}','{\"OperationId\":0,\"LoyaltyTransaction\":null,\"Confirmed\":null,\"Processed\":null,\"Canceled\":null,\"CustomerKey\":\"00000000-0000-0000-0000-000000000000\",\"CustomerCode\":null,\"BonusAmount\":null,\"DiscountAmount\":0,\"MoneyInfo\":null,\"CustomerInfo\":null,\"PaymentId\":308772,\"Status\":1,\"Registered\":\"2019-01-26T20:48:42.623\",\"Amount\":191500,\"Commission\":0,\"Invoice\":3161548528522,\"MerchantCode\":\"454780\",\"LinkUrlSuccess\":null,\"LinkUrlCancel\":null,\"Signature\":\"9dd8b525966c078471995c0a5a4db1e0\",\"Customer\":{\"Code\":\"67\",\"Name\":null,\"Address\":\"IIIJHHHH Last name, invoice address is empty, MD-0000 Chisinau, Republica Moldova, 3334444\"},\"Payer\":null,\"Currency\":498,\"ExternalDate\":\"2019-01-26T20:48:42.623\",\"ExpiryDate\":\"2019-01-26T21:18:42\",\"Services\":[{\"Name\":\"Card of products\",\"Description\":\"Cart of products\",\"Amount\":191500,\"Products\":[{\"GroupName\":null,\"QualitiesConcat\":null,\"LineNo\":1,\"GroupId\":null,\"Code\":\"undefinedServiceCode1\",\"Barcode\":null,\"Name\":\"Order payment for Cadouri.md\",\"Description\":\"Online payment\",\"UnitPrice\":null,\"UnitProduct\":null,\"Quantity\":null,\"Amount\":191500,\"Dimensions\":null,\"Qualities\":null,\"TotalAmount\":191500}]}]}','2019-01-26 20:48:42','2019-01-26 20:48:42'),
	(129,0,'Init: Sent request for order request','Sent order to PayNet : 320','{\"url:\":\"https:\\/\\/paynet.md:4446\\/api\\/Payments\",\"param:\":{\"products\":{\"Invoice\":\"3201548691471\",\"Customer\":{\"Code\":68,\"Name\":\"Andreicu Tatiana\",\"Address\":\"Andreicu Tatiana, invoice address is empty, MD-0000 Chisinau, Republica Moldova, +447739459626\"},\"Currency\":498,\"ExpiryDate\":\"2019-01-28T18:34:31\",\"Services\":[{\"Name\":\"Order payment for Cadouri.md\",\"Description\":\"Online payment\",\"Products\":[{\"LineNo\":1,\"Code\":320,\"Name\":\"Payment from my shop\",\"Description\":\"Payment id order: 320\",\"Quantity\":1,\"UnitPrice\":118300}],\"Amount\":118300}],\"MerchantCode\":\"454780\"},\"header\":[\"Content-length: 772\",\"Authorization: bearer zhqBsbgUtpbULuvyANmHM87diitdoZmqHVWHBPDwtygDvAofcXZ2_h2aIDo3o5imLUsketE4ziGPYyDsekji4dD-v6Z-dAvHNfvSV_lCjG7N32VkMT2h3kN9Mix2E2Z4z1G5mf82yedDB9Ha1c8DyY8qhnULxZjQ5pP1bpNwiOWio8Z0h4DTv6f3CfrYRNyR2ee_JV3xOekap8MrqtCpp60a59_ulMRkuoTu3gtT_Edg7WEtZoWGoe_ZjjX0dOzms-9EeYXyvkjTK8gxWfn5nlaqugywojcQQ3xP2iRBHuJACY6cnax9RoRXCT_27dszIGcOp6oTaXX2zeQp3sxbWb7Gg1hWTf7lkmd0UH62jGPapS6oOauCL5Gk6lPYUPs37cJ-4UkV3zDyyNu8Sccb3z93cjFpA2-IBOtFvRdgdxCl_i7LGBodCJsg9KjqRIZNiPZl1n3_3KEQyh0aswNgUsN9UN69yt4megEl46GGc2kkC1I7bzY4XSd4ljwVDBTlENTmO_SDAuEuDnGurIR-zOe1mS2kk41a7wHvHCJa3wd6Hh-EH0F7qvMLcjtq5N7W8YLYFgNJr_IHJrzeOlgpFg9vju5CY4LeGiHRrxBhKLU5CkVtgmoZMGn6-94R1eRqeLiUbynRhlSCz_rxzrqpPETIB4W7vkLaI8O4ieTGpDM6W2tjqlVT7IHj5vgCum7w3CQeP2VQP_2MOdyzhIPX9PdJQXKvqP9RAvt9eL8qad0R6vwrlDSppWosL4eZ6_XQCJQIMoZEDoGY4J72GeBZEQ\"]}}','{\"OperationId\":0,\"LoyaltyTransaction\":null,\"Confirmed\":null,\"Processed\":null,\"Canceled\":null,\"CustomerKey\":\"00000000-0000-0000-0000-000000000000\",\"CustomerCode\":null,\"BonusAmount\":null,\"DiscountAmount\":0,\"MoneyInfo\":null,\"CustomerInfo\":null,\"PaymentId\":309943,\"Status\":1,\"Registered\":\"2019-01-28T18:04:32.22\",\"Amount\":118300,\"Commission\":0,\"Invoice\":3201548691471,\"MerchantCode\":\"454780\",\"LinkUrlSuccess\":null,\"LinkUrlCancel\":null,\"Signature\":\"4d072769a6805157d309e280d85c7d73\",\"Customer\":{\"Code\":\"68\",\"Name\":null,\"Address\":\"Andreicu Tatiana, invoice address is empty, MD-0000 Chisinau, Republica Moldova, +447739459626\"},\"Payer\":null,\"Currency\":498,\"ExternalDate\":\"2019-01-28T18:04:32.22\",\"ExpiryDate\":\"2019-01-28T18:34:31\",\"Services\":[{\"Name\":\"Card of products\",\"Description\":\"Cart of products\",\"Amount\":118300,\"Products\":[{\"GroupName\":null,\"QualitiesConcat\":null,\"LineNo\":1,\"GroupId\":null,\"Code\":\"undefinedServiceCode1\",\"Barcode\":null,\"Name\":\"Order payment for Cadouri.md\",\"Description\":\"Online payment\",\"UnitPrice\":null,\"UnitProduct\":null,\"Quantity\":null,\"Amount\":118300,\"Dimensions\":null,\"Qualities\":null,\"TotalAmount\":118300}]}]}','2019-01-28 18:04:32','2019-01-28 18:04:32'),
	(130,0,'Init: Sent request for order request','Sent order to PayNet : 320','{\"url:\":\"https:\\/\\/paynet.md:4446\\/api\\/Payments\",\"param:\":{\"products\":{\"Invoice\":\"3201548691534\",\"Customer\":{\"Code\":68,\"Name\":\"Andreicu Tatiana\",\"Address\":\"Andreicu Tatiana, invoice address is empty, MD-0000 Chisinau, Republica Moldova, +447739459626\"},\"Currency\":498,\"ExpiryDate\":\"2019-01-28T18:35:34\",\"Services\":[{\"Name\":\"Order payment for Cadouri.md\",\"Description\":\"Online payment\",\"Products\":[{\"LineNo\":1,\"Code\":320,\"Name\":\"Payment from my shop\",\"Description\":\"Payment id order: 320\",\"Quantity\":1,\"UnitPrice\":118300}],\"Amount\":118300}],\"MerchantCode\":\"454780\"},\"header\":[\"Content-length: 772\",\"Authorization: bearer 4MbjBjFlRZst05k6jQgNknljwA3sQmYVsfpAbF1tl8ctugS_w6ukoCNUHACKUfdoPNUG8geKliSgsI5S3hVlOseBwFuaEqgtOozzhMnV_ksoapePlfLtnehSE1YM3QTEKr-E-k2_0pNrE9VAWpo9S9EgDi0yx4-JDCMS8pKh6Ii7n333GSCRMUNHTN35xPrw8SQXsDjItlY6_UmKTVrstTg383RSfQzgA4xCDXvBI827T_YRANq1vVZ9rORcXmT5jCfzzTmNyQiSx_b2rS1hIoeUJk_7RXrCn5j_iGvPaz5hXBZ2GwIl-Uzk1fLg-28NO_xw4Gb8N98IdjaZk27iczPd2j4_MkuYBY9aoNbO1FLqKNHmNx-dqean6b3hAQQ4IkhcmL0XUMojAuSILVXNPqaorIF5qEbXYuLwf6dfAkvipDF_VnWQ9oSnr_uisKS0sdhOg-iPyN3o2N52hVnxVZfMURzE_XpjL3INgC26BzDW3RuTDg6rL4F04xXfngEeW8s97pfUwoiEx65bMVq1nLfTUHfAA2uAMl5uun1rzmo_nAVbIz-fL_TI04Ol-LSF1SSOBn9d7RnMfJci_qRpvAOnsh44u081abVJ5vBGxzdBqph8SsVdZlhehw9TdyCOzrFSkYbXTZ1-ITHmnzRj7GIDOe3zjDKf5yYnCnlNKrctfvieDF8sf_7VJy-lG5O5AL7uGvXkvBeq5jgmXgQwKwtCXBej7fsdGo6SgAmm-R-BrDGb_BxnFIsyEkjVttnPQ33-t30IRRYpq1l8w_F-ng\"]}}','{\"OperationId\":0,\"LoyaltyTransaction\":null,\"Confirmed\":null,\"Processed\":null,\"Canceled\":null,\"CustomerKey\":\"00000000-0000-0000-0000-000000000000\",\"CustomerCode\":null,\"BonusAmount\":null,\"DiscountAmount\":0,\"MoneyInfo\":null,\"CustomerInfo\":null,\"PaymentId\":309945,\"Status\":1,\"Registered\":\"2019-01-28T18:05:34.727\",\"Amount\":118300,\"Commission\":0,\"Invoice\":3201548691534,\"MerchantCode\":\"454780\",\"LinkUrlSuccess\":null,\"LinkUrlCancel\":null,\"Signature\":\"75f8ccdd5a493fada6a039ef22b5db32\",\"Customer\":{\"Code\":\"68\",\"Name\":null,\"Address\":\"Andreicu Tatiana, invoice address is empty, MD-0000 Chisinau, Republica Moldova, +447739459626\"},\"Payer\":null,\"Currency\":498,\"ExternalDate\":\"2019-01-28T18:05:34.727\",\"ExpiryDate\":\"2019-01-28T18:35:34\",\"Services\":[{\"Name\":\"Card of products\",\"Description\":\"Cart of products\",\"Amount\":118300,\"Products\":[{\"GroupName\":null,\"QualitiesConcat\":null,\"LineNo\":1,\"GroupId\":null,\"Code\":\"undefinedServiceCode1\",\"Barcode\":null,\"Name\":\"Order payment for Cadouri.md\",\"Description\":\"Online payment\",\"UnitPrice\":null,\"UnitProduct\":null,\"Quantity\":null,\"Amount\":118300,\"Dimensions\":null,\"Qualities\":null,\"TotalAmount\":118300}]}]}','2019-01-28 18:05:35','2019-01-28 18:05:35'),
	(131,4,'Warning HASH is not correct!','PAID','','{\"Eventid\":232602,\"EventType\":\"PAID\",\"EventDate\":\"2019-01-28T18:08:04.037\",\"Payment\":{\"Id\":309945,\"ExternalId\":3201548691534,\"SaleAreaCode\":null,\"Customer\":null,\"StatusDate\":\"2019-01-28T18:08:03.907\",\"Amount\":118300,\"Merchant\":\"cadourimd\"}}','2019-01-28 18:08:06','2019-01-28 18:08:06');

/*!40000 ALTER TABLE `ps_paynet_log` ENABLE KEYS */;
UNLOCK TABLES;


# Дамп таблицы ps_product
# ------------------------------------------------------------

DROP TABLE IF EXISTS `ps_product`;

CREATE TABLE `ps_product` (
  `id_product` int(10) unsigned NOT NULL AUTO_INCREMENT,
  `id_supplier` int(10) unsigned DEFAULT NULL,
  `id_manufacturer` int(10) unsigned DEFAULT NULL,
  `id_category_default` int(10) unsigned DEFAULT NULL,
  `id_shop_default` int(10) unsigned NOT NULL DEFAULT '1',
  `id_tax_rules_group` int(11) unsigned NOT NULL,
  `on_sale` tinyint(1) unsigned NOT NULL DEFAULT '0',
  `online_only` tinyint(1) unsigned NOT NULL DEFAULT '0',
  `ean13` varchar(13) DEFAULT NULL,
  `isbn` varchar(32) DEFAULT NULL,
  `upc` varchar(12) DEFAULT NULL,
  `ecotax` decimal(17,6) NOT NULL DEFAULT '0.000000',
  `quantity` int(10) NOT NULL DEFAULT '0',
  `minimal_quantity` int(10) unsigned NOT NULL DEFAULT '1',
  `low_stock_threshold` int(10) DEFAULT NULL,
  `low_stock_alert` tinyint(1) NOT NULL DEFAULT '0',
  `price` decimal(20,6) NOT NULL DEFAULT '0.000000',
  `wholesale_price` decimal(20,6) NOT NULL DEFAULT '0.000000',
  `unity` varchar(255) DEFAULT NULL,
  `unit_price_ratio` decimal(20,6) NOT NULL DEFAULT '0.000000',
  `additional_shipping_cost` decimal(20,2) NOT NULL DEFAULT '0.00',
  `reference` varchar(32) DEFAULT NULL,
  `supplier_reference` varchar(32) DEFAULT NULL,
  `location` varchar(64) DEFAULT NULL,
  `width` decimal(20,6) NOT NULL DEFAULT '0.000000',
  `height` decimal(20,6) NOT NULL DEFAULT '0.000000',
  `depth` decimal(20,6) NOT NULL DEFAULT '0.000000',
  `weight` decimal(20,6) NOT NULL DEFAULT '0.000000',
  `out_of_stock` int(10) unsigned NOT NULL DEFAULT '2',
  `additional_delivery_times` tinyint(1) unsigned NOT NULL DEFAULT '1',
  `quantity_discount` tinyint(1) DEFAULT '0',
  `customizable` tinyint(2) NOT NULL DEFAULT '0',
  `uploadable_files` tinyint(4) NOT NULL DEFAULT '0',
  `text_fields` tinyint(4) NOT NULL DEFAULT '0',
  `active` tinyint(1) unsigned NOT NULL DEFAULT '0',
  `redirect_type` enum('','404','301-product','302-product','301-category','302-category') NOT NULL DEFAULT '',
  `id_type_redirected` int(10) unsigned NOT NULL DEFAULT '0',
  `available_for_order` tinyint(1) NOT NULL DEFAULT '1',
  `available_date` date DEFAULT NULL,
  `show_condition` tinyint(1) NOT NULL DEFAULT '0',
  `condition` enum('new','used','refurbished') NOT NULL DEFAULT 'new',
  `show_price` tinyint(1) NOT NULL DEFAULT '1',
  `indexed` tinyint(1) NOT NULL DEFAULT '0',
  `visibility` enum('both','catalog','search','none') NOT NULL DEFAULT 'both',
  `cache_is_pack` tinyint(1) NOT NULL DEFAULT '0',
  `cache_has_attachments` tinyint(1) NOT NULL DEFAULT '0',
  `is_virtual` tinyint(1) NOT NULL DEFAULT '0',
  `cache_default_attribute` int(10) unsigned DEFAULT NULL,
  `date_add` datetime NOT NULL,
  `date_upd` datetime NOT NULL,
  `advanced_stock_management` tinyint(1) NOT NULL DEFAULT '0',
  `pack_stock_type` int(11) unsigned NOT NULL DEFAULT '3',
  `state` int(11) unsigned NOT NULL DEFAULT '1',
  PRIMARY KEY (`id_product`),
  KEY `product_supplier` (`id_supplier`),
  KEY `product_manufacturer` (`id_manufacturer`,`id_product`),
  KEY `id_category_default` (`id_category_default`),
  KEY `indexed` (`indexed`),
  KEY `date_add` (`date_add`),
  KEY `state` (`state`,`date_upd`)
) ENGINE=InnoDB DEFAULT CHARSET=utf8;

LOCK TABLES `ps_product` WRITE;
/*!40000 ALTER TABLE `ps_product` DISABLE KEYS */;

INSERT INTO `ps_product` (`id_product`, `id_supplier`, `id_manufacturer`, `id_category_default`, `id_shop_default`, `id_tax_rules_group`, `on_sale`, `online_only`, `ean13`, `isbn`, `upc`, `ecotax`, `quantity`, `minimal_quantity`, `low_stock_threshold`, `low_stock_alert`, `price`, `wholesale_price`, `unity`, `unit_price_ratio`, `additional_shipping_cost`, `reference`, `supplier_reference`, `location`, `width`, `height`, `depth`, `weight`, `out_of_stock`, `additional_delivery_times`, `quantity_discount`, `customizable`, `uploadable_files`, `text_fields`, `active`, `redirect_type`, `id_type_redirected`, `available_for_order`, `available_date`, `show_condition`, `condition`, `show_price`, `indexed`, `visibility`, `cache_is_pack`, `cache_has_attachments`, `is_virtual`, `cache_default_attribute`, `date_add`, `date_upd`, `advanced_stock_management`, `pack_stock_type`, `state`)
VALUES
	(20,0,0,3,1,1,0,0,'','','',0.000000,0,1,5,1,5970.000000,0.000000,'',0.000000,0.00,'rose001','','',0.000000,0.000000,0.000000,0.000000,2,1,0,0,0,0,1,'404',0,1,'0000-00-00',0,'new',1,1,'both',0,0,0,0,'2018-03-11 19:21:01','2019-01-22 14:15:43',0,0,1),
	(21,0,0,3,1,1,0,0,'','','',0.000000,0,1,NULL,0,3100.000000,0.000000,'',0.000000,0.00,'rose005','','',0.000000,0.000000,0.000000,0.000000,2,1,0,0,0,0,1,'404',0,1,'0000-00-00',0,'new',1,1,'both',0,0,0,0,'2018-03-17 23:55:00','2019-01-22 14:15:38',0,0,1),
	(23,0,0,11,1,1,0,0,'','','',0.000000,0,1,NULL,0,875.000000,0.000000,'',0.000000,0.00,'spabox001','','',0.000000,0.000000,0.000000,0.000000,2,1,0,0,0,0,1,'404',0,1,'0000-00-00',0,'new',1,1,'both',0,0,0,0,'2018-05-04 15:28:01','2018-11-02 17:32:36',0,0,1),
	(25,0,0,11,1,1,0,0,'','','',0.000000,0,1,NULL,0,745.000000,0.000000,'',0.000000,0.00,'spabox003','','',0.000000,0.000000,0.000000,0.000000,2,1,0,0,0,0,1,'404',0,1,'0000-00-00',0,'new',1,1,'both',0,0,0,0,'2018-05-04 17:36:00','2018-11-02 17:32:28',0,0,1),
	(28,0,0,11,1,1,0,0,'','','',0.000000,0,1,NULL,0,745.000000,0.000000,'',0.000000,0.00,'spabox002','','',0.000000,0.000000,0.000000,0.000000,2,1,0,0,0,0,1,'404',0,1,'0000-00-00',0,'new',1,1,'both',0,0,0,0,'2018-05-07 11:58:28','2018-11-14 13:24:46',0,0,1),
	(29,0,0,11,1,1,0,0,'','','',0.000000,0,1,NULL,0,815.000000,0.000000,'',0.000000,0.00,'honey003','','',0.000000,0.000000,0.000000,0.000000,2,1,0,0,0,0,1,'404',0,1,'0000-00-00',0,'new',1,1,'both',0,0,0,0,'2018-05-07 12:58:24','2018-11-14 16:11:21',0,0,1),
	(32,0,0,11,1,1,0,0,'','','',0.000000,0,1,NULL,0,735.000000,0.000000,'',0.000000,0.00,'honey001','','',0.000000,0.000000,0.000000,0.000000,2,1,0,0,0,0,1,'404',0,1,'0000-00-00',0,'new',1,1,'both',0,0,0,0,'2018-05-07 13:31:11','2018-11-14 13:25:48',0,0,1),
	(33,0,0,11,1,1,0,0,'','','',0.000000,0,1,NULL,0,745.000000,0.000000,'',0.000000,0.00,'tastybox001','','',0.000000,0.000000,0.000000,0.000000,2,1,0,0,0,0,1,'404',0,1,'0000-00-00',0,'new',1,1,'both',0,0,0,0,'2018-05-07 13:50:17','2018-11-14 13:26:13',0,0,1),
	(35,0,0,3,1,1,0,0,'','','',0.000000,0,1,NULL,0,5970.000000,0.000000,'',0.000000,0.00,'rose004','','',0.000000,0.000000,0.000000,0.000000,2,1,0,0,0,0,1,'404',0,1,'0000-00-00',0,'new',1,1,'both',0,0,0,0,'2018-05-12 19:43:38','2019-01-22 14:15:32',0,0,1),
	(36,0,0,3,1,1,0,0,'','','',0.000000,0,1,NULL,0,1590.000000,0.000000,'',0.000000,0.00,'rose006','','',0.000000,0.000000,0.000000,0.000000,2,1,0,0,0,0,1,'404',0,1,'0000-00-00',0,'new',1,1,'both',0,0,0,0,'2018-05-12 19:55:22','2019-01-22 14:15:48',0,0,1),
	(38,0,0,3,1,1,0,0,'','','',0.000000,0,1,NULL,0,3100.000000,0.000000,'',0.000000,0.00,'rose002','','',0.000000,0.000000,0.000000,0.000000,2,1,0,0,0,0,1,'404',0,1,'0000-00-00',0,'new',1,1,'both',0,0,0,0,'2018-05-12 20:25:27','2019-01-22 14:15:26',0,0,1),
	(39,0,0,12,1,1,0,0,'','','',0.000000,0,1,NULL,0,1590.000000,0.000000,'',0.000000,0.00,'rose003','','',0.000000,0.000000,0.000000,0.000000,2,1,0,0,0,0,1,'404',0,1,'0000-00-00',0,'new',1,1,'both',0,0,0,0,'2018-05-12 20:29:20','2019-01-22 14:15:53',0,0,1),
	(40,0,0,3,1,1,0,0,'','','',0.000000,0,1,NULL,0,5970.000000,0.000000,'',0.000000,0.00,'rose007','','',0.000000,0.000000,0.000000,0.000000,2,1,0,0,0,0,1,'404',0,1,'0000-00-00',0,'new',1,1,'both',0,0,0,0,'2018-05-12 20:34:28','2019-01-22 14:18:35',0,0,1),
	(41,0,0,3,1,1,0,0,'','','',0.000000,0,1,NULL,0,3090.000000,0.000000,'',0.000000,0.00,'rose008','','',0.000000,0.000000,0.000000,0.000000,2,1,0,0,0,0,1,'404',0,1,'0000-00-00',0,'new',1,1,'both',0,0,0,0,'2018-05-12 20:36:49','2019-01-22 14:18:30',0,0,1),
	(42,0,0,3,1,1,0,0,'','','',0.000000,0,1,NULL,0,1590.000000,0.000000,'',0.000000,0.00,'rose009','','',0.000000,0.000000,0.000000,0.000000,2,1,0,0,0,0,1,'404',0,1,'0000-00-00',0,'new',1,1,'both',0,0,0,0,'2018-05-12 20:42:40','2019-01-28 00:32:38',0,0,1),
	(43,0,0,12,1,1,0,0,'','','',0.000000,0,1,NULL,0,5970.000000,0.000000,'',0.000000,0.00,'rose010','','',0.000000,0.000000,0.000000,0.000000,2,1,0,0,0,0,1,'404',0,1,'0000-00-00',0,'new',1,1,'both',0,0,0,0,'2018-05-12 21:31:59','2019-01-28 18:07:15',0,0,1),
	(44,0,0,3,1,1,0,0,'','','',0.000000,0,1,NULL,0,3090.000000,0.000000,'',0.000000,0.00,'rose011','','',0.000000,0.000000,0.000000,0.000000,2,1,0,0,0,0,1,'404',0,1,'0000-00-00',0,'new',1,1,'both',0,0,0,0,'2018-05-12 21:37:19','2019-01-28 18:07:17',0,0,1),
	(45,0,0,12,1,1,0,0,'','','',0.000000,0,1,NULL,0,1590.000000,0.000000,'',0.000000,0.00,'rose012','','',0.000000,0.000000,0.000000,0.000000,2,1,0,0,0,0,1,'404',0,1,'0000-00-00',0,'new',1,1,'both',0,0,0,0,'2018-05-12 21:38:59','2019-01-28 18:06:36',0,0,1),
	(47,0,0,12,1,1,0,0,'','','',0.000000,0,1,NULL,0,3090.000000,0.000000,'',0.000000,0.00,'rose027','','',0.000000,0.000000,0.000000,0.000000,2,1,0,0,0,0,1,'404',0,1,'0000-00-00',0,'new',1,1,'both',0,0,0,0,'2018-05-12 23:46:14','2019-01-28 18:00:39',0,0,1),
	(48,0,0,3,1,1,0,0,'','','',0.000000,0,1,NULL,0,895.000000,0.000000,'',0.000000,0.00,'mix003','','',0.000000,0.000000,0.000000,0.000000,2,1,0,0,0,0,1,'404',0,1,'0000-00-00',0,'new',1,1,'both',0,0,0,0,'2018-05-12 23:48:15','2019-01-28 17:57:33',0,0,1),
	(49,0,0,3,1,1,0,0,'','','',0.000000,0,1,NULL,0,750.000000,0.000000,'',0.000000,0.00,'mix004','','',0.000000,0.000000,0.000000,0.000000,2,1,0,0,0,0,1,'404',0,1,'0000-00-00',0,'new',1,1,'both',0,0,0,0,'2018-05-12 23:51:44','2019-01-28 17:57:33',0,0,1),
	(51,0,0,3,1,1,0,0,'','','',0.000000,0,1,NULL,0,1205.000000,0.000000,'',0.000000,0.00,'mix005','','',0.000000,0.000000,0.000000,0.000000,2,1,0,0,0,0,1,'404',0,1,'0000-00-00',0,'new',1,1,'both',0,0,0,0,'2018-05-12 23:53:58','2019-01-28 17:57:33',0,0,1),
	(52,0,0,2,1,1,0,0,'','','',0.000000,0,1,NULL,0,895.000000,0.000000,'',0.000000,0.00,'mix006','','',0.000000,0.000000,0.000000,0.000000,2,1,0,0,0,0,1,'404',0,1,'0000-00-00',0,'new',1,1,'both',0,0,0,0,'2018-05-12 23:55:38','2019-01-28 17:57:33',0,0,1),
	(53,0,0,3,1,1,0,0,'','','',0.000000,0,1,NULL,0,1438.000000,0.000000,'',0.000000,0.00,'mix007','','',0.000000,0.000000,0.000000,0.000000,2,1,0,0,0,0,1,'404',0,1,'0000-00-00',0,'new',1,1,'both',0,0,0,0,'2018-05-12 23:57:38','2019-01-28 17:57:33',0,0,1),
	(54,0,0,2,1,1,0,0,'','','',0.000000,0,1,NULL,0,1595.000000,0.000000,'',0.000000,0.00,'mix008','','',0.000000,0.000000,0.000000,0.000000,2,1,0,0,0,0,1,'404',0,1,'0000-00-00',0,'new',1,1,'both',0,0,0,0,'2018-05-13 00:00:30','2019-01-28 18:07:17',0,0,1),
	(55,0,0,3,1,1,0,0,'','','',0.000000,0,1,NULL,0,1140.000000,0.000000,'',0.000000,0.00,'mix009','','',0.000000,0.000000,0.000000,0.000000,2,1,0,0,0,0,1,'404',0,1,'0000-00-00',0,'new',1,1,'both',0,0,0,0,'2018-05-13 00:02:34','2019-01-28 17:57:33',0,0,1),
	(56,0,0,3,1,1,0,0,'','','',0.000000,0,1,NULL,0,2015.000000,0.000000,'',0.000000,0.00,'mix010','','',0.000000,0.000000,0.000000,0.000000,2,1,0,0,0,0,1,'404',0,1,'0000-00-00',0,'new',1,1,'both',0,0,0,0,'2018-05-13 00:04:40','2019-01-28 17:57:33',0,0,1),
	(57,0,0,12,1,1,0,0,'','','',0.000000,0,1,NULL,0,3050.000000,0.000000,'',0.000000,0.00,'rose028','','',0.000000,0.000000,0.000000,0.000000,2,1,0,0,0,0,1,'404',0,1,'0000-00-00',0,'new',1,1,'both',0,0,0,0,'2018-05-13 00:06:08','2019-01-28 18:04:22',0,0,1),
	(58,0,0,15,1,1,0,0,'','','',0.000000,0,1,NULL,0,3000.000000,0.000000,'',0.000000,0.00,'toy001','','',0.000000,0.000000,0.000000,0.000000,2,1,0,0,0,0,1,'404',0,1,'0000-00-00',0,'new',1,1,'both',0,0,0,0,'2018-06-07 22:50:43','2018-12-18 16:12:47',0,0,1),
	(59,0,0,15,1,1,0,0,'','','',0.000000,0,1,NULL,0,2000.000000,0.000000,'',0.000000,0.00,'toy002','','',0.000000,0.000000,0.000000,0.000000,2,1,0,0,0,0,1,'404',0,1,'0000-00-00',0,'new',1,1,'both',0,0,0,0,'2018-06-07 22:56:31','2018-11-30 17:35:48',0,0,1),
	(60,0,0,15,1,1,0,0,'','','',0.000000,0,1,NULL,0,1000.000000,0.000000,'',0.000000,0.00,'toy003','','',0.000000,0.000000,0.000000,0.000000,2,1,0,0,0,0,1,'404',0,1,'0000-00-00',0,'new',1,1,'both',0,0,0,0,'2018-06-07 23:00:33','2018-11-02 16:54:11',0,0,1),
	(61,0,0,15,1,1,0,0,'','','',0.000000,0,1,NULL,0,645.000000,0.000000,'',0.000000,0.00,'toy004','','',0.000000,0.000000,0.000000,0.000000,2,1,0,0,0,0,1,'404',0,1,'0000-00-00',0,'new',1,1,'both',0,0,0,0,'2018-06-07 23:02:43','2018-11-02 16:54:11',0,0,1),
	(62,0,0,15,1,1,0,0,'','','',0.000000,0,1,NULL,0,1640.000000,0.000000,'',0.000000,0.00,'toy005','','',0.000000,0.000000,0.000000,0.000000,2,1,0,0,0,0,1,'404',0,1,'0000-00-00',0,'new',1,1,'both',0,0,0,0,'2018-06-07 23:05:09','2018-11-02 16:54:11',0,0,1),
	(63,0,0,15,1,1,0,0,'','','',0.000000,0,1,NULL,0,250.000000,0.000000,'',0.000000,0.00,'toy006','','',0.000000,0.000000,0.000000,0.000000,2,1,0,0,0,0,1,'404',0,1,'0000-00-00',0,'new',1,1,'both',0,0,0,0,'2018-06-07 23:08:38','2018-11-02 16:54:11',0,0,1),
	(64,0,0,15,1,1,0,0,'','','',0.000000,0,1,NULL,0,1650.000000,0.000000,'',0.000000,0.00,'toy007','','',0.000000,0.000000,0.000000,0.000000,2,1,0,0,0,0,1,'404',0,1,'0000-00-00',0,'new',1,1,'both',0,0,0,0,'2018-06-07 23:15:34','2018-12-18 16:13:59',0,0,1),
	(65,0,0,15,1,1,0,0,'','','',0.000000,0,1,NULL,0,1080.000000,0.000000,'',0.000000,0.00,'toy008','','',0.000000,0.000000,0.000000,0.000000,2,1,0,0,0,0,1,'404',0,1,'0000-00-00',0,'new',1,1,'both',0,0,0,0,'2018-06-07 23:17:11','2018-11-02 16:54:11',0,0,1),
	(66,0,0,15,1,1,0,0,'','','',0.000000,0,1,NULL,0,1185.000000,0.000000,'',0.000000,0.00,'toy009','','',0.000000,0.000000,0.000000,0.000000,2,1,0,0,0,0,1,'404',0,1,'0000-00-00',0,'new',1,1,'both',0,0,0,0,'2018-06-07 23:18:49','2018-11-02 16:54:11',0,0,1),
	(67,0,0,15,1,1,0,0,'','','',0.000000,0,1,NULL,0,350.000000,0.000000,'',0.000000,0.00,'toy010','','',0.000000,0.000000,0.000000,0.000000,2,1,0,0,0,0,1,'404',0,1,'0000-00-00',0,'new',1,1,'both',0,0,0,0,'2018-06-07 23:20:17','2018-11-02 16:54:11',0,0,1),
	(68,0,0,3,1,1,0,0,'','','',0.000000,0,1,NULL,0,1140.000000,0.000000,'',0.000000,0.00,'hat009','','',0.000000,0.000000,0.000000,0.000000,2,1,0,0,0,0,1,'404',0,1,'0000-00-00',0,'new',1,1,'both',0,0,0,0,'2018-06-12 12:29:58','2019-01-18 17:09:39',0,0,1),
	(69,0,0,3,1,0,0,0,'','','',0.000000,0,1,NULL,0,625.000000,0.000000,'',0.000000,0.00,'plant001','','',0.000000,0.000000,0.000000,0.000000,2,1,0,0,0,0,1,'404',0,1,'0000-00-00',0,'new',1,1,'both',0,0,0,0,'2018-06-19 22:49:28','2018-11-02 16:54:11',0,0,1),
	(70,0,0,3,1,0,0,0,'','','',0.000000,0,1,NULL,0,750.000000,0.000000,'',0.000000,0.00,'plant002','','',0.000000,0.000000,0.000000,0.000000,2,1,0,0,0,0,1,'404',0,1,'0000-00-00',0,'new',1,1,'both',0,0,0,0,'2018-06-19 22:54:20','2018-11-02 16:54:11',0,0,1),
	(71,0,0,3,1,1,0,0,'','','',0.000000,0,1,NULL,0,650.000000,0.000000,'',0.000000,0.00,'plant003','','',0.000000,0.000000,0.000000,0.000000,2,1,0,0,0,0,1,'404',0,1,'0000-00-00',0,'new',1,1,'both',0,0,0,0,'2018-06-19 22:57:17','2018-11-14 16:06:59',0,0,1),
	(72,0,0,25,1,0,0,0,'','','',0.000000,0,1,NULL,0,175.000000,0.000000,'',0.000000,0.00,'sweet001','','',0.000000,0.000000,0.000000,0.000000,2,1,0,0,0,0,1,'404',0,1,'0000-00-00',0,'new',1,1,'both',0,0,0,0,'2018-06-19 23:07:22','2018-11-02 16:54:11',0,0,1),
	(73,0,0,25,1,1,0,0,'','','',0.000000,0,1,NULL,0,400.000000,0.000000,'',0.000000,0.00,'sweet002','','',0.000000,0.000000,0.000000,0.000000,2,1,0,0,0,0,1,'404',0,1,'0000-00-00',0,'new',1,1,'both',0,0,0,0,'2018-06-19 23:11:37','2018-11-14 16:18:14',0,0,1),
	(74,0,0,21,1,1,0,0,'','','',0.000000,0,1,NULL,0,280.000000,0.000000,'',0.000000,0.00,'sweet003','','',0.000000,0.000000,0.000000,0.000000,2,1,0,0,0,0,1,'404',0,1,'0000-00-00',0,'new',1,1,'both',0,0,0,0,'2018-06-19 23:13:27','2018-11-02 16:54:11',0,0,1),
	(75,0,0,3,1,1,0,0,'','','',0.000000,0,1,NULL,0,1230.000000,0.000000,'',0.000000,0.00,'hat001','','',0.000000,0.000000,0.000000,0.000000,2,1,0,0,0,0,1,'404',0,1,'0000-00-00',0,'new',1,1,'both',0,0,0,0,'2018-07-09 12:39:17','2019-01-18 14:50:34',0,0,1),
	(78,0,0,3,1,1,0,0,'','','',0.000000,0,1,NULL,0,690.000000,0.000000,'',0.000000,0.00,'mix001','','',0.000000,0.000000,0.000000,0.000000,2,1,0,0,0,0,1,'404',0,1,'0000-00-00',0,'new',1,1,'both',0,0,0,0,'2018-07-09 13:30:07','2019-01-28 18:03:02',0,0,1),
	(79,0,0,3,1,1,0,0,'','','',0.000000,0,1,NULL,0,630.000000,0.000000,'',0.000000,0.00,'mix012','','',0.000000,0.000000,0.000000,0.000000,2,1,0,0,0,0,0,'404',0,1,'0000-00-00',0,'new',1,0,'both',0,0,0,0,'2018-07-11 11:32:37','2019-01-28 18:07:17',0,0,1),
	(80,0,0,3,1,1,0,0,'','','',0.000000,0,1,NULL,0,855.000000,0.000000,'',0.000000,0.00,'mix013','','',0.000000,0.000000,0.000000,0.000000,2,1,0,0,0,0,1,'404',0,1,'0000-00-00',0,'new',1,1,'both',0,0,0,0,'2018-07-11 11:41:09','2019-01-28 18:07:17',0,0,1),
	(81,0,0,3,1,1,0,0,'','','',0.000000,0,1,NULL,0,2550.000000,0.000000,'',0.000000,0.00,'mix014','','',0.000000,0.000000,0.000000,0.000000,2,1,0,0,0,0,0,'404',0,1,'0000-00-00',0,'new',1,0,'both',0,0,0,0,'2018-07-11 11:48:24','2019-01-28 18:07:17',0,0,1),
	(82,0,0,3,1,1,0,0,'','','',0.000000,0,1,NULL,0,1785.000000,0.000000,'',0.000000,0.00,'mix015','','',0.000000,0.000000,0.000000,0.000000,2,1,0,0,0,0,1,'404',0,1,'0000-00-00',0,'new',1,1,'both',0,0,0,0,'2018-07-11 11:55:37','2019-01-28 18:07:17',0,0,1),
	(83,0,0,3,1,1,0,0,'','','',0.000000,0,1,NULL,0,3050.000000,0.000000,'',0.000000,0.00,'rose024','','',0.000000,0.000000,0.000000,0.000000,2,1,0,0,0,0,1,'404',0,1,'0000-00-00',0,'new',1,1,'both',0,0,0,0,'2018-07-11 12:26:04','2019-01-28 14:51:12',0,0,1),
	(84,0,0,3,1,1,0,0,'','','',0.000000,0,1,NULL,0,1400.000000,0.000000,'',0.000000,0.00,'mix021','','',0.000000,0.000000,0.000000,0.000000,2,1,0,0,0,0,0,'404',0,1,'0000-00-00',0,'new',1,0,'both',0,0,0,0,'2018-07-11 12:39:30','2019-01-28 14:51:56',0,0,1),
	(85,0,0,3,1,1,0,0,'','','',0.000000,0,1,NULL,0,1090.000000,0.000000,'',0.000000,0.00,'hat004','','',0.000000,0.000000,0.000000,0.000000,2,1,0,0,0,0,1,'404',0,1,'0000-00-00',0,'new',1,1,'both',0,0,0,0,'2018-07-11 13:31:34','2019-01-18 15:04:26',0,0,1),
	(86,0,0,3,1,1,0,0,'','','',0.000000,0,1,NULL,0,1235.000000,0.000000,'',0.000000,0.00,'mix017','','',0.000000,0.000000,0.000000,0.000000,2,1,0,0,0,0,1,'404',0,1,'0000-00-00',0,'new',1,1,'both',0,0,0,0,'2018-07-11 13:46:34','2019-01-28 18:07:17',0,0,1),
	(87,0,0,3,1,1,0,0,'','','',0.000000,0,1,NULL,0,855.000000,0.000000,'',0.000000,0.00,'mix018','','',0.000000,0.000000,0.000000,0.000000,2,1,0,0,0,0,1,'404',0,1,'0000-00-00',0,'new',1,1,'both',0,0,0,0,'2018-07-11 13:52:10','2019-01-28 18:07:17',0,0,1),
	(88,0,0,3,1,1,0,0,'','','',0.000000,0,1,NULL,0,2690.000000,0.000000,'',0.000000,0.00,'hat002','','',0.000000,0.000000,0.000000,0.000000,2,1,0,0,0,0,1,'404',0,1,'0000-00-00',0,'new',1,1,'both',0,0,0,0,'2018-07-11 14:11:35','2019-01-18 14:54:26',0,0,1),
	(89,0,0,3,1,1,0,0,'','','',0.000000,0,1,NULL,0,1910.000000,0.000000,'',0.000000,0.00,'hat006','','',0.000000,0.000000,0.000000,0.000000,2,1,0,0,0,0,1,'404',0,1,'0000-00-00',0,'new',1,1,'both',0,0,0,0,'2018-07-11 14:16:54','2019-01-18 16:49:31',0,0,1),
	(90,0,0,3,1,1,0,0,'','','',0.000000,0,1,NULL,0,1126.000000,0.000000,'',0.000000,0.00,'mix022','','',0.000000,0.000000,0.000000,0.000000,2,1,0,0,0,0,0,'404',0,1,'0000-00-00',0,'new',1,0,'both',0,0,0,0,'2018-07-11 14:39:02','2019-01-28 18:07:17',0,0,1),
	(91,0,0,3,1,1,0,0,'','','',0.000000,0,1,NULL,0,1920.000000,0.000000,'',0.000000,0.00,'hat007','','',0.000000,0.000000,0.000000,0.000000,2,1,0,0,0,0,1,'404',0,1,'0000-00-00',0,'new',1,1,'both',0,0,0,0,'2018-07-12 12:21:19','2019-01-22 14:17:47',0,0,1),
	(92,0,0,3,1,1,0,0,'','','',0.000000,0,1,NULL,0,5140.000000,0.000000,'',0.000000,0.00,'hat003','','',0.000000,0.000000,0.000000,0.000000,2,1,0,0,0,0,1,'404',0,1,'0000-00-00',0,'new',1,1,'both',0,0,0,0,'2018-07-12 12:35:50','2019-01-22 14:17:53',0,0,1),
	(93,0,0,3,1,1,0,0,'','','',0.000000,0,1,NULL,0,1485.000000,0.000000,'',0.000000,0.00,'mix020','','',0.000000,0.000000,0.000000,0.000000,2,1,0,0,0,0,0,'404',0,1,'0000-00-00',0,'new',1,0,'both',0,0,0,0,'2018-07-12 13:21:21','2019-01-28 18:07:17',0,0,1),
	(94,0,0,3,1,1,0,0,'','','',0.000000,0,1,NULL,0,2610.000000,0.000000,'',0.000000,0.00,'hat010','','',0.000000,0.000000,0.000000,0.000000,2,1,0,0,0,0,1,'404',0,1,'0000-00-00',0,'new',1,1,'both',0,0,0,0,'2018-07-13 12:18:31','2019-01-18 17:16:36',0,0,1),
	(95,0,0,3,1,1,0,0,'','','',0.000000,0,1,NULL,0,1300.000000,0.000000,'',0.000000,0.00,'hat011','','',0.000000,0.000000,0.000000,0.000000,2,1,0,0,0,0,1,'404',0,1,'0000-00-00',0,'new',1,1,'both',0,0,0,0,'2018-07-13 13:28:48','2019-01-18 17:32:03',0,0,1),
	(96,0,0,3,1,1,0,0,'','','',0.000000,0,1,NULL,0,1450.000000,0.000000,'',0.000000,0.00,'hat008','','',0.000000,0.000000,0.000000,0.000000,2,1,0,0,0,0,1,'404',0,1,'0000-00-00',0,'new',1,1,'both',0,0,0,0,'2018-07-13 14:04:00','2019-01-18 17:03:43',0,0,1),
	(97,0,0,3,1,1,0,0,'','','',0.000000,0,1,NULL,0,1520.000000,0.000000,'',0.000000,0.00,'hat005','','',0.000000,0.000000,0.000000,0.000000,2,1,0,0,0,0,1,'404',0,1,'0000-00-00',0,'new',1,1,'both',0,0,0,0,'2018-07-17 13:09:52','2019-01-18 16:23:28',0,0,1),
	(98,0,0,3,1,0,0,0,'','','',0.000000,0,1,NULL,0,650.000000,0.000000,'',0.000000,0.00,'plant004','','',0.000000,0.000000,0.000000,0.000000,2,1,0,0,0,0,1,'404',0,1,'0000-00-00',0,'new',1,1,'both',0,0,0,0,'2018-07-18 11:16:06','2018-11-02 16:54:11',0,0,1),
	(99,0,0,3,1,0,0,0,'','','',0.000000,0,1,NULL,0,875.000000,0.000000,'',0.000000,0.00,'plant005','','',0.000000,0.000000,0.000000,0.000000,2,1,0,0,0,0,1,'404',0,1,'0000-00-00',0,'new',1,1,'both',0,0,0,0,'2018-07-18 11:35:04','2018-11-02 16:54:11',0,0,1),
	(100,0,0,3,1,0,0,0,'','','',0.000000,0,1,NULL,0,625.000000,0.000000,'',0.000000,0.00,'plant006','','',0.000000,0.000000,0.000000,0.000000,2,1,0,0,0,0,1,'404',0,1,'0000-00-00',0,'new',1,1,'both',0,0,0,0,'2018-07-18 12:20:07','2018-11-02 16:54:11',0,0,1),
	(101,0,0,3,1,1,0,0,'','','',0.000000,0,1,NULL,0,2300.000000,0.000000,'',0.000000,0.00,'rose013','','',0.000000,0.000000,0.000000,0.000000,2,1,0,0,0,0,1,'404',0,1,'0000-00-00',0,'new',1,1,'both',0,0,0,0,'2018-07-18 13:47:53','2019-01-28 18:07:17',0,0,1),
	(102,0,0,3,1,1,0,0,'','','',0.000000,0,1,NULL,0,3335.000000,0.000000,'',0.000000,0.00,'rose014','','',0.000000,0.000000,0.000000,0.000000,2,1,0,0,0,0,1,'404',0,1,'0000-00-00',0,'new',1,1,'both',0,0,0,0,'2018-07-18 13:51:15','2019-01-22 14:16:47',0,0,1),
	(103,0,0,3,1,1,0,0,'','','',0.000000,0,1,NULL,0,3795.000000,0.000000,'',0.000000,0.00,'rose015','','',0.000000,0.000000,0.000000,0.000000,2,1,0,0,0,0,1,'404',0,1,'0000-00-00',0,'new',1,1,'both',0,0,0,0,'2018-07-18 13:59:00','2019-01-28 18:07:17',0,0,1),
	(104,0,0,11,1,1,0,0,'','','',0.000000,0,1,NULL,0,795.000000,0.000000,'',0.000000,0.00,'menset001','','',0.000000,0.000000,0.000000,0.000000,2,1,0,0,0,0,1,'404',0,1,'0000-00-00',0,'new',1,1,'both',0,0,0,0,'2018-07-19 06:39:49','2018-11-14 16:15:55',0,0,1),
	(109,0,0,3,1,1,0,0,'','','',0.000000,0,1,NULL,0,0.000000,0.000000,'',0.000000,0.00,'mix023','','',0.000000,0.000000,0.000000,0.000000,2,1,0,0,0,0,1,'404',0,1,'0000-00-00',0,'new',1,1,'both',0,0,0,3,'2018-07-30 13:25:51','2019-01-28 18:07:17',0,0,1),
	(110,0,0,23,1,1,0,0,'','','',0.000000,0,1,NULL,0,0.000000,0.000000,'',0.000000,0.00,'card000','','',0.000000,0.000000,0.000000,0.000000,2,1,0,0,0,0,1,'404',0,1,'0000-00-00',0,'new',1,1,'both',0,0,0,0,'2018-08-03 13:21:03','2018-11-02 16:54:11',0,0,1),
	(112,0,0,2,1,1,0,0,'','','',0.000000,0,1,NULL,0,5.000000,0.000000,'',0.000000,0.00,'card001','','',0.000000,0.000000,0.000000,0.000000,2,1,0,0,0,0,0,'404',0,1,'0000-00-00',0,'new',1,0,'both',0,0,0,0,'2018-08-03 13:26:49','2018-11-02 16:54:11',0,0,1),
	(113,0,0,2,1,1,0,0,'','','',0.000000,0,1,NULL,0,80.000000,0.000000,'',0.000000,0.00,'card002','','',0.000000,0.000000,0.000000,0.000000,2,1,0,0,0,0,0,'404',0,1,'0000-00-00',0,'new',1,0,'both',0,0,0,0,'2018-08-03 13:30:59','2018-11-02 16:54:11',0,0,1),
	(114,0,0,2,1,1,0,0,'','','',0.000000,0,1,NULL,0,120.000000,0.000000,'',0.000000,0.00,'card003','','',0.000000,0.000000,0.000000,0.000000,2,1,0,0,0,0,0,'404',0,1,'0000-00-00',0,'new',1,0,'both',0,0,0,0,'2018-08-03 13:32:09','2018-11-02 16:54:11',0,0,1),
	(115,0,0,2,1,1,0,0,'','','',0.000000,0,1,NULL,0,150.000000,0.000000,'',0.000000,0.00,'card004','','',0.000000,0.000000,0.000000,0.000000,2,1,0,0,0,0,0,'404',0,1,'0000-00-00',0,'new',1,0,'both',0,0,0,0,'2018-08-03 13:34:24','2018-11-02 16:54:11',0,0,1),
	(116,0,0,25,1,1,0,0,'','','',0.000000,0,1,NULL,0,390.000000,0.000000,'',0.000000,0.00,'sweet004','','',0.000000,0.000000,0.000000,0.000000,2,1,0,0,0,0,1,'404',0,1,'0000-00-00',0,'new',1,1,'both',0,0,0,0,'2018-08-07 12:07:45','2019-01-10 14:52:31',0,0,1),
	(117,0,0,25,1,0,0,0,'','','',0.000000,0,1,NULL,0,175.000000,0.000000,'',0.000000,0.00,'sweet005','','',0.000000,0.000000,0.000000,0.000000,2,1,0,0,0,0,1,'404',0,1,'0000-00-00',0,'new',1,1,'both',0,0,0,0,'2018-08-07 12:09:51','2018-11-02 16:54:11',0,0,1),
	(118,0,0,25,1,0,0,0,'','','',0.000000,0,1,NULL,0,230.000000,0.000000,'',0.000000,0.00,'sweet006','','',0.000000,0.000000,0.000000,0.000000,2,1,0,0,0,0,1,'404',0,1,'0000-00-00',0,'new',1,1,'both',0,0,0,0,'2018-08-07 12:13:22','2018-11-02 16:54:11',0,0,1),
	(119,0,0,25,1,1,0,0,'','','',0.000000,0,1,NULL,0,240.000000,0.000000,'',0.000000,0.00,'sweet007','','',0.000000,0.000000,0.000000,0.000000,2,1,0,0,0,0,1,'404',0,1,'0000-00-00',0,'new',1,1,'both',0,0,0,0,'2018-08-07 12:15:40','2018-11-14 16:18:09',0,0,1),
	(120,0,0,3,1,0,0,0,'','','',0.000000,0,1,NULL,0,150.000000,0.000000,'',0.000000,0.00,'vase001','','',0.000000,0.000000,0.000000,0.000000,2,1,0,0,0,0,1,'404',0,1,'0000-00-00',0,'new',1,1,'both',0,0,0,0,'2018-08-07 12:55:41','2019-01-28 18:07:17',0,0,1),
	(121,0,0,37,1,1,0,0,'','','',0.000000,0,1,NULL,0,900.000000,0.000000,'',0.000000,0.00,'menset002','','',0.000000,0.000000,0.000000,0.000000,2,1,0,0,0,0,1,'404',0,1,'0000-00-00',0,'new',1,1,'both',0,0,0,0,'2018-08-09 12:15:50','2019-01-21 15:44:05',0,0,1),
	(122,0,0,11,1,1,0,0,'','','',0.000000,0,1,NULL,0,865.000000,0.000000,'',0.000000,0.00,'honey002','','',0.000000,0.000000,0.000000,0.000000,2,1,0,0,0,0,1,'404',0,1,'0000-00-00',0,'new',1,1,'both',0,0,0,0,'2018-08-09 12:19:55','2018-11-14 13:30:31',0,0,1),
	(123,0,0,11,1,1,0,0,'','','',0.000000,0,1,NULL,0,800.000000,0.000000,'',0.000000,0.00,'honey004','','',0.000000,0.000000,0.000000,0.000000,2,1,0,0,0,0,1,'404',0,1,'0000-00-00',0,'new',1,1,'both',0,0,0,0,'2018-08-09 12:34:30','2018-11-14 16:12:08',0,0,1),
	(124,0,0,11,1,1,0,0,'','','',0.000000,0,1,NULL,0,815.000000,0.000000,'',0.000000,0.00,'honey005','','',0.000000,0.000000,0.000000,0.000000,2,1,0,0,0,0,1,'404',0,1,'0000-00-00',0,'new',1,1,'both',0,0,0,0,'2018-08-09 12:42:08','2018-11-14 13:31:24',0,0,1),
	(125,0,0,15,1,1,0,0,'','','',0.000000,0,1,NULL,0,804.000000,0.000000,'',0.000000,0.00,'toy013','','',0.000000,0.000000,0.000000,0.000000,2,1,0,0,0,0,1,'404',0,1,'0000-00-00',0,'new',1,1,'both',0,0,0,0,'2018-08-14 12:32:20','2018-11-30 17:35:13',0,0,1),
	(126,0,0,15,1,1,0,0,'','','',0.000000,0,1,NULL,0,1749.000000,0.000000,'',0.000000,0.00,'toy012','','',0.000000,0.000000,0.000000,0.000000,2,1,0,0,0,0,1,'404',0,1,'0000-00-00',0,'new',1,1,'both',0,0,0,0,'2018-08-14 13:21:36','2018-11-30 17:35:04',0,0,1),
	(127,0,0,15,1,1,0,0,'','','',0.000000,0,1,NULL,0,2700.000000,0.000000,'',0.000000,0.00,'toy011','','',0.000000,0.000000,0.000000,0.000000,2,1,0,0,0,0,1,'404',0,1,'0000-00-00',0,'new',1,1,'both',0,0,0,0,'2018-08-14 13:27:58','2018-11-30 17:34:48',0,0,1),
	(128,0,0,26,1,1,0,0,'','','',0.000000,0,1,NULL,0,650.000000,0.000000,'',0.000000,0.00,'autumn002','','',0.000000,0.000000,0.000000,0.000000,2,1,0,0,0,0,0,'404',0,1,'0000-00-00',0,'new',1,0,'both',0,0,0,0,'2018-09-23 22:08:32','2019-01-28 14:58:24',0,3,1),
	(129,0,0,26,1,1,0,0,'','','',0.000000,0,1,NULL,0,700.000000,0.000000,'',0.000000,0.00,'autumn001','','',0.000000,0.000000,0.000000,0.000000,2,1,0,0,0,0,0,'404',0,1,'0000-00-00',0,'new',1,0,'both',0,0,0,0,'2018-09-23 22:23:39','2019-01-28 14:59:22',0,3,1),
	(130,0,0,26,1,1,0,0,'','','',0.000000,0,1,NULL,0,750.000000,0.000000,'',0.000000,0.00,'autumn003','','',0.000000,0.000000,0.000000,0.000000,2,1,0,0,0,0,0,'404',0,1,'0000-00-00',0,'new',1,0,'both',0,0,0,0,'2018-09-23 22:28:22','2019-01-28 15:03:57',0,3,1),
	(131,0,0,26,1,0,0,0,'','','',0.000000,0,1,NULL,0,800.000000,0.000000,'',0.000000,0.00,'autumn004','','',0.000000,0.000000,0.000000,0.000000,2,1,0,0,0,0,0,'404',0,1,'0000-00-00',0,'new',1,1,'both',0,0,0,0,'2018-09-23 22:40:07','2019-01-14 17:29:30',0,3,1),
	(132,0,0,26,1,0,0,0,'','','',0.000000,0,1,NULL,0,750.000000,0.000000,'',0.000000,0.00,'autumn005','','',0.000000,0.000000,0.000000,0.000000,2,1,0,0,0,0,0,'404',0,1,'0000-00-00',0,'new',1,1,'both',0,0,0,0,'2018-09-23 22:43:50','2019-01-14 17:29:36',0,3,1),
	(133,0,0,26,1,0,0,0,'','','',0.000000,0,1,NULL,0,780.000000,0.000000,'',0.000000,0.00,'autumn006','','',0.000000,0.000000,0.000000,0.000000,2,1,0,0,0,0,0,'404',0,1,'0000-00-00',0,'new',1,1,'both',0,0,0,0,'2018-09-23 22:47:02','2019-01-14 17:29:25',0,3,1),
	(134,0,0,26,1,1,0,0,'','','',0.000000,0,1,NULL,0,890.000000,0.000000,'',0.000000,0.00,'autumn007','','',0.000000,0.000000,0.000000,0.000000,2,1,0,0,0,0,0,'404',0,1,'0000-00-00',0,'new',1,0,'both',0,0,0,0,'2018-09-23 22:50:23','2018-12-14 15:36:24',0,3,1),
	(135,0,0,26,1,1,0,0,'','','',0.000000,0,1,NULL,0,1050.000000,0.000000,'',0.000000,0.00,'autumn008','','',0.000000,0.000000,0.000000,0.000000,2,1,0,0,0,0,0,'404',0,1,'0000-00-00',0,'new',1,0,'both',0,0,0,0,'2018-09-23 22:52:47','2018-12-14 15:36:19',0,3,1),
	(136,0,0,26,1,1,0,0,'','','',0.000000,0,1,NULL,0,890.000000,0.000000,'',0.000000,0.00,'autumn010','','',0.000000,0.000000,0.000000,0.000000,2,1,0,0,0,0,0,'404',0,1,'0000-00-00',0,'new',1,0,'both',0,0,0,0,'2018-09-23 22:56:37','2018-12-14 15:36:10',0,3,1),
	(137,0,0,25,1,1,0,0,'','','',0.000000,0,1,NULL,0,1200.000000,0.000000,'',0.000000,0.00,'tastybox002','','',0.000000,0.000000,0.000000,0.000000,2,1,0,0,0,0,1,'404',0,1,'0000-00-00',0,'new',1,1,'both',0,0,0,0,'2018-09-25 14:54:48','2019-01-21 16:07:29',0,3,1),
	(138,0,0,15,1,1,0,0,'','','',0.000000,0,1,NULL,0,950.000000,0.000000,'',0.000000,0.00,'toy014','','',0.000000,0.000000,0.000000,0.000000,2,1,0,0,0,0,1,'404',0,1,'0000-00-00',0,'new',1,1,'both',0,0,0,0,'2018-09-25 18:03:02','2018-11-30 17:33:50',0,3,1),
	(139,0,0,36,1,1,0,0,'','','',0.000000,0,1,NULL,0,1240.000000,0.000000,'',0.000000,0.00,'autumn009','','',0.000000,0.000000,0.000000,0.000000,2,1,0,0,0,0,1,'404',0,1,'0000-00-00',0,'new',1,1,'both',0,0,0,0,'2018-09-25 18:20:23','2019-01-22 14:16:26',0,3,1),
	(140,0,0,25,1,1,0,0,'','','',0.000000,0,1,NULL,0,975.000000,0.000000,'',0.000000,0.00,'tastybox003','','',0.000000,0.000000,0.000000,0.000000,2,1,0,0,0,0,1,'404',0,1,'0000-00-00',0,'new',1,1,'both',0,0,0,0,'2018-09-25 18:26:35','2019-01-28 16:38:10',0,3,1),
	(141,0,0,25,1,1,0,0,'','','',0.000000,0,1,NULL,0,250.000000,0.000000,'',0.000000,0.00,'sweet008','','',0.000000,0.000000,0.000000,0.000000,2,1,0,0,0,0,1,'404',0,1,'0000-00-00',0,'new',1,1,'both',0,0,0,0,'2018-09-28 14:56:14','2018-11-14 16:18:03',0,3,1),
	(142,0,0,25,1,1,0,0,'','','',0.000000,0,1,NULL,0,1195.000000,0.000000,'',0.000000,0.00,'tastybox004','','',0.000000,0.000000,0.000000,0.000000,2,1,0,0,0,0,1,'404',0,1,'0000-00-00',0,'new',1,1,'both',0,0,0,0,'2018-09-29 14:04:16','2018-11-14 13:33:12',0,3,1),
	(143,0,0,25,1,1,0,0,'','','',0.000000,0,1,NULL,0,925.000000,0.000000,'',0.000000,0.00,'spabox004','','',0.000000,0.000000,0.000000,0.000000,2,1,0,0,0,0,1,'404',0,1,'0000-00-00',0,'new',1,1,'both',0,0,0,0,'2018-10-02 17:08:47','2018-11-14 13:41:52',0,3,1),
	(144,0,0,27,1,1,0,0,'','','',0.000000,0,1,NULL,0,350.000000,0.000000,'',0.000000,0.00,'note001','','',0.000000,0.000000,0.000000,0.000000,2,1,0,0,0,0,1,'404',0,1,'0000-00-00',0,'new',1,1,'both',0,0,0,4,'2018-10-10 18:58:07','2018-11-14 16:04:04',0,3,1),
	(145,0,0,27,1,1,0,0,'','','',0.000000,0,1,NULL,0,350.000000,0.000000,'',0.000000,0.00,'note008','','',0.000000,0.000000,0.000000,0.000000,2,1,0,0,0,0,1,'404',0,1,'0000-00-00',0,'new',1,1,'both',0,0,0,9,'2018-10-12 18:08:22','2018-11-14 16:03:52',0,3,1),
	(146,0,0,27,1,1,0,0,'','','',0.000000,0,1,NULL,0,350.000000,0.000000,'',0.000000,0.00,'note003','','',0.000000,0.000000,0.000000,0.000000,2,1,0,0,0,0,1,'404',0,1,'0000-00-00',0,'new',1,1,'both',0,0,0,10,'2018-10-12 18:31:39','2018-11-14 16:03:20',0,3,1),
	(147,0,0,27,1,1,0,0,'','','',0.000000,0,1,NULL,0,350.000000,0.000000,'',0.000000,0.00,'note002','','',0.000000,0.000000,0.000000,0.000000,2,1,0,0,0,0,1,'404',0,1,'0000-00-00',0,'new',1,1,'both',0,0,0,16,'2018-10-12 18:52:19','2018-11-02 16:54:11',0,3,1),
	(148,0,0,27,1,1,0,0,'','','',0.000000,0,1,NULL,0,350.000000,0.000000,'',0.000000,0.00,'note006','','',0.000000,0.000000,0.000000,0.000000,2,1,0,0,0,0,1,'404',0,1,'0000-00-00',0,'new',1,1,'both',0,0,0,13,'2018-10-12 18:53:00','2018-11-14 16:03:06',0,3,1),
	(149,0,0,27,1,1,0,0,'','','',0.000000,0,1,NULL,0,350.000000,0.000000,'',0.000000,0.00,'note007','','',0.000000,0.000000,0.000000,0.000000,2,1,0,0,0,0,1,'404',0,1,'0000-00-00',0,'new',1,1,'both',0,0,0,28,'2018-10-12 18:53:25','2018-11-14 16:03:01',0,3,1),
	(150,0,0,27,1,1,0,0,'','','',0.000000,0,1,NULL,0,350.000000,0.000000,'',0.000000,0.00,'note004','','',0.000000,0.000000,0.000000,0.000000,2,1,0,0,0,0,1,'404',0,1,'0000-00-00',0,'new',1,1,'both',0,0,0,26,'2018-10-12 18:53:59','2018-11-14 16:02:48',0,3,1),
	(151,0,0,27,1,1,0,0,'','','',0.000000,0,1,NULL,0,350.000000,0.000000,'',0.000000,0.00,'note005','','',0.000000,0.000000,0.000000,0.000000,2,1,0,0,0,0,1,'404',0,1,'0000-00-00',0,'new',1,1,'both',0,0,0,19,'2018-10-12 18:54:14','2018-11-14 16:02:40',0,3,1),
	(152,0,0,27,1,1,0,0,'','','',0.000000,0,1,NULL,0,380.000000,0.000000,'',0.000000,0.00,'note009','','',0.000000,0.000000,0.000000,0.000000,2,1,0,0,0,0,1,'404',0,1,'0000-00-00',0,'new',1,1,'both',0,0,0,23,'2018-10-12 18:54:37','2018-11-14 16:00:52',0,3,1),
	(153,0,0,26,1,1,0,0,'','','',0.000000,0,1,NULL,0,350.000000,0.000000,'',0.000000,0.00,'autumn011','','',0.000000,0.000000,0.000000,0.000000,2,1,0,0,0,0,0,'404',0,1,'0000-00-00',0,'new',1,1,'both',0,0,0,0,'2018-10-15 17:07:08','2019-01-14 17:29:21',0,3,1),
	(154,0,0,17,1,1,0,0,'','','',0.000000,0,1,NULL,0,310.000000,0.000000,'',0.000000,0.00,'tastybox006','','',0.000000,0.000000,0.000000,0.000000,2,1,0,0,0,0,1,'404',0,1,'0000-00-00',0,'new',1,1,'both',0,0,0,0,'2018-10-15 19:01:33','2019-01-28 18:07:17',0,3,1),
	(155,0,0,31,1,1,0,0,'','','',0.000000,0,1,NULL,0,537.000000,0.000000,'',0.000000,0.00,'tastybox005','','',0.000000,0.000000,0.000000,0.000000,2,1,0,0,0,0,1,'404',0,1,'0000-00-00',0,'new',1,1,'both',0,0,0,0,'2018-10-15 19:20:59','2018-12-24 18:03:05',0,3,1),
	(156,0,0,17,1,1,0,0,'','','',0.000000,0,1,NULL,0,630.000000,0.000000,'',0.000000,0.00,'tastybox007','','',0.000000,0.000000,0.000000,0.000000,2,1,0,0,0,0,1,'404',0,1,'0000-00-00',0,'new',1,1,'both',0,0,0,0,'2018-10-15 20:02:44','2018-11-30 17:33:40',0,3,1),
	(157,0,0,17,1,1,0,0,'','','',0.000000,0,1,NULL,0,615.000000,0.000000,'',0.000000,0.00,'honey006','','',0.000000,0.000000,0.000000,0.000000,2,1,0,0,0,0,1,'404',0,1,'0000-00-00',0,'new',1,1,'both',0,0,0,0,'2018-10-16 14:09:04','2018-11-14 16:14:28',0,3,1),
	(158,0,0,17,1,1,0,0,'','','',0.000000,0,1,NULL,0,900.000000,0.000000,'',0.000000,0.00,'tastybox008','','',0.000000,0.000000,0.000000,0.000000,2,1,0,0,0,0,1,'404',0,1,'0000-00-00',0,'new',1,1,'both',0,0,0,0,'2018-10-16 14:11:58','2018-11-02 17:32:42',0,3,1),
	(159,0,0,5,1,1,0,0,'','','',0.000000,0,1,NULL,0,350.000000,0.000000,'',0.000000,0.00,'','','',0.000000,0.000000,0.000000,0.000000,2,1,0,0,0,0,1,'404',0,1,'0000-00-00',0,'new',1,1,'both',0,0,0,0,'2018-10-22 13:27:11','2018-12-03 01:42:29',0,3,1),
	(161,0,0,21,1,1,0,0,'','','',0.000000,0,1,NULL,0,140.000000,0.000000,'',0.000000,0.00,'sweet009','','',0.000000,0.000000,0.000000,0.000000,2,1,0,0,0,0,1,'404',0,1,'0000-00-00',0,'new',1,1,'both',0,0,0,0,'2018-11-12 16:06:13','2018-11-14 16:17:02',0,3,1),
	(162,0,0,21,1,1,0,0,'','','',0.000000,0,1,NULL,0,140.000000,0.000000,'',0.000000,0.00,'sweet010','','',0.000000,0.000000,0.000000,0.000000,2,1,0,0,0,0,1,'404',0,1,'0000-00-00',0,'new',1,1,'both',0,0,0,0,'2018-11-12 16:09:16','2018-11-14 16:17:07',0,3,1),
	(163,0,0,11,1,1,0,0,'','','',0.000000,0,1,NULL,0,800.000000,0.000000,'',0.000000,0.00,'spabox005','','',0.000000,0.000000,0.000000,0.000000,2,1,0,0,0,0,1,'404',0,1,'0000-00-00',0,'new',1,1,'both',0,0,0,0,'2018-11-12 16:12:34','2018-11-30 17:32:48',0,3,1),
	(164,0,0,29,1,1,0,0,'','','',0.000000,0,1,NULL,0,700.000000,0.000000,'',0.000000,0.00,'xmas001','','',0.000000,0.000000,0.000000,0.000000,2,1,0,0,0,0,0,'404',0,1,'0000-00-00',0,'new',1,1,'both',0,0,0,0,'2018-11-26 11:39:15','2019-01-14 17:28:31',0,3,1),
	(166,0,0,29,1,1,0,0,'','','',0.000000,0,1,NULL,0,300.000000,0.000000,'',0.000000,0.00,'xmas002','','',0.000000,0.000000,0.000000,0.000000,2,1,0,0,0,0,0,'404',0,1,'0000-00-00',0,'new',1,1,'both',0,0,0,0,'2018-11-26 11:51:49','2019-01-28 18:07:17',0,3,1),
	(167,0,0,2,1,1,0,0,'','','',0.000000,0,1,NULL,0,1180.000000,0.000000,'',0.000000,0.00,'xmas003','','',0.000000,0.000000,0.000000,0.000000,2,1,0,0,0,0,0,'404',0,1,'0000-00-00',0,'new',1,0,'both',0,0,0,0,'2018-11-26 11:56:33','2018-12-27 23:42:28',0,3,1),
	(169,0,0,2,1,1,0,0,'','','',0.000000,0,1,NULL,0,600.000000,0.000000,'',0.000000,0.00,'xmas004','','',0.000000,0.000000,0.000000,0.000000,2,1,0,0,0,0,1,'404',0,1,'0000-00-00',0,'new',1,1,'both',0,0,0,0,'2018-11-26 12:05:46','2018-12-10 17:15:35',0,3,1),
	(170,0,0,2,1,1,0,0,'','','',0.000000,0,1,NULL,0,755.000000,0.000000,'',0.000000,0.00,'xmas005','','',0.000000,0.000000,0.000000,0.000000,2,1,0,0,0,0,0,'404',0,1,'0000-00-00',0,'new',1,0,'both',0,0,0,0,'2018-11-26 12:10:28','2018-12-27 23:42:25',0,3,1),
	(171,0,0,29,1,1,0,0,'','','',0.000000,0,1,NULL,0,600.000000,0.000000,'',0.000000,0.00,'xmas006','','',0.000000,0.000000,0.000000,0.000000,2,1,0,0,0,0,0,'404',0,1,'0000-00-00',0,'new',1,0,'both',0,0,0,0,'2018-11-26 12:16:41','2018-12-27 23:42:23',0,3,1),
	(173,0,0,2,1,1,0,0,'','','',0.000000,0,1,NULL,0,450.000000,0.000000,'',0.000000,0.00,'xmas007','','',0.000000,0.000000,0.000000,0.000000,2,1,0,0,0,0,0,'404',0,1,'0000-00-00',0,'new',1,1,'both',0,0,0,0,'2018-11-29 18:24:33','2018-12-31 12:06:23',0,3,1),
	(174,0,0,29,1,1,0,0,'','','',0.000000,0,1,NULL,0,440.000000,0.000000,'',0.000000,0.00,'xmas008','','',0.000000,0.000000,0.000000,0.000000,2,1,0,0,0,0,0,'404',0,1,'0000-00-00',0,'new',1,1,'both',0,0,0,0,'2018-11-30 17:44:30','2019-01-14 17:28:23',0,3,1),
	(175,0,0,29,1,1,0,0,'','','',0.000000,0,1,NULL,0,1025.000000,0.000000,'',0.000000,0.00,'xmas009','','',0.000000,0.000000,0.000000,0.000000,2,1,0,0,0,0,0,'404',0,1,'0000-00-00',0,'new',1,0,'both',0,0,0,0,'2018-11-30 18:04:49','2019-01-28 16:40:16',0,3,1),
	(176,0,0,29,1,1,0,0,'','','',0.000000,0,1,NULL,0,1035.000000,0.000000,'',0.000000,0.00,'xmas010','','',0.000000,0.000000,0.000000,0.000000,2,1,0,0,0,0,0,'404',0,1,'0000-00-00',0,'new',1,1,'both',0,0,0,0,'2018-12-06 12:19:31','2019-01-14 17:28:15',0,3,1),
	(177,0,0,29,1,1,0,0,'','','',0.000000,0,1,NULL,0,480.000000,0.000000,'',0.000000,0.00,'xmas011','','',0.000000,0.000000,0.000000,0.000000,2,1,0,0,0,0,0,'404',0,1,'0000-00-00',0,'new',1,1,'both',0,0,0,0,'2018-12-06 12:40:13','2019-01-14 17:28:10',0,3,1),
	(180,0,0,2,1,1,0,0,'','','',0.000000,0,1,NULL,0,280.000000,0.000000,'',0.000000,0.00,'xmas014','','',0.000000,0.000000,0.000000,0.000000,2,1,0,0,0,0,1,'404',0,1,'0000-00-00',0,'new',1,1,'both',0,0,0,0,'2018-12-07 14:48:12','2018-12-08 16:42:45',0,3,1),
	(182,0,0,29,1,1,0,0,'','','',0.000000,0,1,NULL,0,525.000000,0.000000,'',0.000000,0.00,'xmas013','','',0.000000,0.000000,0.000000,0.000000,2,1,0,0,0,0,0,'404',0,1,'0000-00-00',0,'new',1,0,'both',0,0,0,0,'2018-12-07 15:53:27','2019-01-28 15:05:22',0,3,1),
	(183,0,0,29,1,1,0,0,'','','',0.000000,0,1,NULL,0,320.000000,0.000000,'',0.000000,0.00,'xmas012','','',0.000000,0.000000,0.000000,0.000000,2,1,0,0,0,0,0,'404',0,1,'0000-00-00',0,'new',1,1,'both',0,0,0,0,'2018-12-07 16:09:38','2019-01-14 17:28:00',0,3,1),
	(184,0,0,2,1,1,0,0,'','','',0.000000,0,1,NULL,0,815.000000,0.000000,'',0.000000,0.00,'xmas015','','',0.000000,0.000000,0.000000,0.000000,2,1,0,0,0,0,1,'404',0,1,'0000-00-00',0,'new',1,1,'both',0,0,0,0,'2018-12-11 14:16:22','2019-01-28 18:07:17',0,3,1),
	(185,0,0,2,1,1,0,0,'','','',0.000000,0,1,NULL,0,760.000000,0.000000,'',0.000000,0.00,'mix026','','',0.000000,0.000000,0.000000,0.000000,2,1,0,0,0,0,1,'404',0,1,'0000-00-00',0,'new',1,1,'both',0,0,0,0,'2018-12-11 15:09:39','2019-01-28 18:07:17',0,3,1),
	(187,0,0,2,1,1,0,0,'','','',0.000000,0,1,NULL,0,931.000000,0.000000,'',0.000000,0.00,'mix027','','',0.000000,0.000000,0.000000,0.000000,2,1,0,0,0,0,1,'404',0,1,'0000-00-00',0,'new',1,1,'both',0,0,0,0,'2018-12-11 15:35:05','2019-01-28 18:07:17',0,3,1),
	(188,0,0,2,1,1,0,0,'','','',0.000000,0,1,NULL,0,670.000000,0.000000,'',0.000000,0.00,'mix028','','',0.000000,0.000000,0.000000,0.000000,2,1,0,0,0,0,1,'404',0,1,'0000-00-00',0,'new',1,1,'both',0,0,0,0,'2018-12-11 16:09:15','2019-01-28 18:07:17',0,3,1),
	(190,0,0,2,1,1,0,0,'','','',0.000000,0,1,NULL,0,805.000000,0.000000,'',0.000000,0.00,'mix024','','',0.000000,0.000000,0.000000,0.000000,2,1,0,0,0,0,1,'404',0,1,'0000-00-00',0,'new',1,1,'both',0,0,0,0,'2018-12-11 16:25:23','2019-01-28 18:07:17',0,3,1),
	(191,0,0,19,1,1,0,0,'','','',0.000000,0,1,NULL,0,1715.000000,0.000000,'',0.000000,0.00,'mix025','','',0.000000,0.000000,0.000000,0.000000,2,1,0,0,0,0,1,'404',0,1,'0000-00-00',0,'new',1,1,'both',0,0,0,0,'2018-12-11 16:46:01','2019-01-28 18:07:17',0,3,1),
	(192,0,0,33,1,1,0,0,'','','',0.000000,0,1,NULL,0,0.000000,0.000000,'',0.000000,0.00,'mono001','','',0.000000,0.000000,0.000000,0.000000,2,1,0,0,0,0,1,'404',0,1,'0000-00-00',0,'new',1,1,'both',0,0,0,95,'2018-12-14 15:25:34','2019-01-28 15:58:16',0,3,1),
	(194,0,0,37,1,1,0,0,'','','',0.000000,0,1,NULL,0,1070.000000,0.000000,'',0.000000,0.00,'menset003','','',0.000000,0.000000,0.000000,0.000000,2,1,0,0,0,0,1,'404',0,1,'0000-00-00',0,'new',1,1,'both',0,0,0,0,'2018-12-20 15:34:32','2019-01-21 15:42:45',0,3,1),
	(195,0,0,2,1,1,0,0,'','','',0.000000,0,1,NULL,0,320.000000,0.000000,'',0.000000,0.00,'xmas016','','',0.000000,0.000000,0.000000,0.000000,2,1,0,0,0,0,1,'404',0,1,'0000-00-00',0,'new',1,1,'both',0,0,0,0,'2018-12-20 17:02:02','2019-01-09 14:16:35',0,3,1),
	(196,0,0,2,1,1,0,0,'','','',0.000000,0,1,NULL,0,250.000000,0.000000,'',0.000000,0.00,'xmas017','','',0.000000,0.000000,0.000000,0.000000,2,1,0,0,0,0,1,'404',0,1,'0000-00-00',0,'new',1,1,'both',0,0,0,0,'2018-12-20 17:29:56','2019-01-09 14:16:35',0,3,1),
	(198,0,0,2,1,1,0,0,'','','',0.000000,0,1,NULL,0,3500.000000,0.000000,'',0.000000,0.00,'','','',0.000000,0.000000,0.000000,0.000000,2,1,0,0,0,0,1,'404',0,1,'0000-00-00',0,'new',1,1,'both',0,0,0,0,'2018-12-24 15:04:15','2018-12-26 12:19:38',0,3,1),
	(200,0,0,22,1,1,0,0,'','','',0.000000,0,1,NULL,0,1115.000000,0.000000,'',0.000000,0.00,'hat012','','',0.000000,0.000000,0.000000,0.000000,2,1,0,0,0,0,0,'404',0,1,'0000-00-00',0,'new',1,1,'both',0,0,0,0,'2018-12-24 15:24:47','2019-01-04 14:00:43',0,3,1),
	(202,0,0,31,1,1,0,0,'','','',0.000000,0,1,NULL,0,3580.000000,0.000000,'',0.000000,0.00,'basket001','','',0.000000,0.000000,0.000000,0.000000,2,1,0,0,0,0,1,'404',0,1,'0000-00-00',0,'new',1,1,'both',0,0,0,0,'2018-12-24 15:28:43','2019-01-28 16:36:12',0,3,1),
	(204,0,0,30,1,1,0,0,'','','',0.000000,0,1,NULL,0,4900.000000,0.000000,'',0.000000,0.00,'Lego001','','',0.000000,0.000000,0.000000,0.000000,2,1,0,0,0,0,1,'404',0,1,'0000-00-00',0,'new',1,1,'both',0,0,0,0,'2018-12-24 15:54:39','2018-12-26 12:19:41',0,3,1),
	(205,0,0,30,1,1,0,0,'','','',0.000000,0,1,NULL,0,1400.000000,0.000000,'',0.000000,0.00,'Lego002','','',0.000000,0.000000,0.000000,0.000000,2,1,0,0,0,0,1,'404',0,1,'0000-00-00',0,'new',1,1,'both',0,0,0,0,'2018-12-24 16:27:09','2018-12-26 12:19:41',0,3,1),
	(206,0,0,25,1,1,0,0,'','','',0.000000,0,1,NULL,0,650.000000,0.000000,'',0.000000,0.00,'toy015','','',0.000000,0.000000,0.000000,0.000000,2,1,0,0,0,0,1,'404',0,1,'0000-00-00',0,'new',1,1,'both',0,0,0,0,'2018-12-24 16:35:47','2018-12-26 12:19:41',0,3,1),
	(207,0,0,2,1,1,0,0,'','','',0.000000,0,1,NULL,0,520.000000,0.000000,'',0.000000,0.00,'Lego0023','','',0.000000,0.000000,0.000000,0.000000,2,1,0,0,0,0,1,'404',0,1,'0000-00-00',0,'new',1,1,'both',0,0,0,0,'2018-12-24 16:38:28','2018-12-26 12:19:41',0,3,1),
	(208,0,0,15,1,1,0,0,'','','',0.000000,0,1,NULL,0,630.000000,0.000000,'',0.000000,0.00,'toy016','','',0.000000,0.000000,0.000000,0.000000,2,1,0,0,0,0,1,'404',0,1,'0000-00-00',0,'new',1,1,'both',0,0,0,0,'2018-12-24 16:44:57','2018-12-26 12:19:41',0,3,1),
	(209,0,0,30,1,1,0,0,'','','',0.000000,0,1,NULL,0,565.000000,0.000000,'',0.000000,0.00,'Lego004','','',0.000000,0.000000,0.000000,0.000000,2,1,0,0,0,0,1,'404',0,1,'0000-00-00',0,'new',1,1,'both',0,0,0,0,'2018-12-24 16:48:11','2018-12-26 12:19:41',0,3,1),
	(210,0,0,2,1,1,0,0,'','','',0.000000,0,1,NULL,0,1450.000000,0.000000,'',0.000000,0.00,'Lego005','','',0.000000,0.000000,0.000000,0.000000,2,1,0,0,0,0,1,'404',0,1,'0000-00-00',0,'new',1,1,'both',0,0,0,0,'2018-12-24 16:52:26','2018-12-26 12:19:41',0,3,1),
	(212,0,0,30,1,1,0,0,'','','',0.000000,0,1,NULL,0,2300.000000,0.000000,'',0.000000,0.00,'Lego006','','',0.000000,0.000000,0.000000,0.000000,2,1,0,0,0,0,1,'404',0,1,'0000-00-00',0,'new',1,1,'both',0,0,0,0,'2018-12-24 17:22:13','2018-12-26 12:19:42',0,3,1),
	(213,0,0,2,1,1,0,0,'','','',0.000000,0,1,NULL,0,2350.000000,0.000000,'',0.000000,0.00,'Lego007','','',0.000000,0.000000,0.000000,0.000000,2,1,0,0,0,0,1,'404',0,1,'0000-00-00',0,'new',1,1,'both',0,0,0,0,'2018-12-24 17:23:08','2018-12-26 12:19:42',0,3,1),
	(214,0,0,15,1,1,0,0,'','','',0.000000,0,1,NULL,0,650.000000,0.000000,'',0.000000,0.00,'toy017','','',0.000000,0.000000,0.000000,0.000000,2,1,0,0,0,0,1,'404',0,1,'0000-00-00',0,'new',1,1,'both',0,0,0,0,'2018-12-24 17:52:13','2019-01-09 14:16:35',0,3,1),
	(215,0,0,21,1,1,0,0,'','','',0.000000,0,1,NULL,0,345.000000,0.000000,'',0.000000,0.00,'sweet013','','',0.000000,0.000000,0.000000,0.000000,2,1,0,0,0,0,1,'404',0,1,'0000-00-00',0,'new',1,1,'both',0,0,0,0,'2018-12-24 19:10:08','2018-12-26 12:19:42',0,3,1),
	(216,0,0,30,1,1,0,0,'','','',0.000000,0,1,NULL,0,1600.000000,0.000000,'',0.000000,0.00,'kidsgift001','','',0.000000,0.000000,0.000000,0.000000,2,1,0,0,0,0,1,'404',0,1,'0000-00-00',0,'new',1,1,'both',0,0,0,0,'2018-12-24 19:22:34','2019-01-21 12:53:33',0,3,1),
	(218,0,0,29,1,1,0,0,'','','',0.000000,0,1,NULL,0,880.000000,0.000000,'',0.000000,0.00,'nybox002','','',0.000000,0.000000,0.000000,0.000000,2,1,0,0,0,0,0,'404',0,1,'0000-00-00',0,'new',1,1,'both',0,0,0,0,'2018-12-27 14:39:32','2019-01-14 17:27:56',0,3,1),
	(219,0,0,29,1,1,0,0,'','','',0.000000,0,1,NULL,0,870.000000,0.000000,'',0.000000,0.00,'nybox001','','',0.000000,0.000000,0.000000,0.000000,2,1,0,0,0,0,0,'404',0,1,'0000-00-00',0,'new',1,1,'both',0,0,0,0,'2018-12-27 14:50:19','2019-01-14 17:27:53',0,3,1),
	(221,0,0,2,1,1,0,0,'','','',0.000000,0,1,NULL,0,560.000000,0.000000,'',0.000000,0.00,'toy018','','',0.000000,0.000000,0.000000,0.000000,2,1,0,0,0,0,1,'404',0,1,'0000-00-00',0,'new',1,1,'both',0,0,0,0,'2018-12-28 21:54:36','2019-01-22 13:50:36',0,3,1),
	(222,0,0,2,1,1,0,0,'','','',0.000000,0,1,NULL,0,770.000000,0.000000,'',0.000000,0.00,'toy019','','',0.000000,0.000000,0.000000,0.000000,2,1,0,0,0,0,1,'404',0,1,'0000-00-00',0,'new',1,1,'both',0,0,0,0,'2018-12-28 21:55:29','2019-01-22 13:50:48',0,3,1),
	(223,0,0,2,1,1,0,0,'','','',0.000000,0,1,NULL,0,920.000000,0.000000,'',0.000000,0.00,'toy020','','',0.000000,0.000000,0.000000,0.000000,2,1,0,0,0,0,1,'404',0,1,'0000-00-00',0,'new',1,1,'both',0,0,0,0,'2018-12-28 21:56:04','2019-01-22 13:51:25',0,3,1),
	(224,0,0,33,1,1,0,0,'','','',0.000000,0,1,NULL,0,0.000000,0.000000,'',0.000000,0.00,'mono002','','',0.000000,0.000000,0.000000,0.000000,2,1,0,0,0,0,1,'404',0,1,'0000-00-00',0,'new',1,1,'both',0,0,0,98,'2019-01-04 13:51:37','2019-01-28 15:59:47',0,3,1),
	(225,0,0,2,1,1,0,0,'','','',0.000000,0,1,NULL,0,1460.000000,0.000000,'',0.000000,0.00,'basket002','','',0.000000,0.000000,0.000000,0.000000,2,1,0,0,0,0,1,'404',0,1,'0000-00-00',0,'new',1,1,'both',0,0,0,0,'2019-01-06 21:52:40','2019-01-28 16:34:17',0,3,1),
	(226,0,0,2,1,1,0,0,'','','',0.000000,0,1,NULL,0,1280.000000,0.000000,'',0.000000,0.00,'basket003','','',0.000000,0.000000,0.000000,0.000000,2,1,0,0,0,0,1,'404',0,1,'0000-00-00',0,'new',1,1,'both',0,0,0,0,'2019-01-06 21:53:34','2019-01-28 16:32:47',0,3,1),
	(227,0,0,25,1,1,0,0,'','','',0.000000,0,1,NULL,0,980.000000,0.000000,'',0.000000,0.00,'xmas018','','',0.000000,0.000000,0.000000,0.000000,2,1,0,0,0,0,0,'404',0,1,'0000-00-00',0,'new',1,1,'both',0,0,0,0,'2019-01-06 21:54:08','2019-01-14 17:27:19',0,3,1),
	(228,0,0,30,1,1,0,0,'','','',0.000000,0,1,NULL,0,4200.000000,0.000000,'',0.000000,0.00,'Lego008','','',0.000000,0.000000,0.000000,0.000000,2,1,0,0,0,0,1,'404',0,1,'0000-00-00',0,'new',1,1,'both',0,0,0,0,'2019-01-09 19:31:43','2019-01-10 14:07:42',0,3,1),
	(229,0,0,30,1,1,0,0,'','','',0.000000,0,1,NULL,0,2150.000000,0.000000,'',0.000000,0.00,'Lego009','','',0.000000,0.000000,0.000000,0.000000,2,1,0,0,0,0,1,'404',0,1,'0000-00-00',0,'new',1,1,'both',0,0,0,0,'2019-01-09 19:38:07','2019-01-10 14:11:11',0,3,1),
	(230,0,0,30,1,1,0,0,'','','',0.000000,0,1,NULL,0,1750.000000,0.000000,'',0.000000,0.00,'Lego010','','',0.000000,0.000000,0.000000,0.000000,2,1,0,0,0,0,1,'404',0,1,'0000-00-00',0,'new',1,1,'both',0,0,0,0,'2019-01-09 19:41:17','2019-01-10 14:21:50',0,3,1),
	(231,0,0,2,1,1,0,0,'','','',0.000000,0,1,NULL,0,2130.000000,0.000000,'',0.000000,0.00,'Lego011','','',0.000000,0.000000,0.000000,0.000000,2,1,0,0,0,0,1,'404',0,1,'0000-00-00',0,'new',1,1,'both',0,0,0,0,'2019-01-09 19:45:52','2019-01-10 14:27:06',0,3,1),
	(232,0,0,30,1,1,0,0,'','','',0.000000,0,1,NULL,0,975.000000,0.000000,'',0.000000,0.00,'Lego012','','',0.000000,0.000000,0.000000,0.000000,2,1,0,0,0,0,1,'404',0,1,'0000-00-00',0,'new',1,1,'both',0,0,0,0,'2019-01-09 19:50:37','2019-01-10 15:27:21',0,3,1),
	(233,0,0,2,1,1,0,0,'','','',0.000000,0,1,NULL,0,1150.000000,0.000000,'',0.000000,0.00,'menset004','','',0.000000,0.000000,0.000000,0.000000,2,1,0,0,0,0,1,'404',0,1,'0000-00-00',0,'new',1,1,'both',0,0,0,0,'2019-01-10 16:40:48','2019-01-10 16:46:30',0,3,1),
	(234,0,0,12,1,1,0,0,'','','',0.000000,0,1,NULL,0,0.000000,0.000000,'',0.000000,0.00,'rose017','','',0.000000,0.000000,0.000000,0.000000,2,1,0,0,0,0,1,'404',0,1,'0000-00-00',0,'new',1,1,'both',0,0,0,48,'2019-01-11 15:39:42','2019-01-11 16:19:35',0,3,1),
	(235,0,0,12,1,1,0,0,'','','',0.000000,0,1,NULL,0,0.000000,0.000000,'',0.000000,0.00,'rose016','','',0.000000,0.000000,0.000000,0.000000,2,1,0,0,0,0,1,'404',0,1,'0000-00-00',0,'new',1,1,'both',0,0,0,40,'2019-01-11 15:40:20','2019-01-11 16:17:55',0,3,1),
	(236,0,0,12,1,1,0,0,'','','',0.000000,0,1,NULL,0,0.000000,0.000000,'',0.000000,0.00,'rose018','','',0.000000,0.000000,0.000000,0.000000,2,1,0,0,0,0,1,'404',0,1,'0000-00-00',0,'new',1,1,'both',0,0,0,32,'2019-01-11 15:40:58','2019-01-11 16:20:14',0,3,1),
	(237,0,0,12,1,1,0,0,'','','',0.000000,0,1,NULL,0,585.000000,0.000000,'',0.000000,0.00,'rose019','','',0.000000,0.000000,0.000000,0.000000,2,1,0,0,0,0,1,'404',0,1,'0000-00-00',0,'new',1,1,'both',0,0,0,0,'2019-01-11 23:26:09','2019-01-28 16:30:39',0,3,1),
	(238,0,0,12,1,1,0,0,'','','',0.000000,0,1,NULL,0,1426.000000,0.000000,'',0.000000,0.00,'rose020','','',0.000000,0.000000,0.000000,0.000000,2,1,0,0,0,0,1,'404',0,1,'0000-00-00',0,'new',1,1,'both',0,0,0,0,'2019-01-11 23:30:36','2019-01-28 16:27:54',0,3,1),
	(239,0,0,12,1,1,0,0,'','','',0.000000,0,1,NULL,0,1125.000000,0.000000,'',0.000000,0.00,'rose021','','',0.000000,0.000000,0.000000,0.000000,2,1,0,0,0,0,1,'404',0,1,'0000-00-00',0,'new',1,1,'both',0,0,0,0,'2019-01-11 23:35:42','2019-01-28 16:26:28',0,3,1),
	(240,0,0,12,1,1,0,0,'','','',0.000000,0,1,NULL,0,1380.000000,0.000000,'',0.000000,0.00,'rose022','','',0.000000,0.000000,0.000000,0.000000,2,1,0,0,0,0,1,'404',0,1,'0000-00-00',0,'new',1,1,'both',0,0,0,0,'2019-01-11 23:40:42','2019-01-28 16:25:14',0,3,1),
	(241,0,0,33,1,1,0,0,'','','',0.000000,0,1,NULL,0,0.000000,0.000000,'',0.000000,0.00,'mono003','','',0.000000,0.000000,0.000000,0.000000,2,1,0,0,0,0,1,'404',0,1,'0000-00-00',0,'new',1,1,'both',0,0,0,103,'2019-01-11 23:52:37','2019-01-28 15:35:28',0,3,1),
	(242,0,0,12,1,1,0,0,'','','',0.000000,0,1,NULL,0,1345.000000,0.000000,'',0.000000,0.00,'rose023','','',0.000000,0.000000,0.000000,0.000000,2,1,0,0,0,0,1,'404',0,1,'0000-00-00',0,'new',1,1,'both',0,0,0,0,'2019-01-11 23:59:40','2019-01-28 16:49:28',0,3,1),
	(243,0,0,12,1,1,0,0,'','','',0.000000,0,1,NULL,0,390.000000,0.000000,'',0.000000,0.00,'rose026','','',0.000000,0.000000,0.000000,0.000000,2,1,0,0,0,0,1,'404',0,1,'0000-00-00',0,'new',1,1,'both',0,0,0,0,'2019-01-11 23:59:59','2019-01-28 16:48:17',0,3,1),
	(244,0,0,19,1,1,0,0,'','','',0.000000,0,1,NULL,0,1125.000000,0.000000,'',0.000000,0.00,'Mix034','','',0.000000,0.000000,0.000000,0.000000,2,1,0,0,0,0,1,'404',0,1,'0000-00-00',0,'new',1,1,'both',0,0,0,0,'2019-01-12 00:00:17','2019-01-28 18:07:17',0,3,1),
	(245,0,0,33,1,1,0,0,'','','',0.000000,0,1,NULL,0,0.000000,0.000000,'',0.000000,0.00,'mono004','','',0.000000,0.000000,0.000000,0.000000,2,1,0,0,0,0,1,'404',0,1,'0000-00-00',0,'new',1,1,'both',0,0,0,107,'2019-01-12 11:56:35','2019-01-28 15:35:35',0,3,1),
	(246,0,0,33,1,1,0,0,'','','',0.000000,0,1,NULL,0,0.000000,0.000000,'',0.000000,0.00,'mono005','','',0.000000,0.000000,0.000000,0.000000,2,1,0,0,0,0,1,'404',0,1,'0000-00-00',0,'new',1,1,'both',0,0,0,109,'2019-01-12 16:23:48','2019-01-28 17:58:33',0,3,1),
	(247,0,0,33,1,1,0,0,'','','',0.000000,0,1,NULL,0,0.000000,0.000000,'',0.000000,0.00,'mono006','','',0.000000,0.000000,0.000000,0.000000,2,1,0,0,0,0,1,'404',0,1,'0000-00-00',0,'new',1,1,'both',0,0,0,113,'2019-01-12 16:24:16','2019-01-28 15:42:01',0,3,1),
	(248,0,0,2,1,1,0,0,'','','',0.000000,0,1,NULL,0,870.000000,0.000000,'',0.000000,0.00,'Mix029','','',0.000000,0.000000,0.000000,0.000000,2,1,0,0,0,0,1,'404',0,1,'0000-00-00',0,'new',1,1,'both',0,0,0,0,'2019-01-12 16:24:48','2019-01-28 18:07:17',0,3,1),
	(249,0,0,2,1,1,0,0,'','','',0.000000,0,1,NULL,0,950.000000,0.000000,'',0.000000,0.00,'Mix030','','',0.000000,0.000000,0.000000,0.000000,2,1,0,0,0,0,1,'404',0,1,'0000-00-00',0,'new',1,1,'both',0,0,0,0,'2019-01-12 16:25:07','2019-01-28 18:07:17',0,3,1),
	(250,0,0,22,1,1,0,0,'','','',0.000000,0,1,NULL,0,1295.000000,0.000000,'',0.000000,0.00,'hat013','','',0.000000,0.000000,0.000000,0.000000,2,1,0,0,0,0,1,'404',0,1,'0000-00-00',0,'new',1,1,'both',0,0,0,0,'2019-01-13 15:57:48','2019-01-22 14:14:21',0,3,1),
	(251,0,0,25,1,1,0,0,'','','',0.000000,0,1,NULL,0,0.000000,0.000000,'',0.000000,0.00,'','','',0.000000,0.000000,0.000000,0.000000,2,1,0,0,0,0,1,'404',0,1,'0000-00-00',0,'new',1,1,'both',0,0,0,56,'2019-01-14 18:19:40','2019-01-14 18:41:16',0,3,1),
	(252,0,0,19,1,1,0,0,'','','',0.000000,0,1,NULL,0,1125.000000,0.000000,'',0.000000,0.00,'Mix031','','',0.000000,0.000000,0.000000,0.000000,2,1,0,0,0,0,1,'404',0,1,'0000-00-00',0,'new',1,1,'both',0,0,0,0,'2019-01-15 13:53:25','2019-01-28 18:07:17',0,3,1),
	(253,0,0,33,1,1,0,0,'','','',0.000000,0,1,NULL,0,759.000000,0.000000,'',0.000000,0.00,'Mix032','','',0.000000,0.000000,0.000000,0.000000,2,1,0,0,0,0,1,'404',0,1,'0000-00-00',0,'new',1,1,'both',0,0,0,0,'2019-01-16 15:25:27','2019-01-28 18:07:17',0,3,1),
	(254,0,0,34,1,1,0,0,'','','',0.000000,0,1,NULL,0,1515.000000,0.000000,'',0.000000,0.00,'Vday001','','',0.000000,0.000000,0.000000,0.000000,2,1,0,0,0,0,1,'404',0,1,'0000-00-00',0,'new',1,1,'both',0,0,0,0,'2019-01-17 16:23:19','2019-01-17 16:45:49',0,3,1),
	(255,0,0,34,1,1,0,0,'','','',0.000000,0,1,NULL,0,1710.000000,0.000000,'',0.000000,0.00,'Vday002','','',0.000000,0.000000,0.000000,0.000000,2,1,0,0,0,0,1,'404',0,1,'0000-00-00',0,'new',1,1,'both',0,0,0,0,'2019-01-17 16:23:52','2019-01-17 17:15:13',0,3,1),
	(256,0,0,34,1,1,0,0,'','','',0.000000,0,1,NULL,0,1445.000000,0.000000,'',0.000000,0.00,'Vday003','','',0.000000,0.000000,0.000000,0.000000,2,1,0,0,0,0,1,'404',0,1,'0000-00-00',0,'new',1,1,'both',0,0,0,0,'2019-01-17 16:24:11','2019-01-17 17:10:13',0,3,1),
	(257,0,0,34,1,1,0,0,'','','',0.000000,0,1,NULL,0,1225.000000,0.000000,'',0.000000,0.00,'Vday004','','',0.000000,0.000000,0.000000,0.000000,2,1,0,0,0,0,1,'404',0,1,'0000-00-00',0,'new',1,1,'both',0,0,0,0,'2019-01-17 16:24:28','2019-01-17 17:29:33',0,3,1),
	(258,0,0,34,1,1,0,0,'','','',0.000000,0,1,NULL,0,989.000000,0.000000,'',0.000000,0.00,'Vday005','','',0.000000,0.000000,0.000000,0.000000,2,1,0,0,0,0,1,'404',0,1,'0000-00-00',0,'new',1,1,'both',0,0,0,0,'2019-01-17 16:24:44','2019-01-17 17:36:25',0,3,1),
	(259,0,0,34,1,1,0,0,'','','',0.000000,0,1,NULL,0,1170.000000,0.000000,'',0.000000,0.00,'Vday006','','',0.000000,0.000000,0.000000,0.000000,2,1,0,0,0,0,1,'404',0,1,'0000-00-00',0,'new',1,1,'both',0,0,0,0,'2019-01-17 16:24:59','2019-01-17 17:46:34',0,3,1),
	(261,0,0,12,1,1,0,0,'','','',0.000000,0,1,NULL,0,975.000000,0.000000,'',0.000000,0.00,'rose025','','',0.000000,0.000000,0.000000,0.000000,2,1,0,0,0,0,1,'404',0,1,'0000-00-00',0,'new',1,1,'both',0,0,0,0,'2019-01-18 13:13:28','2019-01-21 15:39:40',0,3,1),
	(263,0,0,22,1,1,0,0,'','','',0.000000,0,1,NULL,0,770.000000,0.000000,'',0.000000,0.00,'hat014','','',0.000000,0.000000,0.000000,0.000000,2,1,0,0,0,0,1,'404',0,1,'0000-00-00',0,'new',1,1,'both',0,0,0,0,'2019-01-19 15:53:19','2019-01-21 12:29:22',0,3,1),
	(264,0,0,19,1,1,0,0,'','','',0.000000,0,1,NULL,0,620.000000,0.000000,'',0.000000,0.00,'Mix033','','',0.000000,0.000000,0.000000,0.000000,2,1,0,0,0,0,1,'404',0,1,'0000-00-00',0,'new',1,1,'both',0,0,0,0,'2019-01-19 15:53:57','2019-01-28 18:07:17',0,3,1),
	(266,0,0,37,1,1,0,0,'','','',0.000000,0,1,NULL,0,820.000000,0.000000,'',0.000000,0.00,'menset005','','',0.000000,0.000000,0.000000,0.000000,2,1,0,0,0,0,1,'404',0,1,'0000-00-00',0,'new',1,1,'both',0,0,0,0,'2019-01-19 16:10:55','2019-01-21 15:41:52',0,3,1),
	(267,0,0,30,1,1,0,0,'','','',0.000000,0,1,NULL,0,0.000000,0.000000,'',0.000000,0.00,'kidsgift002','','',0.000000,0.000000,0.000000,0.000000,2,1,0,0,0,0,1,'404',0,1,'0000-00-00',0,'new',1,1,'both',0,0,0,87,'2019-01-21 13:30:40','2019-01-21 16:08:56',0,3,1),
	(268,0,0,30,1,1,0,0,'','','',0.000000,0,1,NULL,0,0.000000,0.000000,'',0.000000,0.00,'kidsgift003','','',0.000000,0.000000,0.000000,0.000000,2,1,0,0,0,0,1,'404',0,1,'0000-00-00',0,'new',1,1,'both',0,0,0,59,'2019-01-21 13:36:08','2019-01-24 17:12:30',0,3,1),
	(269,0,0,19,1,1,0,0,'','','',0.000000,0,1,NULL,0,1210.000000,0.000000,'',0.000000,0.00,'Mix035','','',0.000000,0.000000,0.000000,0.000000,2,1,0,0,0,0,1,'404',0,1,'0000-00-00',0,'new',1,1,'both',0,0,0,0,'2019-01-23 13:46:32','2019-01-28 18:07:17',0,3,1);

/*!40000 ALTER TABLE `ps_product` ENABLE KEYS */;
UNLOCK TABLES;


# Дамп таблицы ps_product_attachment
# ------------------------------------------------------------

DROP TABLE IF EXISTS `ps_product_attachment`;

CREATE TABLE `ps_product_attachment` (
  `id_product` int(10) unsigned NOT NULL,
  `id_attachment` int(10) unsigned NOT NULL,
  PRIMARY KEY (`id_product`,`id_attachment`)
) ENGINE=InnoDB DEFAULT CHARSET=utf8;



# Дамп таблицы ps_product_attribute
# ------------------------------------------------------------

DROP TABLE IF EXISTS `ps_product_attribute`;

CREATE TABLE `ps_product_attribute` (
  `id_product_attribute` int(10) unsigned NOT NULL AUTO_INCREMENT,
  `id_product` int(10) unsigned NOT NULL,
  `reference` varchar(32) DEFAULT NULL,
  `supplier_reference` varchar(32) DEFAULT NULL,
  `location` varchar(64) DEFAULT NULL,
  `ean13` varchar(13) DEFAULT NULL,
  `isbn` varchar(32) DEFAULT NULL,
  `upc` varchar(12) DEFAULT NULL,
  `wholesale_price` decimal(20,6) NOT NULL DEFAULT '0.000000',
  `price` decimal(20,6) NOT NULL DEFAULT '0.000000',
  `ecotax` decimal(17,6) NOT NULL DEFAULT '0.000000',
  `quantity` int(10) NOT NULL DEFAULT '0',
  `weight` decimal(20,6) NOT NULL DEFAULT '0.000000',
  `unit_price_impact` decimal(20,6) NOT NULL DEFAULT '0.000000',
  `default_on` tinyint(1) unsigned DEFAULT NULL,
  `minimal_quantity` int(10) unsigned NOT NULL DEFAULT '1',
  `low_stock_threshold` int(10) DEFAULT NULL,
  `low_stock_alert` tinyint(1) NOT NULL DEFAULT '0',
  `available_date` date DEFAULT NULL,
  PRIMARY KEY (`id_product_attribute`),
  UNIQUE KEY `product_default` (`id_product`,`default_on`),
  KEY `product_attribute_product` (`id_product`),
  KEY `reference` (`reference`),
  KEY `supplier_reference` (`supplier_reference`),
  KEY `id_product_id_product_attribute` (`id_product_attribute`,`id_product`)
) ENGINE=InnoDB DEFAULT CHARSET=utf8;

LOCK TABLES `ps_product_attribute` WRITE;
/*!40000 ALTER TABLE `ps_product_attribute` DISABLE KEYS */;

INSERT INTO `ps_product_attribute` (`id_product_attribute`, `id_product`, `reference`, `supplier_reference`, `location`, `ean13`, `isbn`, `upc`, `wholesale_price`, `price`, `ecotax`, `quantity`, `weight`, `unit_price_impact`, `default_on`, `minimal_quantity`, `low_stock_threshold`, `low_stock_alert`, `available_date`)
VALUES
	(1,109,'','','','','','',0.000000,490.000000,0.000000,0,0.000000,0.000000,NULL,1,NULL,0,'0000-00-00'),
	(2,109,'','','','','','',0.000000,1490.000000,0.000000,0,0.000000,0.000000,NULL,1,NULL,0,'0000-00-00'),
	(3,109,'','','','','','',0.000000,990.000000,0.000000,0,0.000000,0.000000,1,1,NULL,0,'0000-00-00'),
	(4,144,'','','','','','',0.000000,0.000000,0.000000,0,0.000000,0.000000,1,1,NULL,0,'0000-00-00'),
	(5,144,'','','','','','',0.000000,0.000000,0.000000,0,0.000000,0.000000,NULL,1,NULL,0,'0000-00-00'),
	(6,144,'','','','','','',0.000000,0.000000,0.000000,0,0.000000,0.000000,NULL,1,NULL,0,'0000-00-00'),
	(7,145,'','','','','','',0.000000,0.000000,0.000000,0,0.000000,0.000000,NULL,1,NULL,0,'0000-00-00'),
	(8,145,'','','','','','',0.000000,0.000000,0.000000,0,0.000000,0.000000,NULL,1,NULL,0,'0000-00-00'),
	(9,145,'','','','','','',0.000000,0.000000,0.000000,0,0.000000,0.000000,1,1,NULL,0,'0000-00-00'),
	(10,146,'','','','','','',0.000000,0.000000,0.000000,0,0.000000,0.000000,1,1,NULL,0,'0000-00-00'),
	(11,146,'','','','','','',0.000000,0.000000,0.000000,0,0.000000,0.000000,NULL,1,NULL,0,'0000-00-00'),
	(12,146,'','','','','','',0.000000,0.000000,0.000000,0,0.000000,0.000000,NULL,1,NULL,0,'0000-00-00'),
	(13,148,'','','','','','',0.000000,0.000000,0.000000,0,0.000000,0.000000,1,1,NULL,0,'0000-00-00'),
	(14,148,'','','','','','',0.000000,0.000000,0.000000,0,0.000000,0.000000,NULL,1,NULL,0,'0000-00-00'),
	(15,148,'','','','','','',0.000000,0.000000,0.000000,0,0.000000,0.000000,NULL,1,NULL,0,'0000-00-00'),
	(16,147,'','','','','','',0.000000,0.000000,0.000000,0,0.000000,0.000000,1,1,NULL,0,'0000-00-00'),
	(17,147,'','','','','','',0.000000,0.000000,0.000000,0,0.000000,0.000000,NULL,1,NULL,0,'0000-00-00'),
	(18,147,'','','','','','',0.000000,0.000000,0.000000,0,0.000000,0.000000,NULL,1,NULL,0,'0000-00-00'),
	(19,151,'','','','','','',0.000000,0.000000,0.000000,0,0.000000,0.000000,1,1,NULL,0,'0000-00-00'),
	(20,151,'','','','','','',0.000000,0.000000,0.000000,0,0.000000,0.000000,NULL,1,NULL,0,'0000-00-00'),
	(21,151,'','','','','','',0.000000,0.000000,0.000000,0,0.000000,0.000000,NULL,1,NULL,0,'0000-00-00'),
	(22,152,'','','','','','',0.000000,0.000000,0.000000,0,0.000000,0.000000,NULL,1,NULL,0,'0000-00-00'),
	(23,152,'','','','','','',0.000000,0.000000,0.000000,0,0.000000,0.000000,1,1,NULL,0,'0000-00-00'),
	(24,152,'','','','','','',0.000000,0.000000,0.000000,0,0.000000,0.000000,NULL,1,NULL,0,'0000-00-00'),
	(25,150,'','','','','','',0.000000,0.000000,0.000000,0,0.000000,0.000000,NULL,1,NULL,0,'0000-00-00'),
	(26,150,'','','','','','',0.000000,0.000000,0.000000,0,0.000000,0.000000,1,1,NULL,0,'0000-00-00'),
	(27,150,'','','','','','',0.000000,0.000000,0.000000,0,0.000000,0.000000,NULL,1,NULL,0,'0000-00-00'),
	(28,149,'','','','','','',0.000000,0.000000,0.000000,0,0.000000,0.000000,1,1,NULL,0,'0000-00-00'),
	(29,149,'','','','','','',0.000000,0.000000,0.000000,0,0.000000,0.000000,NULL,1,NULL,0,'0000-00-00'),
	(30,149,'','','','','','',0.000000,0.000000,0.000000,0,0.000000,0.000000,NULL,1,NULL,0,'0000-00-00'),
	(31,236,'','','','','','',0.000000,506.000000,0.000000,0,0.000000,0.000000,NULL,1,NULL,0,'0000-00-00'),
	(32,236,'','','','','','',0.000000,322.000000,0.000000,0,0.000000,0.000000,1,1,NULL,0,'0000-00-00'),
	(33,236,'','','','','','',0.000000,414.000000,0.000000,0,0.000000,0.000000,NULL,1,NULL,0,'0000-00-00'),
	(34,236,'','','','','','',0.000000,598.000000,0.000000,0,0.000000,0.000000,NULL,1,NULL,0,'0000-00-00'),
	(36,236,'','','','','','',0.000000,690.000000,0.000000,0,0.000000,0.000000,NULL,1,NULL,0,'0000-00-00'),
	(37,236,'','','','','','',0.000000,782.000000,0.000000,0,0.000000,0.000000,NULL,1,NULL,0,'0000-00-00'),
	(38,236,'','','','','','',0.000000,874.000000,0.000000,0,0.000000,0.000000,NULL,1,NULL,0,'0000-00-00'),
	(39,236,'','','','','','',0.000000,966.000000,0.000000,0,0.000000,0.000000,NULL,1,NULL,0,'0000-00-00'),
	(40,235,'','','','','','',0.000000,322.000000,0.000000,0,0.000000,0.000000,1,1,NULL,0,'0000-00-00'),
	(41,235,'','','','','','',0.000000,414.000000,0.000000,0,0.000000,0.000000,NULL,1,NULL,0,'0000-00-00'),
	(42,235,'','','','','','',0.000000,506.000000,0.000000,0,0.000000,0.000000,NULL,1,NULL,0,'0000-00-00'),
	(43,235,'','','','','','',0.000000,598.000000,0.000000,0,0.000000,0.000000,NULL,1,NULL,0,'0000-00-00'),
	(44,235,'','','','','','',0.000000,690.000000,0.000000,0,0.000000,0.000000,NULL,1,NULL,0,'0000-00-00'),
	(45,235,'','','','','','',0.000000,782.000000,0.000000,0,0.000000,0.000000,NULL,1,NULL,0,'0000-00-00'),
	(46,235,'','','','','','',0.000000,874.000000,0.000000,0,0.000000,0.000000,NULL,1,NULL,0,'0000-00-00'),
	(47,235,'','','','','','',0.000000,966.000000,0.000000,0,0.000000,0.000000,NULL,1,NULL,0,'0000-00-00'),
	(48,234,'','','','','','',0.000000,322.000000,0.000000,0,0.000000,0.000000,1,1,NULL,0,'0000-00-00'),
	(49,234,'','','','','','',0.000000,414.000000,0.000000,0,0.000000,0.000000,NULL,1,NULL,0,'0000-00-00'),
	(50,234,'','','','','','',0.000000,506.000000,0.000000,0,0.000000,0.000000,NULL,1,NULL,0,'0000-00-00'),
	(51,234,'','','','','','',0.000000,598.000000,0.000000,0,0.000000,0.000000,NULL,1,NULL,0,'0000-00-00'),
	(52,234,'','','','','','',0.000000,690.000000,0.000000,0,0.000000,0.000000,NULL,1,NULL,0,'0000-00-00'),
	(53,234,'','','','','','',0.000000,782.000000,0.000000,0,0.000000,0.000000,NULL,1,NULL,0,'0000-00-00'),
	(54,234,'','','','','','',0.000000,874.000000,0.000000,0,0.000000,0.000000,NULL,1,NULL,0,'0000-00-00'),
	(55,234,'','','','','','',0.000000,966.000000,0.000000,0,0.000000,0.000000,NULL,1,NULL,0,'0000-00-00'),
	(56,251,'','','','','','',0.000000,510.000000,0.000000,0,0.000000,0.000000,1,1,NULL,0,'0000-00-00'),
	(57,251,'','','','','','',0.000000,280.000000,0.000000,0,0.000000,0.000000,NULL,1,NULL,0,'0000-00-00'),
	(58,251,'','','','','','',0.000000,740.000000,0.000000,0,0.000000,0.000000,NULL,1,NULL,0,'0000-00-00'),
	(59,268,'','','','','','',0.000000,1160.000000,0.000000,0,0.000000,0.000000,1,1,NULL,0,'0000-00-00'),
	(60,268,'','','','','','',0.000000,1160.000000,0.000000,0,0.000000,0.000000,NULL,1,NULL,0,'0000-00-00'),
	(61,268,'','','','','','',0.000000,1160.000000,0.000000,0,0.000000,0.000000,NULL,1,NULL,0,'0000-00-00'),
	(62,268,'','','','','','',0.000000,1160.000000,0.000000,0,0.000000,0.000000,NULL,1,NULL,0,'0000-00-00'),
	(63,268,'','','','','','',0.000000,1160.000000,0.000000,0,0.000000,0.000000,NULL,1,NULL,0,'0000-00-00'),
	(64,268,'','','','','','',0.000000,1160.000000,0.000000,0,0.000000,0.000000,NULL,1,NULL,0,'0000-00-00'),
	(65,268,'','','','','','',0.000000,1160.000000,0.000000,0,0.000000,0.000000,NULL,1,NULL,0,'0000-00-00'),
	(66,268,'','','','','','',0.000000,1160.000000,0.000000,0,0.000000,0.000000,NULL,1,NULL,0,'0000-00-00'),
	(67,268,'','','','','','',0.000000,1160.000000,0.000000,0,0.000000,0.000000,NULL,1,NULL,0,'0000-00-00'),
	(68,268,'','','','','','',0.000000,1160.000000,0.000000,0,0.000000,0.000000,NULL,1,NULL,0,'0000-00-00'),
	(77,267,'','','','','','',0.000000,1160.000000,0.000000,0,0.000000,0.000000,NULL,1,NULL,0,'0000-00-00'),
	(78,267,'','','','','','',0.000000,1160.000000,0.000000,0,0.000000,0.000000,NULL,1,NULL,0,'0000-00-00'),
	(79,267,'','','','','','',0.000000,1160.000000,0.000000,0,0.000000,0.000000,NULL,1,NULL,0,'0000-00-00'),
	(80,267,'','','','','','',0.000000,1160.000000,0.000000,0,0.000000,0.000000,NULL,1,NULL,0,'0000-00-00'),
	(81,267,'','','','','','',0.000000,1160.000000,0.000000,0,0.000000,0.000000,NULL,1,NULL,0,'0000-00-00'),
	(82,267,'','','','','','',0.000000,1160.000000,0.000000,0,0.000000,0.000000,NULL,1,NULL,0,'0000-00-00'),
	(83,267,'','','','','','',0.000000,1160.000000,0.000000,0,0.000000,0.000000,NULL,1,NULL,0,'0000-00-00'),
	(84,267,'','','','','','',0.000000,1160.000000,0.000000,0,0.000000,0.000000,NULL,1,NULL,0,'0000-00-00'),
	(85,267,'','','','','','',0.000000,1160.000000,0.000000,0,0.000000,0.000000,NULL,1,NULL,0,'0000-00-00'),
	(86,267,'','','','','','',0.000000,1160.000000,0.000000,0,0.000000,0.000000,NULL,1,NULL,0,'0000-00-00'),
	(87,267,'','','','','','',0.000000,1160.000000,0.000000,0,0.000000,0.000000,1,1,NULL,0,'0000-00-00'),
	(88,267,'','','','','','',0.000000,1160.000000,0.000000,0,0.000000,0.000000,NULL,1,NULL,0,'0000-00-00'),
	(89,267,'','','','','','',0.000000,1160.000000,0.000000,0,0.000000,0.000000,NULL,1,NULL,0,'0000-00-00'),
	(90,267,'','','','','','',0.000000,1160.000000,0.000000,0,0.000000,0.000000,NULL,1,NULL,0,'0000-00-00'),
	(91,267,'','','','','','',0.000000,1160.000000,0.000000,0,0.000000,0.000000,NULL,1,NULL,0,'0000-00-00'),
	(93,268,'','','','','','',0.000000,600.000000,0.000000,0,0.000000,0.000000,NULL,1,NULL,0,'0000-00-00'),
	(94,268,'','','','','','',0.000000,600.000000,0.000000,0,0.000000,0.000000,NULL,1,NULL,0,'0000-00-00'),
	(95,192,'','','','','','',0.000000,660.000000,0.000000,0,0.000000,0.000000,1,1,NULL,0,'0000-00-00'),
	(96,192,'','','','','','',0.000000,1105.000000,0.000000,0,0.000000,0.000000,NULL,1,NULL,0,'0000-00-00'),
	(97,192,'','','','','','',0.000000,1575.000000,0.000000,0,0.000000,0.000000,NULL,1,NULL,0,'0000-00-00'),
	(98,224,'','','','','','',0.000000,555.000000,0.000000,0,0.000000,0.000000,1,1,NULL,0,'0000-00-00'),
	(99,224,'','','','','','',0.000000,660.000000,0.000000,0,0.000000,0.000000,NULL,1,NULL,0,'0000-00-00'),
	(100,224,'','','','','','',0.000000,1105.000000,0.000000,0,0.000000,0.000000,NULL,1,NULL,0,'0000-00-00'),
	(101,224,'','','','','','',0.000000,1575.000000,0.000000,0,0.000000,0.000000,NULL,1,NULL,0,'0000-00-00'),
	(102,241,'','','','','','',0.000000,660.000000,0.000000,0,0.000000,0.000000,NULL,1,NULL,0,'0000-00-00'),
	(103,241,'','','','','','',0.000000,1105.000000,0.000000,0,0.000000,0.000000,1,1,NULL,0,'0000-00-00'),
	(104,241,'','','','','','',0.000000,1575.000000,0.000000,0,0.000000,0.000000,NULL,1,NULL,0,'0000-00-00'),
	(105,245,'','','','','','',0.000000,1105.000000,0.000000,0,0.000000,0.000000,NULL,1,NULL,0,'0000-00-00'),
	(106,245,'','','','','','',0.000000,660.000000,0.000000,0,0.000000,0.000000,NULL,1,NULL,0,'0000-00-00'),
	(107,245,'','','','','','',0.000000,1575.000000,0.000000,0,0.000000,0.000000,1,1,NULL,0,'0000-00-00'),
	(108,245,'','','','','','',0.000000,3120.000000,0.000000,0,0.000000,0.000000,NULL,1,NULL,0,'0000-00-00'),
	(109,246,'','','','','','',0.000000,660.000000,0.000000,0,0.000000,0.000000,1,1,NULL,0,'0000-00-00'),
	(110,246,'','','','','','',0.000000,1105.000000,0.000000,0,0.000000,0.000000,NULL,1,NULL,0,'0000-00-00'),
	(111,246,'','','','','','',0.000000,1575.000000,0.000000,0,0.000000,0.000000,NULL,1,NULL,0,'0000-00-00'),
	(112,246,'','','','','','',0.000000,3120.000000,0.000000,0,0.000000,0.000000,NULL,1,NULL,0,'0000-00-00'),
	(113,247,'','','','','','',0.000000,660.000000,0.000000,0,0.000000,0.000000,1,1,NULL,0,'0000-00-00'),
	(114,247,'','','','','','',0.000000,1105.000000,0.000000,0,0.000000,0.000000,NULL,1,NULL,0,'0000-00-00'),
	(115,247,'','','','','','',0.000000,1575.000000,0.000000,0,0.000000,0.000000,NULL,1,NULL,0,'0000-00-00');

/*!40000 ALTER TABLE `ps_product_attribute` ENABLE KEYS */;
UNLOCK TABLES;


# Дамп таблицы ps_product_attribute_combination
# ------------------------------------------------------------

DROP TABLE IF EXISTS `ps_product_attribute_combination`;

CREATE TABLE `ps_product_attribute_combination` (
  `id_attribute` int(10) unsigned NOT NULL,
  `id_product_attribute` int(10) unsigned NOT NULL,
  PRIMARY KEY (`id_attribute`,`id_product_attribute`),
  KEY `id_product_attribute` (`id_product_attribute`)
) ENGINE=InnoDB DEFAULT CHARSET=utf8;

LOCK TABLES `ps_product_attribute_combination` WRITE;
/*!40000 ALTER TABLE `ps_product_attribute_combination` DISABLE KEYS */;

INSERT INTO `ps_product_attribute_combination` (`id_attribute`, `id_product_attribute`)
VALUES
	(1,1),
	(4,2),
	(2,3),
	(30,4),
	(31,5),
	(32,6),
	(32,7),
	(31,8),
	(30,9),
	(30,10),
	(31,11),
	(32,12),
	(32,13),
	(31,14),
	(30,15),
	(30,16),
	(31,17),
	(32,18),
	(30,19),
	(31,20),
	(32,21),
	(30,22),
	(31,23),
	(32,24),
	(30,25),
	(31,26),
	(32,27),
	(30,28),
	(31,29),
	(32,30),
	(28,31),
	(33,32),
	(34,33),
	(35,34),
	(36,36),
	(37,37),
	(38,38),
	(39,39),
	(33,40),
	(34,41),
	(28,42),
	(35,43),
	(36,44),
	(37,45),
	(38,46),
	(39,47),
	(33,48),
	(34,49),
	(28,50),
	(35,51),
	(36,52),
	(37,53),
	(38,54),
	(39,55),
	(41,56),
	(40,57),
	(36,58),
	(42,59),
	(47,59),
	(43,60),
	(47,60),
	(44,61),
	(47,61),
	(45,62),
	(47,62),
	(46,63),
	(47,63),
	(42,64),
	(48,64),
	(43,65),
	(48,65),
	(44,66),
	(48,66),
	(45,67),
	(48,67),
	(46,68),
	(48,68),
	(42,77),
	(47,77),
	(43,78),
	(47,78),
	(44,79),
	(47,79),
	(45,80),
	(47,80),
	(46,81),
	(47,81),
	(42,82),
	(48,82),
	(43,83),
	(48,83),
	(44,84),
	(48,84),
	(45,85),
	(48,85),
	(46,86),
	(48,86),
	(42,87),
	(49,87),
	(43,88),
	(49,88),
	(44,89),
	(49,89),
	(45,90),
	(49,90),
	(46,91),
	(49,91),
	(47,93),
	(50,93),
	(48,94),
	(50,94),
	(38,95),
	(51,96),
	(52,97),
	(36,98),
	(38,99),
	(51,100),
	(52,101),
	(38,102),
	(51,103),
	(52,104),
	(51,105),
	(38,106),
	(52,107),
	(29,108),
	(38,109),
	(51,110),
	(52,111),
	(29,112),
	(38,113),
	(51,114),
	(52,115);

/*!40000 ALTER TABLE `ps_product_attribute_combination` ENABLE KEYS */;
UNLOCK TABLES;


# Дамп таблицы ps_product_attribute_image
# ------------------------------------------------------------

DROP TABLE IF EXISTS `ps_product_attribute_image`;

CREATE TABLE `ps_product_attribute_image` (
  `id_product_attribute` int(10) unsigned NOT NULL,
  `id_image` int(10) unsigned NOT NULL,
  PRIMARY KEY (`id_product_attribute`,`id_image`),
  KEY `id_image` (`id_image`)
) ENGINE=InnoDB DEFAULT CHARSET=utf8;

LOCK TABLES `ps_product_attribute_image` WRITE;
/*!40000 ALTER TABLE `ps_product_attribute_image` DISABLE KEYS */;

INSERT INTO `ps_product_attribute_image` (`id_product_attribute`, `id_image`)
VALUES
	(82,443);

/*!40000 ALTER TABLE `ps_product_attribute_image` ENABLE KEYS */;
UNLOCK TABLES;


# Дамп таблицы ps_product_attribute_shop
# ------------------------------------------------------------

DROP TABLE IF EXISTS `ps_product_attribute_shop`;

CREATE TABLE `ps_product_attribute_shop` (
  `id_product` int(10) unsigned NOT NULL,
  `id_product_attribute` int(10) unsigned NOT NULL,
  `id_shop` int(10) unsigned NOT NULL,
  `wholesale_price` decimal(20,6) NOT NULL DEFAULT '0.000000',
  `price` decimal(20,6) NOT NULL DEFAULT '0.000000',
  `ecotax` decimal(17,6) NOT NULL DEFAULT '0.000000',
  `weight` decimal(20,6) NOT NULL DEFAULT '0.000000',
  `unit_price_impact` decimal(20,6) NOT NULL DEFAULT '0.000000',
  `default_on` tinyint(1) unsigned DEFAULT NULL,
  `minimal_quantity` int(10) unsigned NOT NULL DEFAULT '1',
  `low_stock_threshold` int(10) DEFAULT NULL,
  `low_stock_alert` tinyint(1) NOT NULL DEFAULT '0',
  `available_date` date DEFAULT NULL,
  PRIMARY KEY (`id_product_attribute`,`id_shop`),
  UNIQUE KEY `id_product` (`id_product`,`id_shop`,`default_on`)
) ENGINE=InnoDB DEFAULT CHARSET=utf8;

LOCK TABLES `ps_product_attribute_shop` WRITE;
/*!40000 ALTER TABLE `ps_product_attribute_shop` DISABLE KEYS */;

INSERT INTO `ps_product_attribute_shop` (`id_product`, `id_product_attribute`, `id_shop`, `wholesale_price`, `price`, `ecotax`, `weight`, `unit_price_impact`, `default_on`, `minimal_quantity`, `low_stock_threshold`, `low_stock_alert`, `available_date`)
VALUES
	(109,1,1,0.000000,490.000000,0.000000,0.000000,0.000000,NULL,1,NULL,0,'0000-00-00'),
	(109,2,1,0.000000,1490.000000,0.000000,0.000000,0.000000,NULL,1,NULL,0,'0000-00-00'),
	(109,3,1,0.000000,990.000000,0.000000,0.000000,0.000000,1,1,NULL,0,'0000-00-00'),
	(144,4,1,0.000000,0.000000,0.000000,0.000000,0.000000,1,1,NULL,0,'0000-00-00'),
	(144,5,1,0.000000,0.000000,0.000000,0.000000,0.000000,NULL,1,NULL,0,'0000-00-00'),
	(144,6,1,0.000000,0.000000,0.000000,0.000000,0.000000,NULL,1,NULL,0,'0000-00-00'),
	(145,7,1,0.000000,0.000000,0.000000,0.000000,0.000000,NULL,1,NULL,0,'0000-00-00'),
	(145,8,1,0.000000,0.000000,0.000000,0.000000,0.000000,NULL,1,NULL,0,'0000-00-00'),
	(145,9,1,0.000000,0.000000,0.000000,0.000000,0.000000,1,1,NULL,0,'0000-00-00'),
	(146,10,1,0.000000,0.000000,0.000000,0.000000,0.000000,1,1,NULL,0,'0000-00-00'),
	(146,11,1,0.000000,0.000000,0.000000,0.000000,0.000000,NULL,1,NULL,0,'0000-00-00'),
	(146,12,1,0.000000,0.000000,0.000000,0.000000,0.000000,NULL,1,NULL,0,'0000-00-00'),
	(148,13,1,0.000000,0.000000,0.000000,0.000000,0.000000,1,1,NULL,0,'0000-00-00'),
	(148,14,1,0.000000,0.000000,0.000000,0.000000,0.000000,NULL,1,NULL,0,'0000-00-00'),
	(148,15,1,0.000000,0.000000,0.000000,0.000000,0.000000,NULL,1,NULL,0,'0000-00-00'),
	(147,16,1,0.000000,0.000000,0.000000,0.000000,0.000000,1,1,NULL,0,'0000-00-00'),
	(147,17,1,0.000000,0.000000,0.000000,0.000000,0.000000,NULL,1,NULL,0,'0000-00-00'),
	(147,18,1,0.000000,0.000000,0.000000,0.000000,0.000000,NULL,1,NULL,0,'0000-00-00'),
	(151,19,1,0.000000,0.000000,0.000000,0.000000,0.000000,1,1,NULL,0,'0000-00-00'),
	(151,20,1,0.000000,0.000000,0.000000,0.000000,0.000000,NULL,1,NULL,0,'0000-00-00'),
	(151,21,1,0.000000,0.000000,0.000000,0.000000,0.000000,NULL,1,NULL,0,'0000-00-00'),
	(152,22,1,0.000000,0.000000,0.000000,0.000000,0.000000,NULL,1,NULL,0,'0000-00-00'),
	(152,23,1,0.000000,0.000000,0.000000,0.000000,0.000000,1,1,NULL,0,'0000-00-00'),
	(152,24,1,0.000000,0.000000,0.000000,0.000000,0.000000,NULL,1,NULL,0,'0000-00-00'),
	(150,25,1,0.000000,0.000000,0.000000,0.000000,0.000000,NULL,1,NULL,0,'0000-00-00'),
	(150,26,1,0.000000,0.000000,0.000000,0.000000,0.000000,1,1,NULL,0,'0000-00-00'),
	(150,27,1,0.000000,0.000000,0.000000,0.000000,0.000000,NULL,1,NULL,0,'0000-00-00'),
	(149,28,1,0.000000,0.000000,0.000000,0.000000,0.000000,1,1,NULL,0,'0000-00-00'),
	(149,29,1,0.000000,0.000000,0.000000,0.000000,0.000000,NULL,1,NULL,0,'0000-00-00'),
	(149,30,1,0.000000,0.000000,0.000000,0.000000,0.000000,NULL,1,NULL,0,'0000-00-00'),
	(236,31,1,0.000000,506.000000,0.000000,0.000000,0.000000,NULL,1,NULL,0,'0000-00-00'),
	(236,32,1,0.000000,322.000000,0.000000,0.000000,0.000000,1,1,NULL,0,'0000-00-00'),
	(236,33,1,0.000000,414.000000,0.000000,0.000000,0.000000,NULL,1,NULL,0,'0000-00-00'),
	(236,34,1,0.000000,598.000000,0.000000,0.000000,0.000000,NULL,1,NULL,0,'0000-00-00'),
	(236,36,1,0.000000,690.000000,0.000000,0.000000,0.000000,NULL,1,NULL,0,'0000-00-00'),
	(236,37,1,0.000000,782.000000,0.000000,0.000000,0.000000,NULL,1,NULL,0,'0000-00-00'),
	(236,38,1,0.000000,874.000000,0.000000,0.000000,0.000000,NULL,1,NULL,0,'0000-00-00'),
	(236,39,1,0.000000,966.000000,0.000000,0.000000,0.000000,NULL,1,NULL,0,'0000-00-00'),
	(235,40,1,0.000000,322.000000,0.000000,0.000000,0.000000,1,1,NULL,0,'0000-00-00'),
	(235,41,1,0.000000,414.000000,0.000000,0.000000,0.000000,NULL,1,NULL,0,'0000-00-00'),
	(235,42,1,0.000000,506.000000,0.000000,0.000000,0.000000,NULL,1,NULL,0,'0000-00-00'),
	(235,43,1,0.000000,598.000000,0.000000,0.000000,0.000000,NULL,1,NULL,0,'0000-00-00'),
	(235,44,1,0.000000,690.000000,0.000000,0.000000,0.000000,NULL,1,NULL,0,'0000-00-00'),
	(235,45,1,0.000000,782.000000,0.000000,0.000000,0.000000,NULL,1,NULL,0,'0000-00-00'),
	(235,46,1,0.000000,874.000000,0.000000,0.000000,0.000000,NULL,1,NULL,0,'0000-00-00'),
	(235,47,1,0.000000,966.000000,0.000000,0.000000,0.000000,NULL,1,NULL,0,'0000-00-00'),
	(234,48,1,0.000000,322.000000,0.000000,0.000000,0.000000,1,1,NULL,0,'0000-00-00'),
	(234,49,1,0.000000,414.000000,0.000000,0.000000,0.000000,NULL,1,NULL,0,'0000-00-00'),
	(234,50,1,0.000000,506.000000,0.000000,0.000000,0.000000,NULL,1,NULL,0,'0000-00-00'),
	(234,51,1,0.000000,598.000000,0.000000,0.000000,0.000000,NULL,1,NULL,0,'0000-00-00'),
	(234,52,1,0.000000,690.000000,0.000000,0.000000,0.000000,NULL,1,NULL,0,'0000-00-00'),
	(234,53,1,0.000000,782.000000,0.000000,0.000000,0.000000,NULL,1,NULL,0,'0000-00-00'),
	(234,54,1,0.000000,874.000000,0.000000,0.000000,0.000000,NULL,1,NULL,0,'0000-00-00'),
	(234,55,1,0.000000,966.000000,0.000000,0.000000,0.000000,NULL,1,NULL,0,'0000-00-00'),
	(251,56,1,0.000000,510.000000,0.000000,0.000000,0.000000,1,1,NULL,0,'0000-00-00'),
	(251,57,1,0.000000,280.000000,0.000000,0.000000,0.000000,NULL,1,NULL,0,'0000-00-00'),
	(251,58,1,0.000000,740.000000,0.000000,0.000000,0.000000,NULL,1,NULL,0,'0000-00-00'),
	(268,59,1,0.000000,1160.000000,0.000000,0.000000,0.000000,1,1,NULL,0,'0000-00-00'),
	(268,60,1,0.000000,1160.000000,0.000000,0.000000,0.000000,NULL,1,NULL,0,'0000-00-00'),
	(268,61,1,0.000000,1160.000000,0.000000,0.000000,0.000000,NULL,1,NULL,0,'0000-00-00'),
	(268,62,1,0.000000,1160.000000,0.000000,0.000000,0.000000,NULL,1,NULL,0,'0000-00-00'),
	(268,63,1,0.000000,1160.000000,0.000000,0.000000,0.000000,NULL,1,NULL,0,'0000-00-00'),
	(268,64,1,0.000000,1160.000000,0.000000,0.000000,0.000000,NULL,1,NULL,0,'0000-00-00'),
	(268,65,1,0.000000,1160.000000,0.000000,0.000000,0.000000,NULL,1,NULL,0,'0000-00-00'),
	(268,66,1,0.000000,1160.000000,0.000000,0.000000,0.000000,NULL,1,NULL,0,'0000-00-00'),
	(268,67,1,0.000000,1160.000000,0.000000,0.000000,0.000000,NULL,1,NULL,0,'0000-00-00'),
	(268,68,1,0.000000,1160.000000,0.000000,0.000000,0.000000,NULL,1,NULL,0,'0000-00-00'),
	(267,77,1,0.000000,1160.000000,0.000000,0.000000,0.000000,NULL,1,NULL,0,'0000-00-00'),
	(267,78,1,0.000000,1160.000000,0.000000,0.000000,0.000000,NULL,1,NULL,0,'0000-00-00'),
	(267,79,1,0.000000,1160.000000,0.000000,0.000000,0.000000,NULL,1,NULL,0,'0000-00-00'),
	(267,80,1,0.000000,1160.000000,0.000000,0.000000,0.000000,NULL,1,NULL,0,'0000-00-00'),
	(267,81,1,0.000000,1160.000000,0.000000,0.000000,0.000000,NULL,1,NULL,0,'0000-00-00'),
	(267,82,1,0.000000,1160.000000,0.000000,0.000000,0.000000,NULL,1,NULL,0,'0000-00-00'),
	(267,83,1,0.000000,1160.000000,0.000000,0.000000,0.000000,NULL,1,NULL,0,'0000-00-00'),
	(267,84,1,0.000000,1160.000000,0.000000,0.000000,0.000000,NULL,1,NULL,0,'0000-00-00'),
	(267,85,1,0.000000,1160.000000,0.000000,0.000000,0.000000,NULL,1,NULL,0,'0000-00-00'),
	(267,86,1,0.000000,1160.000000,0.000000,0.000000,0.000000,NULL,1,NULL,0,'0000-00-00'),
	(267,87,1,0.000000,1160.000000,0.000000,0.000000,0.000000,1,1,NULL,0,'0000-00-00'),
	(267,88,1,0.000000,1160.000000,0.000000,0.000000,0.000000,NULL,1,NULL,0,'0000-00-00'),
	(267,89,1,0.000000,1160.000000,0.000000,0.000000,0.000000,NULL,1,NULL,0,'0000-00-00'),
	(267,90,1,0.000000,1160.000000,0.000000,0.000000,0.000000,NULL,1,NULL,0,'0000-00-00'),
	(267,91,1,0.000000,1160.000000,0.000000,0.000000,0.000000,NULL,1,NULL,0,'0000-00-00'),
	(268,93,1,0.000000,600.000000,0.000000,0.000000,0.000000,NULL,1,NULL,0,'0000-00-00'),
	(268,94,1,0.000000,600.000000,0.000000,0.000000,0.000000,NULL,1,NULL,0,'0000-00-00'),
	(192,95,1,0.000000,660.000000,0.000000,0.000000,0.000000,1,1,NULL,0,'0000-00-00'),
	(192,96,1,0.000000,1105.000000,0.000000,0.000000,0.000000,NULL,1,NULL,0,'0000-00-00'),
	(192,97,1,0.000000,1575.000000,0.000000,0.000000,0.000000,NULL,1,NULL,0,'0000-00-00'),
	(224,98,1,0.000000,555.000000,0.000000,0.000000,0.000000,1,1,NULL,0,'0000-00-00'),
	(224,99,1,0.000000,660.000000,0.000000,0.000000,0.000000,NULL,1,NULL,0,'0000-00-00'),
	(224,100,1,0.000000,1105.000000,0.000000,0.000000,0.000000,NULL,1,NULL,0,'0000-00-00'),
	(224,101,1,0.000000,1575.000000,0.000000,0.000000,0.000000,NULL,1,NULL,0,'0000-00-00'),
	(241,102,1,0.000000,660.000000,0.000000,0.000000,0.000000,NULL,1,NULL,0,'0000-00-00'),
	(241,103,1,0.000000,1105.000000,0.000000,0.000000,0.000000,1,1,NULL,0,'0000-00-00'),
	(241,104,1,0.000000,1575.000000,0.000000,0.000000,0.000000,NULL,1,NULL,0,'0000-00-00'),
	(245,105,1,0.000000,1105.000000,0.000000,0.000000,0.000000,NULL,1,NULL,0,'0000-00-00'),
	(245,106,1,0.000000,660.000000,0.000000,0.000000,0.000000,NULL,1,NULL,0,'0000-00-00'),
	(245,107,1,0.000000,1575.000000,0.000000,0.000000,0.000000,1,1,NULL,0,'0000-00-00'),
	(245,108,1,0.000000,3120.000000,0.000000,0.000000,0.000000,NULL,1,NULL,0,'0000-00-00'),
	(246,109,1,0.000000,660.000000,0.000000,0.000000,0.000000,1,1,NULL,0,'0000-00-00'),
	(246,110,1,0.000000,1105.000000,0.000000,0.000000,0.000000,NULL,1,NULL,0,'0000-00-00'),
	(246,111,1,0.000000,1575.000000,0.000000,0.000000,0.000000,NULL,1,NULL,0,'0000-00-00'),
	(246,112,1,0.000000,3120.000000,0.000000,0.000000,0.000000,NULL,1,NULL,0,'0000-00-00'),
	(247,113,1,0.000000,660.000000,0.000000,0.000000,0.000000,1,1,NULL,0,'0000-00-00'),
	(247,114,1,0.000000,1105.000000,0.000000,0.000000,0.000000,NULL,1,NULL,0,'0000-00-00'),
	(247,115,1,0.000000,1575.000000,0.000000,0.000000,0.000000,NULL,1,NULL,0,'0000-00-00');

/*!40000 ALTER TABLE `ps_product_attribute_shop` ENABLE KEYS */;
UNLOCK TABLES;


# Дамп таблицы ps_product_carrier
# ------------------------------------------------------------

DROP TABLE IF EXISTS `ps_product_carrier`;

CREATE TABLE `ps_product_carrier` (
  `id_product` int(10) unsigned NOT NULL,
  `id_carrier_reference` int(10) unsigned NOT NULL,
  `id_shop` int(10) unsigned NOT NULL,
  PRIMARY KEY (`id_product`,`id_carrier_reference`,`id_shop`)
) ENGINE=InnoDB DEFAULT CHARSET=utf8;

LOCK TABLES `ps_product_carrier` WRITE;
/*!40000 ALTER TABLE `ps_product_carrier` DISABLE KEYS */;

INSERT INTO `ps_product_carrier` (`id_product`, `id_carrier_reference`, `id_shop`)
VALUES
	(20,1,1),
	(20,2,1);

/*!40000 ALTER TABLE `ps_product_carrier` ENABLE KEYS */;
UNLOCK TABLES;


# Дамп таблицы ps_product_country_tax
# ------------------------------------------------------------

DROP TABLE IF EXISTS `ps_product_country_tax`;

CREATE TABLE `ps_product_country_tax` (
  `id_product` int(11) NOT NULL,
  `id_country` int(11) NOT NULL,
  `id_tax` int(11) NOT NULL,
  PRIMARY KEY (`id_product`,`id_country`)
) ENGINE=InnoDB DEFAULT CHARSET=utf8;



# Дамп таблицы ps_product_download
# ------------------------------------------------------------

DROP TABLE IF EXISTS `ps_product_download`;

CREATE TABLE `ps_product_download` (
  `id_product_download` int(10) unsigned NOT NULL AUTO_INCREMENT,
  `id_product` int(10) unsigned NOT NULL,
  `display_filename` varchar(255) DEFAULT NULL,
  `filename` varchar(255) DEFAULT NULL,
  `date_add` datetime NOT NULL,
  `date_expiration` datetime DEFAULT NULL,
  `nb_days_accessible` int(10) unsigned DEFAULT NULL,
  `nb_downloadable` int(10) unsigned DEFAULT '1',
  `active` tinyint(1) unsigned NOT NULL DEFAULT '1',
  `is_shareable` tinyint(1) unsigned NOT NULL DEFAULT '0',
  PRIMARY KEY (`id_product_download`),
  UNIQUE KEY `id_product` (`id_product`),
  KEY `product_active` (`id_product`,`active`)
) ENGINE=InnoDB DEFAULT CHARSET=utf8;



# Дамп таблицы ps_product_group_reduction_cache
# ------------------------------------------------------------

DROP TABLE IF EXISTS `ps_product_group_reduction_cache`;

CREATE TABLE `ps_product_group_reduction_cache` (
  `id_product` int(10) unsigned NOT NULL,
  `id_group` int(10) unsigned NOT NULL,
  `reduction` decimal(4,3) NOT NULL,
  PRIMARY KEY (`id_product`,`id_group`)
) ENGINE=InnoDB DEFAULT CHARSET=utf8;



# Дамп таблицы ps_product_lang
# ------------------------------------------------------------

DROP TABLE IF EXISTS `ps_product_lang`;

CREATE TABLE `ps_product_lang` (
  `id_product` int(10) unsigned NOT NULL,
  `id_shop` int(11) unsigned NOT NULL DEFAULT '1',
  `id_lang` int(10) unsigned NOT NULL,
  `description` text,
  `description_short` text,
  `link_rewrite` varchar(128) NOT NULL,
  `meta_description` varchar(255) DEFAULT NULL,
  `meta_keywords` varchar(255) DEFAULT NULL,
  `meta_title` varchar(128) DEFAULT NULL,
  `name` varchar(128) NOT NULL,
  `available_now` varchar(255) DEFAULT NULL,
  `available_later` varchar(255) DEFAULT NULL,
  `delivery_in_stock` varchar(255) DEFAULT NULL,
  `delivery_out_stock` varchar(255) DEFAULT NULL,
  PRIMARY KEY (`id_product`,`id_shop`,`id_lang`),
  KEY `id_lang` (`id_lang`),
  KEY `name` (`name`)
) ENGINE=InnoDB DEFAULT CHARSET=utf8;

LOCK TABLES `ps_product_lang` WRITE;
/*!40000 ALTER TABLE `ps_product_lang` DISABLE KEYS */;

INSERT INTO `ps_product_lang` (`id_product`, `id_shop`, `id_lang`, `description`, `description_short`, `link_rewrite`, `meta_description`, `meta_keywords`, `meta_title`, `name`, `available_now`, `available_later`, `delivery_in_stock`, `delivery_out_stock`)
VALUES
	(20,1,1,'','<p>A bouquet of 101 red roses will become a luxurious gift for any woman! Elegant solution for any holiday or just as a sign of youre love and passion!</p>','red-roses','Order 101 red roses online from the cadouri.md website ✓ We deliver everywhere across Moldova ✓ Personalized Bouquets ✓ Original Gifts ✓ Free delivery across Chisinau ➨ View more!','','Buy 101 red roses with delivery Chisinau, Moldova','101 Red Roses','','','',''),
	(20,1,2,'','<p>Un buchet din 101 de trandafiri roșii va deveni un cadou de lux pentru orice femeie! Un cadou elegant perfect pentru orice ocazie, un semn frumos de dragoste și pasiune!</p>','trandafir-rosu','Comandă 101 de trandafiri online în magazinul cadouri.md ✓ Livrare pe tot teritoriul Moldovei ✓ Buchete personalizate ✓ Cadouri originale ✓ Livrare gratuită în Chișinău  ➨ Vezi pe site!','','Cumpără 101 trandafiri roșii cu livrare în Chișinău, Moldova','101 de Trandafiri Roșii','','','',''),
	(20,1,3,'','<p><span style=\"font-size:9pt;font-family:Arial;text-align:center;\">Букет из 101 красной розы станет роскошным подарком для любой женщины! Элегантное решение для любого женского праздника или просто так, как знак любви и страсти!</span></p>','krasnye-rozy','Купить 101 красную розу в интернет магазине cadouri.md. ✓ Доставка по всей Молдове ✓ Авторские букеты ✓ Оригинальные подарки ✓ Бесплатная доставка по Кишиневу  ➨ Смотрите!','','Купить 101 красную розу с доставкой Кишинев, Молдова','101 Красная Роза','','','',''),
	(20,1,4,'','','red-roses','','','','Red Roses','','','',''),
	(21,1,1,'','<p><span style=\"font-family:Arial;white-space:pre-wrap;\">51 white rose is a perfect way to show your afection to a lady. Beautiful and gentel bouquet is ment to surprise and will make her eyes shine! </span></p>','white-roses','Order 51 white roses online from the cadouri.md website ✓ We deliver everywhere across Moldova ✓ Personalized Bouquets ✓ Original Gifts ✓ Free delivery across Chisinau ➨ View more!','','Buy 51 white roses with delivery Chisinau, Moldova','51 White Roses','','','',''),
	(21,1,2,'','<p>51 - un număr frumos pentru a arăta sentimentele față de o femeie. Un astfel de cadou va surprinde plăcut orice domnișoară. Un buchet frumos și gingaș va face ochii iubitei să strălucească de fericire.</p>','trandafir-alb','Comandă 51 trandafiri albi online în magazinul cadouri.md ✓ Livrare pe tot teritoriul Moldovei ✓ Buchete personalizate ✓ Cadouri originale ✓ Livrare gratuită în Chișinău  ➨ Vezi pe site!','','Cumpără 51 trandafiri albi cu livrare în Chișinău, Moldova','51 de Trandafiri Albi','','','',''),
	(21,1,3,'','<p>51 - прекрасное число для проявления своих чувств по отношению к даме. Такой знак внимания не оставит равнодушной ни одну девушку. Красивый нежный букет удивит и поселит блеск в прекрасных глазах женщины!</p>','belye-rozy','Купить 51 белую розу в интернет магазине cadouri.md. ✓ Доставка по всей Молдове ✓ Авторские букеты ✓ Оригинальные подарки ✓ Бесплатная доставка по Кишиневу  ➨ Смотрите!','','Купить 51 белую розу с доставкой Кишинев, Молдова','51 Белая Роза','','','',''),
	(21,1,4,'<p><br /></p>','<p><br /></p>','white-roses','','','','White Roses','','','',''),
	(23,1,1,'','<p><span style=\"font-family:Arial;\">Enjoy the freshness of tropical fruits! A perfect gift box for bright and cheerful person. Unusual SPA set contains: <br /></span></p>\n<ul style=\"list-style-type:circle;\"><li>Aromatic Bath Salt with pieces of mango and peaches</li>\n<li>Body oil with caramel and cinnamon</li>\n<li>Caramel &amp; Cinnamon Shower Gel</li>\n</ul><p><span style=\"font-family:Arial;\"></span><span style=\"font-family:Arial;\">Mark - Tutti Frutti, production - Poland.</span><span style=\"font-family:Arial;\"><br /><span style=\"white-space:pre-wrap;\"><br /></span></span><span style=\"font-family:Arial;\">* The choice of flowers may vary depending of the season.</span><span style=\"font-family:Arial;\"><br /></span><span style=\"font-family:Arial;\"></span><span style=\"font-family:Arial;\"><br /></span></p>\n<p></p>','spa-box-tropical-boom','Order gift SPA set online from the cadouri.md website ✓ We deliver everywhere across Moldova ✓ Personalized Bouquets ✓ Original Gifts ✓ Free delivery across Chisinau ➨ View more!','','Buy gift SPA set with delivery Chisinau, Moldova','SPA Box: Tropical Boom','','','',''),
	(23,1,2,'','<p><span style=\"font-family:Arial;\">Bucură-te de prospețimea fructelor tropicale! Setul SPA original conține:</span></p>\n<ul style=\"list-style-type:circle;\"><li>Ulei pentru corp cu caramelă și scorțișoară </li>\n<li>Sarea aromatizată pentru baie cu fructe</li>\n<li>Gel pentru baie Caramelă &amp; Scorțișoară</li>\n</ul><p><span style=\"font-family:Arial;\">Marca - Tutti Frutti, producția - Polonia.</span></p>\n<p><span style=\"font-family:Arial;\">* Compoziția floristică poate varia în dependență de sezon și starea de spirit a florarului.</span></p>','spa-box-boom-ul-tropical','Comandă cadou set pentru baie online în magazinul cadouri.md ✓ Livrare pe tot teritoriul Moldovei ✓ Buchete personalizate ✓ Cadouri originale ✓ Livrare gratuită în Chișinău  ➨ Vezi pe site!','','Cumpără cadou set pentru baie cu livrare în Chișinău, Moldova','SPA Box: Boom-ul Tropical','','','',''),
	(23,1,3,'','<p>Подари свежесть тропических фруктов! Подарочный набор для яркой и жизнерадостной девушки. </p>\n<p>Оригинальный SPA набор с цветами содержит:</p>\n<ul style=\"list-style-type:circle;\"><li>Ароматическую соль для ванны с кусочками фруктов </li>\n<li>Масло для тела с карамелью и корицей</li>\n<li>Гель для душа карамель &amp; Корица</li>\n</ul><p>Марка – Tutti Frutti, производство – Польша.</p>\n<p>* Состав цветов может меняться в зависимости от настроения флориста и сезонности.</p>','spa-box-tropicheskij-bum','Купить подарочный набор для ванны в интернет магазине cadouri.md. ✓ Доставка по всей Молдове ✓ Авторские букеты ✓ Оригинальные подарки ✓ Бесплатная доставка по Кишиневу  ➨ Смотрите!','','Купить подарочный набор для ванны с доставкой Кишинев, Молдова','SPA Box: Тропический Бум','','','',''),
	(23,1,4,'','','tropical-boom','','','','Tropical Boom','','','',''),
	(25,1,1,'','<p>Our grandmothers know all the secrets abut hou to use nature\'s gifts for endless beauty. This SPA Gift box with flowers contains: </p>\n<p></p>\n<ul style=\"list-style-type:circle;\"><li>Fragrant body oil </li>\n<li>Cream-oil for hands</li>\n<li>Bathroom bombs</li>\n</ul><p></p>\n<p>Mark - Recipes of Grandmother Agafia (Рецепты Бабушки Агафьи), production - Russia.</p>\n<p></p>\n<p>* The choice of flowers may vary depending of the season.</p>\n<p></p>','spa-box-grandmothers-beauty-reciepes','Order natural cosmetics set online from the cadouri.md website ✓ We deliver everywhere across Moldova ✓ Personalized Bouquets ✓ Original Gifts ✓ Free delivery across Chisinau ➨ View more!','','Buy natural cosmetics set with delivery Chisinau, Moldova','SPA Box: Grandmothers Beauty Reciepes','','','',''),
	(25,1,2,'','<p>Bunicile noastre cunosc cum să folosească corect darurile naturii pentru prelungire frumuseții. Acest SPA set decorat cu flori conține:</p>\n<p></p>\n<ul style=\"list-style-type:circle;\"><li>Ulei de corp parfumat</li>\n<li>Сremă-ulei pentru mâini</li>\n<li>Bombe pentru baie</li>\n</ul><p></p>\n<p>Marca - Rețete ale bunicii Agafia (Рецепты Бабушки Агафьи), producție - Rusia.</p>\n<p></p>\n<p>* Compoziția floristică poate varia în dependență de sezon și starea de spirit a florarului.</p>\n<p></p>','spa-box-recetele-bunicii','Comandă set cosmetica naturală online în magazinul cadouri.md ✓ Livrare pe tot teritoriul Moldovei ✓ Buchete personalizate ✓ Cadouri originale ✓ Livrare gratuită în Chișinău  ➨ Vezi pe site!','','Cumpără set cosmetica naturală cu livrare în Chișinău, Moldova','SPA Box: Recetele Bunicii','','','',''),
	(25,1,3,'','<p>Наши бабушки всегда умели грамотно использовать дары природы для поддержания своей молодости. Этот SPA набор для ванной оформлен цветами и содержит: </p>\n<p></p>\n<ul style=\"list-style-type:circle;\"><li>Маслице для тела ароматное</li>\n<li>Крем-маслице для рук</li>\n<li>Бомбочки для ванной</li>\n</ul><p></p>\n<p>Марка – Рецепты Бабушки Агафьи, производство – Россия. </p>\n<p></p>\n<p>* Состав цветов может меняться в зависимости от настроения флориста и сезонности.</p>','spa-box-babushkiny-recepty-krasoty','Купить набор натуральной косметики в интернет магазине cadouri.md. ✓ Доставка по всей Молдове ✓ Авторские букеты ✓ Оригинальные подарки ✓ Бесплатная доставка по Кишиневу  ➨ Смотрите!','','Купить набор натуральной косметики с доставкой Кишинев, Молдова','SPA Box: Бабушкины Рецепты Красоты','','','',''),
	(25,1,4,'','','spa-box-grandmothers-beauty-reciepes','','','','SPA Box: Grandmothers Beauty Reciepes','','','',''),
	(28,1,1,'','<p>Feel the spring freshness every day! The original SPA set contains:</p>\n<ul style=\"list-style-type:circle;\"><li>Pilling</li>\n<li>Body cream</li>\n<li>Bath gel</li>\n</ul><p><span style=\"font-family:Arial;white-space:pre-wrap;\">Mark - Organic Shop, production - Russia. * The choice of flowers may vary depending of the season.</span></p>','spa-box-organic-shop','Order skin care set online from the cadouri.md website ✓ We deliver everywhere across Moldova ✓ Personalized Bouquets ✓ Original Gifts ✓ Free delivery across Chisinau ➨ View more!','','Buy skin care set with delivery Chisinau, Moldova','SPA Box: Organic Shop','','','',''),
	(28,1,2,'','<p>Simte prospețimea primăverii în fiecare zi! Setul SPA original conține:</p>\n<ul style=\"list-style-type:circle;\"><li>Soluție pentru pilling</li>\n<li>Cremă pentru corp</li>\n<li>Gel pentru baie</li>\n</ul><p>Marca - Organic Shop, producător - Rusia.</p>\n<p>* Compoziția floristică poate varia în dependență de sezon și starea de spirit a florarului.</p>\n<p></p>\n<p></p>\n<p></p>\n<p></p>\n<p></p>\n<p></p>','spa-box-organic-shop','Comandă set pentru îngrijirea corpului online în magazinul cadouri.md ✓ Livrare pe tot teritoriul Moldovei ✓ Buchete personalizate ✓ Cadouri originale ✓ Livrare gratuită în Chișinău  ➨ Vezi pe site!','','Cumpără set pentru îngrijirea corpului cu livrare în Chișinău, Moldova','SPA Box: Organic Shop','','','',''),
	(28,1,3,'','<p>Почувствуй весеннюю свежесть в любое время года! Уникальный SPA набор содержит:</p>\n<ul style=\"list-style-type:circle;\"><li>Пилинг для тела</li>\n<li>Крем для тела</li>\n<li>Гель для душа</li>\n</ul><p>Марка - Organic Shop, производитель - Россия.</p>\n<p>* Состав цветов может меняться в зависимости от настроения флориста и сезонности.</p>\n<p></p>\n<p></p>\n<p></p>\n<p></p>\n<p></p>\n<p></p>','spa-box-organic-shop','Купить набор для ухода за телом в интернет магазине cadouri.md. ✓ Доставка по всей Молдове ✓ Авторские букеты ✓ Оригинальные подарки ✓ Бесплатная доставка по Кишиневу  ➨ Смотрите!','','Купить набор для ухода за телом с доставкой Кишинев, Молдова','SPA Box: Organic Shop','','','',''),
	(28,1,4,'','','organic-shop','','','','Organic Shop','','','',''),
	(29,1,1,'','<p>A perfect sweet gift can be not just delicious, but also very useful! This honey gift set is full of vitamins! The original gift is decorated by flowers and contains:</p>\n<ul style=\"list-style-type:circle;\"><li>Honey with figs</li>\n<li>Honey with almonds</li>\n<li>Honey with a nut mix</li>\n</ul><p><span style=\"font-family:Arial;text-align:center;white-space:pre-wrap;\">* The choice of flowers may vary depending of the season.</span></p>','sweet-honey-set-of-3','Order honey gift online from the cadouri.md website ✓ We deliver everywhere across Moldova ✓ Personalized Bouquets ✓ Original Gifts ✓ Free delivery across Chisinau ➨ View more!','','Buy gift set with honey with delivery Chisinau, Moldova','Sweet Honey: Set of 3','','','',''),
	(29,1,2,'','<p>Un cadou dulce poate fi nu doar delicios, dar și sănătos! Acest set de miere este un adevărat depozit de vitamine! Cadoul original este decorat cu flori și conține:</p>\n<ul style=\"list-style-type:circle;\"><li>Miere cu smochine</li>\n<li>Miere cu migdale</li>\n<li>Miere cu amestec de nuci</li>\n</ul><p><span style=\"font-family:Arial;white-space:pre-wrap;\">* Compoziția floristică poate varia în dependență de sezon și starea de spirit a florarului.</span></p>','sweet-honey-set-din-3','Comandă mierea cadou online în magazinul cadouri.md ✓ Livrare pe tot teritoriul Moldovei ✓ Buchete personalizate ✓ Cadouri originale ✓ Livrare gratuită în Chișinău  ➨ Vezi pe site!','','Cumpără cadou set cu miere cu livrare în Chișinău, Moldova','Sweet Honey: Set din 3','','','',''),
	(29,1,3,'','<p>Хороший сладкий подарок может быть не только вкусным, но и очень полезным! Этот медовый подарочный набор - кладезь витаминов! Оригинальный подарок дополнен цветами и содержит: </p>\n<ul style=\"list-style-type:circle;\"><li>Мед с инжиром</li>\n<li>Мед с миндалем   </li>\n<li>Мед с ореховым ассорти </li>\n</ul><p>* Состав цветов может меняться в зависимости от настроения флориста и сезонности.</p>\n<p></p>\n<p></p>\n<p></p>\n<p></p>\n<p></p>','sweet-honey-3-v-1','Купить мед в подарок в интернет магазине cadouri.md. ✓ Доставка по всей Молдове ✓ Авторские букеты ✓ Оригинальные подарки ✓ Бесплатная доставка по Кишиневу  ➨ Смотрите!','','Купить медовый подарок с доставкой Кишинев, Молдова','Sweet Honey: 3 в 1','','','',''),
	(29,1,4,'','','sweet-honey-box','','','','Sweet Honey - Box','','','',''),
	(32,1,1,'','<p>Surprise your darlings - give them your care! Delicate and fragrant honey combined with nuts - it\'s tasty and healthy. Beautiful gift set is decorated with flowers and contains:</p>\n<ul style=\"list-style-type:circle;\"><li>Acacia honey</li>\n<li>Honey with a nut mix</li>\n</ul><p></p>\n<p><span style=\"font-family:Arial;white-space:pre-wrap;\">* The choice of flowers may vary depending of the season.</span></p>','sweet-honey-set-of-2','Order honey gift online from the cadouri.md website ✓ We deliver everywhere across Moldova ✓ Personalized Bouquets ✓ Original Gifts ✓ Free delivery across Chisinau ➨ View more!','','Buy honey gift with delivery Chisinau, Moldova','Sweet Honey: Set of 2','','','',''),
	(32,1,2,'','<p>Surprinde pe dragii tăi - dăruiește grija! Mierea delicată combinată cu nuci - este gustoasă și sănătoasă. Setul este decorat cu flori și conține:</p>\n<p>Miere de salcâm</p>\n<p>Miere cu amestec de nuci.</p>\n<p></p>\n<p><span style=\"font-family:Arial;white-space:pre-wrap;\">* Compoziția floristică poate varia în dependență de sezon și starea de spirit a florarului.</span></p>','sweet-honey-set-din-2','Comandă mierea cadou online în magazinul cadouri.md ✓ Livrare pe tot teritoriul Moldovei ✓ Buchete personalizate ✓ Cadouri originale ✓ Livrare gratuită în Chișinău  ➨ Vezi pe site!','','Cumpără mierea cadou cu livrare în Chișinău, Moldova','Sweet Honey: Set din 2','','','',''),
	(32,1,3,'','<p><span style=\"font-size:8pt;font-family:Arial;\">Удивите своего близкого - подарите свою заботу! Нежный и ароматный мед в сочетании с орешками - это вкусно и полезно. Красивый подарочный набор оформлен цветами и содержит: <br /></span></p>\n<ul style=\"list-style-type:circle;\"><li>Мед акациевый</li>\n<li>Мед с ореховым ассорти</li>\n</ul><p><span style=\"font-size:8pt;font-family:Arial;\">* Состав цветов может меняться в зависимости от настроения флориста и сезонности.</span></p>','sweet-honey-2-v-1','Купить мед в подарок в интернет магазине cadouri.md. ✓ Доставка по всей Молдове ✓ Авторские букеты ✓ Оригинальные подарки ✓ Бесплатная доставка по Кишиневу  ➨ Смотрите!','','Купить мед в подарок с доставкой Кишинев, Молдова','Sweet Honey: 2 в 1','','','',''),
	(32,1,4,'','','sweet-honey-set-of-3','','','','Sweet Honey - Set of 3','','','',''),
	(33,1,1,'','<p>Try delicious donuts with sweet glaze! Always fresh, always different! Original sweet set contains:</p>\n<p></p>\n<ul style=\"list-style-type:circle;\"><li>2 donuts ring</li>\n<li>2 donuts with stuffing</li>\n</ul><p></p>\n<p>* The choice of flowers may vary depending of the season.</p>\n<p></p>\n<p>** Donuts in the set may differ from those presented in the example image and are provided within the existing assortment of our partners.</p>','dc-donuts-sweet-box','Order delicious gift set online from the cadouri.md website ✓ We deliver everywhere across Moldova ✓ Personalized Bouquets ✓ Original Gifts ✓ Free delivery across Chisinau ➨ View more!','','Buy delicious gift with delivery Chisinau, Moldova','DC Donuts: Sweet Box','','','',''),
	(33,1,2,'','<p>Încercați donuts delicioase cu glazură dulce! Întotdeauna proaspete, întotdeauna diferite! Setul dulce și original conține:</p>\n<ul style=\"list-style-type:circle;\"><li>2 donuts ring</li>\n<li>2 donuts cu umplutură</li>\n</ul><p>* Compoziția floristică poate varia în dependență de sezon și starea de spirit a florarului.</p>\n<p>** Donuts în setul propus pot diferi de cele prezentate în imaginea-exemplu  și sunt furnizate în cadrul sortimentului existent al partenerilor noștri.</p>\n<p></p>\n<p></p>\n<p></p>\n<p></p>\n<p></p>','dc-donuts-setul-dulce','Comandă cadou delicios online în magazinul cadouri.md ✓ Livrare pe tot teritoriul Moldovei ✓ Buchete personalizate ✓ Cadouri originale ✓ Livrare gratuită în Chișinău  ➨ Vezi pe site!','','Cumpără cadou delicios cu livrare în Chișinău, Moldova','DC Donuts: Setul Dulce','','','',''),
	(33,1,3,'','<p>Отведайте вкуснейших пончиков со сладкой глазурью! Всегда свежие, всегда разные! Оригинальный сладкий набор содержит: </p>\n<ul style=\"list-style-type:circle;\"><li>2 пончика ring</li>\n<li>2 пончика с начинкой</li>\n</ul><p>* Состав цветов может меняться в зависимости от настроения флориста и сезонности.</p>\n<p>** Пончики в наборе могут отличаться от представленных на изображении-примере и предоставляются в рамках существующего ассортимента у наших партнеров.</p>\n<p></p>\n<p></p>\n<p></p>\n<p></p>\n<p></p>','dc-donuts-sladkij-nabor','Купить вкусный подарок в интернет магазине cadouri.md. ✓ Доставка по всей Молдове ✓ Авторские букеты ✓ Оригинальные подарки ✓ Бесплатная доставка по Кишиневу  ➨ Смотрите!','','Купить вкусный подарок с доставкой Кишинев, Молдова','DC Donuts: Сладкий Набор','','','',''),
	(33,1,4,'','','dc-dounats-sweet-box-','','','','DC Dounats - Sweet Box','','','',''),
	(35,1,1,'','<p>White roses symbolize purity and elegance. In front of this bouquet no woman can\'t resist!</p>','101-white-roses','Order 101 white roses online from the cadouri.md website ✓ We deliver everywhere across Moldova ✓ Personalized Bouquets ✓ Original Gifts ✓ Free delivery across Chisinau ➨ View more!','','Buy 101 white roses with delivery Chisinau, Moldova','101 White Roses','','','',''),
	(35,1,2,'','<p>Trandafirul alb simbolizează puritatea și eleganța! În fața acestui buchet nu va putea rezistă chiar și cea mai rafinată doamnă!</p>','101-white-roses','Comandă 101 trandafiri albi online în magazinul cadouri.md ✓ Livrare pe tot teritoriul Moldovei ✓ Buchete personalizate ✓ Cadouri originale ✓ Livrare gratuită în Chișinău  ➨ Vezi pe site!','','Cumpără 101 trandafiri albi cu livrare în Chișinău, Moldova','101 de Trandafiri Albi','','','',''),
	(35,1,3,'','<p>Белая роза - это символ чистоты и элегантности! Перед таким букетом не устоит даже самая изысканная леди! </p>','101-white-roses','Купить 101 белую розу в интернет магазине cadouri.md. ✓ Доставка по всей Молдове ✓ Авторские букеты ✓ Оригинальные подарки ✓ Бесплатная доставка по Кишиневу  ➨ Смотрите!','','Купить 101 белую розу с доставкой Кишинев, Молдова','101 Белая Роза','','','',''),
	(35,1,4,'','','101-white-roses','','','','101 White Roses','','','',''),
	(36,1,1,'','<p>If you have an intention to make a gift to a young woman - you should pay your attention to this bouquet of 25 tender white roses. These elegant flowers will become a good addition to a principal gift, like sweets.</p>','25-white-roses','Order 25 white roses online from the cadouri.md website ✓ We deliver everywhere across Moldova ✓ Personalized Bouquets ✓ Original Gifts ✓ Free delivery across Chisinau ➨ View more!','','Buy 25 white roses with delivery Chisinau, Moldova','25 White Roses','','','',''),
	(36,1,2,'','<p>Dacă doriți să faceți un cadou plăcut unei domnișoare frumoase - atrageți atenția la acest buchet din 25 de trandafiri albi și gingași. Un buchet elegant va completa perfect și un alt cadou, cum ar fi spre exemplu un set de dulciuri.</p>','25-de-trandafiri-albi','Comandă 25 trandafiri albi online în magazinul cadouri.md ✓ Livrare pe tot teritoriul Moldovei ✓ Buchete personalizate ✓ Cadouri originale ✓ Livrare gratuită în Chișinău  ➨ Vezi pe site!','','Cumpără 25 trandafiri albi cu livrare în Chișinău, Moldova','25 de Trandafiri Albi','','','',''),
	(36,1,3,'','<p>Если Вы хотите приятно удивить женщину - подарите ей 25 нежных белых роз. Небольшой нежный букет станет прекрасным дополнением к основному подарку, такому как набор сладостей.</p>','25-belykh-roz','Купить 25 белых роз в интернет магазине cadouri.md. ✓ Доставка по всей Молдове ✓ Авторские букеты ✓ Оригинальные подарки ✓ Бесплатная доставка по Кишиневу  ➨ Смотрите!','','Купить 25 белых роз с доставкой Кишинев, Молдова','25 Белых Роз','','','',''),
	(36,1,4,'','','white-chocolate','','','','White Chocolate','','','',''),
	(38,1,1,'','<p>The best way to show youre feelings to a woman is to give her a beautiful and elegant present - a bouquet of 51 red roses. This sign of attention will make it clear about your intentions. This will become a silent declaration of love! </p>','51-red-roses','Order 51 red roses online from the cadouri.md website ✓ We deliver everywhere across Moldova ✓ Personalized Bouquets ✓ Original Gifts ✓ Free delivery across Chisinau ➨ View more!','','Buy 51 red roses with delivery Chisinau, Moldova','51 Red Roses','','','',''),
	(38,1,2,'','<p>Cea mai bună modalitate de a arăta sentimentele față de o domnișoară este de a dărui un buchet frumos și elegant din 51 de trandafiri roșii. Un astfel de cadou va da de înțeles femeiei că nu mai puteți rezista în fața sentimentilor puternici. Acest cadou poate ușor deveni o mărturisire de dragoste.</p>','51-de-trandafiri-rosii','Comandă 51 de trandafiri roșii online în magazinul cadouri.md ✓ Livrare pe tot teritoriul Moldovei ✓ Buchete personalizate ✓ Cadouri originale ✓ Livrare gratuită în Chișinău  ➨ Vezi pe site!','','Cumpără 51 trandafiri roșii cu livrare în Chișinău, Moldova','51 de Trandafiri Roșii','','','',''),
	(38,1,3,'','<p>Лучший способ проявления ваших чувств к женщине - это красивый и элегантный подарок, каким может стать очаровательный букет из 51 страстной красной розы. Такой знак внимания даст понять вашей даме о чувствах, которые вы больше не можете таить в себе. Этот великолепный букет станет вашим безмолвным признанием в любви!</p>','51-krasnaya-roza','Купить 51 красную розу в интернет магазине cadouri.md. ✓ Доставка по всей Молдове ✓ Авторские букеты ✓ Оригинальные подарки ✓ Бесплатная доставка по Кишиневу  ➨ Смотрите!','','Купить 51 красную розу с доставкой Кишинев, Молдова','51 Красная роза','','','',''),
	(38,1,4,'','','armful-of-red-roses','','','','Armful of Red Roses','','','',''),
	(39,1,1,'','<p>This small elegant bouquet will become a perfect gift for a true lady. Women will appreciate your gift and will not remain indifferent!</p>','25-red-roses','Order 25 red roses online from the cadouri.md website ✓ We deliver everywhere across Moldova ✓ Personalized Bouquets ✓ Original Gifts ✓ Free delivery across Chisinau ➨ View more!','','Buy 25 red roses with delivery Chisinau, Moldova','25 Red Roses','','','',''),
	(39,1,2,'','<p>Un buchet elegant va deveni un cadou perfect pentu o adevărată lady. Doamnele și domnișoarele vor aprecia acest act romantic și nu vor rămâne indiferente! </p>','25-de-trandafiri-rosii','Comandă 25 de trandafiri online în magazinul cadouri.md ✓ Livrare pe tot teritoriul Moldovei ✓ Buchete personalizate ✓ Cadouri originale ✓ Livrare gratuită în Chișinău  ➨ Vezi pe site!','','Cumpără 25 trandafiri roșii cu livrare în Chișinău, Moldova','25 de Trandafiri Roșii','','','',''),
	(39,1,3,'','<p><span style=\"font-size:9pt;font-family:Arial;text-align:center;\">Небольшой элегантный букет станет прекрасным подарком для настоящей леди. Прекрасный пол оценит ваш чувственный порыв и не останется равнодушным!</span></p>','25-krasnykh-roz','Купить 25 красных роз в интернет магазине cadouri.md. ✓ Доставка по всей Молдове ✓ Авторские букеты ✓ Оригинальные подарки ✓ Бесплатная доставка по Кишиневу  ➨ Смотрите!','','Купить 25 красных роз с доставкой Кишинев, Молдова','25 Красных Роз','','','',''),
	(39,1,4,'','','burst-of-emotions-','','','','Burst of Emotions','','','',''),
	(40,1,1,'','<p>Beauty and refinement are embodied in this sensual gift. This tender and feminine bouquet will enchant any woman. </p>','101-pink-roses','Order 101 pink roses online from the cadouri.md website ✓ We deliver everywhere across Moldova ✓ Personalized Bouquets ✓ Original Gifts ✓ Free delivery across Chisinau ➨ View more!','','Buy 101 pink roses with delivery Chisinau, Moldova','101 Pink Roses','','','',''),
	(40,1,2,'','<p>Frumusețea și finețea sunt întruchipate în acest cadou sensibil. Un astfel de buchet femin și gingaș va fermeca orice domnișoară.</p>','101-de-trandafiri-roz','Comandă 101 trandafiri roz online în magazinul cadouri.md ✓ Livrare pe tot teritoriul Moldovei ✓ Buchete personalizate ✓ Cadouri originale ✓ Livrare gratuită în Chișinău  ➨ Vezi pe site!','','Cumpără 101 trandafiri roz cu livrare în Chișinău, Moldova','101 de Trandafiri Roz','','','',''),
	(40,1,3,'','<p>Красота и утонченность сосредоточены в этом чувственном подарке. Такой нежный и женственный букет очарует любую девушку.</p>','101-rozovaya-roza','Купить 101 розовую розу в интернет магазине cadouri.md. ✓ Доставка по всей Молдове ✓ Авторские букеты ✓ Оригинальные подарки ✓ Бесплатная доставка по Кишиневу  ➨ Смотрите!','','Купить 101 розовую розу с доставкой Кишинев, Молдова','101 Розовая Роза','','','',''),
	(40,1,4,'<p><br /></p>','<p><br /></p>','101-pink-roses','','','','101 Pink Roses','','','',''),
	(41,1,1,'','<p>This bouquet of roses is like pink marshmellow. This beautifull fllowers will become a pleasant compliment for every woman! This gentle flowers are perfect as a romantic gift! </p>','51-pink-roses','Order 51 pink roses online from the cadouri.md website ✓ We deliver everywhere across Moldova ✓ Personalized Bouquets ✓ Original Gifts ✓ Free delivery across Chisinau ➨ View more!','','Buy 51 pink roses with delivery Chisinau, Moldova','51 Pink Roses','','','',''),
	(41,1,2,'','<p>Un buchet de trandafiri ce va deveni un compliment plăcut pentru orice domnișoară! Florile gingașe sunt perfecte pentru un cadou romantic!</p>','51-de-trandafiri-roz','Comandă 51 trandafiri roz online în magazinul cadouri.md ✓ Livrare pe tot teritoriul Moldovei ✓ Buchete personalizate ✓ Cadouri originale ✓ Livrare gratuită în Chișinău  ➨ Vezi pe site!','','Cumpără 51 trandafiri roz cu livrare în Chișinău, Moldova','51 de Trandafiri Roz','','','',''),
	(41,1,3,'','<p><span style=\"font-size:9pt;font-family:Arial;text-align:center;\">Букет, похожий на розовый зефир, станет приятным комплиментом для любой девушки! Нежные цветы - идеальный подарок для утонченной леди!  </span></p>','51-rozovaya-roza','Купить 51 розовую розу в интернет магазине cadouri.md. ✓ Доставка по всей Молдове ✓ Авторские букеты ✓ Оригинальные подарки ✓ Бесплатная доставка по Кишиневу  ➨ Смотрите!','','Купить 51 розовую розу с доставкой Кишинев, Молдова','51 Розовая Роза','','','',''),
	(41,1,4,'','','pink-marshmallow','','','','Pink Marshmallow','','','',''),
	(42,1,1,'','<p>If you haven\'t got enough words to tell about your feelings, this bouquet will help you! Make a beautiful gift - 25 tender pink roses. This will tell her about your feelings more than any words!</p>','25-pink-roses','Order 25 pink roses online from the cadouri.md website ✓ We deliver everywhere across Moldova ✓ Personalized Bouquets ✓ Original Gifts ✓ Free delivery across Chisinau ➨ View more!','','Buy 25 pink roses with delivery Chisinau, Moldova','25 Pink Roses','','','',''),
	(42,1,2,'','<p>Dacă nu vă ajung cuvinte pentru a declara sentimentele, atunci în ajutor vă va veni acest buchet gingaș și modest din 25 de trandafiri roz. Va povesti domnișoarei mai mult, decât orice cuvinte!</p>','25-de-trandafiri-roz','Comandă 25 trandafiri roz online în magazinul cadouri.md ✓ Livrare pe tot teritoriul Moldovei ✓ Buchete personalizate ✓ Cadouri originale ✓ Livrare gratuită în Chișinău  ➨ Vezi pe site!','','Cumpără 25 trandafiri roz cu livrare în Chișinău, Moldova','25 de Trandafiri Roz','','','',''),
	(42,1,3,'','<p>Если Вам не хватает слов, чтобы выразить свои чувства - подарите девушке нежный розовый букет из 25 роз. Он расскажет ей о Вас больше, чем слова.</p>','25-rozovykh-roz','Купить 25 розовых роз в интернет магазине cadouri.md. ✓ Доставка по всей Молдове ✓ Авторские букеты ✓ Оригинальные подарки ✓ Бесплатная доставка по Кишиневу  ➨ Смотрите!','','Купить 25 розовых роз с доставкой Кишинев, Молдова','25 Розовых Роз','','','',''),
	(42,1,4,'','','message-of-tenderness','','','','Message of Tenderness','','','',''),
	(43,1,1,'','<p>Flower assortment of 101 roses will be perfect for lovers of unusual bouquets! The combination of gentle, passionate and elegant flowers in an interesting bouquet will pleasantly surprise his lucky owner! <span style=\"font-family:Arial;font-size:12px;text-align:center;\">Roses are 40-50 cm long.</span></p>','101-festival-of-colors','','','','101 Assorted Roses','','','',''),
	(43,1,2,'','<p>101 de trandafiri într-un buchet asortat din mai multe culori se va potrivi perfect domnișoarelor cu preferințe neobișnuite. Combinația dintre trandafiri de diferite culori va crea un buchet interesant și frumos. Trandafirii au lungimea de 40-50 cm.</p>','101-festival-of-colors','','','','101 de Trandafiri Asortați','','','',''),
	(43,1,3,'','<p>Цветочное ассорти из 101 розы подойдет любительницам необычных букетов! Сочетание нежных, страстных и элегантных цветов в интересном букете приятно удивит его счастливую обладательницу! <span style=\"font-family:Arial;font-size:12px;text-align:center;\">Длина роз в букете - 40-50 см.</span></p>','101-festival-of-colors','','','','101 Роза Ассорти','','','',''),
	(43,1,4,'','','101-festival-of-colors','','','','101 Festival of Colors','','','',''),
	(44,1,1,'','<p><span style=\"font-size:9pt;font-family:Arial;text-align:center;\">A beautiful bouquet collected of roses of different shades will become a wonderful decoration of your interior. Also it will become a wonderful gift for a woman for any holiday. This bouquet will definitely make her smile! Roses are 40-50 cm long.</span></p>','51-assorted-roses','','','','51 Assorted Roses','','','',''),
	(44,1,2,'','<p>Un buchet frumos asortat din trandafiri de diferite culori va decora perfect orice interior. La fel va deveni un cadou superb pentru o femeie pentru orice ocazie. Un astfel de cadou va face ca zâmbetul să apară pe fața oricărei femei! Trandafirii au lungimea de 40-50 cm.</p>','51-de-trandafiri-asortai','','','','51 de Trandafiri Asortați','','','',''),
	(44,1,3,'','<p>Красивый букет, собранный роз разных оттенков, станет прекрасным украшением вашего интерьера. Также он станет чудесным подарком для женщины на любой праздник. Такой букет точно заставит ее улыбнуться! <span style=\"font-family:Arial;font-size:12px;text-align:center;\">Длина роз в букете - 40-50 см.</span></p>','51-roza-assorti','','','','51 Роза Ассорти','','','',''),
	(44,1,4,'','','splash-of-colors','','','','Splash of colors','','','',''),
	(45,1,1,'','<p>A shy multicolor bouquet for an unique young woman! This colorful flower combination will surprise any woman! <span style=\"font-family:Arial;font-size:12px;text-align:center;\">Roses are 40-50 cm long.</span></p>','25-assorted-roses','','','','25 Assorted Roses','','','',''),
	(45,1,2,'','<p>Un buchet multicolor și modest pentru o domnișoară unică! Combinația florilor colorate și gingașe într-un singur buchet va surprinde plăcut orice iubitoare de emoții vii! Trandafirii au lungimea de 40-50 cm.</p>','25-de-trandafiri-asortai','','','','25 de Trandafiri Asortați','','','',''),
	(45,1,3,'','<p><span style=\"font-size:9pt;font-family:Arial;text-align:center;\">Небольшой разноцветный букет для необычной девушки! Сочетание ярких и нежных цветов в одном букете приятно удивит любительниц экспериментировать! Длина роз в букете - 40-50 см.</span></p>','25-roz-assorti','','','','25 Роз Ассорти','','','',''),
	(45,1,4,'','','','','','','Flower Rainbow','','','',''),
	(47,1,1,'','<p>Beautiful and gentle - a bouquet of 51 pink and white roses for an elegant lady. It will become a great gift if you don\'t have enough words to explain your feelings.</p>','tender-words','Order 51 cream and pink roses online from the cadouri.md website ✓ We deliver everywhere across Moldova ✓ Personalized Bouquets ✓ Original Gifts ✓ Free delivery across Chisinau ➨ View more!','','Buy bouquet 51 cream and pink roses with delivery Chisinau, Moldova','Bouquet \"Tender Words\"','','','',''),
	(47,1,2,'','<p>Frumos și gingaș - un buchet din 51 de trandafiri roz și albe pentru o adevărată lady! Va deveni un cadou perfect, dacă nu îți ajung cuvintele pentru a declara sentimentele!</p>','cuvintele-de-tandrete','Comandă 51 de trandafiri cremă și roz online în magazinul cadouri.md ✓ Livrare pe tot teritoriul Moldovei ✓ Buchete personalizate ✓ Cadouri originale ✓ Livrare gratuită în Chișinău  ➨ Vezi pe site!','','Cumpără buchet 51 trandafiri cremă și roz cu livrare în Chișinău, Moldova','Buchet \"Cuvintele de tandrețe\"','','','',''),
	(47,1,3,'','<p>Красивый и нежный букет из 51 розовой и белой розы для утонченной дамы. Станет прекрасным подарком, если не хватает слов, чтобы выразить свои чувства!</p>','slova-nezhnosti','Купить 51 кремовую и розовую розу в интернет магазине cadouri.md. ✓ Доставка по всей Молдове ✓ Авторские букеты ✓ Оригинальные подарки ✓ Бесплатная доставка по Кишиневу  ➨ Смотрите!','','Купить букет 51 кремовая и розовая роза с доставкой Кишинев, Молдова','Букет \"Слова нежности\"','','','',''),
	(47,1,4,'','','sweet-dreams-','','','','Sweet Dreams','','','',''),
	(48,1,1,'','<p>Like an expensive decoration on the wrists - this bouquet will decorate any house. The saturated amethyst color of the bouquet is suitable for a lover of cold shades.</p>','fresh-start','','','','Bouquet \"Amethist bracelet\"','','','',''),
	(48,1,2,'','<p>Asemănător cu o bijuterie de lux - acest buchet va împodobi orice locuință. Un buchet de culoare de ametist va deveni un cadou perfect pentru iubitoarea de nuanțe reci.</p>','fresh-start','','','','Buchet \"Brățara cu ametist\"','','','',''),
	(48,1,3,'','<p>Словно дорогое украшение на запястье - этот букет украсит любой дом. Насыщенный аметистовый цвет букета подойдет любительнице холодных оттенков.</p>','fresh-start','','','','Букет \"Аметистовый браслет\"','','','',''),
	(48,1,4,'','','fresh-start','','','','Fresh Start','','','',''),
	(49,1,1,'','<p>It\'s hard to find a more tender bouquet than this pink miracle! Give a piece of tenderness to your lady, along with this incredible bouquet of innocent, like an air kiss, pink roses.</p>','air-kiss','Order delicate bouquet of roses online from the cadouri.md website ✓ We deliver everywhere across Moldova ✓ Personalized Bouquets ✓ Original Gifts ✓ Free delivery across Chisinau ➨ View more!','','Buy delicate bouquet of roses with delivery Chisinau, Moldova','Bouquet \"Air kiss\"','','','',''),
	(49,1,2,'','<p>Un buchet mai gingaș, decât această minune de culoare roz este greu de închipuit. Dăruiți o particică de gingășie doamnei, cine vă este dragă! Acest buchet este inocent, la fel ca un sărut în aer.</p>','sarutul-in-aer','Comandă buchet delicat cu trandafiri online în magazinul cadouri.md ✓ Livrare pe tot teritoriul Moldovei ✓ Buchete personalizate ✓ Cadouri originale ✓ Livrare gratuită în Chișinău  ➨ Vezi pe site!','','Cumpără buchet delicat cu trandafiri cu livrare în Chișinău, Moldova','Buchet \"Sărutul în aer\"','','','',''),
	(49,1,3,'','<p>Более нежный букет, чем это розовое чудо, сложно придумать! Подарите кусочек нежности своей даме вместе с этим невероятным букетом невинных, как воздушный поцелуй, розовых роз.</p>','vozdushnyj-poceluj','Купить нежный букет с розами в интернет магазине cadouri.md. ✓ Доставка по всей Молдове ✓ Авторские букеты ✓ Оригинальные подарки ✓ Бесплатная доставка по Кишиневу  ➨ Смотрите!','','Купить нежный букет с розами с доставкой Кишинев, Молдова','Букет \"Воздушный поцелуй\"','','','',''),
	(49,1,4,'','','','','','','Secret Garden','','','',''),
	(51,1,1,'','<p>Give flowers with your left hand - from the heart! This bouquet of delicate white flowers is associated not only with tenderness, but also with purity!</p>','pure-heart','Order wedding bouquet online from the cadouri.md website ✓ We deliver everywhere across Moldova ✓ Personalized Bouquets ✓ Original Gifts ✓ Free delivery across Chisinau ➨ View more!','','Buy wedding bouquet with delivery Chisinau, Moldova','Bouquet \"Pure heart\"','','','',''),
	(51,1,2,'','<p>Dăruiți florile cu mâna stângă - de la inimă! Acest buchet din florile albe se asociază nu doar cu tandrețea, dar și cu puritatrea.</p>','o-inima-pura','Comandă buchet de mireasă online în magazinul cadouri.md ✓ Livrare pe tot teritoriul Moldovei ✓ Buchete personalizate ✓ Cadouri originale ✓ Livrare gratuită în Chișinău  ➨ Vezi pe site!','','Cumpără buchet de mireasă cu livrare în Chișinău, Moldova','Buchet \"O inimă pură\"','','','',''),
	(51,1,3,'','<p>Дарите цветы левой рукой - от самого сердца! Этот букет из нежных белых цветов ассоциируется не только с нежностью, но и с чистотой. </p>','chistoe-serdce','Купить свадебный букет в интернет магазине cadouri.md. ✓ Доставка по всей Молдове ✓ Авторские букеты ✓ Оригинальные подарки ✓ Бесплатная доставка по Кишиневу  ➨ Смотрите!','','Купить свадебный букет с доставкой Кишинев, Молдова','Букет \"Чистое сердце\"','','','',''),
	(51,1,4,'','','australia','','','','Australia','','','',''),
	(52,1,1,'','<p>Give to the girl a piece of a summer sunny day! This bouquet will fill her house with a summer mood and a pleasant rich flower smell.</p>','summer-day','','','','Bouquet \"Summer Day\"','','','',''),
	(52,1,2,'','<p>Dăruiți domnișoarei o particică de o zi de vară, plină de soare și căldură! Acest buchet va umple locuința ei cu dispoziție caldă de vară și cu o aromă bogată!</p>','summer-day','','','','Buchet \"O zi de vară\"','','','',''),
	(52,1,3,'','<p><span style=\"font-size:9pt;font-family:Arial;text-align:center;\">Подарите девушке кусочек летнего солнечного дня! Этот букет наполнит ее дом летним настроением и приятным насыщенным ароматом.</span></p>','summer-day','','','','Букет \"Летний день\"','','','',''),
	(52,1,4,'','','summer-day','','','','Summer Day','','','',''),
	(53,1,1,'','<p>Bright and juicy bouquet, like sunset rays of the sun. Give this shining bouquet to a shining person.</p>','multivitamin','','','','Sunset Rays','','','',''),
	(53,1,2,'','<p>Buchet strălucitor, de parcă razele de apus au fost întruchipate în florile proaspete de vară. </p>','multivitamin','','','','Buchet \"Raze de Apus\"','','','',''),
	(53,1,3,'','<p>Яркий и сочный букет, словно закатные лучики солнца воплотились в цветах. Подарите этот сияющий букет такой же сияющей особе.</p>','multivitamin','','','','Букет \"Закатные Лучи\"','','','',''),
	(53,1,4,'','','multivitamin','','','','Multivitamin','','','',''),
	(54,1,1,'','<p>Refined flowers for a refined young lady! Pink flowers are one of the most sophisticated. Give to your lady an infinite tenderness!</p>','pink-lace','Order bouquet with pink orchid online from the cadouri.md website ✓ We deliver everywhere across Moldova ✓ Personalized Bouquets ✓ Original Gifts ✓ Free delivery across Chisinau ➨ View more!','','Buy bouquet with pink orchid with delivery Chisinau, Moldova','Bouquet \"Pink lace\"','','','',''),
	(54,1,2,'','<p>Florile fine pentru o domnișoară la fel de fină! Florile de culoare roz sunt unele din cele mai gingașe. Dăruiți femeilor o tandrețe infinită!</p>','dantela-roz','Comandă buchet cu orchidee roz online în magazinul cadouri.md ✓ Livrare pe tot teritoriul Moldovei ✓ Buchete personalizate ✓ Cadouri originale ✓ Livrare gratuită în Chișinău  ➨ Vezi pe site!','','Cumpără buchet cu orchidee roz cu livrare în Chișinău, Moldova','Buchet \"Dantela roz\"','','','',''),
	(54,1,3,'','<p>Утонченные цветы для не менее утонченной девушки! Розовые цветы - одни из самых нежных. Подарите прекрасной половине человечества эту бесконечную нежность!</p>','rozovoe-kruzhevo','Купить букет с розовой орхидеей в интернет магазине cadouri.md. ✓ Доставка по всей Молдове ✓ Авторские букеты ✓ Оригинальные подарки ✓ Бесплатная доставка по Кишиневу  ➨ Смотрите!','','Купить букет с розовой орхидеей доставкой Кишинев, Молдова','Букет \"Розовое кружево\"','','','',''),
	(54,1,4,'','','','','','','Flamingo','','','',''),
	(55,1,1,'','<p><span style=\"font-size:9pt;font-family:Arial;text-align:center;\">Nature created a lot of beautiful things. The colors of this wonderful bouquet will remind you about warm summer sunset!</span></p>','burgundy-sunset','Order bouquet with gerbera online from the cadouri.md website ✓ We deliver everywhere across Moldova ✓ Personalized Bouquets ✓ Original Gifts ✓ Free delivery across Chisinau ➨ View more!','','Buy bouquet with gerbera with delivery Chisinau, Moldova','Bouquet \"Burgundy Sunset\"','','','',''),
	(55,1,2,'','<p>Natura a creat o mulțime de lucruri frumoase. Culoarea nemaipomenită a acestui buchet vă va aminti despre un apus de soare de vară!</p>','apusul-bordeaux','Comandă buchet cu gerbera online în magazinul cadouri.md ✓ Livrare pe tot teritoriul Moldovei ✓ Buchete personalizate ✓ Cadouri originale ✓ Livrare gratuită în Chișinău  ➨ Vezi pe site!','','Cumpără buchet cu gerbera cu livrare în Chișinău, Moldova','Buchet \"Apusul bordeaux\"','','','',''),
	(55,1,3,'','<p>Природа создала множество красивых вещей. Насыщенные оттенки этих цветов напомнят вам о закате солнца в последний день лета.</p>','bordovyj-zakat','Купить букет с герберой в интернет магазине cadouri.md. ✓ Доставка по всей Молдове ✓ Авторские букеты ✓ Оригинальные подарки ✓ Бесплатная доставка по Кишиневу  ➨ Смотрите!','','Купить букет с герберой доставкой Кишинев, Молдова','Букет \"Бордовый закат\"','','','',''),
	(55,1,4,'','','burgundy-sunset','','','','Burgundy Sunset','','','',''),
	(56,1,1,'','<p>Say to your lady what she is wonderfull! Or don\'t say. This bouquet will make everything by itsef!</p>','fascinated-by-you','Order bouquet with white orchid online from the cadouri.md website ✓ We deliver everywhere across Moldova ✓ Personalized Bouquets ✓ Original Gifts ✓ Free delivery across Chisinau ➨ View more!','','Buy bouquet with white orchid with delivery Chisinau, Moldova','Bouquet \"Fascinated by you\"','','','',''),
	(56,1,2,'','<p>Spuneți femeiei că este minunată! Sau nu-i spuneți. Buchetul singur o va face.</p>','fascinat-de-tine','Comandă buchet cu orchidee albă online în magazinul cadouri.md ✓ Livrare pe tot teritoriul Moldovei ✓ Buchete personalizate ✓ Cadouri originale ✓ Livrare gratuită în Chișinău  ➨ Vezi pe site!','','Cumpără buchet cu orchidee albă cu livrare în Chișinău, Moldova','Buchet \"Fascinat de tine\"','','','',''),
	(56,1,3,'','<p>Скажите женщине: \"Ты очаровательна!\" Или не говорите. Букет сам все скажет за вас.</p>','ocharovan-toboj','Купить букет с белой орхидеей в интернет магазине cadouri.md. ✓ Доставка по всей Молдове ✓ Авторские букеты ✓ Оригинальные подарки ✓ Бесплатная доставка по Кишиневу  ➨ Смотрите!','','Купить букет с белой орхидеей доставкой Кишинев, Молдова','Букет \"Очарован тобой\"','','','',''),
	(56,1,4,'','','','','','','Enchanted Forest','','','',''),
	(57,1,1,'','<p>The Wonderland is full of mysteries and incredible adventures, this fairy world causes admiration. Give this admiration to a woman, giving her a fabulous bouquet of flowers!</p>','alice-in-wonderland','Order 51 red and white roses online from the cadouri.md website ✓ We deliver everywhere across Moldova ✓ Personalized Bouquets ✓ Original Gifts ✓ Free delivery across Chisinau ➨ View more!','','Buy bouquet 51 red and white roses with delivery Chisinau, Moldova','Bouquet \"Alice in Wonderland\"','','','',''),
	(57,1,2,'','<p>Țara minunilor este plină de mistere și de aventuri și merită o adevărată admirație. Dăruiți această admirație unei femei dargi împreună cu un buchet de flori cu adevărat unic!</p>','alice-in-ara-minunilor','Comandă 51 de trandafiri roșii și albi online în magazinul cadouri.md ✓ Livrare pe tot teritoriul Moldovei ✓ Buchete personalizate ✓ Cadouri originale ✓ Livrare gratuită în Chișinău  ➨ Vezi pe site!','','Cumpără buchet 51 trandafiri roșii și albi cu livrare în Chișinău, Moldova','Buchet \"Alice în Țara Minunilor\"','','','',''),
	(57,1,3,'','<p>Страна чудес полна тайн и невероятных приключений, а сам сказочный мир вызывает море восхищения. Подарите это восхищение женщине, преподнеся ей по настоящему сказочный букет цветов!</p>','alisa-v-strane-chudes','Купить 51 красную и белую розу в интернет магазине cadouri.md. ✓ Доставка по всей Молдове ✓ Авторские букеты ✓ Оригинальные подарки ✓ Бесплатная доставка по Кишиневу  ➨ Смотрите!','','Купить букет 51 красная и белая роза с доставкой Кишинев, Молдова','Букет \"Алиса в Стране Чудес\"','','','',''),
	(57,1,4,'','','','','','','Alice in Wonderland','','','',''),
	(58,1,1,'','','plush-rabbit-xl','','','','Plush Rabbit XL','','','',''),
	(58,1,2,'','','plush-rabbit-xl','','','','Iepurașul Pluș XL','','','',''),
	(58,1,3,'','<p>Хватит с нас медведей! Подарите любимому человеку большого кролика! Кролики лучше: у них большие мягкие уши и большая кроличья душа.</p>','plush-rabbit-xl','','','','Плюшевый Кролик XL','','','',''),
	(59,1,1,'','','plush-rabbit-l','','','','Plush Rabbit L','','','',''),
	(59,1,2,'','','plush-rabbit-l','','','','Iepurașul Pluș L','','','',''),
	(59,1,3,'','','plush-rabbit-l','','','','Плюшевый Кролик L','','','',''),
	(60,1,1,'','','plush-rabbit-toy-m','','','','Plush Rabbit Toy M','','','',''),
	(60,1,2,'','','plush-rabbit-toy-m','','','','Iepurașul Pluș M','','','',''),
	(60,1,3,'','','plush-rabbit-toy-m','','','','Плюшевый Кролик M','','','',''),
	(61,1,1,'','','small-plush-rabbit-toy-','','','','Small Plush Rabbit Toy','','','',''),
	(61,1,2,'','','small-plush-rabbit-toy','','','','Iepurașul Pluș S','','','',''),
	(61,1,3,'','<p>Малышка-кролик подойдет и ребенку и взрослому. Материал из которого изготовлена игрушка подходит для новорожденных - он безопасный и не вызовет аллергии. Взрослые тоже любят мягкие игрушки, ведь каждый из нас в душе - взрослый ребенок!</p>','small-plush-rabbit-toy','','','','Плюшевый Кролик S','','','',''),
	(62,1,1,'','','large-unicorn-plush-toy','','','','Large Unicorn Plush Toy','','','',''),
	(62,1,2,'','','large-unicorn-plush-toy','','','','Unicorm Mare Pluș','','','',''),
	(62,1,3,'','<p>Веселая игрушка Единорог - интерактивный друг для всей семьи! Такая игрушка надолго увлечет ребенка, а взрослых позабавит и вернет в детство. Единорог умеет издавать смешные звуки, а некоторые его части начинают светиться при включении.</p>','large-unicorn-plush-toy','','','','Большой Плюшевый Единорог','','','',''),
	(63,1,1,'','','small-unicorn-','','','','Small Unicorn','','','',''),
	(63,1,2,'','','small-unicorn-','','','','Unicorn Mic','','','',''),
	(63,1,3,'','<p>Маленький сказочный зверек вернет в вашу жизнь атмосферу детства и волшебства! Яркая игрушка наполнит радостью и детским восторгом вашего близкого человека, ведь игрушку оценят как взрослые, так и дети!</p>','small-unicorn-','','','','Маленький Единорог','','','',''),
	(64,1,1,'','','minion-plush-toy','','','','Minion Plush Toy','','','',''),
	(64,1,2,'','','minion-plush-toy','','','','Minion Pluș','','','',''),
	(64,1,3,'','<p>Маленький желтый друг для всей семьи - игрушка Миньон - найдет отклик в сердце каждого члена семьи. С такой игрушкой будут играть и дети и взрослые. Говорящая интерактивная игрушка никого не оставит равнодушным!</p>','minion-plush-toy','','','','Плюшевый Миньон','','','',''),
	(65,1,1,'','','pink-flamingo-plush-toy','','','','Pink Flamingo Plush Toy','','','',''),
	(65,1,2,'','','pink-flamingo-plush-toy','','','','Lady Flamingo Pluș','','','',''),
	(65,1,3,'','<p>Нежная, женственная, источающая элегантность и красоту игрушка - идеальный подарок для маленькой принцессы. Французское качество материалов делает игрушку гипоаллергенной, полностью безопасной даже для детей. </p>','pink-flamingo-plush-toy','','','','Леди Фламинго','','','',''),
	(66,1,1,'','','elefant-plush-toy','','','','Elefant Plush Toy','','','',''),
	(66,1,2,'','','elefant-plush-toy','','','','Elefantul Pluș','','','',''),
	(66,1,3,'','<p>Плюшевый друг - Слоник с большими ушками. Для изготовления использовался очень приятный на ощупь материал, совершенно безопасный с первых дней жизни ребенка. Но игрушки нравятся не только детям! Любой близкий человек будет рад такому знаку внимания!</p>','elefant-plush-toy','','','','Плюшевый Слоник','','','',''),
	(67,1,1,'','','husky-plush-toy','','','','Husky Plush Toy','','','',''),
	(67,1,2,'','','husky-plush-toy','','','','Husky Pluș','','','',''),
	(67,1,3,'','','husky-plush-toy','','','','Плюшевый Хаски','','','',''),
	(68,1,1,'','<p>Spring is perfect time for art , then spring comes you are full of life and new ideas. A piece of spring inspiration you can find in this beautiful gift!</p>','spring-inspiration','','','','Spring Inspiration','','','',''),
	(68,1,2,'','<p>Primăvara deosebit de mult vrei să creezi. O particică blândă și luminoasă se ascunde în acest buchet!</p>','inspiraie-de-primavara','','','','Inspirație de Primăvară','','','',''),
	(68,1,3,'','<p>Весной особенно хочется творить, а душа еще больше тянется к прекрасному, чем прежде. Частичка весеннего вдохновения заложена и в этот светлый, нежный букет.</p>','vesennee-vdokhnovenie','','','','Весеннее Вдохновение','','','',''),
	(69,1,1,'','<p>Sometimes is worth to give preference to plants in flowerpots as a gift, if you want to leave a memory about you for a long time!</p>','anthurium-red','Order red anthurium online from the cadouri.md website ✓ We deliver everywhere across Moldova ✓ Personalized Bouquets ✓ Original Gifts ✓ Free delivery across Chisinau ➨ View more!','','Buy red anthurium with delivery Chisinau, Moldova','Anthurium Red','','','',''),
	(69,1,2,'','<p>Uneori merită să dați preferința plantelor în vazon dacă doriți să lăsați o amintire pentru multă vreme!</p>','red-anthurium','Comandă anthurium roșu online în magazinul cadouri.md ✓ Livrare pe tot teritoriul Moldovei ✓ Buchete personalizate ✓ Cadouri originale ✓ Livrare gratuită în Chișinău  ➨ Vezi pe site!','','Cumpără anthurium roșu cu livrare în Chișinău, Moldova','Red Anthurium','','','',''),
	(69,1,3,'','<p>Иногда стоит отдать предпочтение растениям в вазонах, если хочется оставить о себе память надолго!</p>','anturium-krasnyj','Купить красный антуриум в интернет магазине cadouri.md. ✓ Доставка по всей Молдове ✓ Авторские букеты ✓ Оригинальные подарки ✓ Бесплатная доставка по Кишиневу  ➨ Смотрите!','','Купить красный антуриум с доставкой Кишинев, Молдова','Антуриум Красный','','','',''),
	(70,1,1,'','<p>An interesting plant in the flowerpot for lovers of exotic. Red flowers create an interesting color accent. It will remind for a long time the recipient about your warm feelings!</p>','kalatea-lansifolia','Order kalatea online from the cadouri.md website ✓ We deliver everywhere across Moldova ✓ Personalized Bouquets ✓ Original Gifts ✓ Free delivery across Chisinau ➨ View more!','','Buy kalatea with delivery Chisinau, Moldova','Kalatea Lansifolia','','','',''),
	(70,1,2,'','<p>O plantă neobișnuită în vazon pentru iubitorii de exotică. Florile roșii creează un accent interesant de culoare. Planta va aminti destinarului despre sentimentele Dvs.!</p>','kalatea-lansifolia','Comandă kalatea online în magazinul cadouri.md ✓ Livrare pe tot teritoriul Moldovei ✓ Buchete personalizate ✓ Cadouri originale ✓ Livrare gratuită în Chișinău  ➨ Vezi pe site!','','Cumpără kalatea cu livrare în Chișinău, Moldova','Kalatea Lansifolia','','','',''),
	(70,1,3,'','<p>Необычный цветок в вазоне для любителей экзотики. Красные цветы создают интересный цветовой акцент. Он будет еще долго напоминать получателю о ваших теплых чувствах!</p>','kalateya-lansifoliya','Купить калатею в интернет магазине cadouri.md. ✓ Доставка по всей Молдове ✓ Авторские букеты ✓ Оригинальные подарки ✓ Бесплатная доставка по Кишиневу  ➨ Смотрите!','','Купить калатею с доставкой Кишинев, Молдова','Калатея Лансифолия','','','',''),
	(71,1,1,'','<p>The most delicate flower is a white orchid - beautiful and unpretentious. It looks elegant and modern. It will delight with its beauty.</p>','white-orchid','Order white orchid online from the cadouri.md website ✓ We deliver everywhere across Moldova ✓ Personalized Bouquets ✓ Original Gifts ✓ Free delivery across Chisinau ➨ View more!','','Buy white orchid with delivery Chisinau, Moldova','White Orchid','','','',''),
	(71,1,2,'','<p>Floarea cea mai delicată este o orhidee albă - frumoasă și nepretențioasă. Arată elegant și modern. Florile neobișnuite vor bucura privirea!</p>','orhidee-alba','Comandă orchidee albă online în magazinul cadouri.md ✓ Livrare pe tot teritoriul Moldovei ✓ Buchete personalizate ✓ Cadouri originale ✓ Livrare gratuită în Chișinău  ➨ Vezi pe site!','','Cumpără orhidee albă cu livrare în Chișinău, Moldova','Orhidee Albă','','','',''),
	(71,1,3,'','<p>Нежнейший цветок - белая орхидея - красивый и неприхотливый. Выглядит элегантно и современно. Будет радовать получателя большими необычными цветками.</p>','belaya-orkhideya','Купить белую орхидею в интернет магазине cadouri.md. ✓ Доставка по всей Молдове ✓ Авторские букеты ✓ Оригинальные подарки ✓ Бесплатная доставка по Кишиневу  ➨ Смотрите!','','Купить белую орхидею с доставкой Кишинев, Молдова','Белая Орхидея','','','',''),
	(72,1,1,'','<p><span style=\"font-size:9pt;font-family:Arial;text-align:center;\">Gentle, beautiful and delicious! With such sweets you don\'t need any words - believe us, sweets will say everything for you.</span></p>','raffaello','','','','Raffaello 150g','','','',''),
	(72,1,2,'','<p>Delicate, fermecătoare și atât de delicioase! Cu astfel de dulciuri nici nu aveți nevoie de cuvinte - credeți-ne, bomboanele vor zice totul în locul cuvintelor. </p>','raffaello','','','','Raffaello 150g','','','',''),
	(72,1,3,'','<p><span style=\"font-size:9pt;font-family:Arial;text-align:center;\">Нежные, красивые, а какие вкусные! С такими сладостями и слова не нужны - поверьте, сладости все скажут за вас.</span></p>','raffaello','','','','Raffaello 150g','','','',''),
	(73,1,1,'','','ferrero-rocher-big-box','','','','Ferrero Rocher 300g','','','',''),
	(73,1,2,'','','ferrero-rocher-big-box','','','','Ferrero Rocher 300g','','','',''),
	(73,1,3,'','','ferrero-rocher-big-box','','','','Ferrero Rocher 300g','','','',''),
	(74,1,1,'','<p>To please a candy lover, order a box of candies! Such a gift will surprise your girlfriend or your child.</p>','ferrero-rocher-small-box','','','','Ferrero Rocher 200g','','','',''),
	(74,1,2,'','<p>Pentru a bucura o persoană iubitoare de dulciuri comandați o cutie de bomboane! Un astfel de cadou poate fi livrat pe teritoriul Moldovei și garantat va surprinde persoana dragă.</p>','ferrero-rocher-small-box','','','','Ferrero Rocher 200g','','','',''),
	(74,1,3,'','<p>Порадовать сладкоежку очень просто - подарите коробку конфет! Такой подарок никого не оставит равнодушным, а день сделает неповторимо сладким.</p>','ferrero-rocher-small-box','','','','Ferrero Rocher 200g','','','',''),
	(75,1,1,'','<p>It\'s hard to imagine something more tender than this bouquet. It looks like it was made from angel\'s feathers and will transmit your message with love and heat.</p>','angel-wing','','','','Angel Wing','','','',''),
	(75,1,2,'','<p>Este greu de a imagina ceva mai gingaș, decât buchetul acesta. De parcă a fost colectat din aripile unui înger, va transmite mesajul de dragoste cu tandrețe și gingășie.</p>','aripa-ingerului','','','','Aripa Îngerului','','','',''),
	(75,1,3,'','<p>Сложно придумать что-то нежнее, чем этот букет. Словно собранный из перьев ангела он ласково передаст послание нежности вашей любимой женщине.</p>','angelskoe-krylo','','','','Ангельское крыло','','','',''),
	(78,1,1,'','<p>A real wonder - white nights!  Not anyone will can see it in his entire life. You can give a piece of this wonderful creation to your darling. It is hidden in this bouquet. </p>','white-nights','','','','Bouquet \"White Nights\"','','','',''),
	(78,1,2,'','<p>O  minune adevărată - nopțile albe. Nu oricine poate vedea acest fenomen minunat în viața lui. Dă-i iubitei tale o particică de frumusețe - un buchet, ce este o combinație de culori, ce va aminti despre o noapte albă deosebită.</p>','nopile-albe','','','','Buchet \"Nopțile Albe\"','','','',''),
	(78,1,3,'','<p>Чудесное зрелище - белые ночи. Не всем удается увидеть в своей жизни этот прекрасный феномен. Подарите любимому человеку кусочек прекрасного - букет, который своим ароматом и сочетанием цветов напоминает светлую прохладную белую ночь.</p>','belye-nochi','','','','Букет \"Белые ночи\"','','','',''),
	(79,1,1,'','<p>The purpose of any gift is to bring a smile to the face of your darlings. This bouquet will not leave your dear woman indifferent - her face will illuminate the warm smile of joy!</p>','a-shy-smile','Order bouquet of alstroemerias online from the cadouri.md website ✓ We deliver everywhere across Moldova ✓ Personalized Bouquets ✓ Original Gifts ✓ Free delivery across Chisinau ➨ View more!','','Buy bouquet of alstroemerias with delivery Chisinau, Moldova','Bouquet \"A Shy Smile\"','','','',''),
	(79,1,2,'','<p>Scopul oricărui cadou este de a aduce un zâmbet pe fața persoanei dragi. Acest buchet nu o va lăsa indiferentă - fața ei va lumina de bucurie și recunoștință!</p>','un-zambet-timid','Comandă buchet din alstromerii online în magazinul cadouri.md ✓ Livrare pe tot teritoriul Moldovei ✓ Buchete personalizate ✓ Cadouri originale ✓ Livrare gratuită în Chișinău  ➨ Vezi pe site!','','Cumpără buchet din alstroemerii cu livrare în Chișinău, Moldova','Buchet \"Un Zâmbet Timid\"','','','',''),
	(79,1,3,'','<p>Цель любого подарка - вызвать улыбку на лице у дорогого сердцу человека. Этот букет не оставит получательницу равнодушной - ее лицо озарит теплая улыбка радости и благодарности!</p>','robkaya-ulybka','Купить букет из альстрёмерий в интернет магазине cadouri.md. ✓ Доставка по всей Молдове ✓ Авторские букеты ✓ Оригинальные подарки ✓ Бесплатная доставка по Кишиневу  ➨ Смотрите!','','Купить букет из альстрёмерий с доставкой Кишинев, Молдова','Букет \"Робкая Улыбка\"','','','',''),
	(80,1,1,'','<p>This bouquet will give you a pleasant smell of morning awakening. This beautiful combination of white and yellow flowers is like sunshine through the curtains.</p>','morning-tenderness','','','','Bouquet \"Morning Tenderness\"','','','',''),
	(80,1,2,'','<p>Aroma copleșitoare de o trezire dulce de dimieață - ce poate fi mai plăcut? O combinație de flori albe și galbene este perfectă pentru a face o dimineață simplă să devină deosebită!</p>','tandree-de-dimineaa','','','','Buchet \"Tandrețe de Dimineață\"','','','',''),
	(80,1,3,'','<p>Этот букет подарит вам аромат сладкого утреннего пробуждения. Сочетание белых и желтых цветов -  словно солнечные лучи, пробивающиеся сквозь занавески.</p>','utrennyaya-nezhnost','','','','Букет \"Утренняя Нежность\"','','','',''),
	(81,1,1,'','<p>As a ray of the July sun - this bouquet will give you a piece of warm summer mood!</p>','july-sun','Order big multicolor bouquet online from the cadouri.md website ✓ We deliver everywhere across Moldova ✓ Personalized Bouquets ✓ Original Gifts ✓ Free delivery across Chisinau ➨ View more!','','Buy big multicolor bouquet with delivery Chisinau, Moldova','Bouquet \"July Sun\"','','','',''),
	(81,1,2,'','<p>La fel ca razele soarelui, acest buchet va darui caldura sufletească și o dispozitie bună de vară!</p>','july-sun','Comandă buchet mare multicolor online în magazinul cadouri.md ✓ Livrare pe tot teritoriul Moldovei ✓ Buchete personalizate ✓ Cadouri originale ✓ Livrare gratuită în Chișinău  ➨ Vezi pe site!','','Cumpără buchet mare multicilor cu livrare în Chișinău, Moldova','Buchet \"July Sun\"','','','',''),
	(81,1,3,'','<p>Как лучик июльского солнца - этот букет подарит его обладательнице душевное тепло и заряд хорошего настроения!</p>','iyulskoe-colnce','Купить большой разноцветный букет в интернет магазине cadouri.md. ✓ Доставка по всей Молдове ✓ Авторские букеты ✓ Оригинальные подарки ✓ Бесплатная доставка по Кишиневу  ➨ Смотрите!','','Купить большой разноцветный букет с доставкой Кишинев, Молдова','Букет \"Июльское Солнце\"','','','',''),
	(82,1,1,'','<p>Charming and passionate roses of yellow, orange and red colors together are like a flame. This present will make your woman understand the true warmth of your feelings!</p>','love-flame','Order multicolor roses online from the cadouri.md website ✓ We deliver everywhere across Moldova ✓ Personalized Bouquets ✓ Original Gifts ✓ Free delivery across Chisinau ➨ View more!','','Buy multicolor roses with delivery Chisinau, Moldova','Bouquet \"Love Flame\"','','','',''),
	(82,1,2,'','<p>Admirabile și pasionate trandafirii de culoare galbenă, oranj si roșie sunt ca o flacără nestapânită. Ele vor darui femeei caldura sentimentelor Dvs.</p>','flacara-dragostei','Comandă trandafiri multicolore online în magazinul cadouri.md ✓ Livrare pe tot teritoriul Moldovei ✓ Buchete personalizate ✓ Cadouri originale ✓ Livrare gratuită în Chișinău  ➨ Vezi pe site!','','Cumpără trandafiri multicolore cu livrare în Chișinău, Moldova','Buchet \"Flacăra Dragostei\"','','','',''),
	(82,1,3,'','<p>Чарующие и страстные розы желтого, оранжевого и красного цвета - словно необузданное огненное пламя. Подарит женщине тепло ваших чувств! </p>','plamya-lyubvi','Купить разноцветные розы с доставкой в интернет магазине cadouri.md. ✓ Доставка по всей Молдове ✓ Авторские букеты ✓ Оригинальные подарки ✓ Бесплатная доставка по Кишиневу  ➨ Смотрите!','','Купить разноцветные розы с доставкой Кишинев, Молдова','Букет \"Пламя Любви\"','','','',''),
	(83,1,1,'','<p>This flowers are like a sweet dessert. A delicious beautiful color, a captivating smell and gentle cream petals will make your lady smile!</p>','creme-brulee','Order 51 cream roses online from the cadouri.md website ✓ We deliver everywhere across Moldova ✓ Personalized Bouquets ✓ Original Gifts ✓ Free delivery across Chisinau ➨ View more!','','Buy 51 cream roses with delivery Chisinau, Moldova','Bouquet \"Creme Brulee\"','','','',''),
	(83,1,2,'','<p>Florile acestea seamănă cu un desert dulce. O culoare frumoasă și apetisantă, o aromă copleșitoare și petalele gingașe o vor surprinde plăcut pe orice domnișoară!</p>','creme-brulee','Comandă 51 de trandafiri cremă online în magazinul cadouri.md ✓ Livrare pe tot teritoriul Moldovei ✓ Buchete personalizate ✓ Cadouri originale ✓ Livrare gratuită în Chișinău  ➨ Vezi pe site!','','Cumpără 51 trandafiri cremă cu livrare în Chișinău, Moldova','Buchet \"Creme Brulee\"','','','',''),
	(83,1,3,'','<p>Эти цветы - словно сладкий десерт. Красивый \"вкусный\" цвет, пленяющий аромат и нежные кремовые лепестки приятно удивят любую женщину!</p>','krem-bryule','Купить 51 кремовую розу в интернет магазине cadouri.md. ✓ Доставка по всей Молдове ✓ Авторские букеты ✓ Оригинальные подарки ✓ Бесплатная доставка по Кишиневу  ➨ Смотрите!','','Купить 51 кремовую розу с доставкой Кишинев, Молдова','Букет \"Крем Брюле\"','','','',''),
	(84,1,1,'','<p>Like a spring breeze, cool and fersh, the aroma of this bouquet will give you peacefull mood.</p>','breath-of-spring','Order spring bouquet online from the cadouri.md website ✓ We deliver everywhere across Moldova ✓ Personalized Bouquets ✓ Original Gifts ✓ Free delivery across Chisinau ➨ View more!','','Buy spring bouquet with delivery Chisinau, Moldova','Bouquet \"Breath of Spring\"','','','',''),
	(84,1,2,'','<p>La fel ca o suflare gingașă a vântului de primăvară, aroma acestui buchet vă va dărui o liniște sufletească și o relaxare maximă.</p>','suflarea-primaverii','Comandă buchet de primăvară online în magazinul cadouri.md ✓ Livrare pe tot teritoriul Moldovei ✓ Buchete personalizate ✓ Cadouri originale ✓ Livrare gratuită în Chișinău  ➨ Vezi pe site!','','Cumpără buchet de primăvară cu livrare în Chișinău, Moldova','Buchet \"Suflarea Primăverii\"','','','',''),
	(84,1,3,'','<p>Словно легкий весенний ветерок, пропитанный прохладой и свежестью, аромат этого букета подарит спокойствие и умиротворение.</p>','dykhanie-vesny','Купить весенний букет с доставкой в интернет магазине cadouri.md. ✓ Доставка по всей Молдове ✓ Авторские букеты ✓ Оригинальные подарки ✓ Бесплатная доставка по Кишиневу  ➨ Смотрите!','','Купить весенний букет с доставкой Кишинев, Молдова','Букет \"Дыхание Весны\"','','','',''),
	(85,1,1,'','<p>Women like beatuful things and attention, these are what brings them pleasure. Flowers are the most beautiful nature creations, after women and stars. But what brings pleasure to you?  </p>','paradisaic-delight','Order delicate pink bouquet online from the cadouri.md website ✓ We deliver everywhere across Moldova ✓ Personalized Bouquets ✓ Original Gifts ✓ Free delivery across Chisinau ➨ View more!','','Buy delicate pink bouquet with delivery Chisinau, Moldova','Paradisaic Delight','','','',''),
	(85,1,2,'','<p>Femeilor le plac lucruri frumoase și atenția bărbaților. Florile sunt cele mai frumoase creaturi ale naturi, chiar după domnișoarele și stelele din cer. Dar ce vă aduce plăcere Dvs.?</p>','paradisul-placerii','Comandă buchet gingaș roz online în magazinul cadouri.md ✓ Livrare pe tot teritoriul Moldovei ✓ Buchete personalizate ✓ Cadouri originale ✓ Livrare gratuită în Chișinău  ➨ Vezi pe site!','','Cumpără buchet gingaș roz cu livrare în Chișinău, Moldova','Paradisul Plăcerii','','','',''),
	(85,1,3,'','<p><span style=\"font-size:9pt;font-family:Arial;text-align:center;\">Женщины любят наслаждаться вниманием и красивыми вещами. Цветы - самое красивое творение природы, сразу после девушек и звезд. А что вам приносит удовольствие?</span></p>','rajskoe-naslazhdenie','Купить нежный розовый букет с доставкой в интернет магазине cadouri.md. ✓ Доставка по всей Молдове ✓ Авторские букеты ✓ Оригинальные подарки ✓ Бесплатная доставка по Кишиневу  ➨ Смотрите!','','Купить нежный розовый букет с доставкой Кишинев, Молдова','Райское наслаждение','','','',''),
	(86,1,1,'','<p>The charming smell of these beautiful roses will fill you with a summer evening mood. As the last sunshine at sunset, warm colors will give its beauty to everyone.</p>','the-setting-sun','Order beautiful bouquet with eucalyptus online from the cadouri.md website ✓ We deliver everywhere across Moldova ✓ Personalized Bouquets ✓ Original Gifts ✓ Free delivery across Chisinau ➨ View more!','','Buy beautiful bouquet with eucalyptus with delivery Chisinau, Moldova','Bouquet \"The Setting Sun\"','','','',''),
	(86,1,2,'','<p>Aroma fermecătoare a acestor trandafiri frumoase vă va umple cu o dispoziție de vară. Ca ultima rază la apusul soarelui, culorile calde și bogate vor dărui frumusețea lor tuturor împrejur.</p>','soarele-de-apus','Comandă buchet frumos cu eucalipt în magazinul cadouri.md ✓ Livrare pe tot teritoriul Moldovei ✓ Buchete personalizate ✓ Cadouri originale ✓ Livrare gratuită în Chișinău  ➨ Vezi pe site!','','Cumpără buchet frumos cu eucalipt cu livrare în Chișinău, Moldova','Buchet \"Soarele de Apus\"','','','',''),
	(86,1,3,'','<p>Чарующий аромат этих прекрасных роз наполнит вас летним вечерним настроением. Как последний лучик солнца на закате - насыщенные теплые оттенки цветов будут дарить свою красоту всем вокруг.</p>','zakatnoe-solnce','Купить красивый букет с эвкалиптом с доставкой в интернет магазине cadouri.md. ✓ Доставка по всей Молдове ✓ Авторские букеты ✓ Оригинальные подарки ✓ Бесплатная доставка по Кишиневу  ➨ Смотрите!','','Купить красивый букет с эвкалиптом с доставкой Кишинев, Молдова','Букет \"Закатное Солнце\"','','','',''),
	(87,1,1,'','<p>Every woman is a tender creature, like this wonderful bouquet, which gathers everyone\'s attention.</p>','pink-nimph','Order big delicate bouquet online from the cadouri.md website ✓ We deliver everywhere across Moldova ✓ Personalized Bouquets ✓ Original Gifts ✓ Free delivery across Chisinau ➨ View more!','','Buy big delicate bouquet with delivery Chisinau, Moldova','Bouquet \"Pink Nimph\"','','','',''),
	(87,1,2,'','<p>Fiecare femeie este o ființă gingașă, la fel ca și buchetul acesta, ce asemenea unei nimfe in voal roz captivează orice privire.</p>','nimfa-roz','Comandă buchet mare gingaș online în magazinul cadouri.md ✓ Livrare pe tot teritoriul Moldovei ✓ Buchete personalizate ✓ Cadouri originale ✓ Livrare gratuită în Chișinău  ➨ Vezi pe site!','','Cumpără buchet mare gingaș cu livrare în Chișinău, Moldova','Buchet \"Nimfă Roz\"','','','',''),
	(87,1,3,'','<p>Каждая женщина - это утонченное, нежное существо, как и этот букет, который словно нимфа в розовой вуали пленит любой взгляд.</p>','rozovaya-nimfa','Купить большой нежный букет с доставкой в интернет магазине cadouri.md. ✓ Доставка по всей Молдове ✓ Авторские букеты ✓ Оригинальные подарки ✓ Бесплатная доставка по Кишиневу  ➨ Смотрите!','','Купить большой нежный букет с доставкой Кишинев, Молдова','Букет \"Розовая Нимфа\"','','','',''),
	(88,1,1,'','<p>It is an ideal gift for an exquisite and sophisticated lady. This gentle pink bouquet is like a young girl in a pink dress and silk gloves.</p>','pink-lady','Order 51 pink roses in the box online from the cadouri.md website ✓ We deliver everywhere across Moldova ✓ Personalized Bouquets ✓ Original Gifts ✓ Free delivery across Chisinau ➨ View more!','','Buy 51 pink roses in the box with delivery Chisinau, Moldova','Pink Lady','','','',''),
	(88,1,2,'','<p>Un cadou ideal pentru o doamnă rafinată și sofisticată. Acest buchet de trandafiri roz este asemenea unei tinere într-o rochie roz și mănuși de mătase.</p>','lady-roz','Comandă 51 trandafiri roz în cutie online în magazinul cadouri.md ✓ Livrare pe tot teritoriul Moldovei ✓ Buchete personalizate ✓ Cadouri originale ✓ Livrare gratuită în Chișinău  ➨ Vezi pe site!','','Cumpără 51 trandafiri roz în cutie cu livrare în Chișinău, Moldova','Lady Roz','','','',''),
	(88,1,3,'','<p>Идеальный подарок для изысканной и утонченной дамы. Этот нежный розовый букет - будто девушка в розовом платье и шелковых перчатках.</p>','rozovaya-ledi','Купить 51 розовую розу в коробке в интернет магазине cadouri.md. ✓ Доставка по всей Молдове ✓ Авторские букеты ✓ Оригинальные подарки ✓ Бесплатная доставка по Кишиневу  ➨ Смотрите!','','Купить 51 розовая роза в шляпной коробке с доставкой Кишинев, Молдова','Розовая Леди','','','',''),
	(89,1,1,'','<p>Every woman dreams about a perfect waking up, in the gentle morning sun. This morning can get even better because of the magnificent fragrance of flowers gathered in this bouquet.</p>','magnificent-morning','','','','Magnificent Morning','','','',''),
	(89,1,2,'','<p>Orice femeie visează să se trezească dimineața într-o relaxare infinită, scăldânduse în razele calde de soare. Dimineața poate deveni și mai perfectă cu aroma magnifică a acestui buchet.</p>','dimineaa-magnifica','','','','Dimineața Magnifică','','','',''),
	(89,1,3,'','<p><span style=\"font-size:9pt;font-family:Arial;text-align:center;\">Каждая женщина мечтает проснуться, беззаботно нежась на белых простынях в лучах утреннего солнца. Это утро может стать еще лучше от великолепного аромата цветов, собранных в этом букете.</span></p>','velikolepnoe-utro','','','','Великолепное Утро','','','',''),
	(90,1,1,'','<p>You can see snow at any time of the year, not just in winter! Make a present to you darling person - a tender piece of freshness! This bouquet, like a winter evening in the dusk - is lilac and endlessly beautiful.</p>','lilac-snow','','','','Bouquet \"Lilac Snow\"','','','',''),
	(90,1,2,'','<p>Zăpada o poți vedea nu doar în timpul iernii! În orice moment al anului puteți dărui persoanei dragi o particică de prospețime! Acest buchet, ca o seară de iarnă înzăpezită la amurg - este liliac și frumos fără sfârșit.</p>','zapada-violeta','','','','Buchet \"Zăpada Violetă\"','','','',''),
	(90,1,3,'','<p>Снег бывает не только зимой! В любое время года можно подарить близкому человеку кусочек свежести! Этот букет, как снежный зимний вечер в сумерках - лиловый и нескончаемо прекрасный.</p>','lilovyj-cneg','','','','Букет \"Лиловый Снег\"','','','',''),
	(91,1,1,'','<p>Like pearls adorn the woman\'s neck, this bouquet will illuminate your lady\'s face with a smile and will make her eyes sparkle!</p>','pearl-necklace','Order 35 white roses in the box online from the cadouri.md website ✓ We deliver everywhere across Moldova ✓ Personalized Bouquets ✓ Original Gifts ✓ Free delivery across Chisinau ➨ View more!','','Buy 35 white roses in the box with delivery Chisinau, Moldova','Pearl Necklace','','','',''),
	(91,1,2,'','<p>La fel cum un colier de perle decorează gâtul femeii, acest buchet va înfrumuseța fața doamnei cu un zâmbet și cu o strălucire în ochi!</p>','colier-de-perle','Comandă 35 trandafiri albi în cutie online în magazinul cadouri.md ✓ Livrare pe tot teritoriul Moldovei ✓ Buchete personalizate ✓ Cadouri originale ✓ Livrare gratuită în Chișinău  ➨ Vezi pe site!','','Cumpără 35 trandafiri albi în cutie cu livrare în Chișinău, Moldova','Colier de Perle','','','',''),
	(91,1,3,'','<p>Как жемчуг украшает шею женщины, так и этот букет украсит лицо вашей дамы улыбкой и блеском в глазах!</p>','zhemchuzhnoe-ozherele','Купить 35 белых роз в шляпной коробке с доставкой в интернет магазине cadouri.md. ✓ Доставка по всей Молдове ✓ Авторские букеты ✓ Оригинальные подарки ✓ Бесплатная доставка по Кишиневу  ➨ Смотрите!','','Купить 35 белых роз в шляпной коробке с доставкой Кишинев, Молдова','Жемчужное ожерелье','','','',''),
	(92,1,1,'','<p>Strawberry biscuit with whipped cream? Strawberry ice cream with white chocolate? What kind of dessert is this gentle femine bouquet looks alike?</p>','strawberry-dessert','Order 101 white and pink roses online from the cadouri.md website ✓ We deliver everywhere across Moldova ✓ Personalized Bouquets ✓ Original Gifts ✓ Free delivery across Chisinau ➨ View more!','','Buy bouquet 101 white and pink roses with delivery Chisinau, Moldova','Strawberry dessert','','','',''),
	(92,1,2,'','<p>Pandispan cu frișca de căpșuni? Înghețata de căpșuni cu ciocolată albă? Ce fel de dulciuri delicioase vă vin în minte când priviți la acest buchet deosebit?</p>','un-desert-de-capsune','Comandă 101 de trandafiri albi și roz online în magazinul cadouri.md ✓ Livrare pe tot teritoriul Moldovei ✓ Buchete personalizate ✓ Cadouri originale ✓ Livrare gratuită în Chișinău  ➨ Vezi pe site!','','Cumpără buchet 101 trandafiri albi și roz cu livrare în Chișinău, Moldova','Un desert de căpșune','','','',''),
	(92,1,3,'','<p>Нежный клубничный бисквит со взбитыми сливками? Клубничное мороженое с белым шоколадом? А какую сладость вам напоминает этот нежный женственный букет?</p>','klubnichnyj-desert','Купить 101 белую и розовую розу в интернет магазине cadouri.md. ✓ Доставка по всей Молдове ✓ Авторские букеты ✓ Оригинальные подарки ✓ Бесплатная доставка по Кишиневу  ➨ Смотрите!','','Купить букет 101 белая и розовая роза с доставкой Кишинев, Молдова','Клубничный десерт','','','',''),
	(93,1,1,'','<p>If you can\'t be close to a loved one at this moment - deliver him or her a bouquet of flowers. It will remind you of your love, give warmth and tenderness, like the first date.</p>','a-date-in-the-dusk','Order delicate bouquet online from the cadouri.md website ✓ We deliver everywhere across Moldova ✓ Personalized Bouquets ✓ Original Gifts ✓ Free delivery across Chisinau ➨ View more!','','Buy delicate bouquet with delivery Chisinau, Moldova','Bouquet \"A Date in the Dusk\"','','','',''),
	(93,1,2,'','<p>Dacă nu puteți fi aproape de persoana dragă la moment - dăruiți un buchet de flori cu livrare. Va aminti de dragostea Dvs., de caldura și tandrețe, ca la prima întâlnire.</p>','o-intalnire-in-amurg','Comandă buchet gingaș online în magazinul cadouri.md ✓ Livrare pe tot teritoriul Moldovei ✓ Buchete personalizate ✓ Cadouri originale ✓ Livrare gratuită în Chișinău  ➨ Vezi pe site!','','Cumpără buchet gingaș cu livrare în Chișinău, Moldova','Buchet \"O Întâlnire în Amurg\"','','','',''),
	(93,1,3,'','<p>Если вы не можете быть рядом с близким человеком в эту минуту - подарите букет цветов с доставкой. Это напомнит о вашей любви, подарит теплоту и нежность, словно первое свидание.</p>','svidanie-v-cumerkakh','Купить нежный букет с доставкой в интернет магазине cadouri.md. ✓ Доставка по всей Молдове ✓ Авторские букеты ✓ Оригинальные подарки ✓ Бесплатная доставка по Кишиневу  ➨ Смотрите!','','Купить нежный букет с доставкой Кишинев, Молдова','Букет \"Свидание в Сумерках\"','','','',''),
	(94,1,1,'','<p>Pink shades are so diverse. There are bright crimson shades and gently pink shades. Such a bouquet will accentuate the individuality and will give pleasure.</p>','crimson-sunset','Order bright pink bouquet online from the cadouri.md website ✓ We deliver everywhere across Moldova ✓ Personalized Bouquets ✓ Original Gifts ✓ Free delivery across Chisinau ➨ View more!','','Buy bright pink bouquet with delivery Chisinau, Moldova','Crimson Sunset','','','',''),
	(94,1,2,'','<p>Nuanțele roz sunt atât de diverse. Sunt nuanțe palide și deschise, mai închise și mai adânci. Un astfel de buchet va accentua individualitatea și va bucura privirea.</p>','crimson-sunset','Comandă buchet roz aprins online în magazinul cadouri.md ✓ Livrare pe tot teritoriul Moldovei ✓ Buchete personalizate ✓ Cadouri originale ✓ Livrare gratuită în Chișinău  ➨ Vezi pe site!','','Cumpără buchet roz aprins cu livrare în Chișinău, Moldova','Crimson Sunset','','','',''),
	(94,1,3,'','<p>Розовые оттенки так разнообразны. Это и ярко малиновые оттенки и нежно-розовые. Такой букет подчеркнет индивидуальность вашей избранницы.   </p>','malinovyj-zakat','Купить яркий розовый букет в интернет магазине cadouri.md. ✓ Доставка по всей Молдове ✓ Авторские букеты ✓ Оригинальные подарки ✓ Бесплатная доставка по Кишиневу  ➨ Смотрите!','','Купить яркий розовый букет с доставкой Кишинев, Молдова','Малиновый Закат','','','',''),
	(95,1,1,'','<p>Summer gives so many vivid emotions. It fills our mood with bright colors. Give as a present a beautiful summer mood in the box.</p>','summer-gift','','','','Summer Gift','','','',''),
	(95,1,2,'','<p>Vara dă atâtea emoții vii. Ne umple cu culori strălucitoare. Dăruiți o particică de vară într-o cutie.</p>','darul-verii','','','','Darul Verii','','','',''),
	(95,1,3,'','<p>Лето дарит столько ярких эмоций. Оно наполняет яркими красками наше настроение. Подарите вашей прекрасной половинке летние эмоции в коробке.</p>','letnij-dar','','','','Летний Дар','','','',''),
	(96,1,1,'','<p>A delicate and \"tasty\" bouquet of beautiful cream color is a perfect gift for any occasion. Incredibly beautiful flowers - 25 roses, like creamy decor for a cake.</p>','butter-cream','Order 25 cream roses in the box online from the cadouri.md website ✓ We deliver everywhere across Moldova ✓ Personalized Bouquets ✓ Original Gifts ✓ Free delivery across Chisinau ➨ View more!','','Buy 25 cream roses in the box with delivery Chisinau, Moldova','Butter Cream','','','',''),
	(96,1,2,'','<p>Un buchet delicat și \"gustos\" de culoarea cremei apetisante este un cadou perfect pentru orice ocazie. Flori incredibil de frumoase - 25 de trandafiri, asemenea un decor dulce pentru patiserie.</p>','la-creme','Comandă 25 trandafiri cremă în cutie online în magazinul cadouri.md ✓ Livrare pe tot teritoriul Moldovei ✓ Buchete personalizate ✓ Cadouri originale ✓ Livrare gratuită în Chișinău  ➨ Vezi pe site!','','Cumpără 25 trandafiri cremă în cutie cu livrare în Chișinău, Moldova','La Crème','','','',''),
	(96,1,3,'','<p>Нежный и \"вкусный\" букет аппетитного кремового цвета - прекрасный подарок для любого повода. Невероятно красивые цветы - 25 роз, словно кремовый декор для торта.</p>','slivochnyj-krem','Купить 25 кремовых роз в шляпной коробке с доставкой в интернет магазине cadouri.md. ✓ Доставка по всей Молдове ✓ Авторские букеты ✓ Оригинальные подарки ✓ Бесплатная доставка по Кишиневу  ➨ Смотрите!','','Купить 25 кремовых роз в шляпной коробке с доставкой Кишинев, Молдова','Сливочный Крем','','','',''),
	(97,1,1,'','<p>Classic red roses in an original form. Elegant expression of your love, passion and affection.</p>','solferino','','','','Solferino','','','',''),
	(97,1,2,'','<p>Trandafiri roșii clasici într-o formă originală. Exprimarea elegantă a dragostei, recunoașterii și a afecțiunii Dvs.</p>','solferino','','','','Solferino','','','',''),
	(97,1,3,'','<p>Классические красные розы в оригинальном исполнении. Стильное выражение вашей любви, признания и привязанности.</p>','solferino','','','','Сольферино','','','',''),
	(98,1,1,'','<p><span style=\"font-size:9pt;font-family:Arial;text-align:center;\">A delicate indoor plant will decorate the interior of your house or your workplace. Genus: Phalaenopsis.</span></p>','pink-orchid','Order pink orchid online from the cadouri.md website ✓ We deliver everywhere across Moldova ✓ Personalized Bouquets ✓ Original Gifts ✓ Free delivery across Chisinau ➨ View more!','','Buy pink orchid with delivery Chisinau, Moldova','Pink Orchid','','','',''),
	(98,1,2,'','<p>O plantă de cameră delicată ce va decora perfect interiorul locuinței sau locul de muncă Dvs. Genul: Phalaenopsis.</p>','orhidee-roz','Comandă orchidee roz online în magazinul cadouri.md ✓ Livrare pe tot teritoriul Moldovei ✓ Buchete personalizate ✓ Cadouri originale ✓ Livrare gratuită în Chișinău  ➨ Vezi pe site!','','Cumpără orhidee roz cu livrare în Chișinău, Moldova','Orhidee Roz','','','',''),
	(98,1,3,'','<p>Нежный комнатный цветок - украсит интерьер вашего дома, рабочее место или веранду. Порадуйте дорогого сердцу человека живыми цветами!</p>','orkhideya-rozovaya','Купить розовую орхидею в интернет магазине cadouri.md. ✓ Доставка по всей Молдове ✓ Авторские букеты ✓ Оригинальные подарки ✓ Бесплатная доставка по Кишиневу  ➨ Смотрите!','','Купить розовую орхидею с доставкой Кишинев, Молдова','Орхидея Розовая','','','',''),
	(99,1,1,'','<p>An unusual plant for decorating the interior. Will give the recipient a pleasant memory about you!</p>','pink-anthurium','Order pinkred anthurium online from the cadouri.md website ✓ We deliver everywhere across Moldova ✓ Personalized Bouquets ✓ Original Gifts ✓ Free delivery across Chisinau ➨ View more!','','Buy pink anthurium with delivery Chisinau, Moldova','Pink Anthurium','','','',''),
	(99,1,2,'','<p>Această plantă neobișnuită va fi perfectă pentru decorarea interiorului. Va dărui amintiri plăcute destinătorului!</p>','anthurium-roz','Comandă anthurium roz online în magazinul cadouri.md ✓ Livrare pe tot teritoriul Moldovei ✓ Buchete personalizate ✓ Cadouri originale ✓ Livrare gratuită în Chișinău  ➨ Vezi pe site!','','Cumpără anthurium roz cu livrare în Chișinău, Moldova','Anthurium Roz','','','',''),
	(99,1,3,'','<p>Необычное растение для украшения интерьера. Будет радовать глаз и дарить получателю приятные воспоминания о вас! </p>','anturium-rozovyj','Купить розовый антуриум в интернет магазине cadouri.md. ✓ Доставка по всей Молдове ✓ Авторские букеты ✓ Оригинальные подарки ✓ Бесплатная доставка по Кишиневу  ➨ Смотрите!','','Купить розовый антуриум с доставкой Кишинев, Молдова','Антуриум Розовый','','','',''),
	(100,1,1,'','<p>This plant is a symbol of affection and true love. This unusual plant will become a perfect gift for your darlings.</p>','spathiphyllum','Order spathiphyllum online from the cadouri.md website ✓ We deliver everywhere across Moldova ✓ Personalized Bouquets ✓ Original Gifts ✓ Free delivery across Chisinau ➨ View more!','','Buy spathiphyllum with delivery Chisinau, Moldova','Spathiphyllum','','','',''),
	(100,1,2,'','<p>Această plantă este un simbol al afecțiunii și al dragostei adevărate. O plantă neobișnuită va fi perfectă pentru iubitori de flori de cameră.</p>','spathiphyllum','Comandă spathiphyllum online în magazinul cadouri.md ✓ Livrare pe tot teritoriul Moldovei ✓ Buchete personalizate ✓ Cadouri originale ✓ Livrare gratuită în Chișinău  ➨ Vezi pe site!','','Cumpără spathiphyllum cu livrare în Chișinău, Moldova','Spathiphyllum','','','',''),
	(100,1,3,'','<p>Это растение - символ привязанности и истинной любви. Очень необычное растение, которое будет напоминать о вас еще очень долго!</p>','spatifillum','Купить спатифиллум в интернет магазине cadouri.md. ✓ Доставка по всей Молдове ✓ Авторские букеты ✓ Оригинальные подарки ✓ Бесплатная доставка по Кишиневу  ➨ Смотрите!','','Купить спатифиллум с доставкой Кишинев, Молдова','Спатифиллум','','','',''),
	(101,1,1,'','<p>A beautiful bouquet of roses in the shape of a heart will be a wonderful gift for March 8th or Valentine\'s Day, as a symbol of devotion and love! Looks impressive and romantic!</p>\n<p></p>\n<p></p>\n<p></p>','rose-heart','Order heart of roses online from the cadouri.md website ✓ We deliver everywhere across Moldova ✓ Personalized Bouquets ✓ Original Gifts ✓ Free delivery across Chisinau ➨ View more!','','Buy heart of roses with delivery Chisinau, Moldova','Heart Roses','','','',''),
	(101,1,2,'','<p>Un buchet frumos de trandafiri în forma de inimă va fi un cadou minunat pentru 8 martie sau Ziua Îndrăgostiților, ca un simbol al devotamentului și iubirii! Arată impresionant și romantic!</p>\n<p></p>\n<p></p>\n<p></p>\n<p></p>\n<p></p>','inima-din-trandafiri','Comandă inima din trandafiri online în magazinul cadouri.md ✓ Livrare pe tot teritoriul Moldovei ✓ Buchete personalizate ✓ Cadouri originale ✓ Livrare gratuită în Chișinău  ➨ Vezi pe site!','','Cumpără inima din trandafiri cu livrare în Chișinău, Moldova','Inima din Trandafiri','','','',''),
	(101,1,3,'','<p>Красивый букет из роз в форме сердца станет прекрасным подарком на 8 марта или на День Всех Влюбленых, как символ преданности и любви! Выглядит впечатляще и романтично!</p>\n<p></p>\n<p></p>\n<p></p>','serdce-iz-roz','Купить сердце из роз в интернет магазине cadouri.md. ✓ Доставка по всей Молдове ✓ Авторские букеты ✓ Оригинальные подарки ✓ Бесплатная доставка по Кишиневу  ➨ Смотрите!','','Купить сердце из роз с доставкой Кишинев, Молдова','Сердце из Роз','','','',''),
	(102,1,1,'','<p>What can be more beautiful than flowers in the shape of a heart for your beloved? This is a symbiosis of your devotion, love and care in one flower arrangement. Can be purchased with delivery for anywhere in Moldova!</p>\n<p></p>','heart-of-red-roses','Order heart of red roses online from the cadouri.md website ✓ We deliver everywhere across Moldova ✓ Personalized Bouquets ✓ Original Gifts ✓ Free delivery across Chisinau ➨ View more!','','Buy heart of red roses with delivery Chisinau, Moldova','Heart of Red Roses','','','',''),
	(102,1,2,'','<p>Ce poate fi mai frumos decât florile sub forma unei inimi pentru iubita ta? Este o simbioză a devotamentului, dragostei și grijei într-o singură compoziție floristică. Poți comanda livrarea oriunde în Moldova!</p>','inima-din-trandafiri-rosii','Comandă inima din trandafiri roșii online în magazinul cadouri.md ✓ Livrare pe tot teritoriul Moldovei ✓ Buchete personalizate ✓ Cadouri originale ✓ Livrare gratuită în Chișinău  ➨ Vezi pe site!','','Cumpără inima din trandafiri roșii cu livrare în Chișinău, Moldova','Inima din Trandafiri Roșii','','','',''),
	(102,1,3,'','<p>Что может быть прекраснее цветов в форме сердца для вашей любимой? Это симбиоз вашей преданности, любви и заботы в одной цветочной композиции. Можно приобрести с доставкой в любую точку Молдовы!</p>\n<p></p>','serdce-iz-krasnykh-roz','Купить сердце из красных роз в интернет магазине cadouri.md. ✓ Доставка по всей Молдове ✓ Авторские букеты ✓ Оригинальные подарки ✓ Бесплатная доставка по Кишиневу  ➨ Смотрите!','','Купить сердце из красных роз с доставкой Кишинев, Молдова','Сердце из Красных Роз','','','',''),
	(103,1,1,'','<p>A big heart of delicate and elegant roses - this is exactly what will surprise your darling and give her confidence in the sincerity of your feelings!</p>','big-heart-roses','Order big heart of roses online from the cadouri.md website ✓ We deliver everywhere across Moldova ✓ Personalized Bouquets ✓ Original Gifts ✓ Free delivery across Chisinau ➨ View more!','','Buy big heart of roses with delivery Chisinau, Moldova','Big Heart Roses','','','',''),
	(103,1,2,'','<p>O inimă mare din trandafiri delicate și elegante este ceea ce va surprinde cu siguranță orice lady și va da încrederea în sinceritatea sentimentelor!</p>\n<p></p>\n<p></p>','inima-mare-din-trandafiri','Comandă inima mare din trandafiri online în magazinul cadouri.md ✓ Livrare pe tot teritoriul Moldovei ✓ Buchete personalizate ✓ Cadouri originale ✓ Livrare gratuită în Chișinău  ➨ Vezi pe site!','','Cumpără inima mare din trandafiri cu livrare în Chișinău, Moldova','Inima Mare din Trandafiri','','','',''),
	(103,1,3,'','<p>Большое сердце из нежных и элегантных роз - вот что точно удивит вашу избранницу и подарит ей уверенность в искренности ваших чувств!</p>','bolshoe-serdce-iz-roz','Купить большое сердце из роз в интернет магазине cadouri.md. ✓ Доставка по всей Молдове ✓ Авторские букеты ✓ Оригинальные подарки ✓ Бесплатная доставка по Кишиневу  ➨ Смотрите!','','Купить большое сердце из роз с доставкой Кишинев, Молдова','Большое Сердце из Роз','','','',''),
	(104,1,1,'','<p>Men love unusual gifts! This design will make you see a bath set in a new way! An unique men\'s SPA set contains:</p>\n<ul style=\"list-style-type:circle;\"><li>Shower gel</li>\n<li>Soap</li>\n<li>4 pairs of comfortable socks</li>\n<li>Sponge for bath</li>\n</ul><p>* This set also includes flower decoration: succulent, cotton.</p>','spa-box-for-men','Order gifts for men online from the cadouri.md website ✓ We deliver everywhere across Moldova ✓ Personalized Bouquets ✓ Original Gifts ✓ Free delivery across Chisinau ➨ View more!','','Buy gifts for men with delivery Chisinau, Moldova','SPA Box: For Men','','','',''),
	(104,1,2,'','<p>Barbații iubesc cadouri neobișnuite! Cu acest design unic chiar și un set de baie va deveni o surpriză plăcută! Un set SPA unic pentru bărbați conține:</p>\n<ul style=\"list-style-type:circle;\"><li>Gel de duș</li>\n<li>Săpun</li>\n<li>4 perechi de șosete confortabile</li>\n<li>Bureta pentru baie</li>\n</ul><p>* Setul include, de asemenea, decorațiuni de flori: bumbac și un suculent.</p>','spa-box-for-men','Comandă cadoul pentru bărbat online în magazinul cadouri.md ✓ Livrare pe tot teritoriul Moldovei ✓ Buchete personalizate ✓ Cadouri originale ✓ Livrare gratuită în Chișinău  ➨ Vezi pe site!','','Cumpără cadoul pentru bărbat cu livrare în Chișinău, Moldova','SPA Box: Pentru Bărbați','','','',''),
	(104,1,3,'','<p>Мужчины обожают необычные подарки! С таким оформлением даже привычный подарок в виде набора для ванны заиграет по-новому! Уникальный мужской SPA набор содержит:</p>\n<ul style=\"list-style-type:circle;\"><li>Гель для душа</li>\n<li>Мыло</li>\n<li>4 пары приятных на ощупь носков</li>\n<li>Губка для ванны</li>\n</ul><p>* В набор также входит цветочное оформление: суккулент, хлопок.</p>','spa-box-for-men','Купить подарочный набор для мужчины в интернет магазине cadouri.md. ✓ Доставка по всей Молдове ✓ Авторские букеты ✓ Оригинальные подарки ✓ Бесплатная доставка по Кишиневу  ➨ Смотрите!','','Купить подарочный набор для мужчин с доставкой Кишинев, Молдова','SPA Box: Для Него','','','',''),
	(109,1,1,'','<p>Custom Florist Design is a unique flower composition arranged by our florist. The highlight of this service is that you do not know what exact flowers and decorative elements will be used for the composition, until the bouquet is in your hands. You can describe your wishes in the comments to the order to make this surprise bouquet truly special. Choose the preferred size of the bouquet and we will create a fabulous floral composition for you!</p>','custom-florist-design','','','','Custom Florist Design M','','','',''),
	(109,1,2,'','<p>Buchet Personalizat este un buchet excepțional și nemaipomenit, singurul pe lume. Florarul nostru îl culege cu dragoste și pasiune, creând o compoziție floristică unică. Acest serviciu este interesant prin faptul că nu veți cunoaște cum va arăta buchetul înainte de a-l primi îm mâni. Va fi o surpriză elegantă. Puteți să ne lăsați sugestiile completând spațiul pentru comentarii Dvs. referitor la comandă. Alegeți buchetul după mărimea dorită și veți primi o compoziție floristică unică!</p>','buchet-personalizat','','','','Buchet Personalizat M','','','',''),
	(109,1,3,'','<p>Авторский букет от флориста - это неповторимый, единственный в своем роде букет, который наш флорист с любовью соберет для вас. Изюминка этой услуги заключается в том, что Вы не узнаете, какие цветы и декоративные элементы будут использоваться для композиции, пока букет не окажется у Вас в руках. Вы можете описать свои пожелания в комментарии к заказу, чтобы сделать этот букет-сюрприз по настоящему особенным. Выберите предпочтительный размер букета и мы соберем для вас сказочную цветочную композицию!</p>','avtorskij-buket-ot-florista','','','','Авторский Букет от Флориста M','','','',''),
	(110,1,1,'','','standart-gift-card','','','','Standart Gift Card','','','',''),
	(110,1,2,'','','felicitare-simpla','','','','Felicitare Simplă','','','',''),
	(110,1,3,'','','standartnaya-otkrytka','','','','Стандартная Открытка','','','',''),
	(112,1,1,'','','gift-card-1','','','','Gift Card 1','','','',''),
	(112,1,2,'','','gift-card-1','','','','Gift Card 1','','','',''),
	(112,1,3,'','','gift-card-1','','','','Gift Card 1','','','',''),
	(113,1,1,'','','gift-card-2','','','','Gift Card 2','','','',''),
	(113,1,2,'','','gift-card-3','','','','Gift Card 2','','','',''),
	(113,1,3,'','','gift-card-2','','','','Gift Card 2','','','',''),
	(114,1,1,'','','gift-card-3','','','','Gift Card 3','','','',''),
	(114,1,2,'','','gift-card-3','','','','Gift Card 3','','','',''),
	(114,1,3,'','','gift-card-3','','','','Gift Card 3','','','',''),
	(115,1,1,'','','gift-card-4','','','','Gift Card 4','','','',''),
	(115,1,2,'','','gift-card-4','','','','Gift Card 4','','','',''),
	(115,1,3,'','','gift-card-4','','','','Gift Card 4','','','',''),
	(116,1,1,'','','macarons','','','','Macarons','','','',''),
	(116,1,2,'','','macarons','','','','Set de Prăjituri Macarons','','','',''),
	(116,1,3,'','','macarons','','','','Набор пирожных Macarons','','','',''),
	(117,1,1,'','','nutella','','','','Nutella 400g','','','',''),
	(117,1,2,'','','nutella','','','','Nutella 400g','','','',''),
	(117,1,3,'','','nutella','','','','Nutella 400g','','','',''),
	(118,1,1,'','','lavazza-rossa','','','','Coffee Lavazza Qualità Rossa','','','',''),
	(118,1,2,'','','lavazza-rossa','','','','Cafea Lavazza Qualità Rossa','','','',''),
	(118,1,3,'','','lavazza-rossa','','','','Кофе Lavazza Qualità Rossa','','','',''),
	(119,1,1,'','','merci','','','','Chocolate set Merci 250gr','','','',''),
	(119,1,2,'','','merci','','','','Setul de Ciocolate Merci 250gr','','','',''),
	(119,1,3,'','','merci','','','','Шоколадный набор Merci 250gr','','','',''),
	(120,1,1,'','','vase','','','','Transparent Vase','','','',''),
	(120,1,2,'','','vaza','','','','Vaza Transparentă','','','',''),
	(120,1,3,'','','vaza','','','','Прозрачная Ваза','','','',''),
	(121,1,1,'','<p>Give to man a bouquet! But not a bouquet of flowers but of the mouth-watering snacks! Delicious men\'s bouquet contains:</p>\n<ul style=\"list-style-type:circle;\"><li>3 bottles of beer</li>\n<li>1 packet of chips</li>\n<li>Sulguni cheese</li>\n<li>Sausage</li>\n<li>Peppers Chili</li>\n</ul><p></p>\n<p>* We do not produce these food products. All of them are delivered from our partners on the day of order.</p>','bouquet-for-men','Order delicious gift for man online from the cadouri.md website ✓ We deliver everywhere across Moldova ✓ Personalized Bouquets ✓ Original Gifts ✓ Free delivery across Chisinau ➨ View more!','','Buy delicious gift for man with delivery Chisinau, Moldova','Bouquet for Men','','','',''),
	(121,1,2,'','<p>Dăruți bărbatului un buchet! Dar nu un buchet de flori ci de gustări delicioase! Buchetul apetisant pentru bărbați conține:</p>\n<ul style=\"list-style-type:circle;\"><li>3 sticle de bere</li>\n<li>1 pachet de chips</li>\n<li>Cașcaval Suluguni</li>\n<li>Salamuri</li>\n<li>Ardeiul Iute Chili</li>\n</ul><p></p>\n<p>* Noi nu producem aceste produse alimentare. Sunt livrate de noi de la partenerii noștri în ziua comandării.</p>','buchet-pentru-barbati','Comandă cadou delicios pentru bărbat online în magazinul cadouri.md ✓ Livrare pe tot teritoriul Moldovei ✓ Buchete personalizate ✓ Cadouri originale ✓ Livrare gratuită în Chișinău  ➨ Vezi pe site!','','Cumpără cadou delicios pentru bărbat cu livrare în Chișinău, Moldova','Buchet pentru Bărbați','','','',''),
	(121,1,3,'','<p>Подарите мужчине букет! Но не цветов, а аппетитных закусок! Вкусный мужской букет содержит:</p>\n<ul style=\"list-style-type:circle;\"><li>3 бутылки пива</li>\n<li>1 пачка чипсов</li>\n<li>Сыр Сулугуни</li>\n<li>Колбаса</li>\n<li>Перцы Чили</li>\n</ul><p>* Мы не производим данные продукты питания. Все они доставляются в день заказа от наших партнеров.</p>','buket-dlya-nego','Купить вкусный подарок для мужчины в интернет магазине cadouri.md. ✓ Доставка по всей Молдове ✓ Авторские букеты ✓ Оригинальные подарки ✓ Бесплатная доставка по Кишиневу  ➨ Смотрите!','','Купить вкусный подарок для мужчины с доставкой Кишинев, Молдова','Букет для Него','','','',''),
	(122,1,1,'','<p>Can\'t be too much honey! It is good for improving immunity and for a sweet tea party with youre close friends! An unusual sweet gift is decorated with a floral composition and contains:</p>\n<ul style=\"list-style-type:circle;\"><li>Acacia honey XL</li>\n<li>May honey XL</li>\n</ul><p></p>\n<p><span style=\"font-family:Arial;white-space:pre-wrap;\">* The choice of flowers may vary depending of the season.</span></p>','sweet-honey-big-and-tasty','Order big honey gift online from the cadouri.md website ✓ We deliver everywhere across Moldova ✓ Personalized Bouquets ✓ Original Gifts ✓ Free delivery across Chisinau ➨ View more!','','Buy big honey gift with delivery Chisinau, Moldova','Sweet Honey: Big and Tasty','','','',''),
	(122,1,2,'','<p>Nu poate fi prea multă miere! Este bine atât pentru îmbunătățirea imunității, cât și pentru o un ceai în cercul prietenilor apropiați! Un cadou neobișnuit este decorat cu o compoziție florală și conține:</p>\n<ul style=\"list-style-type:circle;\"><li>Miere de salcâm XL</li>\n<li>Miere de mai XL</li>\n</ul><p></p>\n<p><span style=\"font-family:Arial;white-space:pre-wrap;\">* Compoziția floristică poate varia în dependență de sezon și starea de spirit a florarului.</span></p>','sweet-honey-mare-i-dulce','Comandă mierea cadou mare online în magazinul cadouri.md ✓ Livrare pe tot teritoriul Moldovei ✓ Buchete personalizate ✓ Cadouri originale ✓ Livrare gratuită în Chișinău  ➨ Vezi pe site!','','Cumpără mierea cadou mare cu livrare în Chișinău, Moldova','Sweet Honey: Mare și Dulce','','','',''),
	(122,1,3,'','<p>Меда не может быть слишком много! Он хорош как для повышения иммунитета, так и для сладкого чайного вечера в кругу близких друзей! Необычный сладкий подарок оформлен цветочной композицией и содержит: </p>\n<ul style=\"list-style-type:circle;\"><li>Мед акациевый XL</li>\n<li>Мед майский XL</li>\n</ul><p></p>\n<p>* Состав цветов может меняться в зависимости от настроения флориста и сезонности.</p>','sweet-honey-bolshoj-i-sladkij','Купить большой мед в подарок в интернет магазине cadouri.md. ✓ Доставка по всей Молдове ✓ Авторские букеты ✓ Оригинальные подарки ✓ Бесплатная доставка по Кишиневу  ➨ Смотрите!','','Купить большой мед в подарок с доставкой Кишинев, Молдова','Sweet Honey: Большой и Сладкий','','','',''),
	(123,1,1,'','<p>Summer has taste and color! Fragrant honey with nuts and pieces of dried fruits will bring you back to sunny summer! This sweet set is decorated with flowers and contains:</p>\n<ul style=\"list-style-type:circle;\"><li>Honey with walnuts</li>\n<li>Acacia honey </li>\n<li>Honey with figs</li>\n</ul><p><span style=\"font-family:Arial;white-space:pre-wrap;\">* The choice of flowers may vary depending of the season.</span></p>','sweet-honey-summer-spirit','Order honey gift with nuts online from the cadouri.md website ✓ We deliver everywhere across Moldova ✓ Personalized Bouquets ✓ Original Gifts ✓ Free delivery across Chisinau ➨ View more!','','Buy honey gift with nuts with delivery Chisinau, Moldova','Sweet Honey: Summer Spirit','','','',''),
	(123,1,2,'','<p>Vara are gust și culoare! Mierea apetisantă cu nuci și bucățele de fructe uscate vă va aduce din nou vara însorită! Acest set dulce este decorat cu flori și conține:</p>\n<ul style=\"list-style-type:circle;\"><li>Miere cu nuci</li>\n<li>Miere de salcâm</li>\n<li>Miere cu smochine</li>\n</ul><p><span style=\"font-family:Arial;white-space:pre-wrap;\">* Compoziția floristică poate varia în dependență de sezon și starea de spirit a florarului.</span></p>','sweet-honey-spiritul-de-vara','Comandă mierea cu nuci cadou online în magazinul cadouri.md ✓ Livrare pe tot teritoriul Moldovei ✓ Buchete personalizate ✓ Cadouri originale ✓ Livrare gratuită în Chișinău  ➨ Vezi pe site!','','Cumpără mierea cu nuci cadou cu livrare în Chișinău, Moldova','Sweet Honey: Spiritul de Vară','','','',''),
	(123,1,3,'','<p style=\"text-align:left;\"><span style=\"font-size:8pt;font-family:Arial;\">У лета есть вкус и цвет! Ароматный мед с орешками и кусочками сухофруктов вернет вас в солнечное лето! Этот сладкий набор оформлен цветами и содержит: <br /></span></p>\n<ul style=\"list-style-type:circle;\"><li>Мед с грецким орехом</li>\n<li>Мед акациевый</li>\n<li>Мед с инжиром</li>\n</ul><p style=\"text-align:left;\"><span style=\"font-size:8pt;font-family:Arial;\">* Состав цветов может меняться в зависимости от настроения флориста и сезонности.<br /><br /><br /><br /><br /><br /></span></p>','sweet-honey-letnij-dukh','Купить мед c сухофруктами в подарок в интернет магазине cadouri.md. ✓ Доставка по всей Молдове ✓ Авторские букеты ✓ Оригинальные подарки ✓ Бесплатная доставка по Кишиневу  ➨ Смотрите!','','Купить мед c сухофруктами в подарок с доставкой Кишинев, Молдова','Sweet Honey: Летний дух','','','',''),
	(124,1,1,'','<p>Honey, nuts and dried apricots make a great combination! It is tasty and very useful at any season. The sweet nut set is decorated with flowers and contains:</p>\n<ul style=\"list-style-type:circle;\"><li>Honey with almonds</li>\n<li>Honey with dried apricots</li>\n<li>Honey with a nut mix</li>\n</ul><p><span style=\"font-family:Arial;text-align:center;white-space:pre-wrap;\">* The choice of flowers may vary depending of the season.</span></p>','sweet-honey-nut-mix','Order honey gift with nuts online from the cadouri.md website ✓ We deliver everywhere across Moldova ✓ Personalized Bouquets ✓ Original Gifts ✓ Free delivery across Chisinau ➨ View more!','','Buy honey gift with nuts with delivery Chisinau, Moldova','Sweet Honey: Nut Mix','','','',''),
	(124,1,2,'','<p>Mierea cu nuci și caise uscate formează o combinație excelentă! Este gustoas și sănătos pentru orice anotimp! Setul dulce de nuci este decorat cu flori și conține:</p>\n<ul style=\"list-style-type:circle;\"><li>Miere cu migdale</li>\n<li>Miere cu caise uscate</li>\n<li>Miere cu amestecul de nuci</li>\n</ul><p><span style=\"font-family:Arial;white-space:pre-wrap;\">* Compoziția floristică poate varia în dependență de sezon și starea de spirit a florarului.</span></p>','sweet-honey-amestec-de-nuci','Comandă mierea cu nuci cadou online în magazinul cadouri.md ✓ Livrare pe tot teritoriul Moldovei ✓ Buchete personalizate ✓ Cadouri originale ✓ Livrare gratuită în Chișinău  ➨ Vezi pe site!','','Cumpără mierea cu nuci cadou cu livrare în Chișinău, Moldova','Sweet Honey: Amestec de Nuci','','','',''),
	(124,1,3,'','<p><span style=\"font-size:8pt;font-family:Arial;\">Мед, орехи и курага - отличное сочетание! Это вкусно и очень полезно в любое время года! Сладкий ореховый набор украшен цветами и содежит: <br /><br /></span></p>\n<ul style=\"list-style-type:circle;\"><li>Мед с миндалем </li>\n<li>Мед с курагой </li>\n<li>Мед с ореховым ассорти</li>\n</ul><p><span style=\"font-size:8pt;font-family:Arial;\"><br />* Состав цветов может меняться в зависимости от настроения флориста и сезонности.<br /></span></p>','sweet-honey-orekhovoe-assorti','Купить мед с орехами в подарок в интернет магазине cadouri.md. ✓ Доставка по всей Молдове ✓ Авторские букеты ✓ Оригинальные подарки ✓ Бесплатная доставка по Кишиневу  ➨ Смотрите!','','Купить мед c орехами в подарок с доставкой Кишинев, Молдова','Sweet Honey: Ореховое Ассорти','','','',''),
	(125,1,1,'','','teddy-bear-s','','','','Teddy Bear L','','','',''),
	(125,1,2,'','','ursuleul-plu-teddy-mic','','','','Ursulețul Pluș Teddy L','','','',''),
	(125,1,3,'','','medved-plyushevyj-toptyzhka-malenkij','','','','Медведь Плюшевый Топтыжка L','','','',''),
	(126,1,1,'','','teddy-bear-xl','','','','Teddy Bear XL','','','',''),
	(126,1,2,'','','ursuleul-plu-teddy-xl','','','','Ursulețul Pluș Teddy XL','','','',''),
	(126,1,3,'','','medved-plyushevyj-toptyzhka-xl','','','','Медведь Плюшевый Топтыжка XL','','','',''),
	(127,1,1,'','','teddy-bear-xxl','','','','Teddy Bear XXL','','','',''),
	(127,1,2,'','','ursuleul-plu-teddy-xxl','','','','Ursulețul Pluș Teddy XXL','','','',''),
	(127,1,3,'','','medved-plyushevyj-toptyzhka-xxl','','','','Медведь Плюшевый Топтыжка XXL','','','',''),
	(128,1,1,'','','garnet-bracelet','','','','Bouquet \"Garnet Bracelet\"','','','',''),
	(128,1,2,'','','rochia-de-rodii','','','','Buchet \"Rochia de Rodii\"','','','',''),
	(128,1,3,'','','granatovyj-braslet-','','','','Букет \"Гранатовый Браслет\"','','','',''),
	(129,1,1,'','','pumpkin-pie-','','','','Bouquet \"Pumpkin Pie\"','','','',''),
	(129,1,2,'','','tarta-cu-bostan','','','','Buchet \"Tarta cu Bostan\"','','','',''),
	(129,1,3,'','','tykvennyj-pirog','','','','Букет \"Тыквенный Пирог\"','','','',''),
	(130,1,1,'','','adam-and-eve','','','','Bouquet \"Adam and Eve\"','','','',''),
	(130,1,2,'','','adam-i-eva','','','','Buchet \"Adam și Eva\"','','','',''),
	(130,1,3,'','','adam-i-eva','','','','Букет \"Адам и Ева\"','','','',''),
	(131,1,1,'','','marsala-forever','','','','Marsala Forever','','','',''),
	(131,1,2,'','','marsala-pentru-totdeauna','','','','Marsala Pentru Totdeauna','','','',''),
	(131,1,3,'','','marsala-navsegda-','','','','Марсала Навсегда','','','',''),
	(132,1,1,'','','sweet-november-','','','','Sweet November','','','',''),
	(132,1,2,'','','dulce-noiembrie','','','','Dulce Noiembrie','','','',''),
	(132,1,3,'','','sladkij-noyabr','','','','Сладкий Ноябрь','','','',''),
	(133,1,1,'','','colors-of-autumn','','','','Colors of Autumn','','','',''),
	(133,1,2,'','','ganduri-de-culoarea-toamnei','','','','Gânduri de Culoarea Toamnei','','','',''),
	(133,1,3,'','','mysli-cveta-oseni','','','','Мысли Цвета Осени','','','',''),
	(134,1,1,'','','the-velvet-season','','','','The Velvet Season','','','',''),
	(134,1,2,'','','sezonul-de-velvet','','','','Sezonul de Velvet','','','',''),
	(134,1,3,'','','barkhatnyj-sezon','','','','Бархатный Сезон','','','',''),
	(135,1,1,'','','malachite-box','','','','Malachite Box','','','',''),
	(135,1,2,'','','caseta-de-malachit','','','','Caseta de Malachit','','','',''),
	(135,1,3,'','','malakhitovaya-shkatulka','','','','Малахитовая Шкатулка','','','',''),
	(136,1,1,'','','cornucopia','','','','Cornucopia','','','',''),
	(136,1,2,'','','fructul-multor','','','','Fructul multor','','','',''),
	(136,1,3,'','','rog-izobiliya','','','','Рог Изобилия','','','',''),
	(137,1,1,'','','rafaello-heart','Order sweet gift online from the cadouri.md website ✓ We deliver everywhere across Moldova ✓ Personalized Bouquets ✓ Original Gifts ✓ Free delivery across Chisinau ➨ View more!','','Buy sweet gift with delivery Chisinau, Moldova','Rafaello Heart','','','',''),
	(137,1,2,'','','inima-rafaello','Comandă bomboane cadou online în magazinul cadouri.md ✓ Livrare pe tot teritoriul Moldovei ✓ Buchete personalizate ✓ Cadouri originale ✓ Livrare gratuită în Chișinău  ➨ Vezi pe site!','','Cumpără bomboane cadou cu livrare în Chișinău, Moldova','Inima Rafaello','','','',''),
	(137,1,3,'','','serdce-rafaello','Купить конфеты в подарок в интернет магазине cadouri.md. ✓ Доставка по всей Молдове ✓ Авторские букеты ✓ Оригинальные подарки ✓ Бесплатная доставка по Кишиневу  ➨ Смотрите!','','Купить конфеты в подарок с доставкой Кишинев, Молдова','Сердце Rafaello','','','',''),
	(138,1,1,'','','panda-plush-toy','','','','Panda Plush Toy','','','',''),
	(138,1,2,'','','panda-plu','','','','Panda Pluș','','','',''),
	(138,1,3,'','','plyushevaya-panda','','','','Плюшевая Панда','','','',''),
	(139,1,1,'','','cersei-s-desire','','','','Cersei\'s Desire','','','',''),
	(139,1,2,'','','dorina-lui-cersei','','','','Dorința lui Cersei','','','',''),
	(139,1,3,'','','zhelanie-sersei','','','','Желание Серсеи','','','',''),
	(140,1,1,'','','sweet-dream','Order chocolate gift basket online from the cadouri.md website ✓ We deliver everywhere across Moldova ✓ Personalized Bouquets ✓ Original Gifts ✓ Free delivery across Chisinau ➨ View more!','','Buy chocolate gift basket with delivery Chisinau, Moldova','Basket \"Sweet Dream\"','','','',''),
	(140,1,2,'','','visul-dulce','Comandă coș cu ciocolate online în magazinul cadouri.md ✓ Livrare pe tot teritoriul Moldovei ✓ Buchete personalizate ✓ Cadouri originale ✓ Livrare gratuită în Chișinău  ➨ Vezi pe site!','','Cumpără coș cu ciocolate cu livrare în Chișinău, Moldova','Coș \"Visul Dulce\"','','','',''),
	(140,1,3,'','','sladkaya-mechta','Купить набор сладостей в интернет магазине cadouri.md. ✓ Доставка по всей Молдове ✓ Авторские букеты ✓ Оригинальные подарки ✓ Бесплатная доставка по Кишиневу  ➨ Смотрите!','','Купить набор сладостей с доставкой Кишинев, Молдова','Корзина \"Сладкая мечта\"','','','',''),
	(141,1,1,'','','raffaello-230g','','','','Raffaello 230g','','','',''),
	(141,1,2,'','','raffaello-230g','','','','Raffaello 230g','','','',''),
	(141,1,3,'','','raffaello-230g','','','','Raffaello 230g','','','',''),
	(142,1,1,'','','wine-for-two','Order wine gift set online from the cadouri.md website ✓ We deliver everywhere across Moldova ✓ Personalized Bouquets ✓ Original Gifts ✓ Free delivery across Chisinau ➨ View more!','','Buy wine gift set with delivery Chisinau, Moldova','Wine for Two','','','',''),
	(142,1,2,'','<p>O seară de neuitat pentru doi - doar două inimi, flori și o sticlă de vin bun. Atmosfera unei seri romantice vine în set! </p>\n<p><span style=\"font-family:Arial;white-space:pre-wrap;\">Setul original este decorat cu flori și conține: </span></p>\n<ul><li>Sticla de vin </li>\n<li>2 bocale </li>\n</ul><p><span style=\"font-family:Arial;white-space:pre-wrap;\">* Compoziția floristică poate varia în dependență de sezon și starea de spirit a florarului.</span></p>','vin-pentru-doi','Comandă cadou set cu vin online în magazinul cadouri.md ✓ Livrare pe tot teritoriul Moldovei ✓ Buchete personalizate ✓ Cadouri originale ✓ Livrare gratuită în Chișinău  ➨ Vezi pe site!','','Cumpără cadou set cu vin cu livrare în Chișinău, Moldova','Vin pentru Doi','','','',''),
	(142,1,3,'','<p>Незабываемый вечер для двоих - только Вы, цветы и вино. Атмосфера романтического вечера идет в комплекте!</p>\n<p><span style=\"font-family:Arial;white-space:pre-wrap;\">Оригинальный винный набор украшен цветами и содержит:</span></p>\n<ul><li>2 бокала</li>\n<li>Бутылка вина</li>\n</ul><p></p>\n<p><span style=\"font-family:Arial;white-space:pre-wrap;\"> * Состав цветов может меняться в зависимости от настроения флориста и сезонности. </span></p>','vino-na-dvoikh','Купить подарочный набор c вином в интернет магазине cadouri.md. ✓ Доставка по всей Молдове ✓ Авторские букеты ✓ Оригинальные подарки ✓ Бесплатная доставка по Кишиневу  ➨ Смотрите!','','Купить подарочный набор c вином с доставкой Кишинев, Молдова','Вино на Двоих','','','',''),
	(143,1,1,'','','for-your-best-friend','Order cosmetic products gift online from the cadouri.md website ✓ We deliver everywhere across Moldova ✓ Personalized Bouquets ✓ Original Gifts ✓ Free delivery across Chisinau ➨ View more!','','Buy cosmetic products gift with delivery Chisinau, Moldova','For Your Best Friend','','','',''),
	(143,1,2,'','','pentru-prietena-ta-cea-mai-buna','Comandă set produse cosmetice online în magazinul cadouri.md ✓ Livrare pe tot teritoriul Moldovei ✓ Buchete personalizate ✓ Cadouri originale ✓ Livrare gratuită în Chișinău  ➨ Vezi pe site!','','Cumpără set produse cosmetice cu livrare în Chișinău, Moldova','Pentru Prietena Ta Cea Mai Bună','','','',''),
	(143,1,3,'','','podarok-podruzhke','Купить подарочный набор косметики в интернет магазине cadouri.md. ✓ Доставка по всей Молдове ✓ Авторские букеты ✓ Оригинальные подарки ✓ Бесплатная доставка по Кишиневу  ➨ Смотрите!','','Купить подарочный набор косметики с доставкой Кишинев, Молдова','Подарок Подружке','','','',''),
	(144,1,1,'','','bloknot-starwars-','','','','Millennium Falcon','','','',''),
	(144,1,2,'','','bloknot-starwars','','','','Carnet Millennium Falcon','','','',''),
	(144,1,3,'','','bloknot-sokol-1000-letiya-','','','','Блокнот Сокол 1000-летия','','','',''),
	(145,1,1,'','','einstein-s-notebook','','','','Einstein\'s Notebook','','','',''),
	(145,1,2,'','','carnet-cu-einstein','','','','Carnet cu Einstein','','','',''),
	(145,1,3,'','','bloknot-s-ejnshtejnom','','','','Блокнот с Эйнштейном','','','',''),
	(146,1,1,'','','master-yoda-notebook','','','','Master Yoda Notebook','','','',''),
	(146,1,2,'','','carnet-maestrul-yoda','','','','Carnet Maestrul Yoda','','','',''),
	(146,1,3,'','','bloknot-master-joda','','','','Блокнот Мастер Йода','','','',''),
	(147,1,1,'','','dart-vejder','','','','Darth Vader Notebook','','','',''),
	(147,1,2,'','','dart-vejder','','','','Carnet Darth Vader','','','',''),
	(147,1,3,'','','dart-vejder','','','','Блокнот Дарт Вейдер','','','',''),
	(148,1,1,'','','r2-d2','','','','R2-D2 Notebook','','','',''),
	(148,1,2,'','','carnet-r2-d2','','','','Carnet R2-D2','','','',''),
	(148,1,3,'','','bloknot-r2-d2','','','','Блокнот R2-D2','','','',''),
	(149,1,1,'','','truper','','','','Трупер','','','',''),
	(149,1,2,'','','truper','','','','Трупер','','','',''),
	(149,1,3,'','','truper','','','','Трупер','','','',''),
	(150,1,1,'','','tanchiki','','','','Танчики','','','',''),
	(150,1,2,'','','tanchiki','','','','Танчики','','','',''),
	(150,1,3,'','','tanchiki','','','','Танчики','','','',''),
	(151,1,1,'','','vedmak-','','','','Witcher Notebook','','','',''),
	(151,1,2,'','','carnet-witcher','','','','Carnet Witcher','','','',''),
	(151,1,3,'','','bloknot-vedmak','','','','Блокнот Ведьмак','','','',''),
	(152,1,1,'','','dedpul','','','','Deadpool Notebook','','','',''),
	(152,1,2,'','','dedpul','','','','Carnet cu Deadpool','','','',''),
	(152,1,3,'','','dedpul','','','','Блокнот Дэдпул','','','',''),
	(153,1,1,'','','mini-buchet','','','','Mini Bouquet','','','',''),
	(153,1,2,'','<p><span style=\"color:#202124;font-family:Roboto, Arial, sans-serif;font-size:16px;letter-spacing:.1px;white-space:pre-wrap;\">Acest Mini Buchet va fi un compliment deosebit de plăcut pentru cei dragi. Buchetul se alcătuiește doar din flori proaspete și de fiecare dată în mod deosebit. Puteți sau să ne contactați direct sau să ne lăsați detalii suplimentare pentru comandă. Floristul nostru va atrage atenția la orice preferință pe care o aveț.</span></p>','mini-buchet','','','','Mini Buchet','','','',''),
	(153,1,3,'','<p>Наш Мини Букет — это комплимент для ваших близких. Букет собирается только из свежих цветов, но каждый раз в разном исполнении. Вы можете связаться с нами или оставить ваш комментарий с пожеланием к заказу, и наш флорист обязательно их учтет.</p>','mini-buket-','','','','Мини Букет','','','',''),
	(154,1,1,'','<p>Wake up with aromatic coffee and a beautiful mini bouquet of flowers! Charge you with joy for all day.</p>\n<p></p>\n<p>Florist does this beautiful composition on the mood and depending on the season, and therefore flowers in this wonderful bouquet can change.</p>','flower-morning','Order flower and coffee gift online from the cadouri.md website ✓ We deliver everywhere across Moldova ✓ Personalized Bouquets ✓ Original Gifts ✓ Free delivery across Chisinau ➨ View more!','','Buy flower and coffee gift with delivery Chisinau, Moldova','Bouquet \"Flower Morning\"','','','',''),
	(154,1,2,'','<p>Treziți-vă cu cafea aromată și un mini buchet de flori frumos! Încărcați-vă cu bucurie pentru toată ziua.</p>\n<p></p>\n<p></p>\n<p>Florăreasa compune buchetul în dependență de starea de spirit și anotimp. Prin urmare, compoziția acestui minunat buchețel se poate schimba.</p>','dimineaa-cu-flori','Comandă cadou cu flori și cafea online în magazinul cadouri.md ✓ Livrare pe tot teritoriul Moldovei ✓ Buchete personalizate ✓ Cadouri originale ✓ Livrare gratuită în Chișinău  ➨ Vezi pe site!','','Cumpără cadou cu flori și cafea cu livrare în Chișinău, Moldova','Buchet \"Dimineața cu Flori\"','','','',''),
	(154,1,3,'','<p>Встречай утро с ароматным кофе и красивым мини-букетом цветов! Зарядит тебя радостью на весь день.</p>\n<p>Флорист фокусничает по настроению и в зависимости от времени года, а потому и состав этого чудесного  букетика может меняться.</p>','cvetochnoe-utro','Купить цветочный подарок с кофе в интернет магазине cadouri.md. ✓ Доставка по всей Молдове ✓ Авторские букеты ✓ Оригинальные подарки ✓ Бесплатная доставка по Кишиневу  ➨ Смотрите!','','Купить цветочный подарок с кофе с доставкой Кишинев, Молдова','Букет \"Цветочное Утро\"','','','',''),
	(155,1,1,'','','fruit-basket','Order fruit basket online from the cadouri.md website ✓ We deliver everywhere across Moldova ✓ Personalized Bouquets ✓ Original Gifts ✓ Free delivery across Chisinau ➨ View more!','','Buy fruit basket with delivery Chisinau, Moldova','Fruit Basket','','','',''),
	(155,1,2,'','','cos-de-fructe','Comandă coșul cu fructe online în magazinul cadouri.md ✓ Livrare pe tot teritoriul Moldovei ✓ Buchete personalizate ✓ Cadouri originale ✓ Livrare gratuită în Chișinău  ➨ Vezi pe site!','','Cumpără coșul cu fructe cu livrare în Chișinău, Moldova','Coș de fructe','','','',''),
	(155,1,3,'','','fruktovaya-korzina','Купить корзину с фруктами в интернет магазине cadouri.md. ✓ Доставка по всей Молдове ✓ Авторские букеты ✓ Оригинальные подарки ✓ Бесплатная доставка по Кишиневу  ➨ Смотрите!','','Купить корзину с фруктами с доставкой Кишинев, Молдова','Фруктовая Корзина','','','',''),
	(156,1,1,'','','bunny-surprise','Order plush toy surprise online from the cadouri.md website ✓ We deliver everywhere across Moldova ✓ Personalized Bouquets ✓ Original Gifts ✓ Free delivery across Chisinau ➨ View more!','','Buy plush toy surprise with delivery Chisinau, Moldova','Bunny Surprise','','','',''),
	(156,1,2,'','','surpriza-cu-iepure','Comandă surpriza cu jucărie moale online în magazinul cadouri.md ✓ Livrare pe tot teritoriul Moldovei ✓ Buchete personalizate ✓ Cadouri originale ✓ Livrare gratuită în Chișinău  ➨ Vezi pe site!','','Cumpără surpriza cu jucărie moale cu livrare în Chișinău, Moldova','Surpriză cu Iepure','','','',''),
	(156,1,3,'','','syurpriz-s-krolikom','Купить сюрприз с мягкой игрушкой в интернет магазине cadouri.md. ✓ Доставка по всей Молдове ✓ Авторские букеты ✓ Оригинальные подарки ✓ Бесплатная доставка по Кишиневу  ➨ Смотрите!','','Купить сюрприз с мягкой игрушкой с доставкой Кишинев, Молдова','Сюрприз с Кроликом','','','',''),
	(157,1,1,'','','english-breakfast','Order honey and tea gift set online from the cadouri.md website ✓ We deliver everywhere across Moldova ✓ Personalized Bouquets ✓ Original Gifts ✓ Free delivery across Chisinau ➨ View more!','','Buy honey and tea gift set with delivery Chisinau, Moldova','English Breakfast','','','',''),
	(157,1,2,'','','mic-dejun-englezesc','Comandă ceai și mierea cadou online în magazinul cadouri.md ✓ Livrare pe tot teritoriul Moldovei ✓ Buchete personalizate ✓ Cadouri originale ✓ Livrare gratuită în Chișinău  ➨ Vezi pe site!','','Cumpără ceai și mierea cadou cu livrare în Chișinău, Moldova','Mic dejun Englezesc','','','',''),
	(157,1,3,'','','anglijskij-zavtrak','Купить подарочный чай и мед в интернет магазине cadouri.md. ✓ Доставка по всей Молдове ✓ Авторские букеты ✓ Оригинальные подарки ✓ Бесплатная доставка по Кишиневу  ➨ Смотрите!','','Купить подарочный чай и мед с доставкой Кишинев, Молдова','Английский Завтрак','','','',''),
	(158,1,1,'','','fiori-cheese','Order wine and cheese gift set online from the cadouri.md website ✓ We deliver everywhere across Moldova ✓ Personalized Bouquets ✓ Original Gifts ✓ Free delivery across Chisinau ➨ View more!','','Buy wine and cheese gift set with delivery Chisinau, Moldova','Fiori & Cheese','','','',''),
	(158,1,2,'','','fiori-cheese','Comandă cadou set cu vin și cașcaval online în magazinul cadouri.md ✓ Livrare pe tot teritoriul Moldovei ✓ Buchete personalizate ✓ Cadouri originale ✓ Livrare gratuită în Chișinău  ➨ Vezi pe site!','','Cumpără cadou set cu vin și cașcaval cu livrare în Chișinău, Moldova','Fiori & Cheese','','','',''),
	(158,1,3,'','','fiori-cheese','Купить подарочный набор c вином и сыром в интернет магазине cadouri.md. ✓ Доставка по всей Молдове ✓ Авторские букеты ✓ Оригинальные подарки ✓ Бесплатная доставка по Кишиневу  ➨ Смотрите!','','Купить подарочный набор c вином и сыром с доставкой Кишинев, Молдова','Fiori & Cheese','','','',''),
	(159,1,1,'','<p>A mini bouquet as a flower cocktail will make your day better!</p>\n<p></p>\n<p>Florist does this beautiful composition on the mood and depending on the season, and therefore flowers in this wonderful bouquet can change.</p>','flower-cocktail','','','','Flower Cocktail','','','',''),
	(159,1,2,'','<p>Un mini buchet în forma unui cocktail floristic îți va face ziua să fie mai bună!</p>\n<p></p>\n<p></p>\n<p>Florăreasa compune buchetul în dependență de starea de spirit și anotimp. Prin urmare, compoziția acestui minunat buchețel se poate schimba.</p>','flower-cocktail','','','','Flower Cocktail','','','',''),
	(159,1,3,'','<p>Небольшой мини букет в виде цветочного коктейля сделает твой день однозначно лучше!</p>\n<p>Флорист фокусничает по настроению и в зависимости от времени года, а потому и состав этого чудесного  букетика может меняться.</p>','cvetochnyj-koktejl','','','','Цветочный Коктейль','','','',''),
	(161,1,1,'','','lovare-tea-cleopatra-s-night','','','','Lovare Tea Cleopatra\'s Night','','','',''),
	(161,1,2,'','','lovare-tea-cleopatra-s-night','','','','Ceai Lovare Cleopatra\'s Night','','','',''),
	(161,1,3,'','','lovare-tea-cleopatra-s-night','','','','Чай Lovare Cleopatra\'s Night','','','',''),
	(162,1,1,'','','lovare-tea-1001-nights','','','','Lovare Tea 1001 Nights','','','',''),
	(162,1,2,'','','ceai-lovare-1001-nights','','','','Ceai Lovare 1001 Nights','','','',''),
	(162,1,3,'','','chaj-lovare-1001-nights','','','','Чай Lovare 1001 Nights','','','',''),
	(163,1,1,'','','girlish-joy','','','','Girlish Joy','','','',''),
	(163,1,2,'','','bucuria-unei-fete','','','','Bucuria Unei Fete','','','',''),
	(163,1,3,'','','devichya-radost','','','','Девичья радость','','','',''),
	(164,1,1,'','','tangerine-dessert','Order Christmas gift with fruits online from the cadouri.md website ✓ We deliver everywhere across Moldova ✓ Personalized Bouquets ✓ Original Gifts ✓ Free delivery across Chisinau ➨ View more!','','Order Christmas gift with fruits Chisinau Moldova','Tangerine dessert','','','',''),
	(164,1,2,'','','desertul-cu-mandarine','Comandă cadou de Crăciun cu fructe online în magazinul cadouri.md ✓ Livrare pe tot teritoriul Moldovei ✓ Buchete personalizate ✓ Cadouri originale ✓ Livrare gratuită în Chișinău  ➨ Vezi pe site!','','Comandă Cadou de Crăciun cu fructe Chișinău Moldova','Desertul cu Mandarine','','','',''),
	(164,1,3,'','<p>Выбрать было сложно, но первенство среди любимых рождественских сладостей все таки занимают сочные мандаринки! В каждом фрукте к зиме созревает кусочек рождественского настроения, вот почему зимой они становятся особенно вкусными! </p>\n<p>В состав гифт бокса входит:</p>\n<ul style=\"list-style-type:circle;\"><li>Вкуснейшие мандаринки</li>\n<li>Рождественский леденец</li>\n<li>Бельгийский шоколад с красным перцем</li>\n<li>Порция детской радости</li>\n<li>Настольная новогодняя композиция из натуральных растений</li>\n</ul>','mandarinovyj-desert','Купить новогодний подарок с фруктами в интернет магазине cadouri.md. ✓ Доставка по всей Молдове ✓ Авторские букеты ✓ Оригинальные подарки ✓ Бесплатная доставка по Кишиневу  ➨ Смотрите!','','Заказать Новогодний подарок с фруктами Кишинев Молдова','Мандариновый Десерт','','','',''),
	(166,1,1,'','','christmas-candle','Order Christmas Bouquet online from the cadouri.md website ✓ We deliver everywhere across Moldova ✓ Personalized Bouquets ✓ Original Gifts ✓ Free delivery across Chisinau ➨ View more!','','Order Christmas Bouquet Chisinau Moldova','Christmas Candle','','','',''),
	(166,1,2,'','','lumanarea-de-craciun','Comandă buchet de Crăciun online în magazinul cadouri.md ✓ Livrare pe tot teritoriul Moldovei ✓ Buchete personalizate ✓ Cadouri originale ✓ Livrare gratuită în Chișinău  ➨ Vezi pe site!','','Comandă Buchet de Crăciun Chișinău Moldova','Lumânarea de Crăciun','','','',''),
	(166,1,3,'','<p>Светлый праздник Рождества это тепло в наших сердцах, подобно пламени свечи озаряющее сумерки холодного зимнего вечера. Рождественская свеча в исполнении нашего флориста - это зимняя настольная композиция, эмоциональная и трогательная, свежая как запах еловых елей и теплая, как материнский поцелуй.</p>\n<p></p>\n<p>Композиция собрана вручную из натуральных растений.</p>','rozhdestvenskaya-svecha','Купить новогодний букет в интернет магазине cadouri.md. ✓ Доставка по всей Молдове ✓ Авторские букеты ✓ Оригинальные подарки ✓ Бесплатная доставка по Кишиневу  ➨ Смотрите!','','Заказать Новогодний букет Кишинев Молдова','Рождественская Свеча','','','',''),
	(167,1,1,'','','chocolate-tales','Order Sweet Christmas gift online from the cadouri.md website ✓ We deliver everywhere across Moldova ✓ Personalized Bouquets ✓ Original Gifts ✓ Free delivery across Chisinau ➨ View more!','','Order Sweet Christmas gift Chisinau Moldova','Chocolate Tales','','','',''),
	(167,1,2,'','','poveti-de-ciocolata','Comandă cadou dulce de Anul Nou online în magazinul cadouri.md ✓ Livrare pe tot teritoriul Moldovei ✓ Buchete personalizate ✓ Cadouri originale ✓ Livrare gratuită în Chișinău  ➨ Vezi pe site!','','Comandă Cadou Dulce de Anul Nou Chișinău Moldova','Povești de Ciocolată','','','',''),
	(167,1,3,'','<p>В детстве нам часто рассказывали сказки перед сном, некоторые из них обладаю особенной магией. Наша сказка про маленьких зайчат, которые очень любили Рождество и сладости! Создайте свою историю с чудесным гифт боксом! </p>\n<p>В состав входит:</p>\n<ul style=\"list-style-type:circle;\"><li>Рождественский леденец (как тот самый, который из кино)</li>\n<li>Мёд-суфле Sweet Honey (кунжутная медовая паста)</li>\n<li>Бельгийский лимонный шоколад, украшенный рисовыми хлопьями и фруктами манго</li>\n<li>Чёрный горький шоколад 70% с перцем чили, рисовыми хлопьями и шафраном</li>\n<li>Розовая, как заячьи лапки, плитка шоколада с малиной</li>\n<li>Семейка сладких зайчиков из молочного шоколада (советуем начинать есть с ушек)</li>\n<li>Новогодняя композиция из натуральных растений</li>\n</ul><p><strong>Наша компания не производит ничего съедобного. Мы забираем вкусняшки у наших партнёров в день заказа и посыпаем любовью.</strong></p>','shokoladnaya-skazka','Купить рождественский сладкий подарок и в интернет магазине cadouri.md. ✓ Доставка по всей Молдове ✓ Авторские букеты ✓ Оригинальные подарки ✓ Бесплатная доставка по Кишиневу  ➨ Смотрите!','','Заказать Рождественский сладкий подарок Кишинев Молдова','Шоколадная Сказка','','','',''),
	(169,1,1,'','','christmas-smell','Order Christmas gift with tangerines online from the cadouri.md website ✓ We deliver everywhere across Moldova ✓ Personalized Bouquets ✓ Original Gifts ✓ Free delivery across Chisinau ➨ View more!','','Order Christmas gift with tangerines Chisinau Moldova','Christmas Smell','','','',''),
	(169,1,2,'','','aroma-de-craciun-','Comandă cadou de Crăciun cu mandarine online în magazinul cadouri.md ✓ Livrare pe tot teritoriul Moldovei ✓ Buchete personalizate ✓ Cadouri originale ✓ Livrare gratuită în Chișinău  ➨ Vezi pe site!','','Comandă Cadou de Crăciun cu mandarine Chișinău Moldova','Aroma de Crăciun','','','',''),
	(169,1,3,'','<p>Что еще так ярко ассоциируется у нас с зимней порой, как не свежий запах цитрусовых? Стоит услышать знакомые ароматные нотки и вот, глаза уже загораются детской радостью! Самые вкусные мандарины можно найти только зимой, когда рождественские эльфы-эксперты собирают их для наших фруктовых корзин.</p>\n<p></p>\n<p>В состав гифт бокса входит:</p>\n<p></p>\n<ul style=\"list-style-type:circle;\"><li>Очень много вкусных мандаринок </li>\n<li>Красивая корзинка (можно использовать повторно для чего-нибудь)</li>\n<li>Большая детская радость (1 шт.)</li>\n<li>Декор из натуральных растений</li>\n</ul><p></p>\n<p><strong>Пожалуйста, обратите внимание, что мы не производим пищевые продукты сами, только красиво упаковываем в день отправления, на радость получателям. </strong></p>','zapakh-rozhdestva','Купить новогодний подарок с мандаринами в интернет магазине cadouri.md. ✓ Доставка по всей Молдове ✓ Авторские букеты ✓ Оригинальные подарки ✓ Бесплатная доставка по Кишиневу  ➨ Смотрите!','','Заказать Новогодний подарок с мандаринами Кишинев Молдова','Запах Рождества','','','',''),
	(170,1,1,'','','chrismas-gift','Order Christmas gift with honey and chocolate online from the cadouri.md website ✓ We deliver everywhere across Moldova ✓ Personalized Bouquets ✓ Original Gifts ✓ Free delivery across Chisinau ➨ View more!','','Order Christmas gift with honey and chocolate Chisinau Moldova','Chrismas Gift','','','',''),
	(170,1,2,'','','cadoul-de-craciun','Comandă cadou de Crăciun cu miere și ciocolată online în magazinul cadouri.md ✓ Livrare pe tot teritoriul Moldovei ✓ Buchete personalizate ✓ Cadouri originale ✓ Livrare gratuită în Chișinău  ➨ Vezi pe site!','','Comandă Cadou de Crăciun cu miere și ciocolată Chișinău Moldova','Cadoul de Crăciun','','','',''),
	(170,1,3,'','<p>Все обожают получать подарки, но нам кажется, что дарить их еще приятнее! В этом году мы подготовили для вас удивительные рождественские гифт-боксы - один сказочнее другого! </p>\n<p></p>\n<p>В состав гифт бокса входит:</p>\n<ul style=\"list-style-type:circle;\"><li>Мёд-суфле ручной работы с перетертым кунжутом</li>\n<li>Мёд-суфле ручной работы с малиной</li>\n<li>Шоколадные зайчата</li>\n<li>Рождественский леденец (как тот самый, из кино)</li>\n<li>Новогодняя композиция из натуральных растений</li>\n</ul><p><strong>Обратите внимание, что мы не производим ничего съедобного. Просто мы знаем, где взять самые красивые и вкусные сладости!</strong></p>','rozhdestvenskij-podarok','Купить новогодний подарок с медом и шоколадом в интернет магазине cadouri.md. ✓ Доставка по всей Молдове ✓ Авторские букеты ✓ Оригинальные подарки ✓ Бесплатная доставка по Кишиневу  ➨ Смотрите!','','Заказать Новогодний подарок с медом и шоколадом Кишинев Молдова','Рождественский Подарок','','','',''),
	(171,1,1,'','','christmas-spirit','Order Honey Christmas gift online from the cadouri.md website ✓ We deliver everywhere across Moldova ✓ Personalized Bouquets ✓ Original Gifts ✓ Free delivery across Chisinau ➨ View more!','','Order Honey Christmas gift Chisinau Moldova','Christmas Spirit','','','',''),
	(171,1,2,'','','spirit-de-craciun','Comandă cadou de Anul nou cu miere online în magazinul cadouri.md ✓ Livrare pe tot teritoriul Moldovei ✓ Buchete personalizate ✓ Cadouri originale ✓ Livrare gratuită în Chișinău  ➨ Vezi pe site!','','Comandă Cadou de Anul Nou cu miere Chișinău Moldova','Spirit de Crăciun','','','',''),
	(171,1,3,'','<p>Рождество уже близко! Как много красоты и тепла в этом светлом празднике! По такому случаю мы создали невероятной красоты гифт бокс, наполненный духом Рождества!</p>\n<p>В состав гифт бокса входит:</p>\n<ul><li>Натураньный цветочный мёд Sweet Honey с инжиром</li>\n<li>Мёд суфле Sweet Honey (Шоколадная медовая паста с фундуком. Натуральный продукт. Без добавления сахара и красителей. Состав: цветочный мед, растертые какао-бобы и фундук.)</li>\n<li>Апельсиновый бельгийский шоколад со специями, обжаренным бланшированным фундуком и клубникой</li>\n<li>Кусочек праздничного настроения (100 гр)</li>\n</ul><p></p>\n<p><strong>Пожалуйста, обратите внимание, что мы не производим никакие пищевые продукты сами, хотя нам очень этого хотелось бы. Зато мы очень красиво собираем их в крутые подарки в день заказа.</strong></p>','dukh-rozhdestva','Купить рождественский подарок с медом в интернет магазине cadouri.md. ✓ Доставка по всей Молдове ✓ Авторские букеты ✓ Оригинальные подарки ✓ Бесплатная доставка по Кишиневу  ➨ Смотрите!','','Заказать Рождественский подарок с медом Кишинев Молдова','Дух Рождества','','','',''),
	(173,1,1,'','','the-russian-izba','Order Christmas Composition online from the cadouri.md website ✓ We deliver everywhere across Moldova ✓ Personalized Bouquets ✓ Original Gifts ✓ Free delivery across Chisinau ➨ View more!','','Order Christmas Composition Chisinau Moldova','The Russian \"Izba\"','','','',''),
	(173,1,2,'','','casa-in-padure','Comandă Compoziție de Crăciun online în magazinul cadouri.md ✓ Livrare pe tot teritoriul Moldovei ✓ Buchete personalizate ✓ Cadouri originale ✓ Livrare gratuită în Chișinău  ➨ Vezi pe site!','','Comandă Compoziție de Crăciun Chișinău Moldova','Casuța în Pădure','','','',''),
	(173,1,3,'','<p>Что это за свет виднеется между деревьев? Лесная тропинка привела нас к маленькой теплой избушке. Здесь можно погреться, попить ароматный какао и отдохнуть с дороги.</p>\n<p>Настольная новогодняя композиция собрана вручную из натуральной голубой ели</p>','domik-v-lesu-','Купить Новогоднюю композицию в интернет магазине cadouri.md. ✓ Доставка по всей Молдове ✓ Авторские букеты ✓ Оригинальные подарки ✓ Бесплатная доставка по Кишиневу  ➨ Смотрите!','','Заказать Новогоднюю композицию Кишинев Молдова','Домик в Лесу','','','',''),
	(174,1,1,'','','christmas-wreath','Order Christmas Wreath online from the cadouri.md website ✓ We deliver everywhere across Moldova ✓ Personalized Bouquets ✓ Original Gifts ✓ Free delivery across Chisinau ➨ View more!','','Order Christmas Wreath Chisinau Moldova','Christmas Wreath','','','',''),
	(174,1,2,'','','coroana-de-craciun','Comandă Сoroană de Crăciun online în magazinul cadouri.md ✓ Livrare pe tot teritoriul Moldovei ✓ Buchete personalizate ✓ Cadouri originale ✓ Livrare gratuită în Chișinău  ➨ Vezi pe site!','','Comandă Сoroană de Crăciun Chișinău Moldova','Coroană de Crăciun','','','',''),
	(174,1,3,'','<p>Искусственный рождественский венок проживёт у вас очень долго! Композиция собирается вручную, как и любая другая на нашем сайте. Мы вкладываем в нее частичку нашей души, чтобы получатель подарка радовался еще больше! Для украшения мы используем натуральный хлопок и елочные игрушки, а каждый новый собранный венок получается по-своему неповторимым!</p>','rozhdestvenskij-venok','Купить новогодний букет в интернет магазине cadouri.md. ✓ Доставка по всей Молдове ✓ Авторские букеты ✓ Оригинальные подарки ✓ Бесплатная доставка по Кишиневу  ➨ Смотрите!','','Заказать Рождественский Венок Кишинев Молдова','Рождественский Венок','','','',''),
	(175,1,1,'','','kinder-surprise','Order Big Kinder Surprise Gift online from the cadouri.md website ✓ We deliver everywhere across Moldova ✓ Personalized Bouquets ✓ Original Gifts ✓ Free delivery across Chisinau ➨ View more!','','Order Big Kinder Surprise Gift Chisinau Moldova','Basket \"Kinder Surprise\"','','','',''),
	(175,1,2,'','','kinder-surprise','Comandă Surpriza Mare Kinder online în magazinul cadouri.md ✓ Livrare pe tot teritoriul Moldovei ✓ Buchete personalizate ✓ Cadouri originale ✓ Livrare gratuită în Chișinău  ➨ Vezi pe site!','','Comandă Surpriza Mare Kinder Chișinău Moldova','Coș \"Kinder Surprise\"','','','',''),
	(175,1,3,'','<p>Мы обожаем шоколад! А шоколад Kinder - это просто сказочная вкуснятина!</p>\n<p></p>\n<p>В состав очень сладкого гифт бокса входит:</p>\n<ul style=\"list-style-type:circle;\"><li>Молочный шоколад Kinder</li>\n<li>Печенье Kinder</li>\n<li>Шоколадные яйца Kinder Surprise</li>\n<li>Конфеты Kinder</li>\n<li>Новогодний декор с натуральной голубой елью</li>\n</ul><p>Этот подарок - не только для детей! Любой сладкоежка будет в восторге!</p>','kinder-surprise','Купить Большой Подарок Киндер в интернет магазине cadouri.md. ✓ Доставка по всей Молдове ✓ Авторские букеты ✓ Оригинальные подарки ✓ Бесплатная доставка по Кишиневу  ➨ Смотрите!','','Заказать Большой Подарок Киндер Кишинев Молдова','Корзина \"Киндер Сюрприз\"','','','',''),
	(176,1,1,'','','bears-in-pine-forest-','','','','Bears in Pine Forest','','','',''),
	(176,1,2,'','','urii-in-padurea-de-conifere','','','','Urșii în Pădurea de Conifere','','','',''),
	(176,1,3,'','<p>В нашей сказке мишки не спят всю зиму, они греются у камина и едят полезный мёд с орешками и сухофруктами! Их любимое лакомство вы сможете найти в нашем праздничном гифт боксе.</p>\n<p>В состав входит:</p>\n<p></p>\n<ul style=\"list-style-type:circle;\"><li>Настольная композиция из натуральной голубой ели</li>\n<li>Набор мёда Sweet Honey</li>\n</ul><p>Мы сами не производим продукты питания, это всё наши партнёры-медведи на своей личной пасеке. Попробуйте, ручная работа!</p>','mishki-v-boru-','','','','Мишки в Бору','','','',''),
	(177,1,1,'','','spruce-wreath','','','','Spruce Wreath','','','',''),
	(177,1,2,'','','coroana-de-molid','','','','Coroana de Molid','','','',''),
	(177,1,3,'','<p>Что еще символизирует Рождество так, как это делает рождественский еловый венок? Мы собираем наши еловые венки из натуральной голубой ели и с любовью украшаем их рождественским настроением и игрушками!</p>','elovyj-venok','','','','Еловый Венок','','','',''),
	(180,1,1,'','','flowerbed-to-go','','','','Flowerbed To-Go','','','',''),
	(180,1,2,'','','flowerbed-to-go','','','','Rond To-Go','','','',''),
	(180,1,3,'','','pero-pavlina','','','','Палисадник To-Go','','','',''),
	(182,1,1,'','','golden-feather','','','','Bouquet \"Golden Quill\"','','','',''),
	(182,1,2,'','','-pene-de-aur','','','','Buchet \"Pana de Aur\"','','','',''),
	(182,1,3,'','','zolotoe-pero','','','','Букет \"Золотое Перо\"','','','',''),
	(183,1,1,'','','tree','','','','Melody of Christmas','','','',''),
	(183,1,2,'','','brad','','','','Melodia Crăciunului','','','',''),
	(183,1,3,'','<p>Настольная композиция из натуральной голубой ели принесет в ваш дом долгожданный праздник! Аромат зимней свежести окружит ностальгией по зимним вечерам в детстве, когда всё казалось особенным. Вернуть сказку в свою жизнь никогда не поздно!</p>','elka','','','','Мелодия Рождества','','','',''),
	(184,1,1,'','','silver-night','','','','Bouquet \"Silver Night\"','','','',''),
	(184,1,2,'','','silver-night','','','','Buchet \"Noapte Argintie\"','','','',''),
	(184,1,3,'','','serebryanaya-noch','','','','Букет \"Серебряная Ночь\"','','','',''),
	(185,1,1,'','','burgundy-wine','','','','Burgundy Wine','','','',''),
	(185,1,2,'','','burgundy-wine','','','','Vin Burgund','','','',''),
	(185,1,3,'','','bordovoe-bordo','','','','Бордовое Бордо','','','',''),
	(187,1,1,'','','silver-clouds','','','','Bouquet \"Silver Clouds\"','','','',''),
	(187,1,2,'','','silver-clouds','','','','Buchet \"Norii Argintii\"','','','',''),
	(187,1,3,'','','serebryanye-oblaka-','','','','Букет \"Серебряные облака\"','','','',''),
	(188,1,1,'','','beauty-and-the-beast','','','','Beauty and the Beast','','','',''),
	(188,1,2,'','','beauty-and-the-beast','','','','Frumoasa și Bestia','','','',''),
	(188,1,3,'','','beauty-and-the-beast','','','','Красавица и Чудовище','','','',''),
	(190,1,1,'','','-apple-juice','','','','Bouquet \"Apple Juice\"','','','',''),
	(190,1,2,'','','-apple-juice','','','','Buchet \"Suc de Mere\"','','','',''),
	(190,1,3,'','','yablochnyj-sok','','','','Букет \"Яблочный Сок\"','','','',''),
	(191,1,1,'','','-berry-smoothie','','','','Bouquet \"Berry Smoothie\"','','','',''),
	(191,1,2,'','','-berry-smoothie','','','','Buchet \"Smoothie din pomușoare\"','','','',''),
	(191,1,3,'','','yagodnyj-smuzi','','','','Букет \"Ягодный Смузи\"','','','',''),
	(192,1,1,'','','tenderness-of-tulips','','','','Tenderness of Tulips','','','',''),
	(192,1,2,'','','tenderness-of-tulips','','','','Tenderness of Tulips','','','',''),
	(192,1,3,'','','tenderness-of-tulips','','','','Tenderness of Tulips','','','',''),
	(194,1,1,'','','scottish-morning','','','','Scottish morning','','','',''),
	(194,1,2,'','','scottish-morning','','','','Scottish morning','','','',''),
	(194,1,3,'','','scottish-morning','','','','Шотландское Утро','','','',''),
	(195,1,1,'','','-orange-tree','','','','Orange Tree','','','',''),
	(195,1,2,'','','-orange-tree','','','','Orange Tree','','','',''),
	(195,1,3,'','','-orange-tree','','','','Апельсиновое Дерево','','','',''),
	(196,1,1,'','','xmas-cocktail','','','','Xmas Cocktail','','','',''),
	(196,1,2,'','','xmas-cocktail','','','','Xmas Cocktail','','','',''),
	(196,1,3,'','','novogodnij-koktejl','','','','Новогодний Коктейль','','','',''),
	(198,1,1,'','','wigwam-house-pocahontas','','','','Wigwam \"Pocahontas\' house\"','','','',''),
	(198,1,2,'','','wigwam-house-pocahontas','','','','Wigwam House Pocahontas','','','',''),
	(198,1,3,'','','wigwam-house-pocahontas','','','','Вигвам \"Домик Покахонтас\"','','','',''),
	(200,1,1,'','','lullaby','','','','Lullaby','','','',''),
	(200,1,2,'','','leaganul','','','','Leagănul','','','',''),
	(200,1,3,'','','kolybelnaya','','','','Колыбельная','','','',''),
	(202,1,1,'','','basket-gift-for-big-boss','','','','Basket \"Gift for Big Boss\"','','','',''),
	(202,1,2,'','','basket-gift-for-big-boss','','','','Coș \"Cadou pentru Big Boss\"','','','',''),
	(202,1,3,'','','korzina-podarok-direktoru','','','','Корзина \"Подарок Директору\"','','','',''),
	(204,1,1,'','','lego-star-wars-millennium-falcon','','','','Lego Star Wars Millennium Falcon','','','',''),
	(204,1,2,'','','lego-star-wars-millennium-falcon','','','','Lego Star Wars Millennium Falcon','','','',''),
	(204,1,3,'','','lego-star-wars-millennium-falcon','','','','Lego Star Wars Millennium Falcon','','','',''),
	(205,1,1,'','','lego-justice-league-','','','','Lego Justice League','','','',''),
	(205,1,2,'','','lego-justice-league-','','','','Lego Justice League','','','',''),
	(205,1,3,'','','lego-justice-league-','','','','Lego Justice League','','','',''),
	(206,1,1,'','','-peppa-pig','','','','Peppa Pig','','','',''),
	(206,1,2,'','','-peppa-pig','','','','Peppa Pig','','','',''),
	(206,1,3,'','','svinka-peppa','','','','Свинка Пеппа','','','',''),
	(207,1,1,'','','lego-classic-box','','','','Lego Classic Box','','','',''),
	(207,1,2,'','','lego-classic-box','','','','Lego Classic Box','','','',''),
	(207,1,3,'','','lego-classic-box','','','','Lego Classic Box','','','',''),
	(208,1,1,'','','peppa-pig-fairy','','','','Peppa Pig Fairy','','','',''),
	(208,1,2,'','','peppa-pig-fairy','','','','Peppa Pig Fairy','','','',''),
	(208,1,3,'','','peppa-feya','','','','Пеппа Фея','','','',''),
	(209,1,1,'','','lego-classic-medium','','','','Lego Classic Medium','','','',''),
	(209,1,2,'','','lego-classic-medium','','','','Lego Classic Medium','','','',''),
	(209,1,3,'','','lego-classic-medium','','','','Lego Classic Medium','','','',''),
	(210,1,1,'','','lego-classic-large-','','','','Lego Classic Large','','','',''),
	(210,1,2,'','','lego-classic-large-','','','','Lego Classic Large','','','',''),
	(210,1,3,'','','lego-classic-large-','','','','Lego Classic Large','','','',''),
	(212,1,1,'','','lego-elves-','','','','Lego Elves','','','',''),
	(212,1,2,'','','lego-elves-','','','','Lego Elves','','','',''),
	(212,1,3,'','','lego-elves-','','','','Lego Elves','','','',''),
	(213,1,1,'','','lego-disney-princesses','','','','Lego Disney Princesses','','','',''),
	(213,1,2,'','','lego-disney-princesses','','','','Lego Disney Princesses','','','',''),
	(213,1,3,'','','lego-disney-princesses','','','','Lego Disney Princesses','','','',''),
	(214,1,1,'','','gnome-bearded','','','','Gnome Bearded','','','',''),
	(214,1,2,'','','gnome-bearded','','','','Gnome Bearded','','','',''),
	(214,1,3,'','','gnom-borodach','','','','Гном Бородач','','','',''),
	(215,1,1,'','','birthday-cake-','','','','Birthday Cake','','','',''),
	(215,1,2,'','','tortul-pentru-ziua-de-natere','','','','Tortul Pentru Ziua de Naștere','','','',''),
	(215,1,3,'','','tort-na-den-rozhdeniya','','','','Торт на День Рождения','','','',''),
	(216,1,1,'','','twinkle-little-star','','','','Twinkle Little Star','','','',''),
	(216,1,2,'','','twinkle-little-star','','','','Twinkle Little Star','','','',''),
	(216,1,3,'','','twinkle-little-star','','','','Twinkle Little Star','','','',''),
	(218,1,1,'','','fiori-box','','','','Fiori Box','','','',''),
	(218,1,2,'','','fiori-box','','','','Fiori Box','','','',''),
	(218,1,3,'','','fiori-box','','','','Fiori Box','','','',''),
	(219,1,1,'','','individo-box','','','','Individo Box','','','',''),
	(219,1,2,'','','individo-box','','','','Individo Box','','','',''),
	(219,1,3,'','','individo-box','','','','Individo Box','','','',''),
	(221,1,1,'','','plush-dog','','','','Plush Dog','','','',''),
	(221,1,2,'','','plush-dog','','','','Plush Dog','','','',''),
	(221,1,3,'','','plyushevyj-pes-sharik','','','','Плюшевый Пес Шарик','','','',''),
	(222,1,1,'','','plush-pillow-dog','','','','Plush Pillow-Dog','','','',''),
	(222,1,2,'','','plush-pillow-dog','','','','Plush Pillow-Dog','','','',''),
	(222,1,3,'','','plush-pillow-dog','','','','Plush Pillow-Dog','','','',''),
	(223,1,1,'','','big-plush-dog-pillow','','','','Big Plush Dog Pillow','','','',''),
	(223,1,2,'','','big-plush-dog-pillow','','','','Big Plush Dog Pillow','','','',''),
	(223,1,3,'','','big-plush-dog-pillow','','','','Big Plush Dog Pillow','','','',''),
	(224,1,1,'','','little-holland-','','','','Yellow Tulips','','','',''),
	(224,1,2,'','','little-holland-','','','','Lalele Galbene','','','',''),
	(224,1,3,'','','malenkaya-gollandiya','','','','Желтые Тюльпаны','','','',''),
	(225,1,1,'','','small-italy','','','','Basket \"Litle Italy\"','','','',''),
	(225,1,2,'','','small-italy','','','','Coș \"Mica Italie\"','','','',''),
	(225,1,3,'','','small-italy','','','','Корзина \"Маленькая Италия\"','','','',''),
	(226,1,1,'','','tea-ceremony','','','','Basket \"Tea Ceremony\"','','','',''),
	(226,1,2,'','','tea-ceremony','','','','Coș \"Ceremonia ceaiului\"','','','',''),
	(226,1,3,'','','tea-ceremony','','','','Корзина \"Чайная церемония\"','','','',''),
	(227,1,1,'','','sweet-story','','','','Sweet Story','','','',''),
	(227,1,2,'','','sweet-story','','','','Sweet Story','','','',''),
	(227,1,3,'','','sweet-story','','','','Sweet Story','','','',''),
	(228,1,1,'','','lego-technic','','','','LEGO Technic','','','',''),
	(228,1,2,'','','lego-technic','','','','LEGO Technic','','','',''),
	(228,1,3,'','','lego-technic','','','','LEGO Technic','','','',''),
	(229,1,1,'','','lego-ninjago','','','','LEGO Ninjago','','','',''),
	(229,1,2,'','','lego-ninjago','','','','LEGO Ninjago','','','',''),
	(229,1,3,'','','lego-ninjago','','','','LEGO Ninjago','','','',''),
	(230,1,1,'','','lego-juniors','','','','LEGO Juniors','','','',''),
	(230,1,2,'','','lego-juniors','','','','LEGO Juniors','','','',''),
	(230,1,3,'','','lego-juniors','','','','LEGO Juniors','','','',''),
	(231,1,1,'','','lego-batman','','','','LEGO Batman','','','',''),
	(231,1,2,'','','lego-batman','','','','LEGO Batman','','','',''),
	(231,1,3,'','','lego-batman','','','','LEGO Batman','','','',''),
	(232,1,1,'','','lego-duplo','','','','LEGO Duplo','','','',''),
	(232,1,2,'','','lego-duplo','','','','LEGO Duplo','','','',''),
	(232,1,3,'','','lego-duplo','','','','LEGO Duplo','','','',''),
	(233,1,1,'','','box-for-him','','','','Box for Him','','','',''),
	(233,1,2,'','','box-for-him','','','','Box for Him','','','',''),
	(233,1,3,'','','box-for-him','','','','Box for Him','','','',''),
	(234,1,1,'','','white-roses-per-piece-','','','','White Roses per Piece','','','',''),
	(234,1,2,'','','white-roses-per-piece','','','','White Roses per Piece','','','',''),
	(234,1,3,'','','white-roses-per-piece','','','','White Roses per Piece','','','',''),
	(235,1,1,'','','red-roses-per-piece','','','','Red Roses per Piece','','','',''),
	(235,1,2,'','','red-roses-per-piece','','','','Red Roses per Piece','','','',''),
	(235,1,3,'','','red-roses-per-piece','','','','Red Roses per Piece','','','',''),
	(236,1,1,'','','rose-roses-per-piece','','','','Rose Roses per Piece','','','',''),
	(236,1,2,'','','rose-roses-per-piece','','','','Rose Roses per Piece','','','',''),
	(236,1,3,'','','rose-roses-per-piece','','','','Rose Roses per Piece','','','',''),
	(237,1,1,'','','strip-for-me-','','','','Bouquet \"Strip for Me\"','','','',''),
	(237,1,2,'','','strip-for-me','','','','Buchet \"Strip for Me\"','','','',''),
	(237,1,3,'','','strip-for-me','','','','Букет \"Strip for Me\"','','','',''),
	(238,1,1,'','','boat-of-love','','','','Bouquet \"Boat of Love\"','','','',''),
	(238,1,2,'','','boat-of-love','','','','Buchet \"Barca Iubirii\"','','','',''),
	(238,1,3,'','','boat-of-love','','','','Букет \"Лодка любви\"','','','',''),
	(239,1,1,'','','secret-garden','','','','Bouquet \"Secret Garden\"','','','',''),
	(239,1,2,'','','secret-garden','','','','Buchet \"Gradina Secretă\"','','','',''),
	(239,1,3,'','','secret-garden','','','','Букет \"Таинственный сад\"','','','',''),
	(240,1,1,'','','english-mansion','','','','Bouquet \"English Mansion\"','','','',''),
	(240,1,2,'','','english-mansion','','','','Buchet \"Vila din Anglia\"','','','',''),
	(240,1,3,'','','english-mansion','','','','Букет \"Английский дворец\"','','','',''),
	(241,1,1,'','','deep-red-tulips','','','','Deep Red Tulips','','','',''),
	(241,1,2,'','','deep-red-tulips','','','','35 Lalele Bordo','','','',''),
	(241,1,3,'','','deep-red-tulips','','','','35 Бордовые Тюльпаны','','','',''),
	(242,1,1,'','','australian-red','','','','Bouquet \"Australian Red\"','','','',''),
	(242,1,2,'','','australian-red','','','','Buchet \"Australian Red\"','','','',''),
	(242,1,3,'','','australian-red','','','','Букет \"Австралийский красный\"','','','',''),
	(243,1,1,'','','australian-white','','','','Bouquet \"Australian White\"','','','',''),
	(243,1,2,'','','australian-white','','','','Buchet \"Australian White\"','','','',''),
	(243,1,3,'','','australian-white','','','','Букет \"Австралийский белый\"','','','',''),
	(244,1,1,'','','i-have-no-ideas','','','','Bouquet \"Romantic News\"','','','',''),
	(244,1,2,'','','romantic-news','','','','Buchet \"Noutăți Romantice\"','','','',''),
	(244,1,3,'','','romantic-news','','','','Букет \"Романтические новости\"','','','',''),
	(245,1,1,'','','splash-of-tulips','','','','Splash of Tulips','','','',''),
	(245,1,2,'','','splash-of-tulips','','','','Splash of Tulips','','','',''),
	(245,1,3,'','','splash-of-tulips','','','','Splash of Tulips','','','',''),
	(246,1,1,'','','white-tulips','Order bouquet of white tulips online from the cadouri.md website ✓ We deliver everywhere across Moldova ✓ Personalized Bouquets ✓ Original Gifts ✓ Free delivery across Chisinau ➨ View more!','','Buy bouquet of white tulips with delivery Chisinau, Moldova','White Tulips','','','',''),
	(246,1,2,'','','white-tulips','Comandă buchet din lalele albe în magazinul cadouri.md ✓ Livrare pe tot teritoriul Moldovei ✓ Buchete personalizate ✓ Cadouri originale ✓ Livrare gratuită în Chișinău  ➨ Vezi pe site!','','Cumpără buchet din lalele albe cu livrare în Chișinău, Moldova','Lalele Albe','','','',''),
	(246,1,3,'','<p>Букет белых тюльпанов - символ чистоты, юности, непорочности! </p>','white-tulips','Купить букет из белых тюльпанов в интернет магазине cadouri.md. ✓ Доставка по всей Молдове ✓ Авторские букеты ✓ Оригинальные подарки ✓ Бесплатная доставка по Кишиневу  ➨ Смотрите!','','Купить букет из белых тюльпанов с доставкой Кишинев, Молдова','Белые Тюльпаны','','','',''),
	(247,1,1,'','','violet-tulips','','','','Violet Tulips','','','',''),
	(247,1,2,'','','violet-tulips','','','','Lalele Violete','','','',''),
	(247,1,3,'','','violet-tulips','','','','Фиолетовые Тюльпаны','','','',''),
	(248,1,1,'','','mix-of-tulips','','','','Bouquet \"January Night\"','','','',''),
	(248,1,2,'','','mix-of-tulips','','','','Buchet \"January Night\"','','','',''),
	(248,1,3,'','','mix-of-tulips','','','','Букет \"Январская ночь\"','','','',''),
	(249,1,1,'','','january-day','','','','Bouquet \"January Day\"','','','',''),
	(249,1,2,'','','january-day','','','','Buchet \"January Day\"','','','',''),
	(249,1,3,'','','january-day','','','','Букет \"Январский День\"','','','',''),
	(250,1,1,'','','angel-waterfall-','','','','Angel Waterfall','','','',''),
	(250,1,2,'','','angel-waterfall-','','','','Angel Waterfall','','','',''),
	(250,1,3,'','','angel-waterfall-','','','','Angel Waterfall','','','',''),
	(251,1,1,'','','balloons-','','','','Balloons','','','',''),
	(251,1,2,'','','balloons','','','','Baloane','','','',''),
	(251,1,3,'','','balloons','','','','Воздушные Шарики','','','',''),
	(252,1,1,'','','diplomat','','','','Bouquet \"Diplomat\"','','','',''),
	(252,1,2,'','','diplomat','','','','Buchet \"Diplomat\"','','','',''),
	(252,1,3,'','','diplomat','','','','Букет \"Дипломат\"','','','',''),
	(253,1,1,'','','lady-boss','','','','Bouquet \"Lady Boss\"','','','',''),
	(253,1,2,'','','lady-boss','','','','Buchet \"Lady Boss\"','','','',''),
	(253,1,3,'','','lady-boss','','','','Букет \"Леди Босс\"','','','',''),
	(254,1,1,'','','valentine-1','','','','Gift Box — Bond Girl','','','',''),
	(254,1,2,'','','valentine-1','','','','Gift Box — Bond Girl','','','',''),
	(254,1,3,'','','valentine-1','','','','Gift Box — Bond Girl','','','',''),
	(255,1,1,'','','valentine-2','','','','Gift Box — Love Story','','','',''),
	(255,1,2,'','','valentine-2','','','','Gift Box — Love Story','','','',''),
	(255,1,3,'','','valentine-2','','','','Gift Box — Love Story','','','',''),
	(256,1,1,'','','valentine-3','','','','Gift Box — Be my Valentine','','','',''),
	(256,1,2,'','','gift-box-be-my-valentine','','','','Gift Box — Be my Valentine','','','',''),
	(256,1,3,'','','gift-box-be-my-valentine','','','','Gift Box — Be my Valentine','','','',''),
	(257,1,1,'','','valentine-4','','','','Gift Box — From the Bottom of my Heart','','','',''),
	(257,1,2,'','','gift-box-from-the-bottom-of-my-heart','','','','Gift Box — From the Bottom of my Heart','','','',''),
	(257,1,3,'','','gift-box-from-the-bottom-of-my-heart','','','','Gift Box — From the Bottom of my Heart','','','',''),
	(258,1,1,'','','valentine-5','','','','Gift Box — French Kiss','','','',''),
	(258,1,2,'','','valentine-5','','','','Gift Box — French Kiss','','','',''),
	(258,1,3,'','','valentine-5','','','','Gift Box — French Kiss','','','',''),
	(259,1,1,'','','valentine-6','','','','Gift Box — The First Date','','','',''),
	(259,1,2,'','','gift-box-the-first-date','','','','Gift Box — The First Date','','','',''),
	(259,1,3,'','','gift-box-the-first-date','','','','Gift Box — The First Date','','','',''),
	(261,1,1,'','','15-red-roses-','','','','15 Red Roses','','','',''),
	(261,1,2,'','','15-red-roses','','','','15 Red Roses','','','',''),
	(261,1,3,'','','15-red-roses','','','','15 Red Roses','','','',''),
	(263,1,1,'','','pink-glasses','','','','Flower Box — Pink Glasses','','','',''),
	(263,1,2,'','','pink-glasses','','','','Flower Box — Pink Glasses','','','',''),
	(263,1,3,'','','pink-glasses','','','','Flower Box — Pink Glasses','','','',''),
	(264,1,1,'','','first-date-','','','','Bouquet \"First Love\"','','','',''),
	(264,1,2,'','','first-date','','','','Buchet \"Prima Dragoste\"','','','',''),
	(264,1,3,'','','first-date','','','','Букет \"Первая Любовь\"','','','',''),
	(266,1,1,'','','male-bouquet-time-out','','','','Male Bouquet — Time-Out','','','',''),
	(266,1,2,'','','male-bouquet-time-out','','','','Male Bouquet — Time-Out','','','',''),
	(266,1,3,'','','male-bouquet-time-out','','','','Male Bouquet — Time-Out','','','',''),
	(267,1,1,'','','diaper-cake-for-girls','','','','Diaper Cake for Girls','','','',''),
	(267,1,2,'','','diaper-cake-for-girls','','','','Diaper Cake for Girls','','','',''),
	(267,1,3,'','','diaper-cake-for-girls','','','','Diaper Cake for Girls','','','',''),
	(268,1,1,'','','diaper-cake-for-boys','','','','Diaper Cake for Boys','','','',''),
	(268,1,2,'','','diaper-cake-for-boys','','','','Diaper Cake for Boys','','','',''),
	(268,1,3,'','','diaper-cake-for-boys','','','','Diaper Cake for Boys','','','',''),
	(269,1,1,'','','bouquet-beauty-s-heart','','','','Bouquet \"Beauty\'s Heart\"','','','',''),
	(269,1,2,'','','bouquet-beauty-s-heart','','','','Buchet \"Inima Dragostei\"','','','',''),
	(269,1,3,'','','bouquet-beauty-s-heart','','','','Букет \"Сердце Красавицы\"','','','','');

/*!40000 ALTER TABLE `ps_product_lang` ENABLE KEYS */;
UNLOCK TABLES;


# Дамп таблицы ps_product_sale
# ------------------------------------------------------------

DROP TABLE IF EXISTS `ps_product_sale`;

CREATE TABLE `ps_product_sale` (
  `id_product` int(10) unsigned NOT NULL,
  `quantity` int(10) unsigned NOT NULL DEFAULT '0',
  `sale_nbr` int(10) unsigned NOT NULL DEFAULT '0',
  `date_upd` date DEFAULT NULL,
  PRIMARY KEY (`id_product`),
  KEY `quantity` (`quantity`)
) ENGINE=InnoDB DEFAULT CHARSET=utf8;

LOCK TABLES `ps_product_sale` WRITE;
/*!40000 ALTER TABLE `ps_product_sale` DISABLE KEYS */;

INSERT INTO `ps_product_sale` (`id_product`, `quantity`, `sale_nbr`, `date_upd`)
VALUES
	(1,1,1,'2019-02-27'),
	(2,1,1,'2019-02-27'),
	(4,2,1,'2019-02-27'),
	(8,1,1,'2019-02-27'),
	(10,1,1,'2019-02-27'),
	(16,2,2,'2019-02-27'),
	(20,3,2,'2019-02-27'),
	(29,1,1,'2019-02-27'),
	(33,1,1,'2019-02-27'),
	(47,1,1,'2019-02-27'),
	(51,1,1,'2019-02-27'),
	(58,1,1,'2019-02-27'),
	(60,1,1,'2019-02-27'),
	(62,1,1,'2019-02-27'),
	(64,1,1,'2019-02-27'),
	(89,1,1,'2019-02-27'),
	(92,1,1,'2019-02-27'),
	(98,1,1,'2019-02-27'),
	(109,1,1,'2019-02-27'),
	(110,1,1,'2019-02-27'),
	(112,2,2,'2019-02-27'),
	(121,2,2,'2019-02-27'),
	(123,1,1,'2019-02-27'),
	(124,1,1,'2019-02-27'),
	(129,2,2,'2019-02-27'),
	(141,4,2,'2019-02-27'),
	(153,1,1,'2019-02-27'),
	(157,2,2,'2019-02-27'),
	(164,1,1,'2019-02-27'),
	(166,1,1,'2019-02-27'),
	(170,2,2,'2019-02-27'),
	(175,3,3,'2019-02-27'),
	(176,4,4,'2019-02-27'),
	(187,1,1,'2019-02-27'),
	(190,3,1,'2019-02-27'),
	(192,2,2,'2019-02-27'),
	(196,1,1,'2019-02-27'),
	(200,1,1,'2019-02-27'),
	(202,1,1,'2019-02-27'),
	(221,1,1,'2019-02-27'),
	(235,1,1,'2019-02-27'),
	(241,1,1,'2019-02-27'),
	(243,1,1,'2019-02-27'),
	(251,1,1,'2019-02-27'),
	(268,1,1,'2019-02-27');

/*!40000 ALTER TABLE `ps_product_sale` ENABLE KEYS */;
UNLOCK TABLES;


# Дамп таблицы ps_product_shop
# ------------------------------------------------------------

DROP TABLE IF EXISTS `ps_product_shop`;

CREATE TABLE `ps_product_shop` (
  `id_product` int(10) unsigned NOT NULL,
  `id_shop` int(10) unsigned NOT NULL,
  `id_category_default` int(10) unsigned DEFAULT NULL,
  `id_tax_rules_group` int(11) unsigned NOT NULL,
  `on_sale` tinyint(1) unsigned NOT NULL DEFAULT '0',
  `online_only` tinyint(1) unsigned NOT NULL DEFAULT '0',
  `ecotax` decimal(17,6) NOT NULL DEFAULT '0.000000',
  `minimal_quantity` int(10) unsigned NOT NULL DEFAULT '1',
  `low_stock_threshold` int(10) DEFAULT NULL,
  `low_stock_alert` tinyint(1) NOT NULL DEFAULT '0',
  `price` decimal(20,6) NOT NULL DEFAULT '0.000000',
  `wholesale_price` decimal(20,6) NOT NULL DEFAULT '0.000000',
  `unity` varchar(255) DEFAULT NULL,
  `unit_price_ratio` decimal(20,6) NOT NULL DEFAULT '0.000000',
  `additional_shipping_cost` decimal(20,2) NOT NULL DEFAULT '0.00',
  `customizable` tinyint(2) NOT NULL DEFAULT '0',
  `uploadable_files` tinyint(4) NOT NULL DEFAULT '0',
  `text_fields` tinyint(4) NOT NULL DEFAULT '0',
  `active` tinyint(1) unsigned NOT NULL DEFAULT '0',
  `redirect_type` enum('','404','301-product','302-product','301-category','302-category') NOT NULL DEFAULT '',
  `id_type_redirected` int(10) unsigned NOT NULL DEFAULT '0',
  `available_for_order` tinyint(1) NOT NULL DEFAULT '1',
  `available_date` date DEFAULT NULL,
  `show_condition` tinyint(1) NOT NULL DEFAULT '1',
  `condition` enum('new','used','refurbished') NOT NULL DEFAULT 'new',
  `show_price` tinyint(1) NOT NULL DEFAULT '1',
  `indexed` tinyint(1) NOT NULL DEFAULT '0',
  `visibility` enum('both','catalog','search','none') NOT NULL DEFAULT 'both',
  `cache_default_attribute` int(10) unsigned DEFAULT NULL,
  `advanced_stock_management` tinyint(1) NOT NULL DEFAULT '0',
  `date_add` datetime NOT NULL,
  `date_upd` datetime NOT NULL,
  `pack_stock_type` int(11) unsigned NOT NULL DEFAULT '3',
  PRIMARY KEY (`id_product`,`id_shop`),
  KEY `id_category_default` (`id_category_default`),
  KEY `date_add` (`date_add`,`active`,`visibility`),
  KEY `indexed` (`indexed`,`active`,`id_product`)
) ENGINE=InnoDB DEFAULT CHARSET=utf8;

LOCK TABLES `ps_product_shop` WRITE;
/*!40000 ALTER TABLE `ps_product_shop` DISABLE KEYS */;

INSERT INTO `ps_product_shop` (`id_product`, `id_shop`, `id_category_default`, `id_tax_rules_group`, `on_sale`, `online_only`, `ecotax`, `minimal_quantity`, `low_stock_threshold`, `low_stock_alert`, `price`, `wholesale_price`, `unity`, `unit_price_ratio`, `additional_shipping_cost`, `customizable`, `uploadable_files`, `text_fields`, `active`, `redirect_type`, `id_type_redirected`, `available_for_order`, `available_date`, `show_condition`, `condition`, `show_price`, `indexed`, `visibility`, `cache_default_attribute`, `advanced_stock_management`, `date_add`, `date_upd`, `pack_stock_type`)
VALUES
	(20,1,3,1,0,0,0.000000,1,5,1,5970.000000,0.000000,'',0.000000,0.00,0,0,0,1,'404',0,1,'0000-00-00',0,'new',1,1,'both',0,0,'2018-03-11 19:21:01','2019-01-22 14:15:43',0),
	(21,1,3,1,0,0,0.000000,1,NULL,0,3100.000000,0.000000,'',0.000000,0.00,0,0,0,1,'404',0,1,'0000-00-00',0,'new',1,1,'both',0,0,'2018-03-17 23:55:00','2019-01-22 14:15:38',0),
	(23,1,11,1,0,0,0.000000,1,NULL,0,875.000000,0.000000,'',0.000000,0.00,0,0,0,1,'404',0,1,'0000-00-00',0,'new',1,1,'both',0,0,'2018-05-04 15:28:01','2018-11-02 17:32:36',0),
	(25,1,11,1,0,0,0.000000,1,NULL,0,745.000000,0.000000,'',0.000000,0.00,0,0,0,1,'404',0,1,'0000-00-00',0,'new',1,1,'both',0,0,'2018-05-04 17:36:00','2018-11-02 17:32:28',0),
	(28,1,11,1,0,0,0.000000,1,NULL,0,745.000000,0.000000,'',0.000000,0.00,0,0,0,1,'404',0,1,'0000-00-00',0,'new',1,1,'both',0,0,'2018-05-07 11:58:28','2018-11-14 13:24:46',0),
	(29,1,11,1,0,0,0.000000,1,NULL,0,815.000000,0.000000,'',0.000000,0.00,0,0,0,1,'404',0,1,'0000-00-00',0,'new',1,1,'both',0,0,'2018-05-07 12:58:24','2018-11-14 16:11:21',0),
	(32,1,11,1,0,0,0.000000,1,NULL,0,735.000000,0.000000,'',0.000000,0.00,0,0,0,1,'404',0,1,'0000-00-00',0,'new',1,1,'both',0,0,'2018-05-07 13:31:11','2018-11-14 13:25:48',0),
	(33,1,11,1,0,0,0.000000,1,NULL,0,745.000000,0.000000,'',0.000000,0.00,0,0,0,1,'404',0,1,'0000-00-00',0,'new',1,1,'both',0,0,'2018-05-07 13:50:17','2018-11-14 13:26:13',0),
	(35,1,3,1,0,0,0.000000,1,NULL,0,5970.000000,0.000000,'',0.000000,0.00,0,0,0,1,'404',0,1,'0000-00-00',0,'new',1,1,'both',0,0,'2018-05-12 19:43:38','2019-01-22 14:15:32',0),
	(36,1,3,1,0,0,0.000000,1,NULL,0,1590.000000,0.000000,'',0.000000,0.00,0,0,0,1,'404',0,1,'0000-00-00',0,'new',1,1,'both',0,0,'2018-05-12 19:55:22','2019-01-22 14:15:48',0),
	(38,1,3,1,0,0,0.000000,1,NULL,0,3100.000000,0.000000,'',0.000000,0.00,0,0,0,1,'404',0,1,'0000-00-00',0,'new',1,1,'both',0,0,'2018-05-12 20:25:27','2019-01-22 14:15:26',0),
	(39,1,12,1,0,0,0.000000,1,NULL,0,1590.000000,0.000000,'',0.000000,0.00,0,0,0,1,'404',0,1,'0000-00-00',0,'new',1,1,'both',0,0,'2018-05-12 20:29:20','2019-01-22 14:15:53',0),
	(40,1,3,1,0,0,0.000000,1,NULL,0,5970.000000,0.000000,'',0.000000,0.00,0,0,0,1,'404',0,1,'0000-00-00',0,'new',1,1,'both',0,0,'2018-05-12 20:34:28','2019-01-22 14:18:35',0),
	(41,1,3,1,0,0,0.000000,1,NULL,0,3090.000000,0.000000,'',0.000000,0.00,0,0,0,1,'404',0,1,'0000-00-00',0,'new',1,1,'both',0,0,'2018-05-12 20:36:49','2019-01-22 14:18:30',0),
	(42,1,3,1,0,0,0.000000,1,NULL,0,1590.000000,0.000000,'',0.000000,0.00,0,0,0,1,'404',0,1,'0000-00-00',0,'new',1,1,'both',0,0,'2018-05-12 20:42:40','2019-01-28 00:32:38',0),
	(43,1,12,1,0,0,0.000000,1,NULL,0,5970.000000,0.000000,'',0.000000,0.00,0,0,0,1,'404',0,1,'0000-00-00',0,'new',1,1,'both',0,0,'2018-05-12 21:31:59','2019-01-28 18:07:15',0),
	(44,1,3,1,0,0,0.000000,1,NULL,0,3090.000000,0.000000,'',0.000000,0.00,0,0,0,1,'404',0,1,'0000-00-00',0,'new',1,1,'both',0,0,'2018-05-12 21:37:19','2019-01-28 18:07:17',0),
	(45,1,12,1,0,0,0.000000,1,NULL,0,1590.000000,0.000000,'',0.000000,0.00,0,0,0,1,'404',0,1,'0000-00-00',0,'new',1,1,'both',0,0,'2018-05-12 21:38:59','2019-01-28 18:06:36',0),
	(47,1,12,1,0,0,0.000000,1,NULL,0,3090.000000,0.000000,'',0.000000,0.00,0,0,0,1,'404',0,1,'0000-00-00',0,'new',1,1,'both',0,0,'2018-05-12 23:46:14','2019-01-28 18:00:39',0),
	(48,1,3,1,0,0,0.000000,1,NULL,0,895.000000,0.000000,'',0.000000,0.00,0,0,0,1,'404',0,1,'0000-00-00',0,'new',1,1,'both',0,0,'2018-05-12 23:48:15','2019-01-28 17:57:33',0),
	(49,1,3,1,0,0,0.000000,1,NULL,0,750.000000,0.000000,'',0.000000,0.00,0,0,0,1,'404',0,1,'0000-00-00',0,'new',1,1,'both',0,0,'2018-05-12 23:51:44','2019-01-28 17:57:33',0),
	(51,1,3,1,0,0,0.000000,1,NULL,0,1205.000000,0.000000,'',0.000000,0.00,0,0,0,1,'404',0,1,'0000-00-00',0,'new',1,1,'both',0,0,'2018-05-12 23:53:58','2019-01-28 17:57:33',0),
	(52,1,2,1,0,0,0.000000,1,NULL,0,895.000000,0.000000,'',0.000000,0.00,0,0,0,1,'404',0,1,'0000-00-00',0,'new',1,1,'both',0,0,'2018-05-12 23:55:38','2019-01-28 17:57:33',0),
	(53,1,3,1,0,0,0.000000,1,NULL,0,1438.000000,0.000000,'',0.000000,0.00,0,0,0,1,'404',0,1,'0000-00-00',0,'new',1,1,'both',0,0,'2018-05-12 23:57:38','2019-01-28 17:57:33',0),
	(54,1,2,1,0,0,0.000000,1,NULL,0,1595.000000,0.000000,'',0.000000,0.00,0,0,0,1,'404',0,1,'0000-00-00',0,'new',1,1,'both',0,0,'2018-05-13 00:00:30','2019-01-28 18:07:17',0),
	(55,1,3,1,0,0,0.000000,1,NULL,0,1140.000000,0.000000,'',0.000000,0.00,0,0,0,1,'404',0,1,'0000-00-00',0,'new',1,1,'both',0,0,'2018-05-13 00:02:34','2019-01-28 17:57:33',0),
	(56,1,3,1,0,0,0.000000,1,NULL,0,2015.000000,0.000000,'',0.000000,0.00,0,0,0,1,'404',0,1,'0000-00-00',0,'new',1,1,'both',0,0,'2018-05-13 00:04:40','2019-01-28 17:57:33',0),
	(57,1,12,1,0,0,0.000000,1,NULL,0,3050.000000,0.000000,'',0.000000,0.00,0,0,0,1,'404',0,1,'0000-00-00',0,'new',1,1,'both',0,0,'2018-05-13 00:06:08','2019-01-28 18:04:22',0),
	(58,1,15,1,0,0,0.000000,1,NULL,0,3000.000000,0.000000,'',0.000000,0.00,0,0,0,1,'404',0,1,'0000-00-00',0,'new',1,1,'both',0,0,'2018-06-07 22:50:43','2018-12-18 16:12:47',0),
	(59,1,15,1,0,0,0.000000,1,NULL,0,2000.000000,0.000000,'',0.000000,0.00,0,0,0,1,'404',0,1,'0000-00-00',0,'new',1,1,'both',0,0,'2018-06-07 22:56:31','2018-11-30 17:35:48',0),
	(60,1,15,1,0,0,0.000000,1,NULL,0,1000.000000,0.000000,'',0.000000,0.00,0,0,0,1,'404',0,1,'0000-00-00',0,'new',1,1,'both',0,0,'2018-06-07 23:00:33','2018-11-02 16:54:11',0),
	(61,1,15,1,0,0,0.000000,1,NULL,0,645.000000,0.000000,'',0.000000,0.00,0,0,0,1,'404',0,1,'0000-00-00',0,'new',1,1,'both',0,0,'2018-06-07 23:02:43','2018-11-02 16:54:11',0),
	(62,1,15,1,0,0,0.000000,1,NULL,0,1640.000000,0.000000,'',0.000000,0.00,0,0,0,1,'404',0,1,'0000-00-00',0,'new',1,1,'both',0,0,'2018-06-07 23:05:09','2018-11-02 16:54:11',0),
	(63,1,15,1,0,0,0.000000,1,NULL,0,250.000000,0.000000,'',0.000000,0.00,0,0,0,1,'404',0,1,'0000-00-00',0,'new',1,1,'both',0,0,'2018-06-07 23:08:38','2018-11-02 16:54:11',0),
	(64,1,15,1,0,0,0.000000,1,NULL,0,1650.000000,0.000000,'',0.000000,0.00,0,0,0,1,'404',0,1,'0000-00-00',0,'new',1,1,'both',0,0,'2018-06-07 23:15:34','2018-12-18 16:13:59',0),
	(65,1,15,1,0,0,0.000000,1,NULL,0,1080.000000,0.000000,'',0.000000,0.00,0,0,0,1,'404',0,1,'0000-00-00',0,'new',1,1,'both',0,0,'2018-06-07 23:17:11','2018-11-02 16:54:11',0),
	(66,1,15,1,0,0,0.000000,1,NULL,0,1185.000000,0.000000,'',0.000000,0.00,0,0,0,1,'404',0,1,'0000-00-00',0,'new',1,1,'both',0,0,'2018-06-07 23:18:49','2018-11-02 16:54:11',0),
	(67,1,15,1,0,0,0.000000,1,NULL,0,350.000000,0.000000,'',0.000000,0.00,0,0,0,1,'404',0,1,'0000-00-00',0,'new',1,1,'both',0,0,'2018-06-07 23:20:17','2018-11-02 16:54:11',0),
	(68,1,3,1,0,0,0.000000,1,NULL,0,1140.000000,0.000000,'',0.000000,0.00,0,0,0,1,'404',0,1,'0000-00-00',0,'new',1,1,'both',0,0,'2018-06-12 12:29:58','2019-01-18 17:09:39',0),
	(69,1,3,0,0,0,0.000000,1,NULL,0,625.000000,0.000000,'',0.000000,0.00,0,0,0,1,'404',0,1,'0000-00-00',0,'new',1,1,'both',0,0,'2018-06-19 22:49:28','2018-11-02 16:54:11',0),
	(70,1,3,0,0,0,0.000000,1,NULL,0,750.000000,0.000000,'',0.000000,0.00,0,0,0,1,'404',0,1,'0000-00-00',0,'new',1,1,'both',0,0,'2018-06-19 22:54:20','2018-11-02 16:54:11',0),
	(71,1,3,1,0,0,0.000000,1,NULL,0,650.000000,0.000000,'',0.000000,0.00,0,0,0,1,'404',0,1,'0000-00-00',0,'new',1,1,'both',0,0,'2018-06-19 22:57:17','2018-11-14 16:06:59',0),
	(72,1,25,0,0,0,0.000000,1,NULL,0,175.000000,0.000000,'',0.000000,0.00,0,0,0,1,'404',0,1,'0000-00-00',0,'new',1,1,'both',0,0,'2018-06-19 23:07:22','2018-11-02 16:54:11',0),
	(73,1,25,1,0,0,0.000000,1,NULL,0,400.000000,0.000000,'',0.000000,0.00,0,0,0,1,'404',0,1,'0000-00-00',0,'new',1,1,'both',0,0,'2018-06-19 23:11:37','2018-11-14 16:18:14',0),
	(74,1,21,1,0,0,0.000000,1,NULL,0,280.000000,0.000000,'',0.000000,0.00,0,0,0,1,'404',0,1,'0000-00-00',0,'new',1,1,'both',0,0,'2018-06-19 23:13:27','2018-11-02 16:54:11',0),
	(75,1,3,1,0,0,0.000000,1,NULL,0,1230.000000,0.000000,'',0.000000,0.00,0,0,0,1,'404',0,1,'0000-00-00',0,'new',1,1,'both',0,0,'2018-07-09 12:39:17','2019-01-18 14:50:34',0),
	(78,1,3,1,0,0,0.000000,1,NULL,0,690.000000,0.000000,'',0.000000,0.00,0,0,0,1,'404',0,1,'0000-00-00',0,'new',1,1,'both',0,0,'2018-07-09 13:30:07','2019-01-28 18:03:02',0),
	(79,1,3,1,0,0,0.000000,1,NULL,0,630.000000,0.000000,'',0.000000,0.00,0,0,0,0,'404',0,1,'0000-00-00',0,'new',1,0,'both',0,0,'2018-07-11 11:32:37','2019-01-28 18:07:17',0),
	(80,1,3,1,0,0,0.000000,1,NULL,0,855.000000,0.000000,'',0.000000,0.00,0,0,0,1,'404',0,1,'0000-00-00',0,'new',1,1,'both',0,0,'2018-07-11 11:41:09','2019-01-28 18:07:17',0),
	(81,1,3,1,0,0,0.000000,1,NULL,0,2550.000000,0.000000,'',0.000000,0.00,0,0,0,0,'404',0,1,'0000-00-00',0,'new',1,0,'both',0,0,'2018-07-11 11:48:24','2019-01-28 18:07:17',0),
	(82,1,3,1,0,0,0.000000,1,NULL,0,1785.000000,0.000000,'',0.000000,0.00,0,0,0,1,'404',0,1,'0000-00-00',0,'new',1,1,'both',0,0,'2018-07-11 11:55:37','2019-01-28 18:07:17',0),
	(83,1,3,1,0,0,0.000000,1,NULL,0,3050.000000,0.000000,'',0.000000,0.00,0,0,0,1,'404',0,1,'0000-00-00',0,'new',1,1,'both',0,0,'2018-07-11 12:26:04','2019-01-28 14:51:12',0),
	(84,1,3,1,0,0,0.000000,1,NULL,0,1400.000000,0.000000,'',0.000000,0.00,0,0,0,0,'404',0,1,'0000-00-00',0,'new',1,0,'both',0,0,'2018-07-11 12:39:30','2019-01-28 14:51:56',0),
	(85,1,3,1,0,0,0.000000,1,NULL,0,1090.000000,0.000000,'',0.000000,0.00,0,0,0,1,'404',0,1,'0000-00-00',0,'new',1,1,'both',0,0,'2018-07-11 13:31:34','2019-01-18 15:04:26',0),
	(86,1,3,1,0,0,0.000000,1,NULL,0,1235.000000,0.000000,'',0.000000,0.00,0,0,0,1,'404',0,1,'0000-00-00',0,'new',1,1,'both',0,0,'2018-07-11 13:46:34','2019-01-28 18:07:17',0),
	(87,1,3,1,0,0,0.000000,1,NULL,0,855.000000,0.000000,'',0.000000,0.00,0,0,0,1,'404',0,1,'0000-00-00',0,'new',1,1,'both',0,0,'2018-07-11 13:52:10','2019-01-28 18:07:17',0),
	(88,1,3,1,0,0,0.000000,1,NULL,0,2690.000000,0.000000,'',0.000000,0.00,0,0,0,1,'404',0,1,'0000-00-00',0,'new',1,1,'both',0,0,'2018-07-11 14:11:35','2019-01-18 14:54:26',0),
	(89,1,3,1,0,0,0.000000,1,NULL,0,1910.000000,0.000000,'',0.000000,0.00,0,0,0,1,'404',0,1,'0000-00-00',0,'new',1,1,'both',0,0,'2018-07-11 14:16:54','2019-01-18 16:49:31',0),
	(90,1,3,1,0,0,0.000000,1,NULL,0,1126.000000,0.000000,'',0.000000,0.00,0,0,0,0,'404',0,1,'0000-00-00',0,'new',1,0,'both',0,0,'2018-07-11 14:39:02','2019-01-28 18:07:17',0),
	(91,1,3,1,0,0,0.000000,1,NULL,0,1920.000000,0.000000,'',0.000000,0.00,0,0,0,1,'404',0,1,'0000-00-00',0,'new',1,1,'both',0,0,'2018-07-12 12:21:19','2019-01-22 14:17:47',0),
	(92,1,3,1,0,0,0.000000,1,NULL,0,5140.000000,0.000000,'',0.000000,0.00,0,0,0,1,'404',0,1,'0000-00-00',0,'new',1,1,'both',0,0,'2018-07-12 12:35:50','2019-01-22 14:17:53',0),
	(93,1,3,1,0,0,0.000000,1,NULL,0,1485.000000,0.000000,'',0.000000,0.00,0,0,0,0,'404',0,1,'0000-00-00',0,'new',1,0,'both',0,0,'2018-07-12 13:21:21','2019-01-28 18:07:17',0),
	(94,1,3,1,0,0,0.000000,1,NULL,0,2610.000000,0.000000,'',0.000000,0.00,0,0,0,1,'404',0,1,'0000-00-00',0,'new',1,1,'both',0,0,'2018-07-13 12:18:31','2019-01-18 17:16:36',0),
	(95,1,3,1,0,0,0.000000,1,NULL,0,1300.000000,0.000000,'',0.000000,0.00,0,0,0,1,'404',0,1,'0000-00-00',0,'new',1,1,'both',0,0,'2018-07-13 13:28:48','2019-01-18 17:32:03',0),
	(96,1,3,1,0,0,0.000000,1,NULL,0,1450.000000,0.000000,'',0.000000,0.00,0,0,0,1,'404',0,1,'0000-00-00',0,'new',1,1,'both',0,0,'2018-07-13 14:04:00','2019-01-18 17:03:43',0),
	(97,1,3,1,0,0,0.000000,1,NULL,0,1520.000000,0.000000,'',0.000000,0.00,0,0,0,1,'404',0,1,'0000-00-00',0,'new',1,1,'both',0,0,'2018-07-17 13:09:52','2019-01-18 16:23:28',0),
	(98,1,3,0,0,0,0.000000,1,NULL,0,650.000000,0.000000,'',0.000000,0.00,0,0,0,1,'404',0,1,'0000-00-00',0,'new',1,1,'both',0,0,'2018-07-18 11:16:06','2018-11-02 16:54:11',0),
	(99,1,3,0,0,0,0.000000,1,NULL,0,875.000000,0.000000,'',0.000000,0.00,0,0,0,1,'404',0,1,'0000-00-00',0,'new',1,1,'both',0,0,'2018-07-18 11:35:04','2018-11-02 16:54:11',0),
	(100,1,3,0,0,0,0.000000,1,NULL,0,625.000000,0.000000,'',0.000000,0.00,0,0,0,1,'404',0,1,'0000-00-00',0,'new',1,1,'both',0,0,'2018-07-18 12:20:07','2018-11-02 16:54:11',0),
	(101,1,3,1,0,0,0.000000,1,NULL,0,2300.000000,0.000000,'',0.000000,0.00,0,0,0,1,'404',0,1,'0000-00-00',0,'new',1,1,'both',0,0,'2018-07-18 13:47:53','2019-01-28 18:07:17',0),
	(102,1,3,1,0,0,0.000000,1,NULL,0,3335.000000,0.000000,'',0.000000,0.00,0,0,0,1,'404',0,1,'0000-00-00',0,'new',1,1,'both',0,0,'2018-07-18 13:51:15','2019-01-22 14:16:47',0),
	(103,1,3,1,0,0,0.000000,1,NULL,0,3795.000000,0.000000,'',0.000000,0.00,0,0,0,1,'404',0,1,'0000-00-00',0,'new',1,1,'both',0,0,'2018-07-18 13:59:00','2019-01-28 18:07:17',0),
	(104,1,11,1,0,0,0.000000,1,NULL,0,795.000000,0.000000,'',0.000000,0.00,0,0,0,1,'404',0,1,'0000-00-00',0,'new',1,1,'both',0,0,'2018-07-19 06:39:49','2018-11-14 16:15:55',0),
	(109,1,3,1,0,0,0.000000,1,NULL,0,0.000000,0.000000,'',0.000000,0.00,0,0,0,1,'404',0,1,'0000-00-00',0,'new',1,1,'both',3,0,'2018-07-30 13:25:51','2019-01-28 18:07:17',0),
	(110,1,23,1,0,0,0.000000,1,NULL,0,0.000000,0.000000,'',0.000000,0.00,0,0,0,1,'404',0,1,'0000-00-00',0,'new',1,1,'both',0,0,'2018-08-03 13:21:03','2018-11-02 16:54:11',0),
	(112,1,2,1,0,0,0.000000,1,NULL,0,5.000000,0.000000,'',0.000000,0.00,0,0,0,0,'404',0,1,'0000-00-00',0,'new',1,0,'both',0,0,'2018-08-03 13:26:49','2018-11-02 16:54:11',0),
	(113,1,2,1,0,0,0.000000,1,NULL,0,80.000000,0.000000,'',0.000000,0.00,0,0,0,0,'404',0,1,'0000-00-00',0,'new',1,0,'both',0,0,'2018-08-03 13:30:59','2018-11-02 16:54:11',0),
	(114,1,2,1,0,0,0.000000,1,NULL,0,120.000000,0.000000,'',0.000000,0.00,0,0,0,0,'404',0,1,'0000-00-00',0,'new',1,0,'both',0,0,'2018-08-03 13:32:09','2018-11-02 16:54:11',0),
	(115,1,2,1,0,0,0.000000,1,NULL,0,150.000000,0.000000,'',0.000000,0.00,0,0,0,0,'404',0,1,'0000-00-00',0,'new',1,0,'both',0,0,'2018-08-03 13:34:24','2018-11-02 16:54:11',0),
	(116,1,25,1,0,0,0.000000,1,NULL,0,390.000000,0.000000,'',0.000000,0.00,0,0,0,1,'404',0,1,'0000-00-00',0,'new',1,1,'both',0,0,'2018-08-07 12:07:45','2019-01-10 14:52:31',0),
	(117,1,25,0,0,0,0.000000,1,NULL,0,175.000000,0.000000,'',0.000000,0.00,0,0,0,1,'404',0,1,'0000-00-00',0,'new',1,1,'both',0,0,'2018-08-07 12:09:51','2018-11-02 16:54:11',0),
	(118,1,25,0,0,0,0.000000,1,NULL,0,230.000000,0.000000,'',0.000000,0.00,0,0,0,1,'404',0,1,'0000-00-00',0,'new',1,1,'both',0,0,'2018-08-07 12:13:22','2018-11-02 16:54:11',0),
	(119,1,25,1,0,0,0.000000,1,NULL,0,240.000000,0.000000,'',0.000000,0.00,0,0,0,1,'404',0,1,'0000-00-00',0,'new',1,1,'both',0,0,'2018-08-07 12:15:40','2018-11-14 16:18:09',0),
	(120,1,3,0,0,0,0.000000,1,NULL,0,150.000000,0.000000,'',0.000000,0.00,0,0,0,1,'404',0,1,'0000-00-00',0,'new',1,1,'both',0,0,'2018-08-07 12:55:41','2019-01-28 18:07:17',0),
	(121,1,37,1,0,0,0.000000,1,NULL,0,900.000000,0.000000,'',0.000000,0.00,0,0,0,1,'404',0,1,'0000-00-00',0,'new',1,1,'both',0,0,'2018-08-09 12:15:50','2019-01-21 15:44:05',0),
	(122,1,11,1,0,0,0.000000,1,NULL,0,865.000000,0.000000,'',0.000000,0.00,0,0,0,1,'404',0,1,'0000-00-00',0,'new',1,1,'both',0,0,'2018-08-09 12:19:55','2018-11-14 13:30:31',0),
	(123,1,11,1,0,0,0.000000,1,NULL,0,800.000000,0.000000,'',0.000000,0.00,0,0,0,1,'404',0,1,'0000-00-00',0,'new',1,1,'both',0,0,'2018-08-09 12:34:30','2018-11-14 16:12:08',0),
	(124,1,11,1,0,0,0.000000,1,NULL,0,815.000000,0.000000,'',0.000000,0.00,0,0,0,1,'404',0,1,'0000-00-00',0,'new',1,1,'both',0,0,'2018-08-09 12:42:08','2018-11-14 13:31:24',0),
	(125,1,15,1,0,0,0.000000,1,NULL,0,804.000000,0.000000,'',0.000000,0.00,0,0,0,1,'404',0,1,'0000-00-00',0,'new',1,1,'both',0,0,'2018-08-14 12:32:20','2018-11-30 17:35:13',0),
	(126,1,15,1,0,0,0.000000,1,NULL,0,1749.000000,0.000000,'',0.000000,0.00,0,0,0,1,'404',0,1,'0000-00-00',0,'new',1,1,'both',0,0,'2018-08-14 13:21:36','2018-11-30 17:35:04',0),
	(127,1,15,1,0,0,0.000000,1,NULL,0,2700.000000,0.000000,'',0.000000,0.00,0,0,0,1,'404',0,1,'0000-00-00',0,'new',1,1,'both',0,0,'2018-08-14 13:27:58','2018-11-30 17:34:48',0),
	(128,1,26,1,0,0,0.000000,1,NULL,0,650.000000,0.000000,'',0.000000,0.00,0,0,0,0,'404',0,1,'0000-00-00',0,'new',1,0,'both',0,0,'2018-09-23 22:08:32','2019-01-28 14:58:24',3),
	(129,1,26,1,0,0,0.000000,1,NULL,0,700.000000,0.000000,'',0.000000,0.00,0,0,0,0,'404',0,1,'0000-00-00',0,'new',1,0,'both',0,0,'2018-09-23 22:23:39','2019-01-28 14:59:22',3),
	(130,1,26,1,0,0,0.000000,1,NULL,0,750.000000,0.000000,'',0.000000,0.00,0,0,0,0,'404',0,1,'0000-00-00',0,'new',1,0,'both',0,0,'2018-09-23 22:28:22','2019-01-28 15:03:57',3),
	(131,1,26,0,0,0,0.000000,1,NULL,0,800.000000,0.000000,'',0.000000,0.00,0,0,0,0,'404',0,1,'0000-00-00',0,'new',1,1,'both',0,0,'2018-09-23 22:40:07','2019-01-14 17:29:30',3),
	(132,1,26,0,0,0,0.000000,1,NULL,0,750.000000,0.000000,'',0.000000,0.00,0,0,0,0,'404',0,1,'0000-00-00',0,'new',1,1,'both',0,0,'2018-09-23 22:43:50','2019-01-14 17:29:36',3),
	(133,1,26,0,0,0,0.000000,1,NULL,0,780.000000,0.000000,'',0.000000,0.00,0,0,0,0,'404',0,1,'0000-00-00',0,'new',1,1,'both',0,0,'2018-09-23 22:47:02','2019-01-14 17:29:25',3),
	(134,1,26,1,0,0,0.000000,1,NULL,0,890.000000,0.000000,'',0.000000,0.00,0,0,0,0,'404',0,1,'0000-00-00',0,'new',1,0,'both',0,0,'2018-09-23 22:50:23','2018-12-14 15:36:24',3),
	(135,1,26,1,0,0,0.000000,1,NULL,0,1050.000000,0.000000,'',0.000000,0.00,0,0,0,0,'404',0,1,'0000-00-00',0,'new',1,0,'both',0,0,'2018-09-23 22:52:47','2018-12-14 15:36:19',3),
	(136,1,26,1,0,0,0.000000,1,NULL,0,890.000000,0.000000,'',0.000000,0.00,0,0,0,0,'404',0,1,'0000-00-00',0,'new',1,0,'both',0,0,'2018-09-23 22:56:37','2018-12-14 15:36:10',3),
	(137,1,25,1,0,0,0.000000,1,NULL,0,1200.000000,0.000000,'',0.000000,0.00,0,0,0,1,'404',0,1,'0000-00-00',0,'new',1,1,'both',0,0,'2018-09-25 14:54:48','2019-01-21 16:07:29',3),
	(138,1,15,1,0,0,0.000000,1,NULL,0,950.000000,0.000000,'',0.000000,0.00,0,0,0,1,'404',0,1,'0000-00-00',0,'new',1,1,'both',0,0,'2018-09-25 18:03:02','2018-11-30 17:33:50',3),
	(139,1,36,1,0,0,0.000000,1,NULL,0,1240.000000,0.000000,'',0.000000,0.00,0,0,0,1,'404',0,1,'0000-00-00',0,'new',1,1,'both',0,0,'2018-09-25 18:20:23','2019-01-22 14:16:26',3),
	(140,1,25,1,0,0,0.000000,1,NULL,0,975.000000,0.000000,'',0.000000,0.00,0,0,0,1,'404',0,1,'0000-00-00',0,'new',1,1,'both',0,0,'2018-09-25 18:26:35','2019-01-28 16:38:10',3),
	(141,1,25,1,0,0,0.000000,1,NULL,0,250.000000,0.000000,'',0.000000,0.00,0,0,0,1,'404',0,1,'0000-00-00',0,'new',1,1,'both',0,0,'2018-09-28 14:56:14','2018-11-14 16:18:03',3),
	(142,1,25,1,0,0,0.000000,1,NULL,0,1195.000000,0.000000,'',0.000000,0.00,0,0,0,1,'404',0,1,'0000-00-00',0,'new',1,1,'both',0,0,'2018-09-29 14:04:16','2018-11-14 13:33:12',3),
	(143,1,25,1,0,0,0.000000,1,NULL,0,925.000000,0.000000,'',0.000000,0.00,0,0,0,1,'404',0,1,'0000-00-00',0,'new',1,1,'both',0,0,'2018-10-02 17:08:47','2018-11-14 13:41:52',3),
	(144,1,27,1,0,0,0.000000,1,NULL,0,350.000000,0.000000,'',0.000000,0.00,0,0,0,1,'404',0,1,'0000-00-00',0,'new',1,1,'both',4,0,'2018-10-10 18:58:07','2018-11-14 16:04:04',3),
	(145,1,27,1,0,0,0.000000,1,NULL,0,350.000000,0.000000,'',0.000000,0.00,0,0,0,1,'404',0,1,'0000-00-00',0,'new',1,1,'both',9,0,'2018-10-12 18:08:22','2018-11-14 16:03:52',3),
	(146,1,27,1,0,0,0.000000,1,NULL,0,350.000000,0.000000,'',0.000000,0.00,0,0,0,1,'404',0,1,'0000-00-00',0,'new',1,1,'both',10,0,'2018-10-12 18:31:39','2018-11-14 16:03:20',3),
	(147,1,27,1,0,0,0.000000,1,NULL,0,350.000000,0.000000,'',0.000000,0.00,0,0,0,1,'404',0,1,'0000-00-00',0,'new',1,1,'both',16,0,'2018-10-12 18:52:19','2018-11-02 16:54:11',3),
	(148,1,27,1,0,0,0.000000,1,NULL,0,350.000000,0.000000,'',0.000000,0.00,0,0,0,1,'404',0,1,'0000-00-00',0,'new',1,1,'both',13,0,'2018-10-12 18:53:00','2018-11-14 16:03:06',3),
	(149,1,27,1,0,0,0.000000,1,NULL,0,350.000000,0.000000,'',0.000000,0.00,0,0,0,1,'404',0,1,'0000-00-00',0,'new',1,1,'both',28,0,'2018-10-12 18:53:25','2018-11-14 16:03:01',3),
	(150,1,27,1,0,0,0.000000,1,NULL,0,350.000000,0.000000,'',0.000000,0.00,0,0,0,1,'404',0,1,'0000-00-00',0,'new',1,1,'both',26,0,'2018-10-12 18:53:59','2018-11-14 16:02:48',3),
	(151,1,27,1,0,0,0.000000,1,NULL,0,350.000000,0.000000,'',0.000000,0.00,0,0,0,1,'404',0,1,'0000-00-00',0,'new',1,1,'both',19,0,'2018-10-12 18:54:14','2018-11-14 16:02:40',3),
	(152,1,27,1,0,0,0.000000,1,NULL,0,380.000000,0.000000,'',0.000000,0.00,0,0,0,1,'404',0,1,'0000-00-00',0,'new',1,1,'both',23,0,'2018-10-12 18:54:37','2018-11-14 16:00:52',3),
	(153,1,26,1,0,0,0.000000,1,NULL,0,350.000000,0.000000,'',0.000000,0.00,0,0,0,0,'404',0,1,'0000-00-00',0,'new',1,1,'both',0,0,'2018-10-15 17:07:08','2019-01-14 17:29:21',3),
	(154,1,17,1,0,0,0.000000,1,NULL,0,310.000000,0.000000,'',0.000000,0.00,0,0,0,1,'404',0,1,'0000-00-00',0,'new',1,1,'both',0,0,'2018-10-15 19:01:33','2019-01-28 18:07:17',3),
	(155,1,31,1,0,0,0.000000,1,NULL,0,537.000000,0.000000,'',0.000000,0.00,0,0,0,1,'404',0,1,'0000-00-00',0,'new',1,1,'both',0,0,'2018-10-15 19:20:59','2018-12-24 18:03:05',3),
	(156,1,17,1,0,0,0.000000,1,NULL,0,630.000000,0.000000,'',0.000000,0.00,0,0,0,1,'404',0,1,'0000-00-00',0,'new',1,1,'both',0,0,'2018-10-15 20:02:44','2018-11-30 17:33:40',3),
	(157,1,17,1,0,0,0.000000,1,NULL,0,615.000000,0.000000,'',0.000000,0.00,0,0,0,1,'404',0,1,'0000-00-00',0,'new',1,1,'both',0,0,'2018-10-16 14:09:04','2018-11-14 16:14:28',3),
	(158,1,17,1,0,0,0.000000,1,NULL,0,900.000000,0.000000,'',0.000000,0.00,0,0,0,1,'404',0,1,'0000-00-00',0,'new',1,1,'both',0,0,'2018-10-16 14:11:58','2018-11-02 17:32:42',3),
	(159,1,5,1,0,0,0.000000,1,NULL,0,350.000000,0.000000,'',0.000000,0.00,0,0,0,1,'404',0,1,'0000-00-00',0,'new',1,1,'both',0,0,'2018-10-22 13:27:11','2018-12-03 01:42:29',3),
	(161,1,21,1,0,0,0.000000,1,NULL,0,140.000000,0.000000,'',0.000000,0.00,0,0,0,1,'404',0,1,'0000-00-00',0,'new',1,1,'both',0,0,'2018-11-12 16:06:13','2018-11-14 16:17:02',3),
	(162,1,21,1,0,0,0.000000,1,NULL,0,140.000000,0.000000,'',0.000000,0.00,0,0,0,1,'404',0,1,'0000-00-00',0,'new',1,1,'both',0,0,'2018-11-12 16:09:16','2018-11-14 16:17:07',3),
	(163,1,11,1,0,0,0.000000,1,NULL,0,800.000000,0.000000,'',0.000000,0.00,0,0,0,1,'404',0,1,'0000-00-00',0,'new',1,1,'both',0,0,'2018-11-12 16:12:34','2018-11-30 17:32:48',3),
	(164,1,29,1,0,0,0.000000,1,NULL,0,700.000000,0.000000,'',0.000000,0.00,0,0,0,0,'404',0,1,'0000-00-00',0,'new',1,1,'both',0,0,'2018-11-26 11:39:15','2019-01-14 17:28:31',3),
	(166,1,29,1,0,0,0.000000,1,NULL,0,300.000000,0.000000,'',0.000000,0.00,0,0,0,0,'404',0,1,'0000-00-00',0,'new',1,1,'both',0,0,'2018-11-26 11:51:49','2019-01-28 18:07:17',3),
	(167,1,2,1,0,0,0.000000,1,NULL,0,1180.000000,0.000000,'',0.000000,0.00,0,0,0,0,'404',0,1,'0000-00-00',0,'new',1,0,'both',0,0,'2018-11-26 11:56:33','2018-12-27 23:42:28',3),
	(169,1,2,1,0,0,0.000000,1,NULL,0,600.000000,0.000000,'',0.000000,0.00,0,0,0,1,'404',0,1,'0000-00-00',0,'new',1,1,'both',0,0,'2018-11-26 12:05:46','2018-12-10 17:15:35',3),
	(170,1,2,1,0,0,0.000000,1,NULL,0,755.000000,0.000000,'',0.000000,0.00,0,0,0,0,'404',0,1,'0000-00-00',0,'new',1,0,'both',0,0,'2018-11-26 12:10:28','2018-12-27 23:42:25',3),
	(171,1,29,1,0,0,0.000000,1,NULL,0,600.000000,0.000000,'',0.000000,0.00,0,0,0,0,'404',0,1,'0000-00-00',0,'new',1,0,'both',0,0,'2018-11-26 12:16:41','2018-12-27 23:42:23',3),
	(173,1,2,1,0,0,0.000000,1,NULL,0,450.000000,0.000000,'',0.000000,0.00,0,0,0,0,'404',0,1,'0000-00-00',0,'new',1,1,'both',0,0,'2018-11-29 18:24:33','2018-12-31 12:06:23',3),
	(174,1,29,1,0,0,0.000000,1,NULL,0,440.000000,0.000000,'',0.000000,0.00,0,0,0,0,'404',0,1,'0000-00-00',0,'new',1,1,'both',0,0,'2018-11-30 17:44:30','2019-01-14 17:28:23',3),
	(175,1,29,1,0,0,0.000000,1,NULL,0,1025.000000,0.000000,'',0.000000,0.00,0,0,0,0,'404',0,1,'0000-00-00',0,'new',1,0,'both',0,0,'2018-11-30 18:04:49','2019-01-28 16:40:16',3),
	(176,1,29,1,0,0,0.000000,1,NULL,0,1035.000000,0.000000,'',0.000000,0.00,0,0,0,0,'404',0,1,'0000-00-00',0,'new',1,1,'both',0,0,'2018-12-06 12:19:31','2019-01-14 17:28:15',3),
	(177,1,29,1,0,0,0.000000,1,NULL,0,480.000000,0.000000,'',0.000000,0.00,0,0,0,0,'404',0,1,'0000-00-00',0,'new',1,1,'both',0,0,'2018-12-06 12:40:13','2019-01-14 17:28:10',3),
	(180,1,2,1,0,0,0.000000,1,NULL,0,280.000000,0.000000,'',0.000000,0.00,0,0,0,1,'404',0,1,'0000-00-00',0,'new',1,1,'both',0,0,'2018-12-07 14:48:12','2018-12-08 16:42:45',3),
	(182,1,29,1,0,0,0.000000,1,NULL,0,525.000000,0.000000,'',0.000000,0.00,0,0,0,0,'404',0,1,'0000-00-00',0,'new',1,0,'both',0,0,'2018-12-07 15:53:27','2019-01-28 15:05:22',3),
	(183,1,29,1,0,0,0.000000,1,NULL,0,320.000000,0.000000,'',0.000000,0.00,0,0,0,0,'404',0,1,'0000-00-00',0,'new',1,1,'both',0,0,'2018-12-07 16:09:38','2019-01-14 17:28:00',3),
	(184,1,2,1,0,0,0.000000,1,NULL,0,815.000000,0.000000,'',0.000000,0.00,0,0,0,1,'404',0,1,'0000-00-00',0,'new',1,1,'both',0,0,'2018-12-11 14:16:22','2019-01-28 18:07:17',3),
	(185,1,2,1,0,0,0.000000,1,NULL,0,760.000000,0.000000,'',0.000000,0.00,0,0,0,1,'404',0,1,'0000-00-00',0,'new',1,1,'both',0,0,'2018-12-11 15:09:39','2019-01-28 18:07:17',3),
	(187,1,2,1,0,0,0.000000,1,NULL,0,931.000000,0.000000,'',0.000000,0.00,0,0,0,1,'404',0,1,'0000-00-00',0,'new',1,1,'both',0,0,'2018-12-11 15:35:05','2019-01-28 18:07:17',3),
	(188,1,2,1,0,0,0.000000,1,NULL,0,670.000000,0.000000,'',0.000000,0.00,0,0,0,1,'404',0,1,'0000-00-00',0,'new',1,1,'both',0,0,'2018-12-11 16:09:15','2019-01-28 18:07:17',3),
	(190,1,2,1,0,0,0.000000,1,NULL,0,805.000000,0.000000,'',0.000000,0.00,0,0,0,1,'404',0,1,'0000-00-00',0,'new',1,1,'both',0,0,'2018-12-11 16:25:23','2019-01-28 18:07:17',3),
	(191,1,19,1,0,0,0.000000,1,NULL,0,1715.000000,0.000000,'',0.000000,0.00,0,0,0,1,'404',0,1,'0000-00-00',0,'new',1,1,'both',0,0,'2018-12-11 16:46:01','2019-01-28 18:07:17',3),
	(192,1,33,1,0,0,0.000000,1,NULL,0,0.000000,0.000000,'',0.000000,0.00,0,0,0,1,'404',0,1,'0000-00-00',0,'new',1,1,'both',95,0,'2018-12-14 15:25:34','2019-01-28 15:58:16',3),
	(194,1,37,1,0,0,0.000000,1,NULL,0,1070.000000,0.000000,'',0.000000,0.00,0,0,0,1,'404',0,1,'0000-00-00',0,'new',1,1,'both',0,0,'2018-12-20 15:34:32','2019-01-21 15:42:45',3),
	(195,1,2,1,0,0,0.000000,1,NULL,0,320.000000,0.000000,'',0.000000,0.00,0,0,0,1,'404',0,1,'0000-00-00',0,'new',1,1,'both',0,0,'2018-12-20 17:02:02','2019-01-09 14:16:35',3),
	(196,1,2,1,0,0,0.000000,1,NULL,0,250.000000,0.000000,'',0.000000,0.00,0,0,0,1,'404',0,1,'0000-00-00',0,'new',1,1,'both',0,0,'2018-12-20 17:29:56','2019-01-09 14:16:35',3),
	(198,1,2,1,0,0,0.000000,1,NULL,0,3500.000000,0.000000,'',0.000000,0.00,0,0,0,1,'404',0,1,'0000-00-00',0,'new',1,1,'both',0,0,'2018-12-24 15:04:15','2018-12-26 12:19:38',3),
	(200,1,22,1,0,0,0.000000,1,NULL,0,1115.000000,0.000000,'',0.000000,0.00,0,0,0,0,'404',0,1,'0000-00-00',0,'new',1,1,'both',0,0,'2018-12-24 15:24:47','2019-01-04 14:00:43',3),
	(202,1,31,1,0,0,0.000000,1,NULL,0,3580.000000,0.000000,'',0.000000,0.00,0,0,0,1,'404',0,1,'0000-00-00',0,'new',1,1,'both',0,0,'2018-12-24 15:28:43','2019-01-28 16:36:12',3),
	(204,1,30,1,0,0,0.000000,1,NULL,0,4900.000000,0.000000,'',0.000000,0.00,0,0,0,1,'404',0,1,'0000-00-00',0,'new',1,1,'both',0,0,'2018-12-24 15:54:39','2018-12-26 12:19:41',3),
	(205,1,30,1,0,0,0.000000,1,NULL,0,1400.000000,0.000000,'',0.000000,0.00,0,0,0,1,'404',0,1,'0000-00-00',0,'new',1,1,'both',0,0,'2018-12-24 16:27:09','2018-12-26 12:19:41',3),
	(206,1,25,1,0,0,0.000000,1,NULL,0,650.000000,0.000000,'',0.000000,0.00,0,0,0,1,'404',0,1,'0000-00-00',0,'new',1,1,'both',0,0,'2018-12-24 16:35:47','2018-12-26 12:19:41',3),
	(207,1,2,1,0,0,0.000000,1,NULL,0,520.000000,0.000000,'',0.000000,0.00,0,0,0,1,'404',0,1,'0000-00-00',0,'new',1,1,'both',0,0,'2018-12-24 16:38:28','2018-12-26 12:19:41',3),
	(208,1,15,1,0,0,0.000000,1,NULL,0,630.000000,0.000000,'',0.000000,0.00,0,0,0,1,'404',0,1,'0000-00-00',0,'new',1,1,'both',0,0,'2018-12-24 16:44:57','2018-12-26 12:19:41',3),
	(209,1,30,1,0,0,0.000000,1,NULL,0,565.000000,0.000000,'',0.000000,0.00,0,0,0,1,'404',0,1,'0000-00-00',0,'new',1,1,'both',0,0,'2018-12-24 16:48:11','2018-12-26 12:19:41',3),
	(210,1,2,1,0,0,0.000000,1,NULL,0,1450.000000,0.000000,'',0.000000,0.00,0,0,0,1,'404',0,1,'0000-00-00',0,'new',1,1,'both',0,0,'2018-12-24 16:52:26','2018-12-26 12:19:41',3),
	(212,1,30,1,0,0,0.000000,1,NULL,0,2300.000000,0.000000,'',0.000000,0.00,0,0,0,1,'404',0,1,'0000-00-00',0,'new',1,1,'both',0,0,'2018-12-24 17:22:13','2018-12-26 12:19:42',3),
	(213,1,2,1,0,0,0.000000,1,NULL,0,2350.000000,0.000000,'',0.000000,0.00,0,0,0,1,'404',0,1,'0000-00-00',0,'new',1,1,'both',0,0,'2018-12-24 17:23:08','2018-12-26 12:19:42',3),
	(214,1,15,1,0,0,0.000000,1,NULL,0,650.000000,0.000000,'',0.000000,0.00,0,0,0,1,'404',0,1,'0000-00-00',0,'new',1,1,'both',0,0,'2018-12-24 17:52:13','2019-01-09 14:16:35',3),
	(215,1,21,1,0,0,0.000000,1,NULL,0,345.000000,0.000000,'',0.000000,0.00,0,0,0,1,'404',0,1,'0000-00-00',0,'new',1,1,'both',0,0,'2018-12-24 19:10:08','2018-12-26 12:19:42',3),
	(216,1,30,1,0,0,0.000000,1,NULL,0,1600.000000,0.000000,'',0.000000,0.00,0,0,0,1,'404',0,1,'0000-00-00',0,'new',1,1,'both',0,0,'2018-12-24 19:22:34','2019-01-21 12:53:33',3),
	(218,1,29,1,0,0,0.000000,1,NULL,0,880.000000,0.000000,'',0.000000,0.00,0,0,0,0,'404',0,1,'0000-00-00',0,'new',1,1,'both',0,0,'2018-12-27 14:39:32','2019-01-14 17:27:56',3),
	(219,1,29,1,0,0,0.000000,1,NULL,0,870.000000,0.000000,'',0.000000,0.00,0,0,0,0,'404',0,1,'0000-00-00',0,'new',1,1,'both',0,0,'2018-12-27 14:50:19','2019-01-14 17:27:53',3),
	(221,1,2,1,0,0,0.000000,1,NULL,0,560.000000,0.000000,'',0.000000,0.00,0,0,0,1,'404',0,1,'0000-00-00',0,'new',1,1,'both',0,0,'2018-12-28 21:54:36','2019-01-22 13:50:36',3),
	(222,1,2,1,0,0,0.000000,1,NULL,0,770.000000,0.000000,'',0.000000,0.00,0,0,0,1,'404',0,1,'0000-00-00',0,'new',1,1,'both',0,0,'2018-12-28 21:55:29','2019-01-22 13:50:48',3),
	(223,1,2,1,0,0,0.000000,1,NULL,0,920.000000,0.000000,'',0.000000,0.00,0,0,0,1,'404',0,1,'0000-00-00',0,'new',1,1,'both',0,0,'2018-12-28 21:56:04','2019-01-22 13:51:25',3),
	(224,1,33,1,0,0,0.000000,1,NULL,0,0.000000,0.000000,'',0.000000,0.00,0,0,0,1,'404',0,1,'0000-00-00',0,'new',1,1,'both',98,0,'2019-01-04 13:51:37','2019-01-28 15:59:47',3),
	(225,1,2,1,0,0,0.000000,1,NULL,0,1460.000000,0.000000,'',0.000000,0.00,0,0,0,1,'404',0,1,'0000-00-00',0,'new',1,1,'both',0,0,'2019-01-06 21:52:40','2019-01-28 16:34:17',3),
	(226,1,2,1,0,0,0.000000,1,NULL,0,1280.000000,0.000000,'',0.000000,0.00,0,0,0,1,'404',0,1,'0000-00-00',0,'new',1,1,'both',0,0,'2019-01-06 21:53:34','2019-01-28 16:32:47',3),
	(227,1,25,1,0,0,0.000000,1,NULL,0,980.000000,0.000000,'',0.000000,0.00,0,0,0,0,'404',0,1,'0000-00-00',0,'new',1,1,'both',0,0,'2019-01-06 21:54:08','2019-01-14 17:27:19',3),
	(228,1,30,1,0,0,0.000000,1,NULL,0,4200.000000,0.000000,'',0.000000,0.00,0,0,0,1,'404',0,1,'0000-00-00',0,'new',1,1,'both',0,0,'2019-01-09 19:31:43','2019-01-10 14:07:42',3),
	(229,1,30,1,0,0,0.000000,1,NULL,0,2150.000000,0.000000,'',0.000000,0.00,0,0,0,1,'404',0,1,'0000-00-00',0,'new',1,1,'both',0,0,'2019-01-09 19:38:07','2019-01-10 14:11:11',3),
	(230,1,30,1,0,0,0.000000,1,NULL,0,1750.000000,0.000000,'',0.000000,0.00,0,0,0,1,'404',0,1,'0000-00-00',0,'new',1,1,'both',0,0,'2019-01-09 19:41:17','2019-01-10 14:21:50',3),
	(231,1,2,1,0,0,0.000000,1,NULL,0,2130.000000,0.000000,'',0.000000,0.00,0,0,0,1,'404',0,1,'0000-00-00',0,'new',1,1,'both',0,0,'2019-01-09 19:45:52','2019-01-10 14:27:06',3),
	(232,1,30,1,0,0,0.000000,1,NULL,0,975.000000,0.000000,'',0.000000,0.00,0,0,0,1,'404',0,1,'0000-00-00',0,'new',1,1,'both',0,0,'2019-01-09 19:50:37','2019-01-10 15:27:21',3),
	(233,1,2,1,0,0,0.000000,1,NULL,0,1150.000000,0.000000,'',0.000000,0.00,0,0,0,1,'404',0,1,'0000-00-00',0,'new',1,1,'both',0,0,'2019-01-10 16:40:48','2019-01-10 16:46:30',3),
	(234,1,12,1,0,0,0.000000,1,NULL,0,0.000000,0.000000,'',0.000000,0.00,0,0,0,1,'404',0,1,'0000-00-00',0,'new',1,1,'both',48,0,'2019-01-11 15:39:42','2019-01-11 16:19:35',3),
	(235,1,12,1,0,0,0.000000,1,NULL,0,0.000000,0.000000,'',0.000000,0.00,0,0,0,1,'404',0,1,'0000-00-00',0,'new',1,1,'both',40,0,'2019-01-11 15:40:20','2019-01-11 16:17:55',3),
	(236,1,12,1,0,0,0.000000,1,NULL,0,0.000000,0.000000,'',0.000000,0.00,0,0,0,1,'404',0,1,'0000-00-00',0,'new',1,1,'both',32,0,'2019-01-11 15:40:58','2019-01-11 16:20:14',3),
	(237,1,12,1,0,0,0.000000,1,NULL,0,585.000000,0.000000,'',0.000000,0.00,0,0,0,1,'404',0,1,'0000-00-00',0,'new',1,1,'both',0,0,'2019-01-11 23:26:09','2019-01-28 16:30:39',3),
	(238,1,12,1,0,0,0.000000,1,NULL,0,1426.000000,0.000000,'',0.000000,0.00,0,0,0,1,'404',0,1,'0000-00-00',0,'new',1,1,'both',0,0,'2019-01-11 23:30:36','2019-01-28 16:27:54',3),
	(239,1,12,1,0,0,0.000000,1,NULL,0,1125.000000,0.000000,'',0.000000,0.00,0,0,0,1,'404',0,1,'0000-00-00',0,'new',1,1,'both',0,0,'2019-01-11 23:35:42','2019-01-28 16:26:28',3),
	(240,1,12,1,0,0,0.000000,1,NULL,0,1380.000000,0.000000,'',0.000000,0.00,0,0,0,1,'404',0,1,'0000-00-00',0,'new',1,1,'both',0,0,'2019-01-11 23:40:42','2019-01-28 16:25:14',3),
	(241,1,33,1,0,0,0.000000,1,NULL,0,0.000000,0.000000,'',0.000000,0.00,0,0,0,1,'404',0,1,'0000-00-00',0,'new',1,1,'both',103,0,'2019-01-11 23:52:37','2019-01-28 15:35:28',3),
	(242,1,12,1,0,0,0.000000,1,NULL,0,1345.000000,0.000000,'',0.000000,0.00,0,0,0,1,'404',0,1,'0000-00-00',0,'new',1,1,'both',0,0,'2019-01-11 23:59:40','2019-01-28 16:49:28',3),
	(243,1,12,1,0,0,0.000000,1,NULL,0,390.000000,0.000000,'',0.000000,0.00,0,0,0,1,'404',0,1,'0000-00-00',0,'new',1,1,'both',0,0,'2019-01-11 23:59:59','2019-01-28 16:48:17',3),
	(244,1,19,1,0,0,0.000000,1,NULL,0,1125.000000,0.000000,'',0.000000,0.00,0,0,0,1,'404',0,1,'0000-00-00',0,'new',1,1,'both',0,0,'2019-01-12 00:00:17','2019-01-28 18:07:17',3),
	(245,1,33,1,0,0,0.000000,1,NULL,0,0.000000,0.000000,'',0.000000,0.00,0,0,0,1,'404',0,1,'0000-00-00',0,'new',1,1,'both',107,0,'2019-01-12 11:56:35','2019-01-28 15:35:35',3),
	(246,1,33,1,0,0,0.000000,1,NULL,0,0.000000,0.000000,'',0.000000,0.00,0,0,0,1,'404',0,1,'0000-00-00',0,'new',1,1,'both',109,0,'2019-01-12 16:23:48','2019-01-28 17:58:33',3),
	(247,1,33,1,0,0,0.000000,1,NULL,0,0.000000,0.000000,'',0.000000,0.00,0,0,0,1,'404',0,1,'0000-00-00',0,'new',1,1,'both',113,0,'2019-01-12 16:24:16','2019-01-28 15:42:01',3),
	(248,1,2,1,0,0,0.000000,1,NULL,0,870.000000,0.000000,'',0.000000,0.00,0,0,0,1,'404',0,1,'0000-00-00',0,'new',1,1,'both',0,0,'2019-01-12 16:24:48','2019-01-28 18:07:17',3),
	(249,1,2,1,0,0,0.000000,1,NULL,0,950.000000,0.000000,'',0.000000,0.00,0,0,0,1,'404',0,1,'0000-00-00',0,'new',1,1,'both',0,0,'2019-01-12 16:25:07','2019-01-28 18:07:17',3),
	(250,1,22,1,0,0,0.000000,1,NULL,0,1295.000000,0.000000,'',0.000000,0.00,0,0,0,1,'404',0,1,'0000-00-00',0,'new',1,1,'both',0,0,'2019-01-13 15:57:48','2019-01-22 14:14:21',3),
	(251,1,25,1,0,0,0.000000,1,NULL,0,0.000000,0.000000,'',0.000000,0.00,0,0,0,1,'404',0,1,'0000-00-00',0,'new',1,1,'both',56,0,'2019-01-14 18:19:40','2019-01-14 18:41:16',3),
	(252,1,19,1,0,0,0.000000,1,NULL,0,1125.000000,0.000000,'',0.000000,0.00,0,0,0,1,'404',0,1,'0000-00-00',0,'new',1,1,'both',0,0,'2019-01-15 13:53:25','2019-01-28 18:07:17',3),
	(253,1,33,1,0,0,0.000000,1,NULL,0,759.000000,0.000000,'',0.000000,0.00,0,0,0,1,'404',0,1,'0000-00-00',0,'new',1,1,'both',0,0,'2019-01-16 15:25:27','2019-01-28 18:07:17',3),
	(254,1,34,1,0,0,0.000000,1,NULL,0,1515.000000,0.000000,'',0.000000,0.00,0,0,0,1,'404',0,1,'0000-00-00',0,'new',1,1,'both',0,0,'2019-01-17 16:23:19','2019-01-17 16:45:49',3),
	(255,1,34,1,0,0,0.000000,1,NULL,0,1710.000000,0.000000,'',0.000000,0.00,0,0,0,1,'404',0,1,'0000-00-00',0,'new',1,1,'both',0,0,'2019-01-17 16:23:52','2019-01-17 17:15:13',3),
	(256,1,34,1,0,0,0.000000,1,NULL,0,1445.000000,0.000000,'',0.000000,0.00,0,0,0,1,'404',0,1,'0000-00-00',0,'new',1,1,'both',0,0,'2019-01-17 16:24:11','2019-01-17 17:10:13',3),
	(257,1,34,1,0,0,0.000000,1,NULL,0,1225.000000,0.000000,'',0.000000,0.00,0,0,0,1,'404',0,1,'0000-00-00',0,'new',1,1,'both',0,0,'2019-01-17 16:24:28','2019-01-17 17:29:33',3),
	(258,1,34,1,0,0,0.000000,1,NULL,0,989.000000,0.000000,'',0.000000,0.00,0,0,0,1,'404',0,1,'0000-00-00',0,'new',1,1,'both',0,0,'2019-01-17 16:24:44','2019-01-17 17:36:25',3),
	(259,1,34,1,0,0,0.000000,1,NULL,0,1170.000000,0.000000,'',0.000000,0.00,0,0,0,1,'404',0,1,'0000-00-00',0,'new',1,1,'both',0,0,'2019-01-17 16:24:59','2019-01-17 17:46:34',3),
	(261,1,12,1,0,0,0.000000,1,NULL,0,975.000000,0.000000,'',0.000000,0.00,0,0,0,1,'404',0,1,'0000-00-00',0,'new',1,1,'both',0,0,'2019-01-18 13:13:28','2019-01-21 15:39:40',3),
	(263,1,22,1,0,0,0.000000,1,NULL,0,770.000000,0.000000,'',0.000000,0.00,0,0,0,1,'404',0,1,'0000-00-00',0,'new',1,1,'both',0,0,'2019-01-19 15:53:19','2019-01-21 12:29:22',3),
	(264,1,19,1,0,0,0.000000,1,NULL,0,620.000000,0.000000,'',0.000000,0.00,0,0,0,1,'404',0,1,'0000-00-00',0,'new',1,1,'both',0,0,'2019-01-19 15:53:57','2019-01-28 18:07:17',3),
	(266,1,37,1,0,0,0.000000,1,NULL,0,820.000000,0.000000,'',0.000000,0.00,0,0,0,1,'404',0,1,'0000-00-00',0,'new',1,1,'both',0,0,'2019-01-19 16:10:55','2019-01-21 15:41:52',3),
	(267,1,30,1,0,0,0.000000,1,NULL,0,0.000000,0.000000,'',0.000000,0.00,0,0,0,1,'404',0,1,'0000-00-00',0,'new',1,1,'both',87,0,'2019-01-21 13:30:40','2019-01-21 16:08:56',3),
	(268,1,30,1,0,0,0.000000,1,NULL,0,0.000000,0.000000,'',0.000000,0.00,0,0,0,1,'404',0,1,'0000-00-00',0,'new',1,1,'both',59,0,'2019-01-21 13:36:08','2019-01-24 17:12:30',3),
	(269,1,19,1,0,0,0.000000,1,NULL,0,1210.000000,0.000000,'',0.000000,0.00,0,0,0,1,'404',0,1,'0000-00-00',0,'new',1,1,'both',0,0,'2019-01-23 13:46:32','2019-01-28 18:07:17',3);

/*!40000 ALTER TABLE `ps_product_shop` ENABLE KEYS */;
UNLOCK TABLES;


# Дамп таблицы ps_product_supplier
# ------------------------------------------------------------

DROP TABLE IF EXISTS `ps_product_supplier`;

CREATE TABLE `ps_product_supplier` (
  `id_product_supplier` int(11) unsigned NOT NULL AUTO_INCREMENT,
  `id_product` int(11) unsigned NOT NULL,
  `id_product_attribute` int(11) unsigned NOT NULL DEFAULT '0',
  `id_supplier` int(11) unsigned NOT NULL,
  `product_supplier_reference` varchar(32) DEFAULT NULL,
  `product_supplier_price_te` decimal(20,6) NOT NULL DEFAULT '0.000000',
  `id_currency` int(11) unsigned NOT NULL,
  PRIMARY KEY (`id_product_supplier`),
  UNIQUE KEY `id_product` (`id_product`,`id_product_attribute`,`id_supplier`),
  KEY `id_supplier` (`id_supplier`,`id_product`)
) ENGINE=InnoDB DEFAULT CHARSET=utf8;



# Дамп таблицы ps_product_tag
# ------------------------------------------------------------

DROP TABLE IF EXISTS `ps_product_tag`;

CREATE TABLE `ps_product_tag` (
  `id_product` int(10) unsigned NOT NULL,
  `id_tag` int(10) unsigned NOT NULL,
  `id_lang` int(10) unsigned NOT NULL,
  PRIMARY KEY (`id_product`,`id_tag`),
  KEY `id_tag` (`id_tag`),
  KEY `id_lang` (`id_lang`,`id_tag`)
) ENGINE=InnoDB DEFAULT CHARSET=utf8;



# Дамп таблицы ps_profile
# ------------------------------------------------------------

DROP TABLE IF EXISTS `ps_profile`;

CREATE TABLE `ps_profile` (
  `id_profile` int(10) unsigned NOT NULL AUTO_INCREMENT,
  PRIMARY KEY (`id_profile`)
) ENGINE=InnoDB DEFAULT CHARSET=utf8;

LOCK TABLES `ps_profile` WRITE;
/*!40000 ALTER TABLE `ps_profile` DISABLE KEYS */;

INSERT INTO `ps_profile` (`id_profile`)
VALUES
	(1),
	(2),
	(3),
	(4);

/*!40000 ALTER TABLE `ps_profile` ENABLE KEYS */;
UNLOCK TABLES;


# Дамп таблицы ps_profile_lang
# ------------------------------------------------------------

DROP TABLE IF EXISTS `ps_profile_lang`;

CREATE TABLE `ps_profile_lang` (
  `id_lang` int(10) unsigned NOT NULL,
  `id_profile` int(10) unsigned NOT NULL,
  `name` varchar(128) NOT NULL,
  PRIMARY KEY (`id_profile`,`id_lang`)
) ENGINE=InnoDB DEFAULT CHARSET=utf8;

LOCK TABLES `ps_profile_lang` WRITE;
/*!40000 ALTER TABLE `ps_profile_lang` DISABLE KEYS */;

INSERT INTO `ps_profile_lang` (`id_lang`, `id_profile`, `name`)
VALUES
	(1,1,'SuperAdmin'),
	(2,1,'SuperAdmin'),
	(3,1,'SuperAdmin'),
	(4,1,'SuperAdmin'),
	(1,2,'Logistician'),
	(2,2,'Logistician'),
	(3,2,'Logistician'),
	(4,2,'Logistician'),
	(1,3,'Translator'),
	(2,3,'Translator'),
	(3,3,'Translator'),
	(4,3,'Translator'),
	(1,4,'Salesman'),
	(2,4,'Salesman'),
	(3,4,'Salesman'),
	(4,4,'Salesman');

/*!40000 ALTER TABLE `ps_profile_lang` ENABLE KEYS */;
UNLOCK TABLES;


# Дамп таблицы ps_psblog_blog
# ------------------------------------------------------------

DROP TABLE IF EXISTS `ps_psblog_blog`;

CREATE TABLE `ps_psblog_blog` (
  `id_psblog_blog` int(11) NOT NULL AUTO_INCREMENT,
  `id_psblogcat` int(11) NOT NULL,
  `position` int(11) NOT NULL,
  `date_add` date NOT NULL,
  `active` tinyint(1) NOT NULL,
  `user_id` int(11) NOT NULL,
  `hits` int(11) NOT NULL,
  `image` varchar(255) DEFAULT NULL,
  `thumb` varchar(255) DEFAULT NULL,
  `date_upd` datetime NOT NULL,
  `video_code` text,
  `params` text,
  `featured` tinyint(1) NOT NULL,
  `indexation` int(11) NOT NULL,
  `id_employee` int(11) NOT NULL,
  `product_ids` varchar(255) DEFAULT NULL,
  PRIMARY KEY (`id_psblog_blog`)
) ENGINE=InnoDB DEFAULT CHARSET=utf8;

LOCK TABLES `ps_psblog_blog` WRITE;
/*!40000 ALTER TABLE `ps_psblog_blog` DISABLE KEYS */;

INSERT INTO `ps_psblog_blog` (`id_psblog_blog`, `id_psblogcat`, `position`, `date_add`, `active`, `user_id`, `hits`, `image`, `thumb`, `date_upd`, `video_code`, `params`, `featured`, `indexation`, `id_employee`, `product_ids`)
VALUES
	(6,6,0,'2017-10-18',1,0,179,'b-ready 23.jpg','','2018-11-21 18:17:59','','',0,0,1,''),
	(7,5,0,'2017-10-18',1,0,74,'b-ready 21.jpg','','2018-11-20 12:28:43','','',0,0,1,''),
	(9,4,1,'2017-10-18',1,0,95,'b-ready 22.jpg','','2018-08-23 11:17:22','','',0,0,1,''),
	(10,6,1,'2018-11-21',1,0,0,'','','2018-11-21 18:18:07','',NULL,0,0,4,NULL);

/*!40000 ALTER TABLE `ps_psblog_blog` ENABLE KEYS */;
UNLOCK TABLES;


# Дамп таблицы ps_psblog_blog_lang
# ------------------------------------------------------------

DROP TABLE IF EXISTS `ps_psblog_blog_lang`;

CREATE TABLE `ps_psblog_blog_lang` (
  `id_psblog_blog` int(11) NOT NULL,
  `id_lang` int(11) NOT NULL,
  `meta_description` varchar(255) NOT NULL,
  `meta_keywords` varchar(250) NOT NULL,
  `meta_title` varchar(250) NOT NULL,
  `link_rewrite` varchar(255) NOT NULL,
  `content` text NOT NULL,
  `description` text NOT NULL,
  `tags` varchar(255) NOT NULL,
  PRIMARY KEY (`id_psblog_blog`,`id_lang`)
) ENGINE=InnoDB DEFAULT CHARSET=utf8;

LOCK TABLES `ps_psblog_blog_lang` WRITE;
/*!40000 ALTER TABLE `ps_psblog_blog_lang` DISABLE KEYS */;

INSERT INTO `ps_psblog_blog_lang` (`id_psblog_blog`, `id_lang`, `meta_description`, `meta_keywords`, `meta_title`, `link_rewrite`, `content`, `description`, `tags`)
VALUES
	(6,1,'How to choose a perfect gift for a Virgo? What flowers are suitable by Astrology? View more...','','Astrology Gift Giving: What to give to a Virgo?','astrology-gift-giving-what-to-give-to-a-virgo','<p></p>\n<p>Despite the fact that the name of this zodiac reminds us of femininity and sensitivity, Virgo women and girls are very intense and powerful personalities who know their goals and always reach them. Such people pass through life, overcoming all the difficulties. However, they are romantics and love occupies a dominant position in their lives.</p>\n<h2>What Flowers Do Virgo Prefer?</h2>\n<ul style=\"list-style-type:circle;\"><li>Virgo will appreciate your bouquet in any case. She also prefers wild flowers and classic roses. Exotic flowers does not scare them. The main idea is that the bouquet should create the right mood and match the occasion.</li>\n<li>If you want to surprise Virgo, you should pay attention to the following recommendations:</li>\n<li>Flowers must be fresh and have an elegant look. Virgo are attentive to the details. You should refuse to artificial decorations.</li>\n<li>Choose the flowers in a pasteled, gentle range. Give preference to a blue or pale pink, as well as avalanche color and other pastel colors.</li>\n<li>Virgo girls are very practical. Choosing flowers give your attention to simple and elegant flowers. For example, it might be a small mixed bouquet or flowers in the box. Too rich and complicated bouquets can cause associations with vulgarity. If you want to create a perfect bouquet for Virgo, perfect fit will be flowers, such as: garden rose, lilies, peonies, bat, carnations, alstroemeria, eustoma, chrysanthemums.</li>\n<li>Virgo girls also love the room plants, because the element of the Virgo sign is the earth. A green and blooming plant will become a perfect gift.</li>\n<li>If you bend what flowers will fit perfectly to make a beautiful present to the Virgin - use the \"Custom Bouquet Design\" option from our florist with the \"Bouquet for Virgo\" comment. All recommendations will be considered!</li>\n</ul><p>Be careful because Virgo considers a bouquet of flowers as a sign of attention, and not as a complete gift, therefore ...</p>\n<h2>What to give as a present to the Virgo?</h2>\n<p>A perfect gift for a Virgo will become something beautiful, for example:</p>\n<ul style=\"list-style-type:circle;\"><li>A book about self-development, inspiration and motivation</li>\n<li>An elegant and beautiful notepad or sketchbook</li>\n<li>A SPA gift set, decorated with flowers </li>\n</ul><p></p>','',''),
	(6,2,'Cum să alegi cadouri pentu Fecioara? Cum să alegi florile potrivite zodiei? Vezi mai mult...','','Flori și cadouri pentru Fecioare. Cum să alegi cadouri pentru cei născuți în Septembrie?','flori-i-cadouri-pentru-fecioare-cum-sa-alegi-cadouri-pentru-cei-nascui-in-septembrie','<p>În ciuda faptului că numele acestui zodiac ne reamintește despre feminitatea și sensibilitatea, femeile și fetele Fecioare sunt personalități foarte intense și puternice, care își cunosc obiectivele și care le vor atinge. Astfel de oameni trec cu îndrăzneală prin viață, depășind toate dificultățile. Cu toate acestea, sunt romantici și dragostea în viața lor ocupă o poziție dominantă.</p>\n<h2>Ce flori preferă Feciorele?</h2>\n<p>Fecioara va aprecia buchetul Dvs. în orice caz. Preferă și flori sălbatice și trandafiri clasici. Exotica, de asemenea, nu le sperie. Ideea principală este că buchetul trebuie să creeze dispoziția potrivită și să corespundă ocaziei.</p>\n<p>Dacă doriți să o surprindeți pe Fecioara, atrageți atenția la următoarele recomandări:</p>\n<ul style=\"list-style-type:circle;\"><li>Florile trebuie să fie proaspete și să aibă un aspect elegant. Fecioarele sunt atente la detalii. Ar trebui să refuzați la decor artificial.</li>\n<li>Alegeți florile într-o gamă pastelată, gingașă. Dați preferința unui albastru sau roz deschis, deasemenea se va potrivi culoarea avalanche și alte culori pastelate.</li>\n<li>Fetele Fecioare sunt foarte practice. Alegând florile acoradați atenția florilor simple și elegante. De exemplu, ar putea fi un mic buchet mixt sau flori într-o cutie pentru pălărie. Buchetele prea bogate și complicate pot provoca asociații cu vulgaritate. Pentru a crea un buchet perfect pentru Fecioare, se potrivesc florile, cum ar fi: trandafir de grădina, crini, bujori, liliac, garoafe, alstroemeria, eustoma, crizanteme.</li>\n<li>Fecioarele ador florile de cameră, deoarece elementul zodiei Fecioara este pământul. Fecioara va aminti cu plăcere și căldura sufletească despre un asemenea cadou. O plantă verde și înflorită va deveni un cadou perfect. </li>\n<li>Dacă vă îndoiți ce flori se vor potrivi perfect pentru a face un cadou frumos Fecioarei - utilizați funcția \"Buchetul Personalizat\" de la florarul nostru, cu comentariul \"Buchet pentru Fecioară\". Toate recomandările vor fi luate în considerare!</li>\n<li>Fiți atenți, deoarece Feciorele consideră ca un buchet de flori este doar un semn de atenție, și nu un cadou complet, deaceea...</li>\n</ul><h2>Ce să dăruiești Fecioarei?</h2>\n<p>Un cadou perfect pentru o Fecioră va deveni ceva frumosși uti, spre exemplu:</p>\n<ul style=\"list-style-type:circle;\"><li>O carte despre autodezvoltare, inspirație și motivație</li>\n<li>O agendă sau un caiet pentru notițe elegant și frumos</li>\n<li>Un set-cadou SPA, decorat cu flori </li>\n</ul>','',''),
	(6,3,'Как подобрать подарок девушке Деве? Как выбрать цветы, которые подходят по гороскопу? Подробнее...','','Какие цветы дарить Девам? Флористический прогноз.','kakie-cvety-darit-devam-floristicheskij-prognoz','<p>Несмотря на то, что название этого знака напоминает о женственности, нежности и и покорности, на самом деле женщины и девушки Девы - очень целеустремленные и сильные личности, знающие свои цели и идущие к их достижению. Такие люди четко знают, чего они хотят и как этого добиться, поэтому смело идут по жизни, преодолевая все трудности. Тем не менее они все еще романтичны и любовь в их жизни занимает главенствующее место. </p>\n<h2>Какие цветы подарить Девам? </h2>\n<ul style=\"list-style-type:circle;\"><li>Девы оценят Ваш букет в любом случае. Им придутся по душе и полевые цветы, и классические розы. Экзотика так же не напугает их. Главное, чтобы букет создавал правильное настроение и соответствовал поводу.</li>\n<li>Если вы хотите удивить Деву цветами, обратите внимание на следующие рекомендации:</li>\n<li>Цветы должны быть свежими и иметь опрятный вид. Девы всегда подмечают такие детали. Также стоит отказаться от искусственного декора.</li>\n<li>Отдайте предпочтение цветам в пастельной, нежной гамме цветов. Это может быть нежно розовый, нежно голубой, аваланж, кремовый и другие нежные цвета.</li>\n<li>Девушки Девы очень практичные. Выбирая цветы стоит обратить внимание на что-то простое и стильное. Например это может быть небольшой смешанный букет или цветы в шляпной коробке. Помпезные и сложные букеты могут вызвать у Девы ассоциации с грубостью и вульгарностью. Подойдут для создания идеального букета для Дев такие цветы, как: садовая роза, лилии, пионы, сирень, розовые гвоздики, альстрёмерии, эустомы, хризантемы.</li>\n<li>Девы просто обожают комнатные растения, ведь стихия Дев - Земля. Еще долго Дева будет с нежностью и теплотой в душе вспоминать ваш искренний жест, если вы подарите ей зеленое цветущее растение в горшке.</li>\n<li>Если вы сомневаетесь, какие цветы подойдут Деве и сделают ваш подарок неповторимым - воспользуйтесь функцией Авторский Букет от нашего флориста, с комментарием “Букет для Девы”. Тогда все рекомендации будут учтены!</li>\n</ul><p>Будьте осторожны, ведь Дева не рассматривает букет цветов как самостоятельный подарок, только как небольшой знак внимания, поэтому...</p>\n<h2>Что подарить Деве?</h2>\n<p>Идеальным подарком для Девы станет что-то красивое и практичное, например:</p>\n<ul style=\"list-style-type:circle;\"><li>Книга о саморазвитии, вдохновении и мотивации</li>\n<li>Элегантный ежедневник или блокнот для записей</li>\n<li>Подарочный SPA набор для ванны, оформленный цветами</li>\n<li>Сладкий медовый набор с орехами и сухофруктами для укрепления иммунитета</li>\n</ul><p></p>','<h2></h2>',''),
	(6,4,'','','Urna pretium elit mauris cursus Curabitur at elit Vestibulum','urna-pretium-elit-mauris-cursus-curabitur-at-elit-vestibulum','<p>Mi vitae magnis Fusce laoreet nibh felis porttitor laoreet Vestibulum faucibus. At Nulla id tincidunt ut sed semper vel Lorem condimentum ornare. Laoreet Vestibulum lacinia massa a commodo habitasse velit Vestibulum tincidunt In. Turpis at eleifend ps mi elit Aenean porta ac sed faucibus. Nunc urna Morbi fringilla vitae orci convallis condimentum auctor sit dui. Urna pretium elit mauris cursus Curabitur at elit Vestibulum. Mi vitae magnis Fusce laoreet nibh felis porttitor laoreet Vestibulum faucibus. At Nulla id tincidunt ut sed semper vel Lorem condimentum ornare. Laoreet Vestibulum lacinia massa a commodo habitasse velit Vestibulum tincidunt In. Turpis at eleifend ps mi elit Aenean porta ac sed faucibus. Nunc urna Morbi fringilla vitae orci convallis condimentum auctor sit dui. Urna pretium elit mauris cursus Curabitur at elit Vestibulum.</p>','<p>Mi vitae magnis Fusce laoreet nibh felis porttitor laoreet Vestibulum faucibus. At Nulla id tincidunt ut sed semper vel Lorem condimentum ornare.</p>','pstheme,prestashop,theme'),
	(7,1,'To make your fresh cut flowers last longer try follow our 5 simple lifehacks.',' fresh cut flowers,flowers stay long,take care of flowers,flowers in a bouquet ,bouquet','5 Lifehacks How To Make Your Fresh Cut Flowers Last Longer','5-lifehacks-how-to-make-your-fresh-cut-flowers-last-longer','<p>We all want the bouquet to stand as long as possible! Fresh flowers will delight you for a long time. We use the freshest flowers in our online store of gifts and flowers so that your bouquet will bring you pleasure as long as possible. Despite this, we want to offer you a few recommendations for the care, because even the freshest flowers can quickly wilt if they fall into the wrong conditions.</p>\n<p>1. Before placing flowers in water, remove all leaves and thorns from the stem to a level that will sink into the water. Then the flowers should be cut with a sharp knife or shears at a 45 degree angle.</p>\n<p>! It is necessary to cut the flowers every time, even if you just brought them from the store, or just change the water.</p>\n<p>2. Update the cut every day. Over time, the cut is tightened with a membrane, which prevents water absorption.</p>\n<p>3. Change the water every day. Pre-wash the vase, preferably with a sponge or brush, because on the walls of the vase can accumulate rot, that makes flowers wither faster.</p>\n<p>4. When you bring a bouquet at home, let them get used to the temperature and microclimate of the room. For example, if you brought flowers from the cold, leave them for 10-20 minutes on the balcony before unpacking and bringing into the room.</p>\n<p>5. Do not place a vase with flowers near heat sources or on direct sunlight.</p>\n<p>The Cadouri MD team wishes you the most beautiful bouquets!</p>','',''),
	(7,2,'Pentru ca florile în buchet să stea cât mai mult și să-și păstreze aspectul proaspăt, încercați recomandările noastre.','flori proaspete,cum să păstrezi flori,flori în buchet,flori tăiate,îngrijirea florilor','5 Lifehacks Despre Îngrijirea Florilor În Buchet','5-lifehacks-despre-ingrijirea-florilor-in-buchet','<p>Vrem cu toții ca buchetul cumpărat sau primit în dar de la un prieten apropiat să stea cât mai mult este posibil! Florile vă vor bucura mult timp dacă sunt proaspete. În magazinul nostru online de cadouri și flori Cadouri MD folosim doar cele mai proaspete flori. În acest articol vrem să vă oferim câteva recomandări pentru îngrijire a florilor, deoarece chiar și cele mai proaspete flori se pot ofeli repede, dacă se păstrează în condiții greșite.</p>\n<p>1. Înainte de a pune flori în apă, îndepărtați toate frunzele și spinii din tulpină până la nivelul care va fi scufundat în apă. Apoi florile trebuie să fie tăiate cu un cuțit ascuțit sau un pruner la un unghi de 45 de grade.</p>\n<p>! Tăiați flori de fiecare dată, chiar dacă tocmai le-ați adus din magazin sau pur și simplu schimbați apa.</p>\n<p>2. Reînnoiți tăitura în fiecare zi. Cu timpul, tăietura se va acoperi cu o peliculă, ceea ce va împiedica absorbției a apei.</p>\n<p>3. Trebuie să schimbați apa în fiecare zi. Vasul în care au stat florile trebuie să fie spălat cu o buretă, deoarece pe suprafața lui se acumulează putrezi (ceea ce face ca florile să olelească mai repede.)</p>\n<p>4. Când aduceți buchetul acasă, trebuie să se acomodeze cu temperatura și microclima camerei. Spre exemplu, dacă ați adus florile de la frig, lăsați buchetul să stea un timp în coridor sau la balcon, 10-20 de minute va fi de ajuns.</p>\n<p>5. Nu lăsați ca florile să stea lângă surse de căldură sau la razele directe a soarelui.</p>\n<p>Echipa site-ului Cadouri MD vă urează să primiți în dar doar cele mai frumoase buchete!</p>','','pstheme,prestashop,magento,opencart'),
	(7,3,'Чтобы цветы в букете, которые вы подарили, стояли долго, воспользуйтесь данными советами. Рекомендации по уходу, чтобы цветы долго радовали получателя.','цветы,цветы в срезке,рекомендации по уходу,как ухаживать за цветами,букет,как сохранить цветы,цветочный букет,свежие цветы','5 Лайфхаков по Уходу за Цветами','5-lajfkhakov-po-ukhodu-za-cvetami','<p>Всем нам хочется, чтобы купленный или подаренный близким человеком букет простоял как можно дольше! Цветы долго будут радовать вас, если окажутся свежими. В нашем интернет-магазине подарков и цветов мы используем только самые свежие цветы, чтобы ваш букет как можно дольше приносил вам удовольствие. Несмотря на это, мы хотим предложить вам несколько рекомендаций по уходу, ведь даже самые свежие цветы могут быстро завянуть, если попадут в неправильные условия.</p>\n<p>1. Перед тем, как поставить цветы в воду, следует удалить все листья и шипы со стебля до уровня, который будет погружаться в воду. Затем цветы нужно подрезать острым ножом или секатором под углом 45 градусов. </p>\n<p>! Подрезать цветы нужно обязательно каждый раз, даже если вы только принесли их из магазина, либо просто меняете воду. </p>\n<p>2. Обновлять срез нужно каждый день. Со временем срез затягивается пленкой, что препятствует поглощению воды.</p>\n<p>3. Менять воду следует каждый день. Вазу предварительно мыть, желательно с помощью губки или щетки, так как на стенках вазы может скапливаться гниль, от которой цветы вянут быстрее.</p>\n<p>4. Когда приносите букет или цветы домой, дайте им привыкнуть к температуре и микроклимату помещения. Например, если вы принесли цветы с холода, то оставьте их на 10-20 минут в коридоре или же на балконе и только после распаковывайте и вносите в комнату. </p>\n<p>5. Не ставьте вазу с цветами у источников тепла или под прямыми лучами солнца.</p>\n<p></p>\n<p>Команда сайта Cadouri MD желает вам самых красивых букетов!</p>\n<p></p>\n<p></p>','',''),
	(7,4,'','','Morbi condimentum molestie Nam enim odio sodales','morbi-condimentum-molestie-nam-enim-odio-sodales','<p>Odio ut pretium ligula quam Vestibulum consequat convallis fringilla Vestibulum nulla. Accumsan morbi tristique auctor. At risus pretium urna tortor metus fringilla interdum mauris tempor congue.</p><p>Commodo laoreet semper tincidunt lorem Vestibulum nunc at In Curabitur magna. Euismod euismod Suspendisse tortor ante adipiscing risus Aenean Lorem vitae id. Odio ut pretium ligula quam Vestibulum consequat convallis fringilla Vestibulum nulla. Accumsan morbi tristique auctor Aenean nulla lacinia Nullam elit vel vel. At risus pretium urna tortor metus fringilla interdum mauris tempor congue.</p><p>Donec tellus Nulla lorem Nullam elit id ut elit feugiat lacus. Congue eget dapibus congue tincidunt senectus nibh risus Phasellus tristique justo. Justo Pellentesque Donec lobortis faucibus Vestibulum Praesent mauris volutpat vitae metus. Ipsum cursus vestibulum at interdum Vivamus nunc fringilla Curabitur ac quis. Nam lacinia wisi tortor orci quis vitae.</p><p>Sed mauris Pellentesque elit Aliquam at lacus interdum nascetur elit ipsum. Enim ipsum hendrerit Suspendisse turpis laoreet fames tempus ligula pede ac. Et Lorem penatibus orci eu ultrices egestas Nam quam Vivamus nibh. Morbi condimentum molestie Nam enim odio sodales pretium eros sem pellentesque. Sit tellus Integer elit egestas lacus turpis id auctor nascetur ut. Ac elit vitae.</p><p>Mi vitae magnis Fusce laoreet nibh felis porttitor laoreet Vestibulum faucibus. At Nulla id tincidunt ut sed semper vel Lorem condimentum ornare. Laoreet Vestibulum lacinia massa a commodo habitasse velit Vestibulum tincidunt In. Turpis at eleifend ps mi elit Aenean porta ac sed faucibus. Nunc urna Morbi fringilla vitae orci convallis condimentum auctor sit dui. Urna pretium elit mauris cursus Curabitur at elit Vestibulum.</p>','<p>Sed mauris Pellentesque elit Aliquam at lacus interdum nascetur elit ipsum. Enim ipsum hendrerit Suspendisse turpis laoreet fames tempus ligula pede ac. Et Lorem penatibus orci eu ultrices egestas Nam quam Vivamus nibh.</p>','pstheme,prestashop,magento,opencart'),
	(9,1,'','','Профессия Флориста','professiya-florista','<p><strong>Кто-то с детства мечтает стать врачом, кто-то космонавтом, а как люди попадают во флористику?</strong></p>\n<p>Не знаю про всех людей, но я явно случайно. Иногда мне вспоминается история, как пару лет назад мне предлагали должность флориста, но я отказалась со словами: “Цветы - это не мое! Где я и где букеты. Составлять букеты...у меня для этого не хватит фантазии.” Но теперь я с уверенностью могу сказать, что да, моё!</p>\n<p><strong>Где у нас обучают этому мастерству?</strong></p>\n<p>Есть курсы, мастер классы, ворк шопы и индивидуальное обучение, но в наш век географических ограничений нет. Я подписана на курсы и онлайн школы в России, Украине, Лондоне, Германии и даже Нью-Йорке. На мой взгляд, у такого обучения есть несколько неоспоримых плюсов. Например, обучение не заканчивается никогда, ты всё время получаешь какую-то новую информацию, в любое время можешь ею воспользоваться, даже лежа на шезлонге где-нибудь на пляже)</p>\n<p><strong>Как ты придумываешь букеты?</strong></p>\n<p>Очень по-разному. Поток “придумывания” не останавливается. Сейчас я подписана на такое количество каналов, страниц и флористов во всевозможных сетях, что потеряла счет. Когда окружающие думают, что я просто “залипла” в инстаграме, то это не обязательно так. После такого просмотра у меня скапливается куча закладок и скриншотов. </p>\n<p>Еще бывает, что общаешься с человеком, и вдруг в голове рождается образ букета, который ты бы ему подарил. </p>\n<p>Но самое интересное бывает, когда мне это снится. Главное на утро ничего не забыть. </p>\n<p><strong>Как ты считаешь, любой человек может стать флористом?</strong></p>\n<p>Каждый человек может стать продавцом цветов, но будет ли этот каждый хорошим флористом? Для меня флористика нечто более тонкое. Цветы, это в первую очередь жест любви, нежности и тепла. Флористу нужно любить свое дело, чтобы его работа доставляла кому-то счастье.  </p>\n<p><strong>Кажется, что это так здорово работать с цветами! А есть ли минусы у этой профессии?</strong></p>\n<p>Да, это важный вопрос. Во-первых это физически сложная работа. Ты работаешь руками и на ногах. Во-вторых, это достаточно грязная работа ( маникюр для меня долгое время была больная тема))) Ну, и не стоит забывать, что у флориста нет выходных, нет праздников, особенно 8 марта. А ещё, нам не дарят цветы. Все почему-то решили, что нам цветы и на работе надоедают. Это не так! Дарите флористам цветы!</p>\n<p><strong>Какие цели ты ставишь себе на ближайшие 5 лет?</strong></p>\n<p>Мечтаю пройти несколько очных курсов у моих вдохновителей, за которыми слежу онлайн. В планах еще студия и школа. Они уже имеют свой вид до мельчайших деталей у меня в голове. А также, очень хочется сократить путь цветов от голландской грядки до нашего холодильника на несколько шажков.</p>\n<p></p>','','opencart,theme'),
	(9,2,'','','Профессия Флориста ','professiya-florista-','<p><strong>Кто-то с детства мечтает стать врачом, кто-то космонавтом, а как люди попадают во флористику?</strong></p>\n<p>Не знаю про всех людей, но я явно случайно. Иногда мне вспоминается история, как пару лет назад мне предлагали должность флориста, но я отказалась со словами: “Цветы - это не мое! Где я и где букеты. Составлять букеты...у меня для этого не хватит фантазии.” Но теперь я с уверенностью могу сказать, что да, моё!</p>\n<p><strong>Где у нас обучают этому мастерству?</strong></p>\n<p>Есть курсы, мастер классы, ворк шопы и индивидуальное обучение, но в наш век географических ограничений нет. Я подписана на курсы и онлайн школы в России, Украине, Лондоне, Германии и даже Нью-Йорке. На мой взгляд, у такого обучения есть несколько неоспоримых плюсов. Например, обучение не заканчивается никогда, ты всё время получаешь какую-то новую информацию, в любое время можешь ею воспользоваться, даже лежа на шезлонге где-нибудь на пляже)</p>\n<p><strong>Как ты придумываешь букеты?</strong></p>\n<p>Очень по-разному. Поток “придумывания” не останавливается. Сейчас я подписана на такое количество каналов, страниц и флористов во всевозможных сетях, что потеряла счет. Когда окружающие думают, что я просто “залипла” в инстаграме, то это не обязательно так. После такого просмотра у меня скапливается куча закладок и скриншотов. </p>\n<p>Еще бывает, что общаешься с человеком, и вдруг в голове рождается образ букета, который ты бы ему подарил. </p>\n<p>Но самое интересное бывает, когда мне это снится. Главное на утро ничего не забыть. </p>\n<p><strong>Как ты считаешь, любой человек может стать флористом?</strong></p>\n<p>Каждый человек может стать продавцом цветов, но будет ли этот каждый хорошим флористом? Для меня флористика нечто более тонкое. Цветы, это в первую очередь жест любви, нежности и тепла. Флористу нужно любить свое дело, чтобы его работа доставляла кому-то счастье.  </p>\n<p><strong>Кажется, что это так здорово работать с цветами! А есть ли минусы у этой профессии?</strong></p>\n<p>Да, это важный вопрос. Во-первых это физически сложная работа. Ты работаешь руками и на ногах. Во-вторых, это достаточно грязная работа ( маникюр для меня долгое время была больная тема))) Ну, и не стоит забывать, что у флориста нет выходных, нет праздников, особенно 8 марта. А ещё, нам не дарят цветы. Все почему-то решили, что нам цветы и на работе надоедают. Это не так! Дарите флористам цветы!</p>\n<p><strong>Какие цели ты ставишь себе на ближайшие 5 лет?</strong></p>\n<p>Мечтаю пройти несколько очных курсов у моих вдохновителей, за которыми слежу онлайн. В планах еще студия и школа. Они уже имеют свой вид до мельчайших деталей у меня в голове. А также, очень хочется сократить путь цветов от голландской грядки до нашего холодильника на несколько шажков.</p>','','opencart,theme'),
	(9,3,'','','Флорист - профессия или призвание?','florist-professiya-ili-prizvanie','<p><strong>Кто-то с детства мечтает стать врачом, кто-то космонавтом, а как люди попадают во флористику?</strong></p>\n<p>Не знаю про всех людей, но я явно случайно. Иногда мне вспоминается история, как пару лет назад мне предлагали должность флориста, но я отказалась со словами: “Цветы - это не мое! Где я и где букеты. Составлять букеты...у меня для этого не хватит фантазии.” Но теперь я с уверенностью могу сказать, что да, моё!</p>\n<p><strong>Где у нас обучают этому мастерству?</strong></p>\n<p>Есть курсы, мастер классы, ворк шопы и индивидуальное обучение, но в наш век географических ограничений нет. Я подписана на курсы и онлайн школы в России, Украине, Лондоне, Германии и даже Нью-Йорке. На мой взгляд, у такого обучения есть несколько неоспоримых плюсов. Например, обучение не заканчивается никогда, ты всё время получаешь какую-то новую информацию, в любое время можешь ею воспользоваться, даже лежа на шезлонге где-нибудь на пляже)</p>\n<p><strong>Как ты придумываешь букеты?</strong></p>\n<p>Очень по-разному. Поток “придумывания” не останавливается. Сейчас я подписана на такое количество каналов, страниц и флористов во всевозможных сетях, что потеряла счет. Когда окружающие думают, что я просто “залипла” в инстаграме, то это не обязательно так. После такого просмотра у меня скапливается куча закладок и скриншотов. </p>\n<p>Еще бывает, что общаешься с человеком, и вдруг в голове рождается образ букета, который ты бы ему подарил. </p>\n<p>Но самое интересное бывает, когда мне это снится. Главное на утро ничего не забыть. </p>\n<p><strong>Как ты считаешь, любой человек может стать флористом?</strong></p>\n<p>Каждый человек может стать продавцом цветов, но будет ли этот каждый хорошим флористом? Для меня флористика нечто более тонкое. Цветы, это в первую очередь жест любви, нежности и тепла. Флористу нужно любить свое дело, чтобы его работа доставляла кому-то счастье.  </p>\n<p><strong>Кажется, что это так здорово работать с цветами! А есть ли минусы у этой профессии?</strong></p>\n<p>Да, это важный вопрос. Во-первых это физически сложная работа. Ты работаешь руками и на ногах. Во-вторых, это достаточно грязная работа ( маникюр для меня долгое время была больная тема))) Ну, и не стоит забывать, что у флориста нет выходных, нет праздников, особенно 8 марта. А ещё, нам не дарят цветы. Все почему-то решили, что нам цветы и на работе надоедают. Это не так! Дарите флористам цветы!</p>\n<p><strong>Какие цели ты ставишь себе на ближайшие 5 лет?</strong></p>\n<p>Мечтаю пройти несколько очных курсов у моих вдохновителей, за которыми слежу онлайн. В планах еще студия и школа. Они уже имеют свой вид до мельчайших деталей у меня в голове. А также, очень хочется сократить путь цветов от голландской грядки до нашего холодильника на несколько шажков.</p>','','opencart,theme'),
	(9,4,'','','Nullam ullamcorper nisl quis ornare molestie','nullam-ullamcorper-nisl-quis-ornare-molestie','<p>Sed ut perspiciatis unde omnis iste natus error sit voluptatem accusantium doloremque laudantium, totam rem aperiam, eaque ipsa quae ab illo inventore veritatis et quas.</p><p>Suspendisse posuere, diam in bibendum lobortis, turpis ipsum aliquam risus, sit amet dictum ligula lorem non nisl. Ut vitae nibh id massa vulputate euismod ut quis justo. Ut bibendum sem at massa lacinia, eget elementum ante consectetur. Nulla id pharetra dui, at rhoncus urna. Maecenas non porttitor purus. Nullam ullamcorper nisl quis ornare molestie.</p>\r\n<p>Etiam eget erat est. Phasellus elit justo, mattis non lorem non, aliquam aliquam ps. Sed fermentum consectetur magna, eget semper ante. Aliquam scelerisque justo velit. Fusce cursus blandit dolor, in sodales urna vulputate lobortis. Nulla ut tellus turpis. Nullam lacus sem, volutpat id odio sed, cursus tristique eros. Duis at pellentesque magna. Donec magna nisi, vulputate ac nulla eu, ultricies tincidunt tellus. Nunc tincidunt sem urna, nec venenatis libero vehicula ut.</p>\r\n<p>Vestibulum ante ipsum primis in faucibus orci luctus et ultrices posuere cubilia Curae; Curabitur faucibus aliquam pulvinar. Vivamus mattis volutpat erat, et congue nisi semper quis. Cras vehicula dignissim libero in elementum. Mauris sit amet dolor justo. Morbi consequat velit vel est fermentum euismod. Curabitur in magna augue.</p>','<p>Suspendisse posuere, diam in bibendum lobortis, turpis ipsum aliquam risus, sit amet dictum ligula lorem non nisl Urna pretium elit mauris cursus Curabitur at elit Vestibulum</p>','opencart,theme'),
	(10,1,'How to choose a perfect gift for a Scorpio? What flowers are suitable by Astrology? View more...','','Astrology Gift Giving: What to give to a Scorpio?','astrology-gift-giving-what-to-give-to-a-scorpio','<p>Girls Scorpios are very capricious. For them it is important not just your attention, but also the gift itself, and they are not afraid to admit this to themselves. Girls Scorpios are able to show attention with their gifts, and they expect this from others as well.</p>\n<p></p>\n<p>Women Scorpios do not perceive flowers as a full-fledged gift. This is a great sign of attention, worthy of joy and pleasant memories, but no more. The thing is that Scorpios love individual approach.</p>\n<p></p>\n<h2>If you want to choose flowers for a girl Scorpio:</h2>\n<p></p>\n<ul style=\"list-style-type:circle;\"><li>Be sure to find out what are her favorite flowers, it’s important if you show extra attention to Scorpions and show that you remember her preferences.</li>\n<li>Look at simple and concise bouquets without additional decoration, regardless of whether the field flowers or elegant roses</li>\n<li>Do not forget that only a bouquet of fresh flowers makes a good impression, because they will stay longer and look neater</li>\n<li>Look for bouquets and flower arrangements of peonies, garden roses, pink carnations or eustome. Despite its controversial character, the girls of Scorpio are delighted with delicate flowers.</li>\n<li>If you choose a gift for a woman Scorpio, be creative, think of her innermost dreams. Scorpios love gifts that are made specifically for them, which means they have something hinting at their identity. However, we do not always have the opportunity to think for too long.</li>\n</ul><p></p>\n<h2>A perfect gift can be:</h2>\n<p></p>\n<ul style=\"list-style-type:circle;\"><li>The diary or an interesting notebook with a set for creativity</li>\n<li>Gift box with a variety of sweets</li>\n<li>Big set with personal care products</li>\n<li>Wine set for a romantic evening for two, if you happen to be in a relationship with a girl Scorpio</li>\n</ul><p></p>\n<p>You can at contact us with a question about gifts or flowers and we will select something unusual for your particular occasion.</p>\n<p> </p>','',''),
	(10,2,'','','Flori și cadouri pentru Scorpion. Cum să alegi cadouri pentru cei născuți în Noiembrie?','flori-i-cadouri-pentru-scorpion-cum-sa-alegi-cadouri-pentru-cei-nascui-in-noiembrie','<p>Fetele Scorpioni sunt persoane cu un caracter foarte puternic.  Le este importantă nu doar atenția din partea Dvs., dar și cadoul primit. Domnișoarele Scorpioni știu cum să facă cadouri personalizate și așteaptă că veți fi la fel de atenți la detalii pentru ele.</p>\n<p></p>\n<p>Femeile Scorpioni nu cred că florile pot fi ceva mai mult, decât un semn de atenție, chiar dacă este frumos, proaspăt și va aduce emoții pozitive. Deaceea în adâncimea sufletului mereu așteaptă ceva în plus (cât de micuț n-ar fi cadou.) Fetele Scorpioni vă vor mulțumi pentru un cadou personalizat.</p>\n<p></p>\n<h2>Dacă vreți să alegeți florile pentru o femeie Scorpion:</h2>\n<p></p>\n<ul style=\"list-style-type:circle;\"><li>Aflați neapărat ce fel de flori preferă mai mult. Pentru domnișoarele Scorpioni este foarte important că le țineți minte preferințele.</li>\n<li>Atrageți atenția la buchete mai simple, fără decor exagerat, indiferent dacă sunt flori de grădină sau trandafiri elegante.</li>\n<li>Nu uitați că impresia cea mai bună fac flori proaspete, deoarece vor sta în apă mai mult timp și au un aspect mai curat și îngrijit.</li>\n<li>Alegeți dintre compoziții floristice cu trandafiri de grădină, bujori, garoafe roz sau eustome. În ciuda faptului că Scorpionii au un caracter complicat, preferă flori palide la culoare și gingașe.</li>\n<li>Dacă sunteți în căutare de cadou pentru femeie Scorpion, încercați să fiți creativi.Amintiți la ce visează femeia Scorpion. Un cadou făcut de mâni și personalizat, un cadou la care demult visau sau despre care au povestit mult, ceva legat cu copilăria lor sau cu emoții pozitive puternice - se va potrivi orice din lista propusă. Dar, uneori nu avem prea mult timp pentru a căuta ceva special.</li>\n</ul><p></p>\n<h2>Un cadou perfect va deveni:</h2>\n<p></p>\n<ul style=\"list-style-type:circle;\"><li>Set pentru creație cu un sketchbook sau carnet</li>\n<li>Gift Box cu un set mare de dulciuri</li>\n<li>Un set mare SPA cu diferite produse pentru îngrijirea pielii</li>\n<li>Un Gift Box cu vin pentru doi (În caz dacă aveți fericirea să fiți în relații cu Scorpion)</li>\n</ul><p></p>\n<p>În orice caz puteți apela la ajutorul nostru în alegerea cadourilor. Cu noi a deveni mai simplu să fii creativ în alegerea cadourilor!</p>\n<p> </p>','',''),
	(10,3,'Как подобрать подарок девушке Скорпиону? Как выбрать цветы, которые подходят по гороскопу? Подробнее...','','Какие цветы дарить Скорпионам? Флористический прогноз.','kakie-cvety-darit-skorpionam-floristicheskij-prognoz','<p>Девушки Скорпионы - очень своенравные, характерные личности. Для них важно не только внимание, но и сам подарок, и они не боятся себе в этом признаться. Девушки Скорпионы умеют сами проявлять внимание и тщательно продумывают свои подарки, а потому ждут этого и от окружающих.</p>\n<p></p>\n<p>Женщины Скорпионы не воспринимают цветы как полноценный подарок. Для них это прекрасный знак внимания, достойный радости и приятных воспоминаний, но не более. А все дело в том, что Скорпионы любят индивидуальный подход.</p>\n<p></p>\n<h2>Если Вы хотите выбрать цветы для девушки Скорпиона:</h2>\n<p></p>\n<ul style=\"list-style-type:circle;\"><li>Обязательно узнайте, какие цветы у нее любимые, для Скорпионов важно, если вы проявите дополнительное внимание и покажете, что помните ее предпочтения</li>\n<li>Присмотритесь к простым и лаконичным букетам без дополнительного декора вне зависимости от того, полевые это цветы или элегантные розы</li>\n<li>Не забывайте о том, что хорошее впечатление производит только букет из свежих цветов, потому что они дольше простоят и выглядят аккуратнее</li>\n<li>Поищите букеты и цветочные композиции из пионов, садовых роз, розовых гвоздик или эустом. Несмотря на свой противоречивый характер, девушки Скорпионы в восторге от нежных цветов.</li>\n<li>Если Вы выбираете подарок для женщины Скорпиона, проявите творческий подход, вспомните о ее сокровенных мечтах. Скорпионы обожают подарки, которые сделаны специально для них, а значит в них есть нечто, намекающее на их личность. Тем не менее у нас не всегда есть возможность думать слишком долго.</li>\n</ul><p></p>\n<h2>Отличным подарком может стать:</h2>\n<p></p>\n<ul style=\"list-style-type:circle;\"><li>Ежедневник или интересный блокнот с набором для творчества</li>\n<li>Гифт бокс с разнообразными сладостями</li>\n<li>Большой набор со средствами по уходу за собой</li>\n<li>Винный набор для романтичного вечера на двоих, если вам посчастливилось быть в отношениях с девушкой Скорпионом</li>\n</ul><p></p>\n<p>Вы можете в любой момент обратиться к нам с вопросом о подарках или цветах и мы подберем что-то необычное конкретно для Вашего случая. С нами делать оригинальные подарки любимым и дорогим людям стало легче!</p>\n<p> </p>','','');

/*!40000 ALTER TABLE `ps_psblog_blog_lang` ENABLE KEYS */;
UNLOCK TABLES;


# Дамп таблицы ps_psblog_blog_shop
# ------------------------------------------------------------

DROP TABLE IF EXISTS `ps_psblog_blog_shop`;

CREATE TABLE `ps_psblog_blog_shop` (
  `id_psblog_blog` int(11) NOT NULL DEFAULT '0',
  `id_shop` int(11) NOT NULL DEFAULT '0',
  PRIMARY KEY (`id_psblog_blog`,`id_shop`)
) ENGINE=InnoDB DEFAULT CHARSET=utf8;

LOCK TABLES `ps_psblog_blog_shop` WRITE;
/*!40000 ALTER TABLE `ps_psblog_blog_shop` DISABLE KEYS */;

INSERT INTO `ps_psblog_blog_shop` (`id_psblog_blog`, `id_shop`)
VALUES
	(3,1),
	(4,1),
	(5,1),
	(6,1),
	(7,1),
	(8,1),
	(9,1),
	(10,1);

/*!40000 ALTER TABLE `ps_psblog_blog_shop` ENABLE KEYS */;
UNLOCK TABLES;


# Дамп таблицы ps_psblog_comment
# ------------------------------------------------------------

DROP TABLE IF EXISTS `ps_psblog_comment`;

CREATE TABLE `ps_psblog_comment` (
  `id_comment` int(11) unsigned NOT NULL AUTO_INCREMENT,
  `id_shop` int(11) NOT NULL DEFAULT '0',
  `id_psblog_blog` int(11) unsigned NOT NULL,
  `comment` text NOT NULL,
  `active` tinyint(1) NOT NULL DEFAULT '0',
  `date_add` datetime DEFAULT NULL,
  `user` varchar(255) NOT NULL,
  `email` varchar(255) NOT NULL,
  PRIMARY KEY (`id_comment`,`id_shop`),
  KEY `FK_blog_comment` (`id_psblog_blog`)
) ENGINE=InnoDB DEFAULT CHARSET=utf8;



# Дамп таблицы ps_psblogcat
# ------------------------------------------------------------

DROP TABLE IF EXISTS `ps_psblogcat`;

CREATE TABLE `ps_psblogcat` (
  `id_psblogcat` int(11) NOT NULL AUTO_INCREMENT,
  `image` varchar(255) NOT NULL,
  `id_parent` int(11) NOT NULL,
  `item` varchar(255) DEFAULT NULL,
  `level_depth` smallint(6) NOT NULL,
  `active` tinyint(1) NOT NULL,
  `show_title` tinyint(1) NOT NULL,
  `position` int(11) NOT NULL,
  `submenu_content` text NOT NULL,
  `privacy` smallint(6) DEFAULT NULL,
  `position_type` varchar(25) DEFAULT NULL,
  `menu_class` varchar(25) DEFAULT NULL,
  `content` text,
  `icon_class` varchar(255) DEFAULT NULL,
  `level` int(11) NOT NULL,
  `left` int(11) NOT NULL,
  `right` int(11) NOT NULL,
  `date_add` datetime DEFAULT NULL,
  `date_upd` datetime DEFAULT NULL,
  `template` varchar(200) NOT NULL,
  PRIMARY KEY (`id_psblogcat`)
) ENGINE=InnoDB DEFAULT CHARSET=utf8;

LOCK TABLES `ps_psblogcat` WRITE;
/*!40000 ALTER TABLE `ps_psblogcat` DISABLE KEYS */;

INSERT INTO `ps_psblogcat` (`id_psblogcat`, `image`, `id_parent`, `item`, `level_depth`, `active`, `show_title`, `position`, `submenu_content`, `privacy`, `position_type`, `menu_class`, `content`, `icon_class`, `level`, `left`, `right`, `date_add`, `date_upd`, `template`)
VALUES
	(1,'',0,NULL,0,0,0,0,'',NULL,NULL,NULL,NULL,NULL,0,0,0,NULL,NULL,''),
	(3,'category-3.jpg',1,'',1,1,0,0,'',0,'','','','',0,0,0,'2017-10-27 01:06:52','2017-10-18 03:07:22','default'),
	(4,'category-2.jpg',3,'',2,1,0,0,'',0,'','','','',0,0,0,'2017-10-27 01:07:34','2018-11-26 14:41:56','default'),
	(5,'category-1.jpg',3,NULL,2,1,1,1,'',0,NULL,'',NULL,'',0,0,0,'2017-10-16 08:44:07','2018-11-26 14:40:33','default'),
	(6,'',3,NULL,2,1,1,2,'',0,NULL,'',NULL,'',0,0,0,'2018-08-21 22:59:04','2018-11-26 14:38:58','default');

/*!40000 ALTER TABLE `ps_psblogcat` ENABLE KEYS */;
UNLOCK TABLES;


# Дамп таблицы ps_psblogcat_lang
# ------------------------------------------------------------

DROP TABLE IF EXISTS `ps_psblogcat_lang`;

CREATE TABLE `ps_psblogcat_lang` (
  `id_psblogcat` int(11) NOT NULL,
  `id_lang` int(11) NOT NULL,
  `title` varchar(255) DEFAULT NULL,
  `content_text` text,
  `description` varchar(200) NOT NULL,
  `meta_keywords` varchar(255) NOT NULL,
  `meta_description` varchar(255) NOT NULL,
  `link_rewrite` varchar(250) NOT NULL,
  PRIMARY KEY (`id_psblogcat`,`id_lang`)
) ENGINE=InnoDB DEFAULT CHARSET=utf8;

LOCK TABLES `ps_psblogcat_lang` WRITE;
/*!40000 ALTER TABLE `ps_psblogcat_lang` DISABLE KEYS */;

INSERT INTO `ps_psblogcat_lang` (`id_psblogcat`, `id_lang`, `title`, `content_text`, `description`, `meta_keywords`, `meta_description`, `link_rewrite`)
VALUES
	(1,1,'Root',NULL,'','','',''),
	(1,2,'Root',NULL,'','','',''),
	(1,3,'Root',NULL,'','','',''),
	(1,4,'Root',NULL,'','','',''),
	(3,1,'Category 1','<p>Odio ut pretium ligula quam Vestibulum consequat convallis fringilla Vestibulum nulla. Accumsan morbi tristique auctor. At risus pretium urna tortor metus fringilla interdum mauris tempor congue</p>','','','\r\n','category-1'),
	(3,2,'Category 1','<p>Odio ut pretium ligula quam Vestibulum consequat convallis fringilla Vestibulum nulla. Accumsan morbi tristique auctor. At risus pretium urna tortor metus fringilla interdum mauris tempor congue</p>','','','\r\n','category-1'),
	(3,3,'Category 1','<p>Odio ut pretium ligula quam Vestibulum consequat convallis fringilla Vestibulum nulla. Accumsan morbi tristique auctor. At risus pretium urna tortor metus fringilla interdum mauris tempor congue</p>','','','\r\n','category-1'),
	(3,4,'Category 1','<p>Odio ut pretium ligula quam Vestibulum consequat convallis fringilla Vestibulum nulla. Accumsan morbi tristique auctor. At risus pretium urna tortor metus fringilla interdum mauris tempor congue</p>','','','\r\n','category-1'),
	(4,1,'Interviews','','','joomla,prestashop,pstheme,pavothemes','','interviews'),
	(4,2,'Interviuri','','','','','interviuri'),
	(4,3,'Интервью','','','','','intervyu'),
	(4,4,'Sub Category 1','<p>Odio ut pretium ligula quam Vestibulum consequat convallis fringilla Vestibulum nulla. Accumsan morbi tristique auctor. At risus pretium urna tortor metus fringilla interdum mauris tempor congue</p>','','joomla,prestashop,pstheme,pavothemes','','sub-category-1'),
	(5,1,'Lifehacks','','','','','lifehacks'),
	(5,2,'Lifehacks','','','haha,joomla,magento','','lifehacks'),
	(5,3,'Лайфхаки','','','haha,joomla,magento','','lajfkhaki'),
	(5,4,'Sub Category 2','<p>Odio ut pretium ligula quam Vestibulum consequat convallis fringilla Vestibulum nulla. Accumsan morbi tristique auctor. At risus pretium urna tortor metus fringilla interdum mauris tempor congue</p>','','haha,joomla,magento','gogogoel','sub-category-2'),
	(6,1,'Astrology Gift Giving','','','','','astrology-gift-giving'),
	(6,2,'Astrologie și Floristcă','','','','','astrologie-i-floristca'),
	(6,3,'Цветочный Гороскоп','','','','','cvetochnyj-goroskop');

/*!40000 ALTER TABLE `ps_psblogcat_lang` ENABLE KEYS */;
UNLOCK TABLES;


# Дамп таблицы ps_psblogcat_shop
# ------------------------------------------------------------

DROP TABLE IF EXISTS `ps_psblogcat_shop`;

CREATE TABLE `ps_psblogcat_shop` (
  `id_psblogcat` int(11) NOT NULL DEFAULT '0',
  `id_shop` int(11) NOT NULL DEFAULT '0',
  PRIMARY KEY (`id_psblogcat`,`id_shop`)
) ENGINE=InnoDB DEFAULT CHARSET=utf8;

LOCK TABLES `ps_psblogcat_shop` WRITE;
/*!40000 ALTER TABLE `ps_psblogcat_shop` DISABLE KEYS */;

INSERT INTO `ps_psblogcat_shop` (`id_psblogcat`, `id_shop`)
VALUES
	(1,1),
	(3,1),
	(4,1),
	(5,1),
	(6,1);

/*!40000 ALTER TABLE `ps_psblogcat_shop` ENABLE KEYS */;
UNLOCK TABLES;


# Дамп таблицы ps_psmegamenu
# ------------------------------------------------------------

DROP TABLE IF EXISTS `ps_psmegamenu`;

CREATE TABLE `ps_psmegamenu` (
  `id_psmegamenu` int(11) NOT NULL AUTO_INCREMENT,
  `image` varchar(255) NOT NULL,
  `id_parent` int(11) NOT NULL,
  `is_group` tinyint(1) NOT NULL,
  `width` varchar(255) DEFAULT NULL,
  `submenu_width` varchar(255) DEFAULT NULL,
  `alignment` varchar(255) DEFAULT NULL,
  `colum_width` varchar(255) DEFAULT NULL,
  `submenu_colum_width` varchar(255) DEFAULT NULL,
  `item` varchar(255) DEFAULT NULL,
  `colums` varchar(255) DEFAULT NULL,
  `type` varchar(255) NOT NULL,
  `is_content` tinyint(1) NOT NULL,
  `show_title` tinyint(1) NOT NULL,
  `type_submenu` varchar(10) NOT NULL,
  `level_depth` smallint(6) NOT NULL,
  `active` tinyint(1) NOT NULL,
  `position` int(11) NOT NULL,
  `submenu_content` text NOT NULL,
  `show_sub` tinyint(1) NOT NULL,
  `url` varchar(255) DEFAULT NULL,
  `target` varchar(25) DEFAULT NULL,
  `privacy` smallint(6) DEFAULT NULL,
  `position_type` varchar(25) DEFAULT NULL,
  `menu_class` varchar(25) DEFAULT NULL,
  `content` text,
  `icon_class` varchar(255) DEFAULT NULL,
  `level` int(11) NOT NULL,
  `left` int(11) NOT NULL,
  `right` int(11) NOT NULL,
  `submenu_catids` text,
  `is_cattree` tinyint(1) DEFAULT '1',
  `date_add` datetime DEFAULT NULL,
  `date_upd` datetime DEFAULT NULL,
  PRIMARY KEY (`id_psmegamenu`)
) ENGINE=InnoDB DEFAULT CHARSET=utf8;

LOCK TABLES `ps_psmegamenu` WRITE;
/*!40000 ALTER TABLE `ps_psmegamenu` DISABLE KEYS */;

INSERT INTO `ps_psmegamenu` (`id_psmegamenu`, `image`, `id_parent`, `is_group`, `width`, `submenu_width`, `alignment`, `colum_width`, `submenu_colum_width`, `item`, `colums`, `type`, `is_content`, `show_title`, `type_submenu`, `level_depth`, `active`, `position`, `submenu_content`, `show_sub`, `url`, `target`, `privacy`, `position_type`, `menu_class`, `content`, `icon_class`, `level`, `left`, `right`, `submenu_catids`, `is_cattree`, `date_add`, `date_upd`)
VALUES
	(1,'',0,0,'','','','','','3','1','category',0,1,'menu',1,1,0,'',0,'','_self',0,'','','','',0,0,0,'',1,'2015-08-12 23:03:48','2015-08-12 23:03:48'),
	(2,'',25,0,'','400px','aligned-left','','','','1','url',0,1,'menu',2,0,0,'',0,'/','_self',0,'','','','',0,0,0,'',1,'2016-11-28 22:35:19','2018-06-13 18:07:35'),
	(5,'',1,0,'','','aligned-left','','','3','1','category',0,1,'menu',2,1,1,'',0,'','_self',0,'','','','',0,0,0,'',1,'2016-11-28 22:38:57','2018-08-21 12:14:13'),
	(6,'',1,0,'','','aligned-left','','','','1','url',0,1,'menu',2,0,5,'',0,'sitemap','_self',0,'','','','',0,0,0,'',1,'2016-11-28 22:39:50','2018-08-21 12:00:42'),
	(7,'',24,0,'','','aligned-left','','','','1','url',0,1,'menu',3,1,0,'',0,'contact','_self',0,'','','','',0,0,0,'',1,'2016-11-28 22:40:11','2018-08-21 13:14:45'),
	(8,'',24,0,'','','aligned-left','','','','1','url',0,1,'menu',3,1,2,'',0,'https://cadouri.md/blog/','_self',0,'','','','',0,0,0,'',1,'2016-12-04 22:32:30','2018-10-04 01:27:58'),
	(9,'',6,0,'','','aligned-left','','','','1','url',0,1,'menu',3,1,1,'',0,'index.php','_self',0,'','','','',0,0,0,'',1,'2016-12-23 04:18:21','2016-12-23 04:18:21'),
	(10,'',6,0,'','','aligned-left','','','','1','url',0,1,'menu',3,1,2,'',0,'new-products','_self',0,'','','','',0,0,0,'',1,'2016-12-23 04:19:02','2016-12-24 02:51:36'),
	(11,'',6,0,'','','aligned-left','','','1','1','url',0,1,'menu',3,1,0,'',0,'best-sales','_self',0,'','','','',0,0,0,'',1,'2016-12-23 04:19:48','2016-12-24 02:54:50'),
	(12,'',6,0,'','','aligned-left','','','','1','url',0,1,'menu',3,1,4,'',0,'404','_self',0,'','','','',0,0,0,'',1,'2016-12-23 04:20:40','2016-12-23 04:20:40'),
	(13,'',6,0,'','','aligned-left','','','','1','url',0,1,'menu',3,1,3,'',0,'prices-drop','_self',0,'','','','',0,0,0,'',1,'2016-12-24 02:55:48','2016-12-24 02:56:01'),
	(17,'',24,0,'','','aligned-left','','','1','1','cms',0,1,'menu',4,0,3,'',0,'','_self',0,'','','','',0,0,0,'',1,'2017-08-10 06:03:55','2018-06-20 00:05:38'),
	(18,'',24,0,'','','aligned-left','','','1','1','cms',0,1,'menu',3,0,1,'',0,'','_self',0,'','hot','','',0,0,0,'',1,'2017-10-04 05:36:33','2018-08-21 13:17:12'),
	(24,'',1,0,'','','aligned-left','','','4','1','cms',0,1,'menu',2,1,3,'',0,'','_self',0,'','','','',0,0,0,'',1,'2017-10-26 02:40:50','2018-08-21 12:42:07'),
	(25,'',1,0,'','','aligned-left','','','','1','url',0,1,'menu',2,0,4,'',0,'index.php?themeskin=default&themeskinactived=1','_self',0,'','','','',0,0,0,'',1,'2017-12-03 20:35:46','2018-06-19 23:43:52'),
	(26,'',25,0,'','','aligned-left','','','','1','url',0,1,'menu',2,1,1,'',0,'index.php?themeskin=home1&themeskinactived=1','_self',0,'','','','',0,0,0,'',1,'2017-12-03 20:36:12','2017-12-03 20:36:12'),
	(28,'',1,0,'','','aligned-left','','','25','1','category',0,1,'menu',2,1,2,'',0,'','_self',0,'','','','',0,0,0,'',1,'2018-06-13 18:27:41','2018-08-21 12:31:10'),
	(29,'',5,0,'','','aligned-left','','','12','1','category',0,1,'menu',3,1,1,'',0,'','_self',0,'','','','',0,0,0,'',1,'2018-06-19 23:32:53','2018-08-21 13:26:48'),
	(30,'',5,0,'','','aligned-left','','','19','1','category',0,1,'menu',3,1,4,'',0,'','_self',0,'','','','',0,0,0,'',1,'2018-06-19 23:35:47','2018-08-21 13:27:16'),
	(31,'',5,0,'','','aligned-left','','','22','1','category',0,1,'menu',3,1,5,'',0,'','_self',0,'','','','',0,0,0,'',1,'2018-06-19 23:37:41','2018-08-21 13:27:39'),
	(32,'',5,0,'','','aligned-left','','','13','1','category',0,1,'menu',3,1,6,'',0,'','_self',0,'','','','',0,0,0,'',1,'2018-06-19 23:38:41','2018-08-21 13:28:16'),
	(33,'',5,0,'','','aligned-left','','','3','1','category',0,1,'menu',3,1,0,'',0,'','_self',0,'','','','',0,0,0,'',1,'2018-06-19 23:39:27','2018-08-21 13:26:31'),
	(35,'',28,0,'','','aligned-left','','','15','1','category',0,1,'menu',3,1,2,'',0,'','_self',0,'','','','',0,0,0,'',1,'2018-06-19 23:52:27','2018-08-21 13:30:06'),
	(36,'',28,0,'','','aligned-left','','','21','1','category',0,1,'menu',3,1,3,'',0,'','_self',0,'','','','',0,0,0,'',1,'2018-06-19 23:53:02','2018-10-23 16:33:19'),
	(37,'',28,0,'','','aligned-left','','','11','1','category',0,1,'menu',3,1,0,'',0,'','_self',0,'','','','',0,0,0,'',1,'2018-06-19 23:56:02','2018-08-21 13:28:34'),
	(38,'',37,0,'','','aligned-left','','','18','1','category',0,1,'menu',4,1,0,'',0,'','_self',0,'','','','',0,0,0,'',1,'2018-06-19 23:56:48','2018-11-05 14:04:23'),
	(39,'',37,0,'','','aligned-left','','','17','1','category',0,1,'menu',4,1,1,'',0,'','_self',0,'','','','',0,0,0,'',1,'2018-06-19 23:59:02','2018-08-21 13:10:19'),
	(41,'',1,0,'','','aligned-left','','','2','1','category',0,1,'menu',2,1,0,'',0,'','_self',0,'','','','',0,0,0,'',1,'2018-08-21 11:42:55','2018-08-21 12:12:21'),
	(43,'',28,0,'','','aligned-left','','','27','1','category',0,1,'menu',2,1,4,'',0,'','_self',0,'','','','',0,0,0,'',1,'2018-10-12 16:51:07','2018-10-12 16:51:07'),
	(44,'',41,0,'','','aligned-left','','','28','1','category',0,1,'menu',2,1,1,'',0,'','_self',0,'','','','',0,0,0,'',1,'2018-11-14 17:21:29','2018-11-14 17:21:29'),
	(45,'',41,0,'','','aligned-left','','','2','1','category',0,1,'menu',3,1,0,'',0,'','_self',0,'','','','',0,0,0,'',1,'2018-11-14 17:23:12','2018-11-30 12:54:58'),
	(47,'',28,0,'','','aligned-left','','','30','1','category',0,1,'menu',3,1,5,'',0,'','_self',0,'','','','',0,0,0,'',1,'2018-12-24 17:34:39','2018-12-24 17:34:39'),
	(48,'',28,0,'','','aligned-left','','','31','1','category',0,1,'menu',3,1,1,'',0,'','_self',0,'','','','',0,0,0,'',1,'2018-12-24 17:35:32','2018-12-24 17:42:01'),
	(49,'',5,0,'','','aligned-left','','','32','1','category',0,1,'menu',2,1,3,'',0,'','_self',0,'','','','',0,0,0,'',1,'2019-01-04 13:57:28','2019-01-04 13:57:28'),
	(50,'',5,0,'','','aligned-left','','','33','1','category',0,1,'menu',3,1,2,'',0,'','_self',0,'','','','',0,0,0,'',1,'2019-01-12 12:35:42','2019-01-12 12:35:42');

/*!40000 ALTER TABLE `ps_psmegamenu` ENABLE KEYS */;
UNLOCK TABLES;


# Дамп таблицы ps_psmegamenu_lang
# ------------------------------------------------------------

DROP TABLE IF EXISTS `ps_psmegamenu_lang`;

CREATE TABLE `ps_psmegamenu_lang` (
  `id_psmegamenu` int(11) NOT NULL,
  `id_lang` int(11) NOT NULL,
  `title` varchar(255) DEFAULT NULL,
  `text` varchar(255) DEFAULT NULL,
  `description` text,
  `content_text` text,
  `submenu_content_text` text,
  PRIMARY KEY (`id_psmegamenu`,`id_lang`)
) ENGINE=InnoDB DEFAULT CHARSET=utf8;

LOCK TABLES `ps_psmegamenu_lang` WRITE;
/*!40000 ALTER TABLE `ps_psmegamenu_lang` DISABLE KEYS */;

INSERT INTO `ps_psmegamenu_lang` (`id_psmegamenu`, `id_lang`, `title`, `text`, `description`, `content_text`, `submenu_content_text`)
VALUES
	(1,1,'Root','','','',''),
	(2,1,'Home','','','',''),
	(2,2,'ACASA','','','',''),
	(2,3,'ДОМОЙ','','','',''),
	(5,1,'FLOWERS','','','',''),
	(5,2,'FLORI','','','',''),
	(5,3,'ЦВЕТЫ','','','',''),
	(6,1,'Page','','','',''),
	(6,2,'Page','','','',''),
	(6,3,'Page','','','',''),
	(7,1,'Contact','','','',''),
	(7,2,'Contacte','','','',''),
	(7,3,'Контакты','','','',''),
	(8,1,'Blog','','','',''),
	(8,2,'Blog','','','',''),
	(8,3,'Блог','','','',''),
	(9,1,'Home pages','','','',''),
	(10,1,'New Products','','','',''),
	(11,1,'Best sellers','','','',''),
	(12,1,'404','','','',''),
	(13,1,'Special products','','','',''),
	(17,1,'FAQs','','','',''),
	(17,2,'FAQs','','','',''),
	(17,3,'FAQs','','','',''),
	(18,1,'Delivery and Payment','','','',''),
	(18,2,'Order Gifts','','','',''),
	(18,3,'Order Gifts','','','',''),
	(24,1,'About Us','','','',''),
	(24,2,'DESPRE NOI','','','',''),
	(24,3,'О НАС','','','',''),
	(25,1,'HOMES EXTRA','','','',''),
	(25,2,'Flowers','','','',''),
	(25,3,'Flowers','','','',''),
	(25,4,'Flowers','','','',''),
	(26,1,'Home 2','','','',''),
	(28,1,'GIFTS','','','',''),
	(28,2,'CADOURI','','','',''),
	(28,3,'ПОДАРКИ','','','',''),
	(29,1,'Roses','','','',''),
	(29,2,'Trandafiri','','','',''),
	(29,3,'Розы','','','',''),
	(30,1,'Mixed Boquets','','','',''),
	(30,2,'Buchete Asortate','','','',''),
	(30,3,'Смешанные Букеты','','','',''),
	(31,1,'Flowers in Boxes','','','',''),
	(31,2,'Florile în Cutii','','','',''),
	(31,3,'Цветы в Шляпных Коробках','','','',''),
	(32,1,'Plants','','','',''),
	(32,2,'Flori în Vazon','','','',''),
	(32,3,'Комнатные Цветы','','','',''),
	(33,1,'All Flowers','','','',''),
	(33,2,'Toate Buchete','','','',''),
	(33,3,'Все Цветы','','','',''),
	(35,1,'Plush Toys','','','',''),
	(35,2,'Jucării Pluș','','','',''),
	(35,3,'Плюшевые Игрушки','','','',''),
	(36,1,'Sweets','','','',''),
	(36,2,'Dulciuri','','','',''),
	(36,3,'Вкусняшки','','','',''),
	(37,1,'Gift Boxes','','','',''),
	(37,2,'Gift Boxes','','','',''),
	(37,3,'Гифт Боксы','','','',''),
	(38,1,'SPA Boxes','','','',''),
	(38,2,'SPA Boxe','','','',''),
	(38,3,'SPA Наборы','','','',''),
	(39,1,'Sweet Boxes','','','',''),
	(39,2,'Gift Boxe Dulce','','','',''),
	(39,3,'Сладкие Наборы','','','',''),
	(41,1,'SHOP','','','',''),
	(41,2,'MAGAZIN','','','',''),
	(41,3,'МАГАЗИН','','','',''),
	(43,1,'For Men ','','','',''),
	(43,2,'Pentru Bărbați','','','',''),
	(43,3,'Для Мужчин ','','','',''),
	(44,1,'Gifts with Express Delivery','','','',''),
	(44,2,'Cadouri cu Livrare Expres','','','',''),
	(44,3,'Подарки с Экспресс Доставкой','','','',''),
	(45,1,'All Products','','','',''),
	(45,2,'Toate Produse','','','',''),
	(45,3,'Все Товары','','','',''),
	(47,1,'For Kids ','','','',''),
	(47,2,'Pentru Copii','','','',''),
	(47,3,'Для Детей ','','','',''),
	(48,1,'Gift Baskets ','','','',''),
	(48,2,'Coșuri cu Cadouri ','','','',''),
	(48,3,'Подарочные Корзины ','','','',''),
	(49,1,'Mono Bouquets','','','',''),
	(49,2,'Buchete Mono ','','','',''),
	(49,3,'Моно Букеты ','','','',''),
	(50,1,'Tulips','','','',''),
	(50,2,'Lalele','','','',''),
	(50,3,'Тюльпаны','','','','');

/*!40000 ALTER TABLE `ps_psmegamenu_lang` ENABLE KEYS */;
UNLOCK TABLES;


# Дамп таблицы ps_psmegamenu_shop
# ------------------------------------------------------------

DROP TABLE IF EXISTS `ps_psmegamenu_shop`;

CREATE TABLE `ps_psmegamenu_shop` (
  `id_psmegamenu` int(11) NOT NULL DEFAULT '0',
  `id_shop` int(11) NOT NULL DEFAULT '0',
  PRIMARY KEY (`id_psmegamenu`,`id_shop`)
) ENGINE=InnoDB DEFAULT CHARSET=utf8;

LOCK TABLES `ps_psmegamenu_shop` WRITE;
/*!40000 ALTER TABLE `ps_psmegamenu_shop` DISABLE KEYS */;

INSERT INTO `ps_psmegamenu_shop` (`id_psmegamenu`, `id_shop`)
VALUES
	(1,1),
	(2,1),
	(5,1),
	(6,1),
	(7,1),
	(8,1),
	(9,1),
	(10,1),
	(11,1),
	(12,1),
	(13,1),
	(17,1),
	(18,1),
	(24,1),
	(25,1),
	(26,1),
	(28,1),
	(29,1),
	(30,1),
	(31,1),
	(32,1),
	(33,1),
	(35,1),
	(36,1),
	(37,1),
	(38,1),
	(39,1),
	(41,1),
	(43,1),
	(44,1),
	(45,1),
	(47,1),
	(48,1),
	(49,1),
	(50,1);

/*!40000 ALTER TABLE `ps_psmegamenu_shop` ENABLE KEYS */;
UNLOCK TABLES;


# Дамп таблицы ps_psmegamenu_widgets
# ------------------------------------------------------------

DROP TABLE IF EXISTS `ps_psmegamenu_widgets`;

CREATE TABLE `ps_psmegamenu_widgets` (
  `id_widget` int(11) NOT NULL AUTO_INCREMENT,
  `name` varchar(250) NOT NULL,
  `type` varchar(255) NOT NULL,
  `params` text NOT NULL,
  `id_shop` int(11) NOT NULL,
  `key_widget` int(11) NOT NULL,
  PRIMARY KEY (`id_widget`,`id_shop`)
) ENGINE=InnoDB DEFAULT CHARSET=utf8;



# Дамп таблицы ps_psverticalmenu
# ------------------------------------------------------------

DROP TABLE IF EXISTS `ps_psverticalmenu`;

CREATE TABLE `ps_psverticalmenu` (
  `id_psverticalmenu` int(11) NOT NULL AUTO_INCREMENT,
  `image` varchar(255) NOT NULL,
  `id_parent` int(11) NOT NULL,
  `is_group` tinyint(1) NOT NULL,
  `width` varchar(255) DEFAULT NULL,
  `submenu_width` varchar(255) DEFAULT NULL,
  `alignment` varchar(255) DEFAULT NULL,
  `colum_width` varchar(255) DEFAULT NULL,
  `submenu_colum_width` varchar(255) DEFAULT NULL,
  `item` varchar(255) DEFAULT NULL,
  `colums` varchar(255) DEFAULT NULL,
  `type` varchar(255) NOT NULL,
  `is_content` tinyint(1) NOT NULL,
  `show_title` tinyint(1) NOT NULL,
  `type_submenu` varchar(10) NOT NULL,
  `level_depth` smallint(6) NOT NULL,
  `active` tinyint(1) NOT NULL,
  `position` int(11) NOT NULL,
  `submenu_content` text NOT NULL,
  `show_sub` tinyint(1) NOT NULL,
  `url` varchar(255) DEFAULT NULL,
  `target` varchar(25) DEFAULT NULL,
  `privacy` smallint(6) DEFAULT NULL,
  `position_type` varchar(25) DEFAULT NULL,
  `menu_class` varchar(25) DEFAULT NULL,
  `content` text,
  `icon_class` varchar(255) DEFAULT NULL,
  `level` int(11) NOT NULL,
  `left` int(11) NOT NULL,
  `right` int(11) NOT NULL,
  `submenu_catids` text,
  `is_cattree` tinyint(1) DEFAULT '1',
  `date_add` datetime DEFAULT NULL,
  `date_upd` datetime DEFAULT NULL,
  PRIMARY KEY (`id_psverticalmenu`)
) ENGINE=InnoDB DEFAULT CHARSET=utf8;

LOCK TABLES `ps_psverticalmenu` WRITE;
/*!40000 ALTER TABLE `ps_psverticalmenu` DISABLE KEYS */;

INSERT INTO `ps_psverticalmenu` (`id_psverticalmenu`, `image`, `id_parent`, `is_group`, `width`, `submenu_width`, `alignment`, `colum_width`, `submenu_colum_width`, `item`, `colums`, `type`, `is_content`, `show_title`, `type_submenu`, `level_depth`, `active`, `position`, `submenu_content`, `show_sub`, `url`, `target`, `privacy`, `position_type`, `menu_class`, `content`, `icon_class`, `level`, `left`, `right`, `submenu_catids`, `is_cattree`, `date_add`, `date_upd`)
VALUES
	(2,'',1,0,'','','aligned-left','','','','1','url',0,1,'34',1,1,1,'',0,'','_self',0,'','','','',0,0,0,'',1,'2017-11-14 01:37:36','2017-11-16 04:52:14'),
	(3,'',1,0,'','','aligned-left','','','','1','url',0,1,'32',1,1,2,'',0,'','_self',0,'','','','',0,0,0,'',1,'2017-11-14 01:37:46','2017-11-16 04:52:23'),
	(4,'',1,0,'','','aligned-left','','','15','1','category',0,1,'33',1,1,3,'',0,'','_self',0,'','','','',0,0,0,'',1,'2017-11-14 01:38:03','2017-11-16 04:52:37'),
	(5,'',1,0,'','','aligned-left','','','','1','url',0,1,'menu',1,1,4,'',0,'','_self',0,'','','','',0,0,0,'',1,'2017-11-14 01:38:13','2017-11-16 04:52:47'),
	(6,'',1,0,'','','aligned-left','','','','1','url',0,1,'menu',2,1,5,'',0,'','_self',0,'','','','',0,0,0,'',1,'2017-11-14 01:38:24','2017-11-14 01:38:24'),
	(7,'',1,0,'','','aligned-left','','','12','1','category',0,1,'menu',1,1,0,'',0,'','_self',0,'','','','',0,0,0,'',1,'2017-11-14 01:37:18','2017-11-14 01:37:18');

/*!40000 ALTER TABLE `ps_psverticalmenu` ENABLE KEYS */;
UNLOCK TABLES;


# Дамп таблицы ps_psverticalmenu_lang
# ------------------------------------------------------------

DROP TABLE IF EXISTS `ps_psverticalmenu_lang`;

CREATE TABLE `ps_psverticalmenu_lang` (
  `id_psverticalmenu` int(11) NOT NULL,
  `id_lang` int(11) NOT NULL,
  `title` varchar(255) DEFAULT NULL,
  `text` varchar(255) DEFAULT NULL,
  `description` text,
  `content_text` text,
  `submenu_content_text` text,
  PRIMARY KEY (`id_psverticalmenu`,`id_lang`)
) ENGINE=InnoDB DEFAULT CHARSET=utf8;

LOCK TABLES `ps_psverticalmenu_lang` WRITE;
/*!40000 ALTER TABLE `ps_psverticalmenu_lang` DISABLE KEYS */;

INSERT INTO `ps_psverticalmenu_lang` (`id_psverticalmenu`, `id_lang`, `title`, `text`, `description`, `content_text`, `submenu_content_text`)
VALUES
	(1,1,'Home & Living','','','',''),
	(2,1,'Personalised Gifts','','','',''),
	(3,1,'Garment Care','','','',''),
	(4,1,'Jewelry & Accessories','','','',''),
	(5,1,'Occasion Gifts','','','',''),
	(6,1,'Office & Stationery','','','','');

/*!40000 ALTER TABLE `ps_psverticalmenu_lang` ENABLE KEYS */;
UNLOCK TABLES;


# Дамп таблицы ps_psverticalmenu_shop
# ------------------------------------------------------------

DROP TABLE IF EXISTS `ps_psverticalmenu_shop`;

CREATE TABLE `ps_psverticalmenu_shop` (
  `id_psverticalmenu` int(11) NOT NULL DEFAULT '0',
  `id_shop` int(11) NOT NULL DEFAULT '0',
  PRIMARY KEY (`id_psverticalmenu`,`id_shop`)
) ENGINE=InnoDB DEFAULT CHARSET=utf8;

LOCK TABLES `ps_psverticalmenu_shop` WRITE;
/*!40000 ALTER TABLE `ps_psverticalmenu_shop` DISABLE KEYS */;

INSERT INTO `ps_psverticalmenu_shop` (`id_psverticalmenu`, `id_shop`)
VALUES
	(1,1),
	(2,1),
	(3,1),
	(4,1),
	(5,1),
	(6,1);

/*!40000 ALTER TABLE `ps_psverticalmenu_shop` ENABLE KEYS */;
UNLOCK TABLES;


# Дамп таблицы ps_psverticalmenu_widgets
# ------------------------------------------------------------

DROP TABLE IF EXISTS `ps_psverticalmenu_widgets`;

CREATE TABLE `ps_psverticalmenu_widgets` (
  `id_widget` int(11) NOT NULL AUTO_INCREMENT,
  `name` varchar(250) NOT NULL,
  `type` varchar(255) NOT NULL,
  `params` text NOT NULL,
  `id_shop` int(11) NOT NULL,
  `key_widget` int(11) NOT NULL,
  PRIMARY KEY (`id_widget`,`id_shop`)
) ENGINE=InnoDB DEFAULT CHARSET=utf8;



# Дамп таблицы ps_quick_access
# ------------------------------------------------------------

DROP TABLE IF EXISTS `ps_quick_access`;

CREATE TABLE `ps_quick_access` (
  `id_quick_access` int(10) unsigned NOT NULL AUTO_INCREMENT,
  `new_window` tinyint(1) NOT NULL DEFAULT '0',
  `link` varchar(255) NOT NULL,
  PRIMARY KEY (`id_quick_access`)
) ENGINE=InnoDB DEFAULT CHARSET=utf8;

LOCK TABLES `ps_quick_access` WRITE;
/*!40000 ALTER TABLE `ps_quick_access` DISABLE KEYS */;

INSERT INTO `ps_quick_access` (`id_quick_access`, `new_window`, `link`)
VALUES
	(1,0,'index.php?controller=AdminOrders'),
	(2,0,'index.php?controller=AdminCartRules&addcart_rule'),
	(3,0,'index.php/product/new'),
	(4,0,'index.php?controller=AdminCategories&addcategory'),
	(5,0,'index.php/module/manage'),
	(6,0,'index.php?controller=AdminStats&module=statscheckup'),
	(7,0,'index.php?controller=AdminModules&configure=pssliderlayer'),
	(8,0,'index.php?controller=AdminModules&configure=psmegamenu'),
	(9,0,'index.php?controller=AdminModules&&conf=1&configure=ptsthemepanel&tab_module=front_office_features&module_name=ptsthemepanel'),
	(10,0,'index.php?controller=AdminModules&configure=custombanners'),
	(11,0,'index.php?controller=AdminModules&configure=easycarousels'),
	(12,0,'index.php?controller=AdminModules&configure=amazzingfilter'),
	(13,0,'index.php?controller=AdminModules&configure=amazzingblog');

/*!40000 ALTER TABLE `ps_quick_access` ENABLE KEYS */;
UNLOCK TABLES;


# Дамп таблицы ps_quick_access_lang
# ------------------------------------------------------------

DROP TABLE IF EXISTS `ps_quick_access_lang`;

CREATE TABLE `ps_quick_access_lang` (
  `id_quick_access` int(10) unsigned NOT NULL,
  `id_lang` int(10) unsigned NOT NULL,
  `name` varchar(32) NOT NULL,
  PRIMARY KEY (`id_quick_access`,`id_lang`)
) ENGINE=InnoDB DEFAULT CHARSET=utf8;

LOCK TABLES `ps_quick_access_lang` WRITE;
/*!40000 ALTER TABLE `ps_quick_access_lang` DISABLE KEYS */;

INSERT INTO `ps_quick_access_lang` (`id_quick_access`, `id_lang`, `name`)
VALUES
	(1,1,'Orders'),
	(1,2,'Orders'),
	(1,3,'Orders'),
	(1,4,'Orders'),
	(2,1,'New voucher'),
	(2,2,'New voucher'),
	(2,3,'New voucher'),
	(2,4,'New voucher'),
	(3,1,'New product'),
	(3,2,'New product'),
	(3,3,'New product'),
	(3,4,'New product'),
	(4,1,'New category'),
	(4,2,'New category'),
	(4,3,'New category'),
	(4,4,'New category'),
	(5,1,'Installed modules'),
	(5,2,'Installed modules'),
	(5,3,'Installed modules'),
	(5,4,'Installed modules'),
	(6,1,'Catalog evaluation'),
	(6,2,'Catalog evaluation'),
	(6,3,'Catalog evaluation'),
	(6,4,'Catalog evaluation'),
	(7,1,'Slider'),
	(7,2,'Slider'),
	(7,3,'Slider'),
	(8,1,'Top Menu'),
	(8,2,'Top Menu'),
	(8,3,'Top Menu'),
	(9,1,'Theme control panel'),
	(9,2,'Theme control panel'),
	(9,3,'Theme control panel'),
	(10,1,'Custom banners'),
	(10,2,'Custom banners'),
	(10,3,'Custom banners'),
	(11,1,'Easycarousels'),
	(11,2,'Easycarousels'),
	(11,3,'Easycarousels'),
	(12,1,'Filter'),
	(12,2,'Filter'),
	(12,3,'Filter'),
	(13,1,'Blog'),
	(13,2,'Blog'),
	(13,3,'Blog');

/*!40000 ALTER TABLE `ps_quick_access_lang` ENABLE KEYS */;
UNLOCK TABLES;


# Дамп таблицы ps_range_price
# ------------------------------------------------------------

DROP TABLE IF EXISTS `ps_range_price`;

CREATE TABLE `ps_range_price` (
  `id_range_price` int(10) unsigned NOT NULL AUTO_INCREMENT,
  `id_carrier` int(10) unsigned NOT NULL,
  `delimiter1` decimal(20,6) NOT NULL,
  `delimiter2` decimal(20,6) NOT NULL,
  PRIMARY KEY (`id_range_price`),
  UNIQUE KEY `id_carrier` (`id_carrier`,`delimiter1`,`delimiter2`)
) ENGINE=InnoDB DEFAULT CHARSET=utf8;

LOCK TABLES `ps_range_price` WRITE;
/*!40000 ALTER TABLE `ps_range_price` DISABLE KEYS */;

INSERT INTO `ps_range_price` (`id_range_price`, `id_carrier`, `delimiter1`, `delimiter2`)
VALUES
	(1,2,0.000000,10000.000000);

/*!40000 ALTER TABLE `ps_range_price` ENABLE KEYS */;
UNLOCK TABLES;


# Дамп таблицы ps_range_weight
# ------------------------------------------------------------

DROP TABLE IF EXISTS `ps_range_weight`;

CREATE TABLE `ps_range_weight` (
  `id_range_weight` int(10) unsigned NOT NULL AUTO_INCREMENT,
  `id_carrier` int(10) unsigned NOT NULL,
  `delimiter1` decimal(20,6) NOT NULL,
  `delimiter2` decimal(20,6) NOT NULL,
  PRIMARY KEY (`id_range_weight`),
  UNIQUE KEY `id_carrier` (`id_carrier`,`delimiter1`,`delimiter2`)
) ENGINE=InnoDB DEFAULT CHARSET=utf8;

LOCK TABLES `ps_range_weight` WRITE;
/*!40000 ALTER TABLE `ps_range_weight` DISABLE KEYS */;

INSERT INTO `ps_range_weight` (`id_range_weight`, `id_carrier`, `delimiter1`, `delimiter2`)
VALUES
	(1,2,0.000000,10000.000000);

/*!40000 ALTER TABLE `ps_range_weight` ENABLE KEYS */;
UNLOCK TABLES;


# Дамп таблицы ps_referrer
# ------------------------------------------------------------

DROP TABLE IF EXISTS `ps_referrer`;

CREATE TABLE `ps_referrer` (
  `id_referrer` int(10) unsigned NOT NULL AUTO_INCREMENT,
  `name` varchar(64) NOT NULL,
  `passwd` varchar(32) DEFAULT NULL,
  `http_referer_regexp` varchar(64) DEFAULT NULL,
  `http_referer_like` varchar(64) DEFAULT NULL,
  `request_uri_regexp` varchar(64) DEFAULT NULL,
  `request_uri_like` varchar(64) DEFAULT NULL,
  `http_referer_regexp_not` varchar(64) DEFAULT NULL,
  `http_referer_like_not` varchar(64) DEFAULT NULL,
  `request_uri_regexp_not` varchar(64) DEFAULT NULL,
  `request_uri_like_not` varchar(64) DEFAULT NULL,
  `base_fee` decimal(5,2) NOT NULL DEFAULT '0.00',
  `percent_fee` decimal(5,2) NOT NULL DEFAULT '0.00',
  `click_fee` decimal(5,2) NOT NULL DEFAULT '0.00',
  `date_add` datetime NOT NULL,
  PRIMARY KEY (`id_referrer`)
) ENGINE=InnoDB DEFAULT CHARSET=utf8;



# Дамп таблицы ps_referrer_cache
# ------------------------------------------------------------

DROP TABLE IF EXISTS `ps_referrer_cache`;

CREATE TABLE `ps_referrer_cache` (
  `id_connections_source` int(11) unsigned NOT NULL,
  `id_referrer` int(11) unsigned NOT NULL,
  PRIMARY KEY (`id_connections_source`,`id_referrer`)
) ENGINE=InnoDB DEFAULT CHARSET=utf8;



# Дамп таблицы ps_referrer_shop
# ------------------------------------------------------------

DROP TABLE IF EXISTS `ps_referrer_shop`;

CREATE TABLE `ps_referrer_shop` (
  `id_referrer` int(10) unsigned NOT NULL AUTO_INCREMENT,
  `id_shop` int(10) unsigned NOT NULL DEFAULT '1',
  `cache_visitors` int(11) DEFAULT NULL,
  `cache_visits` int(11) DEFAULT NULL,
  `cache_pages` int(11) DEFAULT NULL,
  `cache_registrations` int(11) DEFAULT NULL,
  `cache_orders` int(11) DEFAULT NULL,
  `cache_sales` decimal(17,2) DEFAULT NULL,
  `cache_reg_rate` decimal(5,4) DEFAULT NULL,
  `cache_order_rate` decimal(5,4) DEFAULT NULL,
  PRIMARY KEY (`id_referrer`,`id_shop`)
) ENGINE=InnoDB DEFAULT CHARSET=utf8;



# Дамп таблицы ps_request_sql
# ------------------------------------------------------------

DROP TABLE IF EXISTS `ps_request_sql`;

CREATE TABLE `ps_request_sql` (
  `id_request_sql` int(11) NOT NULL AUTO_INCREMENT,
  `name` varchar(200) NOT NULL,
  `sql` text NOT NULL,
  PRIMARY KEY (`id_request_sql`)
) ENGINE=InnoDB DEFAULT CHARSET=utf8;



# Дамп таблицы ps_required_field
# ------------------------------------------------------------

DROP TABLE IF EXISTS `ps_required_field`;

CREATE TABLE `ps_required_field` (
  `id_required_field` int(11) NOT NULL AUTO_INCREMENT,
  `object_name` varchar(32) NOT NULL,
  `field_name` varchar(32) NOT NULL,
  PRIMARY KEY (`id_required_field`),
  KEY `object_name` (`object_name`)
) ENGINE=InnoDB DEFAULT CHARSET=utf8;



# Дамп таблицы ps_risk
# ------------------------------------------------------------

DROP TABLE IF EXISTS `ps_risk`;

CREATE TABLE `ps_risk` (
  `id_risk` int(11) unsigned NOT NULL AUTO_INCREMENT,
  `percent` tinyint(3) NOT NULL,
  `color` varchar(32) DEFAULT NULL,
  PRIMARY KEY (`id_risk`)
) ENGINE=InnoDB DEFAULT CHARSET=utf8;

LOCK TABLES `ps_risk` WRITE;
/*!40000 ALTER TABLE `ps_risk` DISABLE KEYS */;

INSERT INTO `ps_risk` (`id_risk`, `percent`, `color`)
VALUES
	(1,0,'#32CD32'),
	(2,35,'#FF8C00'),
	(3,75,'#DC143C'),
	(4,100,'#ec2e15');

/*!40000 ALTER TABLE `ps_risk` ENABLE KEYS */;
UNLOCK TABLES;


# Дамп таблицы ps_risk_lang
# ------------------------------------------------------------

DROP TABLE IF EXISTS `ps_risk_lang`;

CREATE TABLE `ps_risk_lang` (
  `id_risk` int(10) unsigned NOT NULL,
  `id_lang` int(10) unsigned NOT NULL,
  `name` varchar(20) NOT NULL,
  PRIMARY KEY (`id_risk`,`id_lang`),
  KEY `id_risk` (`id_risk`)
) ENGINE=InnoDB DEFAULT CHARSET=utf8;

LOCK TABLES `ps_risk_lang` WRITE;
/*!40000 ALTER TABLE `ps_risk_lang` DISABLE KEYS */;

INSERT INTO `ps_risk_lang` (`id_risk`, `id_lang`, `name`)
VALUES
	(1,1,'None'),
	(1,2,'None'),
	(1,3,'None'),
	(1,4,'None'),
	(2,1,'Low'),
	(2,2,'Low'),
	(2,3,'Low'),
	(2,4,'Low'),
	(3,1,'Medium'),
	(3,2,'Medium'),
	(3,3,'Medium'),
	(3,4,'Medium'),
	(4,1,'High'),
	(4,2,'High'),
	(4,3,'High'),
	(4,4,'High');

/*!40000 ALTER TABLE `ps_risk_lang` ENABLE KEYS */;
UNLOCK TABLES;


# Дамп таблицы ps_search_engine
# ------------------------------------------------------------

DROP TABLE IF EXISTS `ps_search_engine`;

CREATE TABLE `ps_search_engine` (
  `id_search_engine` int(10) unsigned NOT NULL AUTO_INCREMENT,
  `server` varchar(64) NOT NULL,
  `getvar` varchar(16) NOT NULL,
  PRIMARY KEY (`id_search_engine`)
) ENGINE=InnoDB DEFAULT CHARSET=utf8;

LOCK TABLES `ps_search_engine` WRITE;
/*!40000 ALTER TABLE `ps_search_engine` DISABLE KEYS */;

INSERT INTO `ps_search_engine` (`id_search_engine`, `server`, `getvar`)
VALUES
	(1,'google','q'),
	(2,'aol','q'),
	(3,'yandex','text'),
	(4,'ask.com','q'),
	(5,'nhl.com','q'),
	(6,'yahoo','p'),
	(7,'baidu','wd'),
	(8,'lycos','query'),
	(9,'exalead','q'),
	(10,'search.live','q'),
	(11,'voila','rdata'),
	(12,'altavista','q'),
	(13,'bing','q'),
	(14,'daum','q'),
	(15,'eniro','search_word'),
	(16,'naver','query'),
	(17,'msn','q'),
	(18,'netscape','query'),
	(19,'cnn','query'),
	(20,'about','terms'),
	(21,'mamma','query'),
	(22,'alltheweb','q'),
	(23,'virgilio','qs'),
	(24,'alice','qs'),
	(25,'najdi','q'),
	(26,'mama','query'),
	(27,'seznam','q'),
	(28,'onet','qt'),
	(29,'szukacz','q'),
	(30,'yam','k'),
	(31,'pchome','q'),
	(32,'kvasir','q'),
	(33,'sesam','q'),
	(34,'ozu','q'),
	(35,'terra','query'),
	(36,'mynet','q'),
	(37,'ekolay','q'),
	(38,'rambler','words');

/*!40000 ALTER TABLE `ps_search_engine` ENABLE KEYS */;
UNLOCK TABLES;


# Дамп таблицы ps_search_index
# ------------------------------------------------------------

DROP TABLE IF EXISTS `ps_search_index`;

CREATE TABLE `ps_search_index` (
  `id_product` int(11) unsigned NOT NULL,
  `id_word` int(11) unsigned NOT NULL,
  `weight` smallint(4) unsigned NOT NULL DEFAULT '1',
  PRIMARY KEY (`id_word`,`id_product`),
  KEY `id_product` (`id_product`,`weight`)
) ENGINE=InnoDB DEFAULT CHARSET=utf8;

LOCK TABLES `ps_search_index` WRITE;
/*!40000 ALTER TABLE `ps_search_index` DISABLE KEYS */;

INSERT INTO `ps_search_index` (`id_product`, `id_word`, `weight`)
VALUES
	(1,158,1),
	(1,159,1),
	(1,160,1),
	(1,161,1),
	(1,162,1),
	(1,163,1),
	(1,164,1),
	(1,165,1),
	(1,166,1),
	(1,167,1),
	(1,168,1),
	(1,169,1),
	(1,170,1),
	(1,171,1),
	(1,172,1),
	(1,173,1),
	(1,174,1),
	(1,175,1),
	(1,178,1),
	(1,179,1),
	(1,180,1),
	(1,181,1),
	(1,182,1),
	(1,183,1),
	(1,184,1),
	(1,185,1),
	(1,186,1),
	(1,187,1),
	(1,188,1),
	(1,189,1),
	(1,190,1),
	(1,191,1),
	(1,192,1),
	(1,193,1),
	(1,194,1),
	(1,195,1),
	(1,196,1),
	(1,197,1),
	(1,199,1),
	(1,200,1),
	(1,201,1),
	(1,198,2),
	(1,202,3),
	(1,176,4),
	(1,177,4),
	(1,155,6),
	(1,156,6),
	(1,154,7),
	(1,203,8),
	(1,204,8),
	(1,157,90),
	(2,5,1),
	(2,6,1),
	(2,7,1),
	(2,8,1),
	(2,10,1),
	(2,12,1),
	(2,13,1),
	(2,16,1),
	(2,25,1),
	(2,26,1),
	(2,27,1),
	(2,28,1),
	(2,29,1),
	(2,30,1),
	(2,31,1),
	(2,32,1),
	(2,33,1),
	(2,34,1),
	(2,35,1),
	(2,36,1),
	(2,37,1),
	(2,38,1),
	(2,39,1),
	(2,40,1),
	(2,41,1),
	(2,42,1),
	(2,43,1),
	(2,44,1),
	(2,46,1),
	(2,47,1),
	(2,48,1),
	(2,56,1),
	(2,57,1),
	(2,58,1),
	(2,59,1),
	(2,61,1),
	(2,63,1),
	(2,64,1),
	(2,67,1),
	(2,76,1),
	(2,77,1),
	(2,78,1),
	(2,79,1),
	(2,80,1),
	(2,81,1),
	(2,82,1),
	(2,83,1),
	(2,84,1),
	(2,85,1),
	(2,86,1),
	(2,87,1),
	(2,88,1),
	(2,89,1),
	(2,90,1),
	(2,91,1),
	(2,92,1),
	(2,93,1),
	(2,94,1),
	(2,95,1),
	(2,97,1),
	(2,98,1),
	(2,99,1),
	(2,107,1),
	(2,108,1),
	(2,109,1),
	(2,110,1),
	(2,112,1),
	(2,114,1),
	(2,115,1),
	(2,118,1),
	(2,127,1),
	(2,128,1),
	(2,129,1),
	(2,130,1),
	(2,131,1),
	(2,132,1),
	(2,133,1),
	(2,134,1),
	(2,135,1),
	(2,136,1),
	(2,137,1),
	(2,138,1),
	(2,139,1),
	(2,140,1),
	(2,141,1),
	(2,142,1),
	(2,143,1),
	(2,144,1),
	(2,145,1),
	(2,146,1),
	(2,148,1),
	(2,149,1),
	(2,150,1),
	(2,158,1),
	(2,159,1),
	(2,160,1),
	(2,161,1),
	(2,163,1),
	(2,165,1),
	(2,166,1),
	(2,169,1),
	(2,178,1),
	(2,179,1),
	(2,180,1),
	(2,181,1),
	(2,182,1),
	(2,183,1),
	(2,184,1),
	(2,185,1),
	(2,186,1),
	(2,187,1),
	(2,188,1),
	(2,189,1),
	(2,190,1),
	(2,191,1),
	(2,192,1),
	(2,193,1),
	(2,194,1),
	(2,195,1),
	(2,196,1),
	(2,197,1),
	(2,199,1),
	(2,200,1),
	(2,201,1),
	(2,338,1),
	(2,339,1),
	(2,340,1),
	(2,341,1),
	(2,342,1),
	(2,45,2),
	(2,96,2),
	(2,147,2),
	(2,198,2),
	(2,211,3),
	(2,255,3),
	(2,299,3),
	(2,343,3),
	(2,23,4),
	(2,24,4),
	(2,74,4),
	(2,75,4),
	(2,125,4),
	(2,126,4),
	(2,176,4),
	(2,177,4),
	(2,1,6),
	(2,2,6),
	(2,52,6),
	(2,53,6),
	(2,103,6),
	(2,104,6),
	(2,154,6),
	(2,155,6),
	(2,337,6),
	(2,4,50),
	(2,55,50),
	(2,106,50),
	(2,157,50),
	(3,2,1),
	(3,53,1),
	(3,104,1),
	(3,155,1),
	(3,494,1),
	(3,495,1),
	(3,496,1),
	(3,497,1),
	(3,498,1),
	(3,499,1),
	(3,500,1),
	(3,501,1),
	(3,502,1),
	(3,503,1),
	(3,504,1),
	(3,505,1),
	(3,506,1),
	(3,507,1),
	(3,508,1),
	(3,509,1),
	(3,510,1),
	(3,511,1),
	(3,512,1),
	(3,513,1),
	(3,514,1),
	(3,515,1),
	(3,516,1),
	(3,520,2),
	(3,521,2),
	(3,522,2),
	(3,517,3),
	(3,518,3),
	(3,519,3),
	(3,489,7),
	(3,490,7),
	(3,491,7),
	(3,492,7),
	(3,493,8),
	(3,4,40),
	(3,55,40),
	(3,106,40),
	(3,157,40),
	(4,2,1),
	(4,53,1),
	(4,104,1),
	(4,155,1),
	(4,381,1),
	(4,382,1),
	(4,383,1),
	(4,386,1),
	(4,387,1),
	(4,389,1),
	(4,390,1),
	(4,391,1),
	(4,392,1),
	(4,393,1),
	(4,394,1),
	(4,395,1),
	(4,396,1),
	(4,397,1),
	(4,398,1),
	(4,399,1),
	(4,400,1),
	(4,401,1),
	(4,402,1),
	(4,403,1),
	(4,404,1),
	(4,405,1),
	(4,406,1),
	(4,407,1),
	(4,408,1),
	(4,417,1),
	(4,418,1),
	(4,419,1),
	(4,422,1),
	(4,423,1),
	(4,425,1),
	(4,426,1),
	(4,427,1),
	(4,428,1),
	(4,429,1),
	(4,430,1),
	(4,431,1),
	(4,432,1),
	(4,433,1),
	(4,434,1),
	(4,435,1),
	(4,436,1),
	(4,437,1),
	(4,438,1),
	(4,439,1),
	(4,440,1),
	(4,441,1),
	(4,442,1),
	(4,443,1),
	(4,444,1),
	(4,453,1),
	(4,454,1),
	(4,455,1),
	(4,458,1),
	(4,459,1),
	(4,461,1),
	(4,462,1),
	(4,463,1),
	(4,464,1),
	(4,465,1),
	(4,466,1),
	(4,467,1),
	(4,468,1),
	(4,469,1),
	(4,470,1),
	(4,471,1),
	(4,472,1),
	(4,473,1),
	(4,474,1),
	(4,475,1),
	(4,476,1),
	(4,477,1),
	(4,478,1),
	(4,479,1),
	(4,480,1),
	(4,489,1),
	(4,490,1),
	(4,491,1),
	(4,494,1),
	(4,495,1),
	(4,497,1),
	(4,498,1),
	(4,499,1),
	(4,500,1),
	(4,501,1),
	(4,502,1),
	(4,503,1),
	(4,504,1),
	(4,505,1),
	(4,506,1),
	(4,507,1),
	(4,508,1),
	(4,509,1),
	(4,510,1),
	(4,511,1),
	(4,512,1),
	(4,513,1),
	(4,514,1),
	(4,515,1),
	(4,516,1),
	(4,641,1),
	(4,412,2),
	(4,413,2),
	(4,414,2),
	(4,448,2),
	(4,449,2),
	(4,450,2),
	(4,484,2),
	(4,485,2),
	(4,486,2),
	(4,520,2),
	(4,521,2),
	(4,522,2),
	(4,211,3),
	(4,255,3),
	(4,299,3),
	(4,343,3),
	(4,410,3),
	(4,411,3),
	(4,446,3),
	(4,447,3),
	(4,482,3),
	(4,483,3),
	(4,518,3),
	(4,519,3),
	(4,639,6),
	(4,640,6),
	(4,384,7),
	(4,420,7),
	(4,456,7),
	(4,492,7),
	(4,385,8),
	(4,421,8),
	(4,457,8),
	(4,493,8),
	(4,4,40),
	(4,55,40),
	(4,106,40),
	(4,157,40),
	(5,2,1),
	(5,53,1),
	(5,104,1),
	(5,155,1),
	(5,381,1),
	(5,382,1),
	(5,383,1),
	(5,386,1),
	(5,387,1),
	(5,388,1),
	(5,389,1),
	(5,390,1),
	(5,391,1),
	(5,392,1),
	(5,393,1),
	(5,394,1),
	(5,395,1),
	(5,396,1),
	(5,397,1),
	(5,398,1),
	(5,399,1),
	(5,400,1),
	(5,401,1),
	(5,402,1),
	(5,403,1),
	(5,404,1),
	(5,405,1),
	(5,406,1),
	(5,407,1),
	(5,408,1),
	(5,417,1),
	(5,418,1),
	(5,419,1),
	(5,422,1),
	(5,423,1),
	(5,424,1),
	(5,425,1),
	(5,426,1),
	(5,427,1),
	(5,428,1),
	(5,429,1),
	(5,430,1),
	(5,431,1),
	(5,432,1),
	(5,433,1),
	(5,434,1),
	(5,435,1),
	(5,436,1),
	(5,437,1),
	(5,438,1),
	(5,439,1),
	(5,440,1),
	(5,441,1),
	(5,442,1),
	(5,443,1),
	(5,444,1),
	(5,453,1),
	(5,454,1),
	(5,455,1),
	(5,458,1),
	(5,459,1),
	(5,460,1),
	(5,461,1),
	(5,462,1),
	(5,463,1),
	(5,464,1),
	(5,465,1),
	(5,466,1),
	(5,467,1),
	(5,468,1),
	(5,469,1),
	(5,470,1),
	(5,471,1),
	(5,472,1),
	(5,473,1),
	(5,474,1),
	(5,475,1),
	(5,476,1),
	(5,477,1),
	(5,478,1),
	(5,479,1),
	(5,480,1),
	(5,489,1),
	(5,490,1),
	(5,491,1),
	(5,494,1),
	(5,495,1),
	(5,496,1),
	(5,497,1),
	(5,498,1),
	(5,499,1),
	(5,500,1),
	(5,501,1),
	(5,502,1),
	(5,503,1),
	(5,504,1),
	(5,505,1),
	(5,506,1),
	(5,507,1),
	(5,508,1),
	(5,509,1),
	(5,510,1),
	(5,511,1),
	(5,512,1),
	(5,513,1),
	(5,514,1),
	(5,515,1),
	(5,516,1),
	(5,527,1),
	(5,565,1),
	(5,603,1),
	(5,641,1),
	(5,412,2),
	(5,413,2),
	(5,414,2),
	(5,448,2),
	(5,449,2),
	(5,450,2),
	(5,484,2),
	(5,485,2),
	(5,486,2),
	(5,520,2),
	(5,521,2),
	(5,522,2),
	(5,409,3),
	(5,410,3),
	(5,411,3),
	(5,445,3),
	(5,446,3),
	(5,447,3),
	(5,481,3),
	(5,482,3),
	(5,483,3),
	(5,517,3),
	(5,518,3),
	(5,519,3),
	(5,677,6),
	(5,678,6),
	(5,679,6),
	(5,717,6),
	(5,718,6),
	(5,719,6),
	(5,757,6),
	(5,758,6),
	(5,759,6),
	(5,797,6),
	(5,798,6),
	(5,799,6),
	(5,384,7),
	(5,420,7),
	(5,456,7),
	(5,492,7),
	(5,385,8),
	(5,421,8),
	(5,457,8),
	(5,493,8),
	(5,4,40),
	(5,55,40),
	(5,106,40),
	(5,157,40),
	(6,51,1),
	(6,102,1),
	(6,153,1),
	(6,204,1),
	(6,679,1),
	(6,719,1),
	(6,759,1),
	(6,799,1),
	(6,838,1),
	(6,839,1),
	(6,840,1),
	(6,844,1),
	(6,845,1),
	(6,846,1),
	(6,847,1),
	(6,848,1),
	(6,849,1),
	(6,850,1),
	(6,862,1),
	(6,863,1),
	(6,864,1),
	(6,868,1),
	(6,869,1),
	(6,870,1),
	(6,871,1),
	(6,872,1),
	(6,873,1),
	(6,874,1),
	(6,886,1),
	(6,887,1),
	(6,888,1),
	(6,892,1),
	(6,893,1),
	(6,894,1),
	(6,895,1),
	(6,896,1),
	(6,897,1),
	(6,898,1),
	(6,910,1),
	(6,911,1),
	(6,912,1),
	(6,913,1),
	(6,914,1),
	(6,915,1),
	(6,916,1),
	(6,917,1),
	(6,918,1),
	(6,919,1),
	(6,920,1),
	(6,921,1),
	(6,922,1),
	(6,23,3),
	(6,24,3),
	(6,74,3),
	(6,75,3),
	(6,125,3),
	(6,126,3),
	(6,176,3),
	(6,177,3),
	(6,211,3),
	(6,255,3),
	(6,299,3),
	(6,343,3),
	(6,851,3),
	(6,875,3),
	(6,899,3),
	(6,923,3),
	(6,381,7),
	(6,382,7),
	(6,383,7),
	(6,417,7),
	(6,418,7),
	(6,419,7),
	(6,453,7),
	(6,454,7),
	(6,455,7),
	(6,489,7),
	(6,490,7),
	(6,491,7),
	(6,837,7),
	(6,861,7),
	(6,885,7),
	(6,909,7),
	(6,4,10),
	(6,55,10),
	(6,106,10),
	(6,157,10),
	(7,51,1),
	(7,102,1),
	(7,153,1),
	(7,204,1),
	(7,679,1),
	(7,719,1),
	(7,759,1),
	(7,799,1),
	(7,838,1),
	(7,839,1),
	(7,844,1),
	(7,845,1),
	(7,846,1),
	(7,847,1),
	(7,848,1),
	(7,849,1),
	(7,850,1),
	(7,862,1),
	(7,863,1),
	(7,868,1),
	(7,869,1),
	(7,870,1),
	(7,871,1),
	(7,872,1),
	(7,873,1),
	(7,874,1),
	(7,886,1),
	(7,887,1),
	(7,892,1),
	(7,893,1),
	(7,894,1),
	(7,895,1),
	(7,896,1),
	(7,897,1),
	(7,898,1),
	(7,910,1),
	(7,911,1),
	(7,916,1),
	(7,917,1),
	(7,918,1),
	(7,919,1),
	(7,920,1),
	(7,921,1),
	(7,922,1),
	(7,934,1),
	(7,957,1),
	(7,980,1),
	(7,1002,1),
	(7,1003,1),
	(7,1004,1),
	(7,1005,1),
	(7,23,3),
	(7,24,3),
	(7,74,3),
	(7,75,3),
	(7,125,3),
	(7,126,3),
	(7,176,3),
	(7,177,3),
	(7,211,3),
	(7,255,3),
	(7,299,3),
	(7,343,3),
	(7,851,3),
	(7,875,3),
	(7,899,3),
	(7,923,3),
	(7,525,7),
	(7,526,7),
	(7,563,7),
	(7,564,7),
	(7,601,7),
	(7,602,7),
	(7,639,7),
	(7,640,7),
	(7,837,7),
	(7,861,7),
	(7,885,7),
	(7,909,7),
	(7,4,10),
	(7,55,10),
	(7,106,10),
	(7,157,10),
	(8,51,1),
	(8,102,1),
	(8,153,1),
	(8,204,1),
	(8,395,1),
	(8,431,1),
	(8,467,1),
	(8,503,1),
	(8,910,1),
	(8,911,1),
	(8,912,1),
	(8,916,1),
	(8,917,1),
	(8,918,1),
	(8,919,1),
	(8,920,1),
	(8,921,1),
	(8,922,1),
	(8,1003,1),
	(8,1025,1),
	(8,1026,1),
	(8,1051,1),
	(8,1052,1),
	(8,1077,1),
	(8,1078,1),
	(8,1103,1),
	(8,1104,1),
	(8,1105,1),
	(8,1106,1),
	(8,1029,2),
	(8,1055,2),
	(8,1081,2),
	(8,1107,2),
	(8,23,3),
	(8,24,3),
	(8,74,3),
	(8,75,3),
	(8,125,3),
	(8,126,3),
	(8,176,3),
	(8,177,3),
	(8,211,3),
	(8,255,3),
	(8,299,3),
	(8,343,3),
	(8,797,6),
	(8,798,7),
	(8,799,7),
	(8,909,7),
	(8,4,10),
	(8,55,10),
	(8,106,10),
	(8,157,10),
	(9,16,1),
	(9,30,1),
	(9,67,1),
	(9,81,1),
	(9,118,1),
	(9,132,1),
	(9,169,1),
	(9,183,1),
	(9,396,1),
	(9,410,1),
	(9,432,1),
	(9,446,1),
	(9,468,1),
	(9,482,1),
	(9,504,1),
	(9,518,1),
	(9,1025,1),
	(9,1026,1),
	(9,1051,1),
	(9,1052,1),
	(9,1077,1),
	(9,1078,1),
	(9,1103,1),
	(9,1104,1),
	(9,1132,1),
	(9,1134,1),
	(9,1135,1),
	(9,1136,1),
	(9,1137,1),
	(9,1138,1),
	(9,1139,1),
	(9,1140,1),
	(9,1141,1),
	(9,1142,1),
	(9,1143,1),
	(9,1144,1),
	(9,1145,1),
	(9,1146,1),
	(9,1147,1),
	(9,1148,1),
	(9,1149,1),
	(9,1150,1),
	(9,1151,1),
	(9,1169,1),
	(9,1171,1),
	(9,1172,1),
	(9,1173,1),
	(9,1174,1),
	(9,1175,1),
	(9,1176,1),
	(9,1177,1),
	(9,1178,1),
	(9,1179,1),
	(9,1180,1),
	(9,1181,1),
	(9,1182,1),
	(9,1183,1),
	(9,1184,1),
	(9,1185,1),
	(9,1186,1),
	(9,1187,1),
	(9,1188,1),
	(9,1206,1),
	(9,1208,1),
	(9,1209,1),
	(9,1210,1),
	(9,1211,1),
	(9,1212,1),
	(9,1213,1),
	(9,1214,1),
	(9,1215,1),
	(9,1216,1),
	(9,1217,1),
	(9,1218,1),
	(9,1219,1),
	(9,1220,1),
	(9,1221,1),
	(9,1222,1),
	(9,1223,1),
	(9,1224,1),
	(9,1225,1),
	(9,1243,1),
	(9,1245,1),
	(9,1246,1),
	(9,1247,1),
	(9,1248,1),
	(9,1249,1),
	(9,1250,1),
	(9,1251,1),
	(9,1252,1),
	(9,1253,1),
	(9,1254,1),
	(9,1255,1),
	(9,1256,1),
	(9,1257,1),
	(9,1258,1),
	(9,1259,1),
	(9,1260,1),
	(9,1261,1),
	(9,1262,1),
	(9,50,2),
	(9,51,2),
	(9,101,2),
	(9,102,2),
	(9,152,2),
	(9,153,2),
	(9,203,2),
	(9,204,2),
	(9,206,2),
	(9,250,2),
	(9,294,2),
	(9,338,2),
	(9,1133,2),
	(9,1170,2),
	(9,1207,2),
	(9,1244,2),
	(9,23,3),
	(9,24,3),
	(9,74,3),
	(9,75,3),
	(9,125,3),
	(9,126,3),
	(9,176,3),
	(9,177,3),
	(9,211,3),
	(9,255,3),
	(9,299,3),
	(9,343,3),
	(9,851,3),
	(9,875,3),
	(9,899,3),
	(9,923,3),
	(9,1129,7),
	(9,1130,7),
	(9,1166,7),
	(9,1167,7),
	(9,1203,7),
	(9,1204,7),
	(9,1240,7),
	(9,1241,7),
	(9,1131,8),
	(9,1168,8),
	(9,1205,8),
	(9,1242,8),
	(9,4,30),
	(9,55,30),
	(9,106,30),
	(9,157,30),
	(10,16,1),
	(10,30,1),
	(10,67,1),
	(10,81,1),
	(10,118,1),
	(10,132,1),
	(10,169,1),
	(10,183,1),
	(10,396,1),
	(10,410,1),
	(10,432,1),
	(10,446,1),
	(10,468,1),
	(10,482,1),
	(10,504,1),
	(10,518,1),
	(10,1103,1),
	(10,1104,1),
	(10,1243,1),
	(10,1245,1),
	(10,1246,1),
	(10,1247,1),
	(10,1248,1),
	(10,1249,1),
	(10,1250,1),
	(10,1251,1),
	(10,1252,1),
	(10,1253,1),
	(10,1254,1),
	(10,1255,1),
	(10,1256,1),
	(10,1257,1),
	(10,1258,1),
	(10,1259,1),
	(10,1260,1),
	(10,1261,1),
	(10,1262,1),
	(10,50,2),
	(10,51,2),
	(10,101,2),
	(10,102,2),
	(10,152,2),
	(10,153,2),
	(10,203,2),
	(10,204,2),
	(10,206,2),
	(10,250,2),
	(10,294,2),
	(10,338,2),
	(10,1107,2),
	(10,1244,2),
	(10,23,3),
	(10,24,3),
	(10,74,3),
	(10,75,3),
	(10,125,3),
	(10,126,3),
	(10,176,3),
	(10,177,3),
	(10,211,3),
	(10,255,3),
	(10,299,3),
	(10,343,3),
	(10,923,3),
	(10,1391,7),
	(10,1392,7),
	(10,1242,8),
	(10,4,30),
	(10,55,30),
	(10,106,30),
	(10,157,30),
	(11,16,1),
	(11,30,1),
	(11,67,1),
	(11,81,1),
	(11,118,1),
	(11,132,1),
	(11,169,1),
	(11,183,1),
	(11,396,1),
	(11,410,1),
	(11,432,1),
	(11,446,1),
	(11,468,1),
	(11,482,1),
	(11,504,1),
	(11,518,1),
	(11,1025,1),
	(11,1026,1),
	(11,1051,1),
	(11,1052,1),
	(11,1077,1),
	(11,1078,1),
	(11,1103,1),
	(11,1104,1),
	(11,1132,1),
	(11,1134,1),
	(11,1135,1),
	(11,1136,1),
	(11,1137,1),
	(11,1138,1),
	(11,1139,1),
	(11,1140,1),
	(11,1141,1),
	(11,1142,1),
	(11,1143,1),
	(11,1144,1),
	(11,1145,1),
	(11,1146,1),
	(11,1147,1),
	(11,1148,1),
	(11,1149,1),
	(11,1150,1),
	(11,1151,1),
	(11,1169,1),
	(11,1171,1),
	(11,1172,1),
	(11,1173,1),
	(11,1174,1),
	(11,1175,1),
	(11,1176,1),
	(11,1177,1),
	(11,1178,1),
	(11,1179,1),
	(11,1180,1),
	(11,1181,1),
	(11,1182,1),
	(11,1183,1),
	(11,1184,1),
	(11,1185,1),
	(11,1186,1),
	(11,1187,1),
	(11,1188,1),
	(11,1206,1),
	(11,1208,1),
	(11,1209,1),
	(11,1210,1),
	(11,1211,1),
	(11,1212,1),
	(11,1213,1),
	(11,1214,1),
	(11,1215,1),
	(11,1216,1),
	(11,1217,1),
	(11,1218,1),
	(11,1219,1),
	(11,1220,1),
	(11,1221,1),
	(11,1222,1),
	(11,1223,1),
	(11,1224,1),
	(11,1225,1),
	(11,1243,1),
	(11,1245,1),
	(11,1246,1),
	(11,1247,1),
	(11,1248,1),
	(11,1249,1),
	(11,1250,1),
	(11,1251,1),
	(11,1252,1),
	(11,1253,1),
	(11,1254,1),
	(11,1255,1),
	(11,1256,1),
	(11,1257,1),
	(11,1258,1),
	(11,1259,1),
	(11,1260,1),
	(11,1261,1),
	(11,1262,1),
	(11,50,2),
	(11,51,2),
	(11,101,2),
	(11,102,2),
	(11,152,2),
	(11,153,2),
	(11,203,2),
	(11,204,2),
	(11,206,2),
	(11,250,2),
	(11,294,2),
	(11,338,2),
	(11,1133,2),
	(11,1170,2),
	(11,1207,2),
	(11,1244,2),
	(11,23,3),
	(11,24,3),
	(11,74,3),
	(11,75,3),
	(11,125,3),
	(11,126,3),
	(11,176,3),
	(11,177,3),
	(11,211,3),
	(11,255,3),
	(11,299,3),
	(11,343,3),
	(11,851,3),
	(11,875,3),
	(11,899,3),
	(11,923,3),
	(11,1,7),
	(11,52,7),
	(11,103,7),
	(11,154,7),
	(11,1131,8),
	(11,1168,8),
	(11,1205,8),
	(11,1242,8),
	(11,4,30),
	(11,55,30),
	(11,106,30),
	(11,157,30),
	(12,1575,1),
	(12,1576,1),
	(12,1577,1),
	(12,1578,1),
	(12,1579,1),
	(12,1580,1),
	(12,1581,1),
	(12,1582,1),
	(12,1583,1),
	(12,1584,1),
	(12,1585,1),
	(12,1586,1),
	(12,1587,1),
	(12,1588,1),
	(12,1589,1),
	(12,1590,1),
	(12,1591,1),
	(12,1592,1),
	(12,1602,1),
	(12,1603,1),
	(12,1604,1),
	(12,1605,1),
	(12,1606,1),
	(12,1607,1),
	(12,1608,1),
	(12,1609,1),
	(12,1610,1),
	(12,1611,1),
	(12,1612,1),
	(12,1613,1),
	(12,1614,1),
	(12,1615,1),
	(12,1616,1),
	(12,1617,1),
	(12,1618,1),
	(12,1619,1),
	(12,1629,1),
	(12,1630,1),
	(12,1631,1),
	(12,1632,1),
	(12,1633,1),
	(12,1634,1),
	(12,1635,1),
	(12,1636,1),
	(12,1637,1),
	(12,1638,1),
	(12,1639,1),
	(12,1640,1),
	(12,1641,1),
	(12,1642,1),
	(12,1643,1),
	(12,1644,1),
	(12,1645,1),
	(12,1646,1),
	(12,1656,1),
	(12,1657,1),
	(12,1658,1),
	(12,1659,1),
	(12,1660,1),
	(12,1661,1),
	(12,1662,1),
	(12,1663,1),
	(12,1664,1),
	(12,1665,1),
	(12,1666,1),
	(12,1667,1),
	(12,1668,1),
	(12,1669,1),
	(12,1670,1),
	(12,1671,1),
	(12,1672,1),
	(12,1673,1),
	(12,41,2),
	(12,92,2),
	(12,143,2),
	(12,194,2),
	(12,409,3),
	(12,411,3),
	(12,445,3),
	(12,447,3),
	(12,481,3),
	(12,483,3),
	(12,517,3),
	(12,519,3),
	(12,410,5),
	(12,446,5),
	(12,482,5),
	(12,518,5),
	(12,1574,6),
	(12,1601,6),
	(12,1628,6),
	(12,1655,6),
	(12,1129,7),
	(12,1130,7),
	(12,1166,7),
	(12,1167,7),
	(12,1203,7),
	(12,1204,7),
	(12,1240,7),
	(12,1241,7),
	(12,1573,8),
	(12,1600,8),
	(12,1627,8),
	(12,1654,8),
	(12,4,10),
	(12,55,10),
	(12,106,10),
	(12,157,10),
	(13,1129,1),
	(13,1130,1),
	(13,1166,1),
	(13,1167,1),
	(13,1203,1),
	(13,1204,1),
	(13,1240,1),
	(13,1241,1),
	(13,1575,1),
	(13,1576,1),
	(13,1577,1),
	(13,1578,1),
	(13,1579,1),
	(13,1580,1),
	(13,1581,1),
	(13,1582,1),
	(13,1583,1),
	(13,1584,1),
	(13,1585,1),
	(13,1586,1),
	(13,1587,1),
	(13,1588,1),
	(13,1589,1),
	(13,1590,1),
	(13,1591,1),
	(13,1592,1),
	(13,1602,1),
	(13,1603,1),
	(13,1604,1),
	(13,1605,1),
	(13,1606,1),
	(13,1607,1),
	(13,1608,1),
	(13,1609,1),
	(13,1610,1),
	(13,1611,1),
	(13,1612,1),
	(13,1613,1),
	(13,1614,1),
	(13,1615,1),
	(13,1616,1),
	(13,1617,1),
	(13,1618,1),
	(13,1619,1),
	(13,1629,1),
	(13,1630,1),
	(13,1631,1),
	(13,1632,1),
	(13,1633,1),
	(13,1634,1),
	(13,1635,1),
	(13,1636,1),
	(13,1637,1),
	(13,1638,1),
	(13,1639,1),
	(13,1640,1),
	(13,1641,1),
	(13,1642,1),
	(13,1643,1),
	(13,1644,1),
	(13,1645,1),
	(13,1646,1),
	(13,1656,1),
	(13,1657,1),
	(13,1658,1),
	(13,1659,1),
	(13,1660,1),
	(13,1661,1),
	(13,1662,1),
	(13,1663,1),
	(13,1664,1),
	(13,1665,1),
	(13,1666,1),
	(13,1667,1),
	(13,1668,1),
	(13,1669,1),
	(13,1670,1),
	(13,1671,1),
	(13,1672,1),
	(13,1673,1),
	(13,41,2),
	(13,92,2),
	(13,143,2),
	(13,194,2),
	(13,409,3),
	(13,411,3),
	(13,445,3),
	(13,447,3),
	(13,481,3),
	(13,483,3),
	(13,517,3),
	(13,519,3),
	(13,410,5),
	(13,446,5),
	(13,482,5),
	(13,518,5),
	(13,1277,6),
	(13,1278,6),
	(13,1315,6),
	(13,1316,6),
	(13,1353,6),
	(13,1354,6),
	(13,1391,6),
	(13,1392,6),
	(13,1574,6),
	(13,1601,6),
	(13,1628,6),
	(13,1655,6),
	(13,1573,8),
	(13,1600,8),
	(13,1627,8),
	(13,1654,8),
	(13,4,10),
	(13,55,10),
	(13,106,10),
	(13,157,10),
	(14,1129,1),
	(14,1130,1),
	(14,1166,1),
	(14,1167,1),
	(14,1203,1),
	(14,1204,1),
	(14,1240,1),
	(14,1241,1),
	(14,1656,1),
	(14,1657,1),
	(14,1658,1),
	(14,1659,1),
	(14,1660,1),
	(14,1661,1),
	(14,1662,1),
	(14,1663,1),
	(14,1664,1),
	(14,1665,1),
	(14,1666,1),
	(14,1667,1),
	(14,1668,1),
	(14,1669,1),
	(14,1670,1),
	(14,1671,1),
	(14,1672,1),
	(14,1673,1),
	(14,41,2),
	(14,92,2),
	(14,143,2),
	(14,194,2),
	(14,409,3),
	(14,411,3),
	(14,445,3),
	(14,447,3),
	(14,481,3),
	(14,483,3),
	(14,517,3),
	(14,519,3),
	(14,410,5),
	(14,446,5),
	(14,482,5),
	(14,518,5),
	(14,1,6),
	(14,52,6),
	(14,103,6),
	(14,154,6),
	(14,1655,6),
	(14,1654,8),
	(14,4,10),
	(14,55,10),
	(14,106,10),
	(14,157,10),
	(15,412,1),
	(15,448,1),
	(15,484,1),
	(15,520,1),
	(15,525,1),
	(15,526,1),
	(15,563,1),
	(15,564,1),
	(15,601,1),
	(15,602,1),
	(15,639,1),
	(15,640,1),
	(15,677,1),
	(15,678,1),
	(15,679,1),
	(15,717,1),
	(15,718,1),
	(15,719,1),
	(15,757,1),
	(15,758,1),
	(15,759,1),
	(15,797,1),
	(15,798,1),
	(15,799,1),
	(15,211,3),
	(15,255,3),
	(15,299,3),
	(15,343,3),
	(15,851,3),
	(15,875,3),
	(15,899,3),
	(15,923,3),
	(15,1945,6),
	(15,384,7),
	(15,385,7),
	(15,420,7),
	(15,421,7),
	(15,456,7),
	(15,457,7),
	(15,492,7),
	(15,493,7),
	(15,837,7),
	(15,861,7),
	(15,885,7),
	(15,909,7),
	(16,11,1),
	(16,24,1),
	(16,62,1),
	(16,75,1),
	(16,113,1),
	(16,126,1),
	(16,164,1),
	(16,177,1),
	(16,211,1),
	(16,255,1),
	(16,299,1),
	(16,343,1),
	(16,381,1),
	(16,388,1),
	(16,396,1),
	(16,417,1),
	(16,424,1),
	(16,432,1),
	(16,453,1),
	(16,460,1),
	(16,468,1),
	(16,489,1),
	(16,496,1),
	(16,504,1),
	(16,1133,1),
	(16,1170,1),
	(16,1207,1),
	(16,1244,1),
	(16,1958,1),
	(16,1959,1),
	(16,1960,1),
	(16,1961,1),
	(16,1962,1),
	(16,1963,1),
	(16,1964,1),
	(16,1965,1),
	(16,1966,1),
	(16,1967,1),
	(16,1968,1),
	(16,1969,1),
	(16,1970,1),
	(16,1971,1),
	(16,1972,1),
	(16,1973,1),
	(16,1974,1),
	(16,1975,1),
	(16,1976,1),
	(16,1977,1),
	(16,1978,1),
	(16,1979,1),
	(16,1980,1),
	(16,1999,1),
	(16,2000,1),
	(16,2001,1),
	(16,2002,1),
	(16,2003,1),
	(16,2004,1),
	(16,2005,1),
	(16,2006,1),
	(16,2007,1),
	(16,2008,1),
	(16,2009,1),
	(16,2010,1),
	(16,2011,1),
	(16,2012,1),
	(16,2013,1),
	(16,2014,1),
	(16,2015,1),
	(16,2016,1),
	(16,2017,1),
	(16,2018,1),
	(16,2019,1),
	(16,2020,1),
	(16,2021,1),
	(16,2040,1),
	(16,2041,1),
	(16,2042,1),
	(16,2043,1),
	(16,2044,1),
	(16,2045,1),
	(16,2046,1),
	(16,2047,1),
	(16,2048,1),
	(16,2049,1),
	(16,2050,1),
	(16,2051,1),
	(16,2052,1),
	(16,2053,1),
	(16,2054,1),
	(16,2055,1),
	(16,2056,1),
	(16,2057,1),
	(16,2058,1),
	(16,2059,1),
	(16,2060,1),
	(16,2061,1),
	(16,2062,1),
	(16,2081,1),
	(16,2082,1),
	(16,2083,1),
	(16,2084,1),
	(16,2085,1),
	(16,2086,1),
	(16,2087,1),
	(16,2088,1),
	(16,2089,1),
	(16,2090,1),
	(16,2091,1),
	(16,2092,1),
	(16,2093,1),
	(16,2094,1),
	(16,2095,1),
	(16,2096,1),
	(16,2097,1),
	(16,2098,1),
	(16,2099,1),
	(16,2100,1),
	(16,2101,1),
	(16,2102,1),
	(16,2103,1),
	(16,1029,2),
	(16,1055,2),
	(16,1081,2),
	(16,1107,2),
	(16,1982,2),
	(16,1983,2),
	(16,1984,2),
	(16,2023,2),
	(16,2024,2),
	(16,2025,2),
	(16,2064,2),
	(16,2065,2),
	(16,2066,2),
	(16,2105,2),
	(16,2106,2),
	(16,2107,2),
	(16,410,3),
	(16,411,3),
	(16,446,3),
	(16,447,3),
	(16,482,3),
	(16,483,3),
	(16,518,3),
	(16,519,3),
	(16,1981,3),
	(16,2022,3),
	(16,2063,3),
	(16,2104,3),
	(16,1129,7),
	(16,1130,7),
	(16,1166,7),
	(16,1167,7),
	(16,1203,7),
	(16,1204,7),
	(16,1240,7),
	(16,1241,7),
	(16,1957,8),
	(16,1998,8),
	(16,2039,8),
	(16,2080,8),
	(16,4,50),
	(16,55,50),
	(16,106,50),
	(16,157,50),
	(17,11,1),
	(17,24,1),
	(17,62,1),
	(17,75,1),
	(17,113,1),
	(17,126,1),
	(17,164,1),
	(17,177,1),
	(17,211,1),
	(17,255,1),
	(17,299,1),
	(17,343,1),
	(17,381,1),
	(17,388,1),
	(17,396,1),
	(17,417,1),
	(17,424,1),
	(17,432,1),
	(17,453,1),
	(17,460,1),
	(17,468,1),
	(17,489,1),
	(17,496,1),
	(17,504,1),
	(17,1129,1),
	(17,1130,1),
	(17,1133,1),
	(17,1166,1),
	(17,1167,1),
	(17,1170,1),
	(17,1203,1),
	(17,1204,1),
	(17,1207,1),
	(17,1240,1),
	(17,1241,1),
	(17,1244,1),
	(17,1958,1),
	(17,1959,1),
	(17,1960,1),
	(17,1961,1),
	(17,1962,1),
	(17,1963,1),
	(17,1964,1),
	(17,1965,1),
	(17,1966,1),
	(17,1967,1),
	(17,1968,1),
	(17,1969,1),
	(17,1970,1),
	(17,1971,1),
	(17,1972,1),
	(17,1973,1),
	(17,1974,1),
	(17,1975,1),
	(17,1976,1),
	(17,1977,1),
	(17,1978,1),
	(17,1979,1),
	(17,1980,1),
	(17,1999,1),
	(17,2000,1),
	(17,2001,1),
	(17,2002,1),
	(17,2003,1),
	(17,2004,1),
	(17,2005,1),
	(17,2006,1),
	(17,2007,1),
	(17,2008,1),
	(17,2009,1),
	(17,2010,1),
	(17,2011,1),
	(17,2012,1),
	(17,2013,1),
	(17,2014,1),
	(17,2015,1),
	(17,2016,1),
	(17,2017,1),
	(17,2018,1),
	(17,2019,1),
	(17,2020,1),
	(17,2021,1),
	(17,2040,1),
	(17,2041,1),
	(17,2042,1),
	(17,2043,1),
	(17,2044,1),
	(17,2045,1),
	(17,2046,1),
	(17,2047,1),
	(17,2048,1),
	(17,2049,1),
	(17,2050,1),
	(17,2051,1),
	(17,2052,1),
	(17,2053,1),
	(17,2054,1),
	(17,2055,1),
	(17,2056,1),
	(17,2057,1),
	(17,2058,1),
	(17,2059,1),
	(17,2060,1),
	(17,2061,1),
	(17,2062,1),
	(17,2081,1),
	(17,2082,1),
	(17,2083,1),
	(17,2084,1),
	(17,2085,1),
	(17,2086,1),
	(17,2087,1),
	(17,2088,1),
	(17,2089,1),
	(17,2090,1),
	(17,2091,1),
	(17,2092,1),
	(17,2093,1),
	(17,2094,1),
	(17,2095,1),
	(17,2096,1),
	(17,2097,1),
	(17,2098,1),
	(17,2099,1),
	(17,2100,1),
	(17,2101,1),
	(17,2102,1),
	(17,2103,1),
	(17,1029,2),
	(17,1055,2),
	(17,1081,2),
	(17,1107,2),
	(17,1982,2),
	(17,1983,2),
	(17,1984,2),
	(17,2023,2),
	(17,2024,2),
	(17,2025,2),
	(17,2064,2),
	(17,2065,2),
	(17,2066,2),
	(17,2105,2),
	(17,2106,2),
	(17,2107,2),
	(17,410,3),
	(17,411,3),
	(17,446,3),
	(17,447,3),
	(17,482,3),
	(17,483,3),
	(17,518,3),
	(17,519,3),
	(17,1981,3),
	(17,2022,3),
	(17,2063,3),
	(17,2104,3),
	(17,1277,6),
	(17,1278,6),
	(17,1315,6),
	(17,1316,6),
	(17,1353,6),
	(17,1354,6),
	(17,1391,6),
	(17,1392,6),
	(17,1957,8),
	(17,1998,8),
	(17,2039,8),
	(17,2080,8),
	(17,4,50),
	(17,55,50),
	(17,106,50),
	(17,157,50),
	(18,11,1),
	(18,24,1),
	(18,62,1),
	(18,75,1),
	(18,113,1),
	(18,126,1),
	(18,164,1),
	(18,177,1),
	(18,211,1),
	(18,255,1),
	(18,299,1),
	(18,343,1),
	(18,381,1),
	(18,388,1),
	(18,396,1),
	(18,417,1),
	(18,424,1),
	(18,432,1),
	(18,453,1),
	(18,460,1),
	(18,468,1),
	(18,489,1),
	(18,496,1),
	(18,504,1),
	(18,1133,1),
	(18,1170,1),
	(18,1207,1),
	(18,1240,1),
	(18,1241,1),
	(18,1244,1),
	(18,2081,1),
	(18,2082,1),
	(18,2083,1),
	(18,2084,1),
	(18,2085,1),
	(18,2086,1),
	(18,2087,1),
	(18,2088,1),
	(18,2089,1),
	(18,2090,1),
	(18,2091,1),
	(18,2092,1),
	(18,2093,1),
	(18,2094,1),
	(18,2095,1),
	(18,2096,1),
	(18,2097,1),
	(18,2098,1),
	(18,2099,1),
	(18,2100,1),
	(18,2101,1),
	(18,2102,1),
	(18,2103,1),
	(18,1029,2),
	(18,1055,2),
	(18,1081,2),
	(18,1107,2),
	(18,2105,2),
	(18,2106,2),
	(18,2107,2),
	(18,410,3),
	(18,411,3),
	(18,446,3),
	(18,447,3),
	(18,482,3),
	(18,483,3),
	(18,518,3),
	(18,519,3),
	(18,2104,3),
	(18,1,6),
	(18,52,6),
	(18,103,6),
	(18,154,6),
	(18,2080,8),
	(18,4,50),
	(18,55,50),
	(18,106,50),
	(18,157,50),
	(19,51,1),
	(19,102,1),
	(19,153,1),
	(19,204,1),
	(19,838,1),
	(19,839,1),
	(19,862,1),
	(19,863,1),
	(19,886,1),
	(19,887,1),
	(19,910,1),
	(19,911,1),
	(19,1028,1),
	(19,1054,1),
	(19,1080,1),
	(19,1106,1),
	(19,2519,1),
	(19,2520,1),
	(19,2521,1),
	(19,2522,1),
	(19,2523,1),
	(19,2524,1),
	(19,2525,1),
	(19,2526,1),
	(19,23,3),
	(19,24,3),
	(19,74,3),
	(19,75,3),
	(19,125,3),
	(19,126,3),
	(19,176,3),
	(19,177,3),
	(19,211,3),
	(19,255,3),
	(19,299,3),
	(19,343,3),
	(19,851,3),
	(19,875,3),
	(19,899,3),
	(19,923,3),
	(19,2518,6),
	(19,837,8),
	(19,861,8),
	(19,885,8),
	(19,909,8),
	(19,4,10),
	(19,55,10),
	(19,106,10),
	(19,157,10),
	(20,2544,1),
	(20,3040,1),
	(20,4332,1),
	(20,4337,1),
	(20,4344,1),
	(20,4364,1),
	(20,4378,1),
	(20,5200,1),
	(20,5206,1),
	(20,5664,1),
	(20,5818,1),
	(20,6005,1),
	(20,6006,1),
	(20,6029,1),
	(20,6031,1),
	(20,6058,1),
	(20,6064,1),
	(20,6409,1),
	(20,6411,1),
	(20,6443,1),
	(20,6476,1),
	(20,6488,1),
	(20,6554,1),
	(20,6689,1),
	(20,6777,1),
	(20,6778,1),
	(20,6779,1),
	(20,6780,1),
	(20,6781,1),
	(20,6796,1),
	(20,6797,1),
	(20,6798,1),
	(20,6799,1),
	(20,6816,1),
	(20,6817,1),
	(20,6818,1),
	(20,6819,1),
	(20,6820,1),
	(20,6821,1),
	(20,6822,1),
	(20,6823,1),
	(20,6824,1),
	(20,11274,1),
	(20,12830,1),
	(20,12866,1),
	(20,3041,2),
	(20,3074,2),
	(20,4333,2),
	(20,4339,2),
	(20,4342,2),
	(20,4858,2),
	(20,5882,2),
	(20,6197,2),
	(20,9620,2),
	(20,11383,2),
	(20,11415,2),
	(20,11416,2),
	(20,11417,2),
	(20,11437,2),
	(20,11438,2),
	(20,11439,2),
	(20,11460,2),
	(20,11461,2),
	(20,11577,2),
	(20,11605,2),
	(20,11614,2),
	(20,11615,2),
	(20,11650,2),
	(20,11657,2),
	(20,11765,2),
	(20,11798,2),
	(20,11839,2),
	(20,12293,2),
	(20,12305,2),
	(20,12306,2),
	(20,12318,2),
	(20,12319,2),
	(20,23459,2),
	(20,73522,2),
	(20,76118,2),
	(20,76133,2),
	(20,76134,2),
	(20,4386,3),
	(20,5177,3),
	(20,5687,3),
	(20,6556,3),
	(20,12260,3),
	(20,4385,6),
	(20,5922,6),
	(20,6465,6),
	(20,6509,6),
	(20,2537,7),
	(20,2930,7),
	(20,2934,7),
	(20,2938,7),
	(20,6433,7),
	(20,2538,9),
	(20,5902,9),
	(20,6776,10),
	(20,6795,10),
	(20,6815,10),
	(20,6842,10),
	(21,3039,1),
	(21,3074,1),
	(21,4311,1),
	(21,4312,1),
	(21,4313,1),
	(21,4314,1),
	(21,4315,1),
	(21,4316,1),
	(21,4317,1),
	(21,4319,1),
	(21,4320,1),
	(21,4321,1),
	(21,4322,1),
	(21,4331,1),
	(21,4333,1),
	(21,4334,1),
	(21,4335,1),
	(21,4336,1),
	(21,4337,1),
	(21,4338,1),
	(21,4339,1),
	(21,4340,1),
	(21,4341,1),
	(21,4342,1),
	(21,4343,1),
	(21,4344,1),
	(21,4345,1),
	(21,4346,1),
	(21,4347,1),
	(21,4348,1),
	(21,4349,1),
	(21,4350,1),
	(21,4356,1),
	(21,4357,1),
	(21,4358,1),
	(21,4359,1),
	(21,4360,1),
	(21,4361,1),
	(21,4362,1),
	(21,4363,1),
	(21,4364,1),
	(21,4365,1),
	(21,4366,1),
	(21,4367,1),
	(21,4368,1),
	(21,4369,1),
	(21,4370,1),
	(21,4371,1),
	(21,4373,1),
	(21,4374,1),
	(21,4375,1),
	(21,4376,1),
	(21,4377,1),
	(21,4378,1),
	(21,11274,1),
	(21,12830,1),
	(21,12866,1),
	(21,13750,1),
	(21,4332,2),
	(21,5177,2),
	(21,6197,2),
	(21,11383,2),
	(21,11415,2),
	(21,11416,2),
	(21,11417,2),
	(21,11437,2),
	(21,11438,2),
	(21,11439,2),
	(21,11460,2),
	(21,11461,2),
	(21,11577,2),
	(21,11615,2),
	(21,11657,2),
	(21,11764,2),
	(21,11765,2),
	(21,11766,2),
	(21,11797,2),
	(21,11798,2),
	(21,11799,2),
	(21,11838,2),
	(21,11839,2),
	(21,11840,2),
	(21,12305,2),
	(21,12318,2),
	(21,17993,2),
	(21,92629,2),
	(21,92640,2),
	(21,92648,2),
	(21,92649,2),
	(21,4386,3),
	(21,5687,3),
	(21,6556,3),
	(21,12260,3),
	(21,5882,4),
	(21,11614,4),
	(21,4385,6),
	(21,5013,6),
	(21,5903,6),
	(21,5922,6),
	(21,11495,7),
	(21,2538,8),
	(21,4384,8),
	(21,5902,8),
	(21,6913,10),
	(21,6932,10),
	(21,6956,10),
	(21,6986,10),
	(22,211,3),
	(22,255,3),
	(22,299,3),
	(22,343,3),
	(22,2733,6),
	(22,2734,6),
	(23,3036,1),
	(23,3037,1),
	(23,3039,1),
	(23,3042,1),
	(23,3043,1),
	(23,3044,1),
	(23,3045,1),
	(23,3046,1),
	(23,3047,1),
	(23,3049,1),
	(23,3050,1),
	(23,3051,1),
	(23,3053,1),
	(23,3054,1),
	(23,3055,1),
	(23,3056,1),
	(23,3069,1),
	(23,3070,1),
	(23,3071,1),
	(23,3073,1),
	(23,3075,1),
	(23,3076,1),
	(23,3077,1),
	(23,3078,1),
	(23,3081,1),
	(23,3082,1),
	(23,3083,1),
	(23,3084,1),
	(23,3085,1),
	(23,3086,1),
	(23,3088,1),
	(23,3090,1),
	(23,3091,1),
	(23,3092,1),
	(23,3094,1),
	(23,3095,1),
	(23,4888,1),
	(23,5258,1),
	(23,8073,1),
	(23,10163,1),
	(23,12260,1),
	(23,12272,1),
	(23,13893,1),
	(23,13898,1),
	(23,17482,1),
	(23,17483,1),
	(23,20508,1),
	(23,20512,1),
	(23,20514,1),
	(23,20567,1),
	(23,20568,1),
	(23,20572,1),
	(23,20578,1),
	(23,20615,1),
	(23,20616,1),
	(23,20617,1),
	(23,20623,1),
	(23,20631,1),
	(23,20632,1),
	(23,20633,1),
	(23,20634,1),
	(23,20635,1),
	(23,20636,1),
	(23,20637,1),
	(23,20638,1),
	(23,20961,1),
	(23,20962,1),
	(23,20965,1),
	(23,20966,1),
	(23,20967,1),
	(23,21007,1),
	(23,21008,1),
	(23,21009,1),
	(23,21010,1),
	(23,21011,1),
	(23,21012,1),
	(23,21013,1),
	(23,21016,1),
	(23,21017,1),
	(23,21018,1),
	(23,21019,1),
	(23,21020,1),
	(23,21052,1),
	(23,21053,1),
	(23,21054,1),
	(23,21055,1),
	(23,21056,1),
	(23,21057,1),
	(23,21058,1),
	(23,21059,1),
	(23,21060,1),
	(23,31287,1),
	(23,3068,2),
	(23,3087,2),
	(23,5882,2),
	(23,6197,2),
	(23,11415,2),
	(23,11417,2),
	(23,11437,2),
	(23,11439,2),
	(23,11460,2),
	(23,11572,2),
	(23,11574,2),
	(23,11577,2),
	(23,11605,2),
	(23,11607,2),
	(23,11609,2),
	(23,11614,2),
	(23,11615,2),
	(23,11650,2),
	(23,11652,2),
	(23,11654,2),
	(23,11657,2),
	(23,20622,2),
	(23,20963,2),
	(23,20964,2),
	(23,21014,2),
	(23,21015,2),
	(23,3041,3),
	(23,4333,3),
	(23,5018,3),
	(23,12021,3),
	(23,12025,3),
	(23,14228,3),
	(23,14229,3),
	(23,29048,3),
	(23,29093,3),
	(23,3040,4),
	(23,3074,4),
	(23,2945,6),
	(23,2958,6),
	(23,2960,6),
	(23,2961,6),
	(23,5063,6),
	(23,5070,6),
	(23,14133,6),
	(23,14168,6),
	(23,14169,6),
	(23,5056,7),
	(23,10953,7),
	(23,10957,7),
	(23,10961,7),
	(23,14105,7),
	(23,20078,10),
	(23,20146,10),
	(23,20160,10),
	(23,20202,10),
	(25,3045,1),
	(25,3053,1),
	(25,3054,1),
	(25,3055,1),
	(25,3056,1),
	(25,3068,1),
	(25,3080,1),
	(25,3081,1),
	(25,3082,1),
	(25,3088,1),
	(25,3090,1),
	(25,3091,1),
	(25,3092,1),
	(25,3094,1),
	(25,3095,1),
	(25,4878,1),
	(25,4899,1),
	(25,5258,1),
	(25,5286,1),
	(25,5687,1),
	(25,5833,1),
	(25,6033,1),
	(25,8073,1),
	(25,8148,1),
	(25,8182,1),
	(25,8787,1),
	(25,8819,1),
	(25,12272,1),
	(25,13885,1),
	(25,20498,1),
	(25,20500,1),
	(25,20501,1),
	(25,20502,1),
	(25,20503,1),
	(25,20504,1),
	(25,20505,1),
	(25,20506,1),
	(25,20508,1),
	(25,20509,1),
	(25,20510,1),
	(25,20511,1),
	(25,20512,1),
	(25,20513,1),
	(25,20514,1),
	(25,20515,1),
	(25,20559,1),
	(25,20560,1),
	(25,20561,1),
	(25,20562,1),
	(25,20563,1),
	(25,20564,1),
	(25,20565,1),
	(25,20566,1),
	(25,20567,1),
	(25,20569,1),
	(25,20570,1),
	(25,20571,1),
	(25,20572,1),
	(25,20573,1),
	(25,20574,1),
	(25,20575,1),
	(25,20576,1),
	(25,20577,1),
	(25,20578,1),
	(25,20579,1),
	(25,20605,1),
	(25,20606,1),
	(25,20607,1),
	(25,20608,1),
	(25,20609,1),
	(25,20610,1),
	(25,20611,1),
	(25,20612,1),
	(25,20613,1),
	(25,20614,1),
	(25,20615,1),
	(25,20617,1),
	(25,20618,1),
	(25,20619,1),
	(25,20620,1),
	(25,20621,1),
	(25,20622,1),
	(25,20623,1),
	(25,20624,1),
	(25,20625,1),
	(25,20626,1),
	(25,20627,1),
	(25,20628,1),
	(25,20629,1),
	(25,20630,1),
	(25,20631,1),
	(25,20632,1),
	(25,20633,1),
	(25,20634,1),
	(25,20635,1),
	(25,20636,1),
	(25,20637,1),
	(25,20638,1),
	(25,31287,1),
	(25,3079,2),
	(25,4384,2),
	(25,5882,2),
	(25,6197,2),
	(25,11415,2),
	(25,11416,2),
	(25,11417,2),
	(25,11437,2),
	(25,11438,2),
	(25,11439,2),
	(25,11460,2),
	(25,11461,2),
	(25,11572,2),
	(25,11574,2),
	(25,11577,2),
	(25,11606,2),
	(25,11607,2),
	(25,11609,2),
	(25,11614,2),
	(25,11615,2),
	(25,11651,2),
	(25,11652,2),
	(25,11654,2),
	(25,11657,2),
	(25,11764,2),
	(25,11797,2),
	(25,11838,2),
	(25,12260,2),
	(25,20499,2),
	(25,20507,2),
	(25,20568,2),
	(25,20616,2),
	(25,4333,3),
	(25,5018,3),
	(25,11571,3),
	(25,12021,3),
	(25,12025,3),
	(25,14228,3),
	(25,14229,3),
	(25,29048,3),
	(25,29093,3),
	(25,3040,4),
	(25,3074,5),
	(25,5063,6),
	(25,5070,6),
	(25,14172,6),
	(25,14189,6),
	(25,14190,6),
	(25,14191,6),
	(25,14192,6),
	(25,14193,6),
	(25,14624,6),
	(25,14626,6),
	(25,14648,6),
	(25,5056,7),
	(25,6283,7),
	(25,10953,7),
	(25,10957,7),
	(25,10961,7),
	(25,14171,7),
	(25,14618,7),
	(25,14655,7),
	(25,20465,10),
	(25,20481,10),
	(25,20497,10),
	(25,20550,10),
	(27,211,3),
	(27,255,3),
	(27,299,3),
	(27,343,3),
	(27,2988,6),
	(27,2989,6),
	(27,3067,6),
	(27,3304,6),
	(27,3305,6),
	(27,3308,6),
	(27,3312,6),
	(27,3313,6),
	(28,3037,1),
	(28,3045,1),
	(28,3047,1),
	(28,3053,1),
	(28,3054,1),
	(28,3055,1),
	(28,3056,1),
	(28,3068,1),
	(28,3070,1),
	(28,3082,1),
	(28,3088,1),
	(28,3090,1),
	(28,3091,1),
	(28,3092,1),
	(28,3094,1),
	(28,3095,1),
	(28,4851,1),
	(28,4888,1),
	(28,5258,1),
	(28,6519,1),
	(28,8073,1),
	(28,8148,1),
	(28,8182,1),
	(28,8342,1),
	(28,9047,1),
	(28,9674,1),
	(28,9675,1),
	(28,9676,1),
	(28,10259,1),
	(28,12260,1),
	(28,12272,1),
	(28,13893,1),
	(28,13898,1),
	(28,17993,1),
	(28,20512,1),
	(28,20515,1),
	(28,20567,1),
	(28,20572,1),
	(28,20578,1),
	(28,20579,1),
	(28,20615,1),
	(28,20617,1),
	(28,20622,1),
	(28,20623,1),
	(28,20630,1),
	(28,20631,1),
	(28,20632,1),
	(28,20633,1),
	(28,20634,1),
	(28,20635,1),
	(28,20636,1),
	(28,20637,1),
	(28,20638,1),
	(28,20966,1),
	(28,21007,1),
	(28,21010,1),
	(28,21016,1),
	(28,21055,1),
	(28,22413,1),
	(28,22414,1),
	(28,22450,1),
	(28,22451,1),
	(28,22452,1),
	(28,22453,1),
	(28,22454,1),
	(28,22492,1),
	(28,22493,1),
	(28,22494,1),
	(28,22495,1),
	(28,22496,1),
	(28,31287,1),
	(28,4384,2),
	(28,5882,2),
	(28,6197,2),
	(28,11415,2),
	(28,11416,2),
	(28,11417,2),
	(28,11437,2),
	(28,11438,2),
	(28,11439,2),
	(28,11460,2),
	(28,11461,2),
	(28,11571,2),
	(28,11572,2),
	(28,11574,2),
	(28,11577,2),
	(28,11606,2),
	(28,11607,2),
	(28,11609,2),
	(28,11614,2),
	(28,11615,2),
	(28,11651,2),
	(28,11652,2),
	(28,11654,2),
	(28,11657,2),
	(28,11764,2),
	(28,11797,2),
	(28,11838,2),
	(28,20508,2),
	(28,3040,3),
	(28,3074,3),
	(28,4333,3),
	(28,5018,3),
	(28,12021,3),
	(28,12025,3),
	(28,14228,3),
	(28,14229,3),
	(28,29048,3),
	(28,29093,3),
	(28,5056,6),
	(28,5063,6),
	(28,5070,6),
	(28,14209,6),
	(28,14210,6),
	(28,3404,7),
	(28,3405,7),
	(28,3407,7),
	(28,3408,7),
	(28,3410,7),
	(28,3411,7),
	(28,10953,7),
	(28,10957,7),
	(28,10961,7),
	(28,22412,10),
	(28,22449,10),
	(28,22491,10),
	(28,22533,10),
	(29,3039,1),
	(29,3045,1),
	(29,3053,1),
	(29,3054,1),
	(29,3055,1),
	(29,3056,1),
	(29,3068,1),
	(29,3073,1),
	(29,3078,1),
	(29,3081,1),
	(29,3082,1),
	(29,3088,1),
	(29,3091,1),
	(29,3092,1),
	(29,3094,1),
	(29,3095,1),
	(29,4339,1),
	(29,4856,1),
	(29,4878,1),
	(29,4899,1),
	(29,5687,1),
	(29,5688,1),
	(29,6780,1),
	(29,7254,1),
	(29,7288,1),
	(29,7719,1),
	(29,7721,1),
	(29,7739,1),
	(29,7995,1),
	(29,8073,1),
	(29,8146,1),
	(29,8186,1),
	(29,9917,1),
	(29,10259,1),
	(29,10618,1),
	(29,12272,1),
	(29,20614,1),
	(29,20615,1),
	(29,20631,1),
	(29,20632,1),
	(29,20633,1),
	(29,20634,1),
	(29,20635,1),
	(29,20636,1),
	(29,20637,1),
	(29,20638,1),
	(29,21010,1),
	(29,22539,1),
	(29,22540,1),
	(29,22545,1),
	(29,22546,1),
	(29,22547,1),
	(29,22575,1),
	(29,22576,1),
	(29,22584,1),
	(29,22587,1),
	(29,22633,1),
	(29,22635,1),
	(29,22901,1),
	(29,22902,1),
	(29,22938,1),
	(29,22939,1),
	(29,22940,1),
	(29,22941,1),
	(29,22942,1),
	(29,22987,1),
	(29,22988,1),
	(29,22989,1),
	(29,22990,1),
	(29,22991,1),
	(29,22992,1),
	(29,22993,1),
	(29,22994,1),
	(29,31287,1),
	(29,3090,2),
	(29,4384,2),
	(29,5189,2),
	(29,5258,2),
	(29,5882,2),
	(29,6197,2),
	(29,6471,2),
	(29,9200,2),
	(29,11415,2),
	(29,11416,2),
	(29,11417,2),
	(29,11437,2),
	(29,11438,2),
	(29,11439,2),
	(29,11460,2),
	(29,11461,2),
	(29,11571,2),
	(29,11572,2),
	(29,11573,2),
	(29,11574,2),
	(29,11575,2),
	(29,11577,2),
	(29,11606,2),
	(29,11607,2),
	(29,11608,2),
	(29,11609,2),
	(29,11610,2),
	(29,11611,2),
	(29,11614,2),
	(29,11615,2),
	(29,11651,2),
	(29,11652,2),
	(29,11653,2),
	(29,11654,2),
	(29,11655,2),
	(29,11657,2),
	(29,11764,2),
	(29,11797,2),
	(29,11838,2),
	(29,12260,2),
	(29,5018,3),
	(29,12021,3),
	(29,12025,3),
	(29,14228,3),
	(29,14229,3),
	(29,22625,3),
	(29,29048,3),
	(29,29093,3),
	(29,22586,4),
	(29,3040,6),
	(29,3482,6),
	(29,3483,6),
	(29,3486,6),
	(29,3487,6),
	(29,5200,6),
	(29,7969,6),
	(29,14190,6),
	(29,14247,6),
	(29,3478,7),
	(29,13885,7),
	(29,13893,7),
	(29,3479,10),
	(29,17107,10),
	(29,17113,10),
	(29,17120,10),
	(29,17127,10),
	(32,3045,1),
	(32,3053,1),
	(32,3054,1),
	(32,3055,1),
	(32,3056,1),
	(32,3068,1),
	(32,3073,1),
	(32,3080,1),
	(32,3081,1),
	(32,3082,1),
	(32,3088,1),
	(32,3090,1),
	(32,3091,1),
	(32,3092,1),
	(32,3094,1),
	(32,3095,1),
	(32,4316,1),
	(32,4320,1),
	(32,4340,1),
	(32,4370,1),
	(32,4371,1),
	(32,5258,1),
	(32,5290,1),
	(32,5687,1),
	(32,5710,1),
	(32,7254,1),
	(32,7704,1),
	(32,8073,1),
	(32,8610,1),
	(32,9009,1),
	(32,10021,1),
	(32,10427,1),
	(32,11496,1),
	(32,12272,1),
	(32,13898,1),
	(32,20566,1),
	(32,20614,1),
	(32,20615,1),
	(32,20631,1),
	(32,20632,1),
	(32,20633,1),
	(32,20634,1),
	(32,20635,1),
	(32,20636,1),
	(32,20637,1),
	(32,20638,1),
	(32,22539,1),
	(32,22540,1),
	(32,22542,1),
	(32,22546,1),
	(32,22575,1),
	(32,22578,1),
	(32,22629,1),
	(32,22630,1),
	(32,22635,1),
	(32,23419,1),
	(32,23461,1),
	(32,23509,1),
	(32,23510,1),
	(32,23516,1),
	(32,23839,1),
	(32,23840,1),
	(32,23841,1),
	(32,23878,1),
	(32,23879,1),
	(32,23880,1),
	(32,23881,1),
	(32,23882,1),
	(32,23883,1),
	(32,23884,1),
	(32,23925,1),
	(32,23926,1),
	(32,23927,1),
	(32,23928,1),
	(32,23929,1),
	(32,31287,1),
	(32,4384,2),
	(32,5189,2),
	(32,5882,2),
	(32,6197,2),
	(32,9200,2),
	(32,11415,2),
	(32,11416,2),
	(32,11417,2),
	(32,11437,2),
	(32,11438,2),
	(32,11439,2),
	(32,11460,2),
	(32,11461,2),
	(32,11571,2),
	(32,11572,2),
	(32,11573,2),
	(32,11574,2),
	(32,11575,2),
	(32,11577,2),
	(32,11606,2),
	(32,11607,2),
	(32,11608,2),
	(32,11609,2),
	(32,11610,2),
	(32,11611,2),
	(32,11614,2),
	(32,11615,2),
	(32,11651,2),
	(32,11652,2),
	(32,11653,2),
	(32,11654,2),
	(32,11655,2),
	(32,11657,2),
	(32,11764,2),
	(32,11797,2),
	(32,11838,2),
	(32,12260,2),
	(32,22576,2),
	(32,22586,2),
	(32,5018,3),
	(32,12021,3),
	(32,12025,3),
	(32,14228,3),
	(32,14229,3),
	(32,22625,3),
	(32,29048,3),
	(32,29093,3),
	(32,3040,4),
	(32,3478,6),
	(32,3482,6),
	(32,3483,6),
	(32,3486,6),
	(32,3487,6),
	(32,5200,6),
	(32,7969,6),
	(32,13885,6),
	(32,14247,6),
	(32,14502,6),
	(32,13893,7),
	(32,3479,9),
	(32,23838,10),
	(32,23877,10),
	(32,23924,10),
	(32,23971,10),
	(33,3045,1),
	(33,3054,1),
	(33,3055,1),
	(33,3056,1),
	(33,3078,1),
	(33,3082,1),
	(33,3088,1),
	(33,3090,1),
	(33,3091,1),
	(33,3092,1),
	(33,3094,1),
	(33,3095,1),
	(33,4043,1),
	(33,5258,1),
	(33,6035,1),
	(33,6301,1),
	(33,7211,1),
	(33,7242,1),
	(33,7284,1),
	(33,7827,1),
	(33,7883,1),
	(33,8073,1),
	(33,8146,1),
	(33,10259,1),
	(33,10321,1),
	(33,12260,1),
	(33,12272,1),
	(33,20615,1),
	(33,20631,1),
	(33,20632,1),
	(33,20633,1),
	(33,20634,1),
	(33,20635,1),
	(33,20636,1),
	(33,20637,1),
	(33,20638,1),
	(33,21010,1),
	(33,22274,1),
	(33,22275,1),
	(33,22276,1),
	(33,22277,1),
	(33,22278,1),
	(33,22279,1),
	(33,22280,1),
	(33,22281,1),
	(33,22282,1),
	(33,22283,1),
	(33,22284,1),
	(33,22285,1),
	(33,22313,1),
	(33,22314,1),
	(33,22316,1),
	(33,22317,1),
	(33,22318,1),
	(33,22319,1),
	(33,22320,1),
	(33,22321,1),
	(33,22322,1),
	(33,22323,1),
	(33,22324,1),
	(33,22325,1),
	(33,22326,1),
	(33,22327,1),
	(33,22328,1),
	(33,22360,1),
	(33,22361,1),
	(33,22362,1),
	(33,22363,1),
	(33,22364,1),
	(33,22365,1),
	(33,22366,1),
	(33,22368,1),
	(33,22369,1),
	(33,22370,1),
	(33,22371,1),
	(33,22372,1),
	(33,22373,1),
	(33,22374,1),
	(33,22375,1),
	(33,22376,1),
	(33,22377,1),
	(33,22378,1),
	(33,22379,1),
	(33,22380,1),
	(33,22381,1),
	(33,22382,1),
	(33,31287,1),
	(33,3041,2),
	(33,3053,2),
	(33,5882,2),
	(33,6197,2),
	(33,11415,2),
	(33,11417,2),
	(33,11437,2),
	(33,11439,2),
	(33,11460,2),
	(33,11572,2),
	(33,11573,2),
	(33,11574,2),
	(33,11577,2),
	(33,11605,2),
	(33,11607,2),
	(33,11608,2),
	(33,11609,2),
	(33,11614,2),
	(33,11615,2),
	(33,11650,2),
	(33,11652,2),
	(33,11653,2),
	(33,11654,2),
	(33,11657,2),
	(33,13893,2),
	(33,17606,2),
	(33,20500,2),
	(33,22315,2),
	(33,22367,2),
	(33,3040,3),
	(33,5018,3),
	(33,12021,3),
	(33,12025,3),
	(33,14228,3),
	(33,14229,3),
	(33,29048,3),
	(33,29093,3),
	(33,5056,6),
	(33,7969,6),
	(33,14190,6),
	(33,14227,6),
	(33,22358,6),
	(33,3068,7),
	(33,8186,7),
	(33,3478,8),
	(33,7995,8),
	(33,13898,8),
	(33,22272,10),
	(33,22311,10),
	(33,49046,10),
	(33,49085,10),
	(33,49132,10),
	(33,49180,10),
	(35,2588,1),
	(35,4336,1),
	(35,4344,1),
	(35,5193,1),
	(35,5664,1),
	(35,5710,1),
	(35,5858,1),
	(35,5891,1),
	(35,5892,1),
	(35,5893,1),
	(35,5894,1),
	(35,5895,1),
	(35,5905,1),
	(35,5906,1),
	(35,5907,1),
	(35,5908,1),
	(35,5909,1),
	(35,5910,1),
	(35,5911,1),
	(35,5912,1),
	(35,5913,1),
	(35,5914,1),
	(35,5924,1),
	(35,5925,1),
	(35,5926,1),
	(35,5927,1),
	(35,5928,1),
	(35,5929,1),
	(35,5930,1),
	(35,5931,1),
	(35,5932,1),
	(35,5933,1),
	(35,5934,1),
	(35,12830,1),
	(35,5177,2),
	(35,6197,2),
	(35,11383,2),
	(35,11415,2),
	(35,11416,2),
	(35,11417,2),
	(35,11437,2),
	(35,11438,2),
	(35,11439,2),
	(35,11460,2),
	(35,11461,2),
	(35,11577,2),
	(35,11615,2),
	(35,11657,2),
	(35,11764,2),
	(35,11765,2),
	(35,11797,2),
	(35,11798,2),
	(35,11838,2),
	(35,11839,2),
	(35,12293,2),
	(35,12305,2),
	(35,12306,2),
	(35,12318,2),
	(35,12319,2),
	(35,17993,2),
	(35,92629,2),
	(35,92640,2),
	(35,92648,2),
	(35,92649,2),
	(35,4386,3),
	(35,5687,3),
	(35,6556,3),
	(35,12260,3),
	(35,5882,4),
	(35,11614,4),
	(35,2930,6),
	(35,2934,6),
	(35,2938,6),
	(35,4385,6),
	(35,4387,6),
	(35,5903,6),
	(35,5013,7),
	(35,5922,7),
	(35,11495,7),
	(35,4384,8),
	(35,5902,8),
	(35,2538,9),
	(35,5890,10),
	(35,5904,10),
	(35,5923,10),
	(35,5940,10),
	(36,3068,1),
	(36,4341,1),
	(36,4371,1),
	(36,4878,1),
	(36,5041,1),
	(36,5173,1),
	(36,5200,1),
	(36,5290,1),
	(36,5664,1),
	(36,5683,1),
	(36,5855,1),
	(36,6001,1),
	(36,6002,1),
	(36,6003,1),
	(36,6004,1),
	(36,6005,1),
	(36,6006,1),
	(36,6007,1),
	(36,6008,1),
	(36,6022,1),
	(36,6023,1),
	(36,6024,1),
	(36,6025,1),
	(36,6026,1),
	(36,6027,1),
	(36,6028,1),
	(36,6029,1),
	(36,6030,1),
	(36,6031,1),
	(36,6032,1),
	(36,6033,1),
	(36,6034,1),
	(36,6035,1),
	(36,6036,1),
	(36,6051,1),
	(36,6052,1),
	(36,6053,1),
	(36,6054,1),
	(36,6055,1),
	(36,6056,1),
	(36,6057,1),
	(36,6058,1),
	(36,6059,1),
	(36,6060,1),
	(36,6061,1),
	(36,6062,1),
	(36,6063,1),
	(36,6064,1),
	(36,6065,1),
	(36,11274,1),
	(36,11696,1),
	(36,12830,1),
	(36,12866,1),
	(36,13750,1),
	(36,13885,1),
	(36,19129,1),
	(36,3040,2),
	(36,4339,2),
	(36,4344,2),
	(36,4858,2),
	(36,5177,2),
	(36,6197,2),
	(36,9620,2),
	(36,11383,2),
	(36,11415,2),
	(36,11416,2),
	(36,11417,2),
	(36,11437,2),
	(36,11438,2),
	(36,11439,2),
	(36,11460,2),
	(36,11461,2),
	(36,11571,2),
	(36,11572,2),
	(36,11574,2),
	(36,11576,2),
	(36,11577,2),
	(36,11606,2),
	(36,11607,2),
	(36,11609,2),
	(36,11612,2),
	(36,11613,2),
	(36,11615,2),
	(36,11651,2),
	(36,11652,2),
	(36,11654,2),
	(36,11656,2),
	(36,11657,2),
	(36,11764,2),
	(36,11765,2),
	(36,11797,2),
	(36,11798,2),
	(36,11838,2),
	(36,11839,2),
	(36,12293,2),
	(36,12305,2),
	(36,12306,2),
	(36,12318,2),
	(36,12319,2),
	(36,17993,2),
	(36,19205,2),
	(36,19239,2),
	(36,19240,2),
	(36,19241,2),
	(36,19242,2),
	(36,19284,2),
	(36,23459,2),
	(36,73522,2),
	(36,76118,2),
	(36,76133,2),
	(36,76134,2),
	(36,92629,2),
	(36,92640,2),
	(36,92648,2),
	(36,92649,2),
	(36,4386,3),
	(36,5687,3),
	(36,6556,3),
	(36,5882,4),
	(36,11614,4),
	(36,12260,4),
	(36,6072,6),
	(36,5903,7),
	(36,6048,7),
	(36,6049,7),
	(36,11495,7),
	(36,4384,8),
	(36,2538,9),
	(36,5902,9),
	(36,6000,10),
	(36,6021,10),
	(36,6050,10),
	(36,6073,10),
	(38,2544,1),
	(38,3090,1),
	(38,4312,1),
	(38,4313,1),
	(38,4316,1),
	(38,4332,1),
	(38,4334,1),
	(38,4335,1),
	(38,4338,1),
	(38,4343,1),
	(38,4344,1),
	(38,4358,1),
	(38,4360,1),
	(38,4362,1),
	(38,4363,1),
	(38,4364,1),
	(38,4365,1),
	(38,4370,1),
	(38,4878,1),
	(38,4890,1),
	(38,4899,1),
	(38,5189,1),
	(38,5200,1),
	(38,5206,1),
	(38,5226,1),
	(38,5228,1),
	(38,5258,1),
	(38,5664,1),
	(38,5710,1),
	(38,5805,1),
	(38,5910,1),
	(38,5912,1),
	(38,6004,1),
	(38,6005,1),
	(38,6006,1),
	(38,6029,1),
	(38,6058,1),
	(38,6156,1),
	(38,6409,1),
	(38,6410,1),
	(38,6411,1),
	(38,6412,1),
	(38,6413,1),
	(38,6414,1),
	(38,6415,1),
	(38,6435,1),
	(38,6436,1),
	(38,6437,1),
	(38,6438,1),
	(38,6439,1),
	(38,6440,1),
	(38,6441,1),
	(38,6442,1),
	(38,6443,1),
	(38,6444,1),
	(38,6467,1),
	(38,6468,1),
	(38,6469,1),
	(38,6470,1),
	(38,6471,1),
	(38,6472,1),
	(38,6473,1),
	(38,6474,1),
	(38,6475,1),
	(38,6476,1),
	(38,6477,1),
	(38,6478,1),
	(38,6479,1),
	(38,6480,1),
	(38,6481,1),
	(38,6482,1),
	(38,6483,1),
	(38,6484,1),
	(38,6485,1),
	(38,6486,1),
	(38,6487,1),
	(38,6488,1),
	(38,11496,1),
	(38,12830,1),
	(38,13750,1),
	(38,18894,1),
	(38,3041,2),
	(38,4336,2),
	(38,4339,2),
	(38,4858,2),
	(38,5193,2),
	(38,6197,2),
	(38,9620,2),
	(38,11274,2),
	(38,11415,2),
	(38,11416,2),
	(38,11417,2),
	(38,11437,2),
	(38,11438,2),
	(38,11439,2),
	(38,11460,2),
	(38,11461,2),
	(38,11577,2),
	(38,11605,2),
	(38,11615,2),
	(38,11650,2),
	(38,11657,2),
	(38,11765,2),
	(38,11798,2),
	(38,11839,2),
	(38,12293,2),
	(38,12305,2),
	(38,12306,2),
	(38,12318,2),
	(38,12319,2),
	(38,12866,2),
	(38,17993,2),
	(38,23459,2),
	(38,73522,2),
	(38,76118,2),
	(38,76133,2),
	(38,76134,2),
	(38,92629,2),
	(38,92640,2),
	(38,92648,2),
	(38,92649,2),
	(38,4386,3),
	(38,5177,3),
	(38,5687,3),
	(38,6556,3),
	(38,12260,3),
	(38,5882,4),
	(38,11614,4),
	(38,4385,6),
	(38,5922,6),
	(38,6465,6),
	(38,6508,6),
	(38,6509,6),
	(38,2537,7),
	(38,2538,7),
	(38,5902,7),
	(38,6433,7),
	(38,6408,10),
	(38,6434,10),
	(38,6466,10),
	(38,6510,10),
	(39,3039,1),
	(39,3074,1),
	(39,4315,1),
	(39,4339,1),
	(39,4344,1),
	(39,4707,1),
	(39,4878,1),
	(39,5256,1),
	(39,5288,1),
	(39,5934,1),
	(39,6005,1),
	(39,6006,1),
	(39,6029,1),
	(39,6031,1),
	(39,6057,1),
	(39,6058,1),
	(39,6059,1),
	(39,6443,1),
	(39,6470,1),
	(39,6537,1),
	(39,6650,1),
	(39,6651,1),
	(39,6652,1),
	(39,6653,1),
	(39,6654,1),
	(39,6667,1),
	(39,6668,1),
	(39,6669,1),
	(39,6670,1),
	(39,6672,1),
	(39,6673,1),
	(39,6674,1),
	(39,6675,1),
	(39,6689,1),
	(39,6690,1),
	(39,6691,1),
	(39,6692,1),
	(39,6693,1),
	(39,6694,1),
	(39,6695,1),
	(39,6696,1),
	(39,6697,1),
	(39,12830,1),
	(39,12866,1),
	(39,3040,2),
	(39,3041,2),
	(39,4858,2),
	(39,5177,2),
	(39,6197,2),
	(39,6671,2),
	(39,9620,2),
	(39,11383,2),
	(39,11415,2),
	(39,11416,2),
	(39,11417,2),
	(39,11437,2),
	(39,11438,2),
	(39,11439,2),
	(39,11460,2),
	(39,11461,2),
	(39,11571,2),
	(39,11572,2),
	(39,11574,2),
	(39,11576,2),
	(39,11577,2),
	(39,11605,2),
	(39,11606,2),
	(39,11607,2),
	(39,11609,2),
	(39,11612,2),
	(39,11613,2),
	(39,11615,2),
	(39,11650,2),
	(39,11651,2),
	(39,11652,2),
	(39,11654,2),
	(39,11656,2),
	(39,11657,2),
	(39,11765,2),
	(39,11798,2),
	(39,11839,2),
	(39,12293,2),
	(39,12305,2),
	(39,12306,2),
	(39,12318,2),
	(39,12319,2),
	(39,17993,2),
	(39,19205,2),
	(39,19239,2),
	(39,19240,2),
	(39,19241,2),
	(39,19242,2),
	(39,19284,2),
	(39,23459,2),
	(39,73522,2),
	(39,76118,2),
	(39,76133,2),
	(39,76134,2),
	(39,92629,2),
	(39,92640,2),
	(39,92648,2),
	(39,92649,2),
	(39,2544,3),
	(39,4385,3),
	(39,11274,3),
	(39,5882,4),
	(39,11614,4),
	(39,2537,6),
	(39,6049,6),
	(39,6433,6),
	(39,6687,6),
	(39,6708,6),
	(39,6709,6),
	(39,6649,10),
	(39,6666,10),
	(39,6688,10),
	(39,6710,10),
	(39,2538,11),
	(39,5902,11),
	(40,3040,1),
	(40,4338,1),
	(40,4339,1),
	(40,4342,1),
	(40,4343,1),
	(40,4344,1),
	(40,4345,1),
	(40,4363,1),
	(40,4369,1),
	(40,4371,1),
	(40,4878,1),
	(40,5173,1),
	(40,5664,1),
	(40,6283,1),
	(40,6284,1),
	(40,6285,1),
	(40,6286,1),
	(40,6287,1),
	(40,6288,1),
	(40,6299,1),
	(40,6300,1),
	(40,6301,1),
	(40,6302,1),
	(40,6303,1),
	(40,6304,1),
	(40,6305,1),
	(40,6319,1),
	(40,6320,1),
	(40,6321,1),
	(40,6322,1),
	(40,6323,1),
	(40,6324,1),
	(40,6325,1),
	(40,6326,1),
	(40,6327,1),
	(40,11274,1),
	(40,12830,1),
	(40,12866,1),
	(40,3041,2),
	(40,5177,2),
	(40,5882,2),
	(40,6197,2),
	(40,11383,2),
	(40,11415,2),
	(40,11416,2),
	(40,11417,2),
	(40,11437,2),
	(40,11438,2),
	(40,11439,2),
	(40,11460,2),
	(40,11461,2),
	(40,11577,2),
	(40,11605,2),
	(40,11614,2),
	(40,11615,2),
	(40,11650,2),
	(40,11657,2),
	(40,11765,2),
	(40,11798,2),
	(40,11839,2),
	(40,12293,2),
	(40,12305,2),
	(40,12306,2),
	(40,12318,2),
	(40,12319,2),
	(40,4386,3),
	(40,5687,3),
	(40,6556,3),
	(40,12260,3),
	(40,2930,6),
	(40,2934,6),
	(40,2938,6),
	(40,4385,6),
	(40,4387,6),
	(40,5922,6),
	(40,6167,6),
	(40,6317,6),
	(40,6336,6),
	(40,65220,6),
	(40,2538,8),
	(40,5902,8),
	(40,6282,10),
	(40,6298,10),
	(40,6318,10),
	(40,6337,10),
	(41,3039,1),
	(41,3040,1),
	(41,3077,1),
	(41,4339,1),
	(41,4341,1),
	(41,4342,1),
	(41,4343,1),
	(41,4344,1),
	(41,5664,1),
	(41,5934,1),
	(41,6006,1),
	(41,6058,1),
	(41,6198,1),
	(41,6301,1),
	(41,6443,1),
	(41,6471,1),
	(41,6514,1),
	(41,6515,1),
	(41,6516,1),
	(41,6517,1),
	(41,6518,1),
	(41,6519,1),
	(41,6520,1),
	(41,6521,1),
	(41,6533,1),
	(41,6534,1),
	(41,6535,1),
	(41,6536,1),
	(41,6537,1),
	(41,6550,1),
	(41,6551,1),
	(41,6552,1),
	(41,6553,1),
	(41,6554,1),
	(41,6555,1),
	(41,6557,1),
	(41,6558,1),
	(41,11274,1),
	(41,11696,1),
	(41,12830,1),
	(41,12866,1),
	(41,3041,2),
	(41,3074,2),
	(41,4333,2),
	(41,5177,2),
	(41,5882,2),
	(41,6197,2),
	(41,11383,2),
	(41,11415,2),
	(41,11416,2),
	(41,11417,2),
	(41,11437,2),
	(41,11438,2),
	(41,11439,2),
	(41,11460,2),
	(41,11461,2),
	(41,11577,2),
	(41,11605,2),
	(41,11614,2),
	(41,11615,2),
	(41,11650,2),
	(41,11657,2),
	(41,11765,2),
	(41,11798,2),
	(41,11839,2),
	(41,12293,2),
	(41,12305,2),
	(41,12306,2),
	(41,12318,2),
	(41,12319,2),
	(41,4386,3),
	(41,5687,3),
	(41,6556,4),
	(41,12260,4),
	(41,5922,6),
	(41,6167,6),
	(41,6317,6),
	(41,6336,6),
	(41,6570,6),
	(41,65220,7),
	(41,2538,9),
	(41,5902,9),
	(41,6513,10),
	(41,6532,10),
	(41,6549,10),
	(41,6571,10),
	(42,3040,1),
	(42,4316,1),
	(42,4333,1),
	(42,4335,1),
	(42,4342,1),
	(42,4344,1),
	(42,4345,1),
	(42,4371,1),
	(42,4871,1),
	(42,4878,1),
	(42,4890,1),
	(42,4893,1),
	(42,5173,1),
	(42,5193,1),
	(42,5194,1),
	(42,5200,1),
	(42,5290,1),
	(42,5822,1),
	(42,5878,1),
	(42,6022,1),
	(42,6051,1),
	(42,6152,1),
	(42,6153,1),
	(42,6157,1),
	(42,6168,1),
	(42,6170,1),
	(42,6171,1),
	(42,6172,1),
	(42,6173,1),
	(42,6174,1),
	(42,6175,1),
	(42,6176,1),
	(42,6191,1),
	(42,6192,1),
	(42,6193,1),
	(42,6194,1),
	(42,6195,1),
	(42,6196,1),
	(42,6198,1),
	(42,6199,1),
	(42,6200,1),
	(42,12830,1),
	(42,12866,1),
	(42,13750,1),
	(42,3041,2),
	(42,5177,2),
	(42,5882,2),
	(42,6154,2),
	(42,6155,2),
	(42,6156,2),
	(42,6169,2),
	(42,11274,2),
	(42,11383,2),
	(42,11415,2),
	(42,11416,2),
	(42,11417,2),
	(42,11437,2),
	(42,11438,2),
	(42,11439,2),
	(42,11460,2),
	(42,11461,2),
	(42,11571,2),
	(42,11572,2),
	(42,11574,2),
	(42,11576,2),
	(42,11577,2),
	(42,11605,2),
	(42,11606,2),
	(42,11607,2),
	(42,11609,2),
	(42,11612,2),
	(42,11613,2),
	(42,11614,2),
	(42,11615,2),
	(42,11650,2),
	(42,11651,2),
	(42,11652,2),
	(42,11654,2),
	(42,11656,2),
	(42,11657,2),
	(42,11765,2),
	(42,11798,2),
	(42,11839,2),
	(42,12293,2),
	(42,12305,2),
	(42,12306,2),
	(42,12318,2),
	(42,12319,2),
	(42,19205,2),
	(42,19239,2),
	(42,19240,2),
	(42,19241,2),
	(42,19242,2),
	(42,19284,2),
	(42,4386,3),
	(42,5687,3),
	(42,6197,3),
	(42,6556,3),
	(42,12260,3),
	(42,6190,6),
	(42,6212,6),
	(42,6213,6),
	(42,6049,7),
	(42,6167,7),
	(42,65220,7),
	(42,2538,9),
	(42,5902,9),
	(42,6215,10),
	(42,6231,10),
	(42,6255,10),
	(42,6278,10),
	(43,3039,1),
	(43,3044,1),
	(43,3968,1),
	(43,4320,1),
	(43,4332,1),
	(43,4373,1),
	(43,5193,1),
	(43,5200,1),
	(43,6005,1),
	(43,6031,1),
	(43,6049,1),
	(43,6053,1),
	(43,6056,1),
	(43,6520,1),
	(43,7211,1),
	(43,7212,1),
	(43,7213,1),
	(43,7214,1),
	(43,7215,1),
	(43,7216,1),
	(43,7217,1),
	(43,7218,1),
	(43,7219,1),
	(43,7233,1),
	(43,7234,1),
	(43,7235,1),
	(43,7236,1),
	(43,7237,1),
	(43,7238,1),
	(43,7239,1),
	(43,7240,1),
	(43,7241,1),
	(43,7242,1),
	(43,7243,1),
	(43,7244,1),
	(43,7256,1),
	(43,7257,1),
	(43,7258,1),
	(43,7259,1),
	(43,7260,1),
	(43,7261,1),
	(43,7262,1),
	(43,7263,1),
	(43,7264,1),
	(43,7266,1),
	(43,7267,1),
	(43,7268,1),
	(43,8108,1),
	(43,12260,1),
	(43,12272,1),
	(43,12830,1),
	(43,16531,1),
	(43,73184,1),
	(43,73216,1),
	(43,73217,1),
	(43,73251,1),
	(43,73252,1),
	(43,3041,2),
	(43,4344,2),
	(43,5177,2),
	(43,5267,2),
	(43,5882,2),
	(43,6197,2),
	(43,7265,2),
	(43,11274,2),
	(43,11383,2),
	(43,11415,2),
	(43,11416,2),
	(43,11417,2),
	(43,11437,2),
	(43,11438,2),
	(43,11439,2),
	(43,11460,2),
	(43,11461,2),
	(43,11577,2),
	(43,11605,2),
	(43,11614,2),
	(43,11615,2),
	(43,11650,2),
	(43,11657,2),
	(43,11765,2),
	(43,11798,2),
	(43,11839,2),
	(43,12293,2),
	(43,12305,2),
	(43,12306,2),
	(43,12318,2),
	(43,12319,2),
	(43,4385,3),
	(43,2544,4),
	(43,4387,6),
	(43,5922,6),
	(43,7209,6),
	(43,7231,6),
	(43,7277,6),
	(43,7278,6),
	(43,2930,7),
	(43,2934,7),
	(43,2938,7),
	(43,7254,7),
	(43,7210,10),
	(43,7232,10),
	(43,7255,10),
	(43,7279,10),
	(43,2538,13),
	(43,5902,13),
	(44,3040,1),
	(44,3074,1),
	(44,4316,1),
	(44,4332,1),
	(44,4336,1),
	(44,4337,1),
	(44,4338,1),
	(44,4344,1),
	(44,4346,1),
	(44,4363,1),
	(44,4370,1),
	(44,4378,1),
	(44,5200,1),
	(44,5219,1),
	(44,5267,1),
	(44,5664,1),
	(44,5684,1),
	(44,6031,1),
	(44,6059,1),
	(44,6443,1),
	(44,6554,1),
	(44,6689,1),
	(44,6779,1),
	(44,6797,1),
	(44,7234,1),
	(44,7242,1),
	(44,7265,1),
	(44,7283,1),
	(44,7284,1),
	(44,7285,1),
	(44,7286,1),
	(44,7287,1),
	(44,7288,1),
	(44,7289,1),
	(44,7290,1),
	(44,7304,1),
	(44,7305,1),
	(44,7306,1),
	(44,7307,1),
	(44,7308,1),
	(44,7309,1),
	(44,7310,1),
	(44,7332,1),
	(44,7333,1),
	(44,7334,1),
	(44,7335,1),
	(44,7336,1),
	(44,7337,1),
	(44,7338,1),
	(44,7339,1),
	(44,7340,1),
	(44,7341,1),
	(44,7342,1),
	(44,8108,1),
	(44,13750,1),
	(44,16531,1),
	(44,73184,1),
	(44,73216,1),
	(44,73217,1),
	(44,73251,1),
	(44,73252,1),
	(44,3041,2),
	(44,4333,2),
	(44,4339,2),
	(44,4342,2),
	(44,5177,2),
	(44,5241,2),
	(44,5882,2),
	(44,6006,2),
	(44,6049,2),
	(44,6058,2),
	(44,6197,2),
	(44,11383,2),
	(44,11415,2),
	(44,11416,2),
	(44,11417,2),
	(44,11437,2),
	(44,11438,2),
	(44,11439,2),
	(44,11460,2),
	(44,11461,2),
	(44,11577,2),
	(44,11605,2),
	(44,11614,2),
	(44,11615,2),
	(44,11650,2),
	(44,11657,2),
	(44,11765,2),
	(44,11798,2),
	(44,11839,2),
	(44,12293,2),
	(44,12305,2),
	(44,12306,2),
	(44,12318,2),
	(44,12319,2),
	(44,12830,2),
	(44,12866,2),
	(44,4386,3),
	(44,5687,3),
	(44,6556,3),
	(44,11274,3),
	(44,12260,3),
	(44,5922,6),
	(44,7209,6),
	(44,7231,6),
	(44,7254,6),
	(44,7278,6),
	(44,7358,6),
	(44,5902,9),
	(44,2538,10),
	(44,7282,10),
	(44,7303,10),
	(44,7331,10),
	(44,7359,10),
	(45,3074,1),
	(45,3077,1),
	(45,3968,1),
	(45,4320,1),
	(45,4333,1),
	(45,4340,1),
	(45,4341,1),
	(45,4342,1),
	(45,4343,1),
	(45,4373,1),
	(45,5808,1),
	(45,6002,1),
	(45,6053,1),
	(45,6056,1),
	(45,6057,1),
	(45,6174,1),
	(45,6535,1),
	(45,7214,1),
	(45,7233,1),
	(45,7240,1),
	(45,7261,1),
	(45,7363,1),
	(45,7364,1),
	(45,7365,1),
	(45,7378,1),
	(45,7379,1),
	(45,7380,1),
	(45,7381,1),
	(45,7382,1),
	(45,7383,1),
	(45,7384,1),
	(45,7400,1),
	(45,7401,1),
	(45,7402,1),
	(45,7403,1),
	(45,7404,1),
	(45,7405,1),
	(45,8108,1),
	(45,11274,1),
	(45,12272,1),
	(45,12830,1),
	(45,12866,1),
	(45,16531,1),
	(45,18301,1),
	(45,73184,1),
	(45,73216,1),
	(45,73217,1),
	(45,73251,1),
	(45,73252,1),
	(45,3041,2),
	(45,4344,2),
	(45,5177,2),
	(45,5664,2),
	(45,5882,2),
	(45,6197,2),
	(45,7265,2),
	(45,11383,2),
	(45,11415,2),
	(45,11416,2),
	(45,11417,2),
	(45,11437,2),
	(45,11438,2),
	(45,11439,2),
	(45,11460,2),
	(45,11461,2),
	(45,11571,2),
	(45,11572,2),
	(45,11574,2),
	(45,11576,2),
	(45,11577,2),
	(45,11605,2),
	(45,11606,2),
	(45,11607,2),
	(45,11609,2),
	(45,11612,2),
	(45,11613,2),
	(45,11614,2),
	(45,11615,2),
	(45,11650,2),
	(45,11651,2),
	(45,11652,2),
	(45,11654,2),
	(45,11656,2),
	(45,11657,2),
	(45,11765,2),
	(45,11798,2),
	(45,11839,2),
	(45,12293,2),
	(45,12305,2),
	(45,12306,2),
	(45,12318,2),
	(45,12319,2),
	(45,19205,2),
	(45,19239,2),
	(45,19240,2),
	(45,19241,2),
	(45,19242,2),
	(45,19284,2),
	(45,2544,3),
	(45,4385,3),
	(45,7209,6),
	(45,7231,6),
	(45,7254,6),
	(45,7419,6),
	(45,7420,6),
	(45,6049,7),
	(45,7362,10),
	(45,7377,10),
	(45,7399,10),
	(45,7421,10),
	(45,5902,11),
	(45,2538,12),
	(46,3754,3),
	(46,3990,6),
	(46,3991,6),
	(46,4006,10),
	(47,3040,1),
	(47,3074,1),
	(47,4315,1),
	(47,4316,1),
	(47,4332,1),
	(47,4335,1),
	(47,4339,1),
	(47,4345,1),
	(47,4370,1),
	(47,4371,1),
	(47,5200,1),
	(47,5253,1),
	(47,5256,1),
	(47,6005,1),
	(47,6006,1),
	(47,6022,1),
	(47,6031,1),
	(47,6051,1),
	(47,6058,1),
	(47,6059,1),
	(47,6153,1),
	(47,6156,1),
	(47,6167,1),
	(47,6168,1),
	(47,6170,1),
	(47,6191,1),
	(47,6192,1),
	(47,6193,1),
	(47,6194,1),
	(47,6195,1),
	(47,6196,1),
	(47,6443,1),
	(47,6520,1),
	(47,6558,1),
	(47,6668,1),
	(47,6689,1),
	(47,7915,1),
	(47,7932,1),
	(47,7949,1),
	(47,9071,1),
	(47,11274,1),
	(47,11495,1),
	(47,18242,1),
	(47,33936,1),
	(47,65220,1),
	(47,4333,2),
	(47,4384,2),
	(47,5177,2),
	(47,6197,2),
	(47,11383,2),
	(47,11415,2),
	(47,11416,2),
	(47,11417,2),
	(47,11437,2),
	(47,11438,2),
	(47,11439,2),
	(47,11460,2),
	(47,11461,2),
	(47,11577,2),
	(47,11615,2),
	(47,11657,2),
	(47,11764,2),
	(47,11765,2),
	(47,11797,2),
	(47,11798,2),
	(47,11838,2),
	(47,11839,2),
	(47,12293,2),
	(47,12305,2),
	(47,12306,2),
	(47,12318,2),
	(47,12319,2),
	(47,17993,2),
	(47,92629,2),
	(47,92640,2),
	(47,92648,2),
	(47,92649,2),
	(47,4385,3),
	(47,2544,4),
	(47,5882,4),
	(47,11614,4),
	(47,2538,6),
	(47,5173,6),
	(47,5207,6),
	(47,5225,6),
	(47,5902,6),
	(47,6200,6),
	(47,7969,6),
	(47,7970,6),
	(47,4344,7),
	(47,6154,7),
	(47,7930,7),
	(47,12830,7),
	(47,12866,7),
	(47,113109,10),
	(47,113138,10),
	(47,113170,10),
	(47,113205,10),
	(48,4333,1),
	(48,4339,1),
	(48,4342,1),
	(48,4878,1),
	(48,4899,1),
	(48,5218,1),
	(48,6031,1),
	(48,6443,1),
	(48,6554,1),
	(48,6796,1),
	(48,7257,1),
	(48,7285,1),
	(48,7286,1),
	(48,7333,1),
	(48,7582,1),
	(48,7638,1),
	(48,7639,1),
	(48,7640,1),
	(48,7641,1),
	(48,7642,1),
	(48,7643,1),
	(48,7644,1),
	(48,7645,1),
	(48,7646,1),
	(48,7657,1),
	(48,7658,1),
	(48,7659,1),
	(48,7660,1),
	(48,7661,1),
	(48,7662,1),
	(48,7663,1),
	(48,7677,1),
	(48,7678,1),
	(48,7679,1),
	(48,7680,1),
	(48,7681,1),
	(48,7682,1),
	(48,7683,1),
	(48,7684,1),
	(48,7685,1),
	(48,7686,1),
	(48,11274,1),
	(48,11696,1),
	(48,15367,1),
	(48,2538,2),
	(48,4384,2),
	(48,5177,2),
	(48,5882,2),
	(48,5902,2),
	(48,6197,2),
	(48,9200,2),
	(48,11383,2),
	(48,11415,2),
	(48,11416,2),
	(48,11417,2),
	(48,11437,2),
	(48,11438,2),
	(48,11439,2),
	(48,11460,2),
	(48,11461,2),
	(48,11571,2),
	(48,11572,2),
	(48,11573,2),
	(48,11574,2),
	(48,11575,2),
	(48,11576,2),
	(48,11577,2),
	(48,11578,2),
	(48,11579,2),
	(48,11606,2),
	(48,11607,2),
	(48,11608,2),
	(48,11609,2),
	(48,11610,2),
	(48,11611,2),
	(48,11612,2),
	(48,11613,2),
	(48,11614,2),
	(48,11615,2),
	(48,11616,2),
	(48,11617,2),
	(48,11651,2),
	(48,11652,2),
	(48,11653,2),
	(48,11654,2),
	(48,11655,2),
	(48,11656,2),
	(48,11657,2),
	(48,11658,2),
	(48,11659,2),
	(48,11762,2),
	(48,11763,2),
	(48,11764,2),
	(48,11795,2),
	(48,11796,2),
	(48,11797,2),
	(48,11836,2),
	(48,11837,2),
	(48,11838,2),
	(48,12305,2),
	(48,12318,2),
	(48,4386,3),
	(48,5687,3),
	(48,6556,3),
	(48,12260,3),
	(48,7635,6),
	(48,7636,6),
	(48,7654,6),
	(48,7675,6),
	(48,7695,6),
	(48,7696,6),
	(48,7655,7),
	(48,7674,7),
	(48,12866,7),
	(48,4344,8),
	(48,12830,8),
	(48,7637,10),
	(48,7656,10),
	(48,7676,10),
	(48,7697,10),
	(49,3927,1),
	(49,4315,1),
	(49,4345,1),
	(49,4362,1),
	(49,4371,1),
	(49,4859,1),
	(49,4860,1),
	(49,4874,1),
	(49,4878,1),
	(49,4893,1),
	(49,5173,1),
	(49,5190,1),
	(49,5193,1),
	(49,5194,1),
	(49,5208,1),
	(49,5214,1),
	(49,5215,1),
	(49,5225,1),
	(49,5255,1),
	(49,5286,1),
	(49,5290,1),
	(49,5293,1),
	(49,5658,1),
	(49,5681,1),
	(49,5682,1),
	(49,5710,1),
	(49,5929,1),
	(49,6049,1),
	(49,6064,1),
	(49,6167,1),
	(49,6190,1),
	(49,7306,1),
	(49,7563,1),
	(49,7564,1),
	(49,7565,1),
	(49,7582,1),
	(49,7583,1),
	(49,7584,1),
	(49,7585,1),
	(49,7586,1),
	(49,7587,1),
	(49,7588,1),
	(49,7607,1),
	(49,7608,1),
	(49,7609,1),
	(49,7610,1),
	(49,7611,1),
	(49,7612,1),
	(49,7613,1),
	(49,11496,1),
	(49,11695,1),
	(49,11696,1),
	(49,4384,2),
	(49,5177,2),
	(49,5882,2),
	(49,5902,2),
	(49,6197,2),
	(49,11383,2),
	(49,11415,2),
	(49,11417,2),
	(49,11437,2),
	(49,11439,2),
	(49,11460,2),
	(49,11572,2),
	(49,11573,2),
	(49,11574,2),
	(49,11576,2),
	(49,11577,2),
	(49,11578,2),
	(49,11579,2),
	(49,11607,2),
	(49,11608,2),
	(49,11609,2),
	(49,11612,2),
	(49,11613,2),
	(49,11614,2),
	(49,11615,2),
	(49,11616,2),
	(49,11617,2),
	(49,11652,2),
	(49,11653,2),
	(49,11654,2),
	(49,11656,2),
	(49,11657,2),
	(49,11658,2),
	(49,11659,2),
	(49,11764,2),
	(49,11765,2),
	(49,11766,2),
	(49,11797,2),
	(49,11798,2),
	(49,11799,2),
	(49,11838,2),
	(49,11839,2),
	(49,11840,2),
	(49,12293,2),
	(49,12305,2),
	(49,12306,2),
	(49,12318,2),
	(49,12319,2),
	(49,19205,2),
	(49,19239,2),
	(49,19240,2),
	(49,19241,2),
	(49,19242,2),
	(49,19284,2),
	(49,65220,2),
	(49,2538,3),
	(49,4386,3),
	(49,5189,3),
	(49,5687,3),
	(49,6556,3),
	(49,12260,3),
	(49,7579,6),
	(49,7631,6),
	(49,7632,6),
	(49,7560,7),
	(49,7561,7),
	(49,7580,7),
	(49,7604,7),
	(49,7605,7),
	(49,12866,7),
	(49,4344,8),
	(49,12830,8),
	(49,7562,10),
	(49,7581,10),
	(49,7606,10),
	(49,7633,10),
	(51,3927,1),
	(51,4878,1),
	(51,4899,1),
	(51,5200,1),
	(51,5253,1),
	(51,5681,1),
	(51,5892,1),
	(51,6048,1),
	(51,6056,1),
	(51,7288,1),
	(51,7702,1),
	(51,7703,1),
	(51,7704,1),
	(51,7705,1),
	(51,7716,1),
	(51,7717,1),
	(51,7718,1),
	(51,7719,1),
	(51,7720,1),
	(51,7721,1),
	(51,7722,1),
	(51,7733,1),
	(51,7734,1),
	(51,7735,1),
	(51,7736,1),
	(51,7737,1),
	(51,7738,1),
	(51,7739,1),
	(51,7740,1),
	(51,7741,1),
	(51,11495,1),
	(51,11496,1),
	(51,12272,1),
	(51,2538,2),
	(51,4384,2),
	(51,5177,2),
	(51,5882,2),
	(51,5902,2),
	(51,6197,2),
	(51,6534,2),
	(51,9200,2),
	(51,11383,2),
	(51,11415,2),
	(51,11416,2),
	(51,11417,2),
	(51,11437,2),
	(51,11438,2),
	(51,11439,2),
	(51,11460,2),
	(51,11461,2),
	(51,11571,2),
	(51,11572,2),
	(51,11573,2),
	(51,11574,2),
	(51,11575,2),
	(51,11576,2),
	(51,11577,2),
	(51,11578,2),
	(51,11579,2),
	(51,11606,2),
	(51,11607,2),
	(51,11608,2),
	(51,11609,2),
	(51,11610,2),
	(51,11611,2),
	(51,11612,2),
	(51,11613,2),
	(51,11614,2),
	(51,11615,2),
	(51,11616,2),
	(51,11617,2),
	(51,11651,2),
	(51,11652,2),
	(51,11653,2),
	(51,11654,2),
	(51,11655,2),
	(51,11656,2),
	(51,11657,2),
	(51,11658,2),
	(51,11659,2),
	(51,11761,2),
	(51,11764,2),
	(51,11766,2),
	(51,11794,2),
	(51,11797,2),
	(51,11799,2),
	(51,11835,2),
	(51,11838,2),
	(51,11840,2),
	(51,12305,2),
	(51,12318,2),
	(51,12948,2),
	(51,12975,2),
	(51,13006,2),
	(51,4386,3),
	(51,5687,3),
	(51,6556,4),
	(51,12260,5),
	(51,7699,6),
	(51,7714,6),
	(51,7730,6),
	(51,7731,6),
	(51,7749,6),
	(51,4344,7),
	(51,7700,7),
	(51,7713,7),
	(51,12830,7),
	(51,12866,7),
	(51,7701,10),
	(51,7715,10),
	(51,7732,10),
	(51,7750,10),
	(52,3968,1),
	(52,4859,1),
	(52,4874,1),
	(52,4878,1),
	(52,4899,1),
	(52,5290,1),
	(52,5293,1),
	(52,5297,1),
	(52,5676,1),
	(52,5681,1),
	(52,5860,1),
	(52,6176,1),
	(52,6517,1),
	(52,6552,1),
	(52,7641,1),
	(52,7660,1),
	(52,7681,1),
	(52,7753,1),
	(52,7754,1),
	(52,7755,1),
	(52,7756,1),
	(52,7757,1),
	(52,7770,1),
	(52,7771,1),
	(52,7772,1),
	(52,7773,1),
	(52,7774,1),
	(52,7775,1),
	(52,7788,1),
	(52,7789,1),
	(52,7790,1),
	(52,7791,1),
	(52,7792,1),
	(52,7793,1),
	(52,7794,1),
	(52,11274,1),
	(52,11496,1),
	(52,12699,1),
	(52,2538,2),
	(52,4384,2),
	(52,5902,2),
	(52,9200,2),
	(52,11383,2),
	(52,11415,2),
	(52,11416,2),
	(52,11417,2),
	(52,11437,2),
	(52,11438,2),
	(52,11439,2),
	(52,11460,2),
	(52,11461,2),
	(52,11571,2),
	(52,11572,2),
	(52,11573,2),
	(52,11574,2),
	(52,11575,2),
	(52,11576,2),
	(52,11577,2),
	(52,11578,2),
	(52,11579,2),
	(52,11606,2),
	(52,11607,2),
	(52,11608,2),
	(52,11609,2),
	(52,11610,2),
	(52,11611,2),
	(52,11612,2),
	(52,11613,2),
	(52,11614,2),
	(52,11615,2),
	(52,11616,2),
	(52,11617,2),
	(52,11651,2),
	(52,11652,2),
	(52,11653,2),
	(52,11654,2),
	(52,11655,2),
	(52,11656,2),
	(52,11657,2),
	(52,11658,2),
	(52,11659,2),
	(52,11762,2),
	(52,11763,2),
	(52,11764,2),
	(52,11766,2),
	(52,11795,2),
	(52,11796,2),
	(52,11797,2),
	(52,11799,2),
	(52,11836,2),
	(52,11837,2),
	(52,11838,2),
	(52,11840,2),
	(52,19205,2),
	(52,19239,2),
	(52,19240,2),
	(52,19241,2),
	(52,19242,2),
	(52,19284,2),
	(52,3942,3),
	(52,3946,3),
	(52,3950,3),
	(52,6197,3),
	(52,6711,3),
	(52,7786,6),
	(52,7805,6),
	(52,7806,6),
	(52,4344,7),
	(52,12830,7),
	(52,12866,7),
	(52,17993,7),
	(52,4114,8),
	(52,5861,8),
	(52,5882,8),
	(52,7752,10),
	(52,7769,10),
	(52,7787,10),
	(52,7807,10),
	(53,3043,1),
	(53,4363,1),
	(53,4899,1),
	(53,5197,1),
	(53,5198,1),
	(53,5218,1),
	(53,5290,1),
	(53,5861,1),
	(53,5880,1),
	(53,6302,1),
	(53,6534,1),
	(53,7869,1),
	(53,7870,1),
	(53,7881,1),
	(53,7882,1),
	(53,7883,1),
	(53,7895,1),
	(53,7896,1),
	(53,7897,1),
	(53,7898,1),
	(53,7899,1),
	(53,7900,1),
	(53,7901,1),
	(53,7902,1),
	(53,11496,1),
	(53,11696,1),
	(53,2538,2),
	(53,5882,2),
	(53,5902,2),
	(53,7871,2),
	(53,11383,2),
	(53,11415,2),
	(53,11416,2),
	(53,11437,2),
	(53,11438,2),
	(53,11460,2),
	(53,11461,2),
	(53,11571,2),
	(53,11572,2),
	(53,11573,2),
	(53,11574,2),
	(53,11576,2),
	(53,11577,2),
	(53,11605,2),
	(53,11606,2),
	(53,11607,2),
	(53,11608,2),
	(53,11609,2),
	(53,11612,2),
	(53,11613,2),
	(53,11614,2),
	(53,11615,2),
	(53,11650,2),
	(53,11651,2),
	(53,11652,2),
	(53,11653,2),
	(53,11654,2),
	(53,11656,2),
	(53,11657,2),
	(53,11762,2),
	(53,11795,2),
	(53,11836,2),
	(53,12830,2),
	(53,28583,2),
	(53,28614,2),
	(53,28648,2),
	(53,3041,3),
	(53,4386,3),
	(53,5687,3),
	(53,6556,3),
	(53,12260,3),
	(53,7879,6),
	(53,7893,6),
	(53,7911,6),
	(53,4195,7),
	(53,4344,7),
	(53,5859,7),
	(53,7867,7),
	(53,7892,7),
	(53,12866,8),
	(53,7868,10),
	(53,7880,10),
	(53,7894,10),
	(53,7912,10),
	(54,3074,1),
	(54,3077,1),
	(54,3927,1),
	(54,4333,1),
	(54,4343,1),
	(54,5193,1),
	(54,5200,1),
	(54,5207,1),
	(54,5290,1),
	(54,5681,1),
	(54,6002,1),
	(54,6056,1),
	(54,6301,1),
	(54,6535,1),
	(54,6558,1),
	(54,7306,1),
	(54,7582,1),
	(54,7812,1),
	(54,7813,1),
	(54,7814,1),
	(54,7824,1),
	(54,7825,1),
	(54,7826,1),
	(54,7827,1),
	(54,7828,1),
	(54,7829,1),
	(54,7845,1),
	(54,7846,1),
	(54,7847,1),
	(54,7848,1),
	(54,7849,1),
	(54,7850,1),
	(54,7851,1),
	(54,7852,1),
	(54,7853,1),
	(54,7854,1),
	(54,7855,1),
	(54,11496,1),
	(54,3041,2),
	(54,4315,2),
	(54,5177,2),
	(54,5882,2),
	(54,6197,2),
	(54,6534,2),
	(54,6556,2),
	(54,7811,2),
	(54,11415,2),
	(54,11417,2),
	(54,11437,2),
	(54,11439,2),
	(54,11460,2),
	(54,11572,2),
	(54,11573,2),
	(54,11574,2),
	(54,11576,2),
	(54,11577,2),
	(54,11605,2),
	(54,11607,2),
	(54,11608,2),
	(54,11609,2),
	(54,11612,2),
	(54,11613,2),
	(54,11614,2),
	(54,11615,2),
	(54,11650,2),
	(54,11652,2),
	(54,11653,2),
	(54,11654,2),
	(54,11656,2),
	(54,11657,2),
	(54,11761,2),
	(54,11762,2),
	(54,11765,2),
	(54,11794,2),
	(54,11795,2),
	(54,11798,2),
	(54,11835,2),
	(54,11836,2),
	(54,11839,2),
	(54,12260,2),
	(54,12305,2),
	(54,12318,2),
	(54,19205,2),
	(54,19239,2),
	(54,19240,2),
	(54,19241,2),
	(54,19242,2),
	(54,19284,2),
	(54,3942,3),
	(54,3946,3),
	(54,3950,3),
	(54,6711,3),
	(54,4344,6),
	(54,7608,6),
	(54,7809,6),
	(54,7822,6),
	(54,7843,6),
	(54,7864,6),
	(54,12830,6),
	(54,12866,6),
	(54,6167,7),
	(54,65220,7),
	(54,7810,10),
	(54,7823,10),
	(54,7844,10),
	(54,7865,10),
	(55,3941,1),
	(55,4114,1),
	(55,4316,1),
	(55,5241,1),
	(55,5268,1),
	(55,5269,1),
	(55,5833,1),
	(55,5834,1),
	(55,5835,1),
	(55,5836,1),
	(55,5837,1),
	(55,5838,1),
	(55,5851,1),
	(55,5852,1),
	(55,5853,1),
	(55,5854,1),
	(55,5855,1),
	(55,5856,1),
	(55,5857,1),
	(55,5858,1),
	(55,5859,1),
	(55,5860,1),
	(55,5861,1),
	(55,5869,1),
	(55,5870,1),
	(55,5871,1),
	(55,5872,1),
	(55,5873,1),
	(55,5874,1),
	(55,5875,1),
	(55,5876,1),
	(55,5877,1),
	(55,5878,1),
	(55,5879,1),
	(55,5880,1),
	(55,5881,1),
	(55,5883,1),
	(55,11274,1),
	(55,12272,1),
	(55,2538,2),
	(55,3041,2),
	(55,5177,2),
	(55,5902,2),
	(55,11383,2),
	(55,11415,2),
	(55,11416,2),
	(55,11437,2),
	(55,11438,2),
	(55,11460,2),
	(55,11461,2),
	(55,11571,2),
	(55,11576,2),
	(55,11577,2),
	(55,11605,2),
	(55,11606,2),
	(55,11612,2),
	(55,11613,2),
	(55,11614,2),
	(55,11615,2),
	(55,11650,2),
	(55,11651,2),
	(55,11656,2),
	(55,11657,2),
	(55,11761,2),
	(55,11762,2),
	(55,11765,2),
	(55,11794,2),
	(55,11795,2),
	(55,11798,2),
	(55,11835,2),
	(55,11836,2),
	(55,11839,2),
	(55,12293,2),
	(55,12305,2),
	(55,12306,2),
	(55,12318,2),
	(55,12319,2),
	(55,12748,2),
	(55,12773,2),
	(55,12798,2),
	(55,4386,3),
	(55,5687,3),
	(55,5882,3),
	(55,6556,3),
	(55,12260,3),
	(55,4194,6),
	(55,5848,6),
	(55,5849,6),
	(55,5866,6),
	(55,5867,6),
	(55,5886,6),
	(55,5887,6),
	(55,12866,6),
	(55,4195,7),
	(55,4344,7),
	(55,12830,7),
	(55,5832,10),
	(55,5850,10),
	(55,5868,10),
	(55,5888,10),
	(56,4315,1),
	(56,4346,1),
	(56,5189,1),
	(56,5195,1),
	(56,5228,1),
	(56,5704,1),
	(56,5793,1),
	(56,5794,1),
	(56,5795,1),
	(56,5805,1),
	(56,5806,1),
	(56,5807,1),
	(56,5808,1),
	(56,5816,1),
	(56,5817,1),
	(56,5818,1),
	(56,5819,1),
	(56,5820,1),
	(56,5821,1),
	(56,5822,1),
	(56,11274,1),
	(56,13750,1),
	(56,2538,2),
	(56,4384,2),
	(56,5177,2),
	(56,5792,2),
	(56,5804,2),
	(56,5882,2),
	(56,5902,2),
	(56,6197,2),
	(56,9200,2),
	(56,11383,2),
	(56,11415,2),
	(56,11417,2),
	(56,11437,2),
	(56,11439,2),
	(56,11460,2),
	(56,11572,2),
	(56,11573,2),
	(56,11574,2),
	(56,11575,2),
	(56,11576,2),
	(56,11577,2),
	(56,11578,2),
	(56,11579,2),
	(56,11607,2),
	(56,11608,2),
	(56,11609,2),
	(56,11610,2),
	(56,11611,2),
	(56,11612,2),
	(56,11613,2),
	(56,11614,2),
	(56,11615,2),
	(56,11616,2),
	(56,11617,2),
	(56,11652,2),
	(56,11653,2),
	(56,11654,2),
	(56,11655,2),
	(56,11656,2),
	(56,11657,2),
	(56,11658,2),
	(56,11659,2),
	(56,11761,2),
	(56,11764,2),
	(56,11765,2),
	(56,11766,2),
	(56,11794,2),
	(56,11797,2),
	(56,11798,2),
	(56,11799,2),
	(56,11835,2),
	(56,11838,2),
	(56,11839,2),
	(56,11840,2),
	(56,12293,2),
	(56,12305,2),
	(56,12306,2),
	(56,12318,2),
	(56,12319,2),
	(56,12948,2),
	(56,12975,2),
	(56,13006,2),
	(56,28583,2),
	(56,28614,2),
	(56,28648,2),
	(56,4386,3),
	(56,5687,3),
	(56,6556,3),
	(56,12260,3),
	(56,4344,6),
	(56,5790,6),
	(56,5801,6),
	(56,5802,6),
	(56,5813,6),
	(56,5814,6),
	(56,5828,6),
	(56,5829,6),
	(56,12830,7),
	(56,12866,7),
	(56,5791,10),
	(56,5803,10),
	(56,5815,10),
	(56,5830,10),
	(57,4856,1),
	(57,5189,1),
	(57,5228,1),
	(57,5256,1),
	(57,5290,1),
	(57,5657,1),
	(57,5658,1),
	(57,5659,1),
	(57,5660,1),
	(57,5661,1),
	(57,5662,1),
	(57,5664,1),
	(57,5665,1),
	(57,5666,1),
	(57,5676,1),
	(57,5677,1),
	(57,5678,1),
	(57,5679,1),
	(57,5681,1),
	(57,5682,1),
	(57,5683,1),
	(57,5684,1),
	(57,5685,1),
	(57,5686,1),
	(57,5687,1),
	(57,5688,1),
	(57,5689,1),
	(57,5699,1),
	(57,5700,1),
	(57,5701,1),
	(57,5702,1),
	(57,5703,1),
	(57,5704,1),
	(57,5706,1),
	(57,5707,1),
	(57,5708,1),
	(57,5709,1),
	(57,5710,1),
	(57,5711,1),
	(57,5712,1),
	(57,5713,1),
	(57,11496,1),
	(57,12260,1),
	(57,12272,1),
	(57,3041,2),
	(57,4858,2),
	(57,5177,2),
	(57,5663,2),
	(57,5680,2),
	(57,5705,2),
	(57,5882,2),
	(57,9620,2),
	(57,11383,2),
	(57,11415,2),
	(57,11416,2),
	(57,11437,2),
	(57,11438,2),
	(57,11460,2),
	(57,11461,2),
	(57,11571,2),
	(57,11574,2),
	(57,11576,2),
	(57,11577,2),
	(57,11605,2),
	(57,11606,2),
	(57,11609,2),
	(57,11612,2),
	(57,11613,2),
	(57,11614,2),
	(57,11615,2),
	(57,11650,2),
	(57,11651,2),
	(57,11654,2),
	(57,11656,2),
	(57,11657,2),
	(57,11765,2),
	(57,11798,2),
	(57,11839,2),
	(57,12293,2),
	(57,12305,2),
	(57,12306,2),
	(57,12318,2),
	(57,12319,2),
	(57,23459,2),
	(57,73522,2),
	(57,76118,2),
	(57,76133,2),
	(57,76134,2),
	(57,2544,3),
	(57,4385,3),
	(57,2538,5),
	(57,5902,5),
	(57,4245,6),
	(57,4249,6),
	(57,5695,6),
	(57,5696,6),
	(57,5719,6),
	(57,5720,6),
	(57,4246,7),
	(57,4344,7),
	(57,5673,7),
	(57,5674,7),
	(57,5697,7),
	(57,12830,7),
	(57,12866,7),
	(57,113758,10),
	(57,113789,10),
	(57,113825,10),
	(57,113863,10),
	(58,4888,1),
	(58,5290,1),
	(58,5291,1),
	(58,5292,1),
	(58,5503,1),
	(58,9245,1),
	(58,59321,1),
	(58,59322,1),
	(58,59323,1),
	(58,59324,1),
	(58,59325,1),
	(58,59326,1),
	(58,59327,1),
	(58,59328,1),
	(58,59329,1),
	(58,59330,1),
	(58,59331,1),
	(58,5177,2),
	(58,5882,2),
	(58,6197,2),
	(58,11417,2),
	(58,11439,2),
	(58,11574,2),
	(58,11576,2),
	(58,11577,2),
	(58,11578,2),
	(58,11609,2),
	(58,11612,2),
	(58,11613,2),
	(58,11614,2),
	(58,11615,2),
	(58,11616,2),
	(58,11617,2),
	(58,11654,2),
	(58,11656,2),
	(58,11657,2),
	(58,11658,2),
	(58,11659,2),
	(58,11764,2),
	(58,11797,2),
	(58,11838,2),
	(58,12305,2),
	(58,12318,2),
	(58,16263,2),
	(58,16299,2),
	(58,4658,3),
	(58,4659,3),
	(58,4661,3),
	(58,4662,3),
	(58,4664,3),
	(58,11579,4),
	(58,4657,6),
	(58,19937,6),
	(58,19940,6),
	(58,59363,6),
	(58,59377,6),
	(58,4656,9),
	(58,45736,10),
	(58,45748,10),
	(58,45763,10),
	(59,5882,2),
	(59,6197,2),
	(59,11417,2),
	(59,11439,2),
	(59,11572,2),
	(59,11574,2),
	(59,11577,2),
	(59,11578,2),
	(59,11607,2),
	(59,11609,2),
	(59,11614,2),
	(59,11615,2),
	(59,11616,2),
	(59,11617,2),
	(59,11652,2),
	(59,11654,2),
	(59,11657,2),
	(59,11658,2),
	(59,11659,2),
	(59,11764,2),
	(59,11797,2),
	(59,11838,2),
	(59,16263,2),
	(59,16299,2),
	(59,4658,3),
	(59,4659,3),
	(59,4661,3),
	(59,4662,3),
	(59,4664,3),
	(59,11579,4),
	(59,4657,6),
	(59,19937,6),
	(59,19940,6),
	(59,59363,6),
	(59,59377,6),
	(59,4656,9),
	(59,4665,10),
	(59,4669,10),
	(59,4673,10),
	(60,5882,2),
	(60,6197,2),
	(60,9200,2),
	(60,11417,2),
	(60,11439,2),
	(60,11572,2),
	(60,11574,2),
	(60,11575,2),
	(60,11577,2),
	(60,11578,2),
	(60,11607,2),
	(60,11609,2),
	(60,11610,2),
	(60,11611,2),
	(60,11614,2),
	(60,11615,2),
	(60,11616,2),
	(60,11617,2),
	(60,11652,2),
	(60,11654,2),
	(60,11655,2),
	(60,11657,2),
	(60,11658,2),
	(60,11659,2),
	(60,16263,2),
	(60,16299,2),
	(60,4658,3),
	(60,4659,3),
	(60,4661,3),
	(60,4662,3),
	(60,4664,3),
	(60,11579,4),
	(60,4657,6),
	(60,4677,6),
	(60,19937,6),
	(60,19940,6),
	(60,59363,6),
	(60,59377,6),
	(60,4656,9),
	(60,4678,10),
	(60,4683,10),
	(60,4688,10),
	(61,3074,1),
	(61,7257,1),
	(61,8811,1),
	(61,59187,1),
	(61,59189,1),
	(61,59192,1),
	(61,59261,1),
	(61,59322,1),
	(61,59329,1),
	(61,59517,1),
	(61,59518,1),
	(61,59519,1),
	(61,59520,1),
	(61,59521,1),
	(61,59522,1),
	(61,59523,1),
	(61,59524,1),
	(61,59525,1),
	(61,59526,1),
	(61,59527,1),
	(61,59528,1),
	(61,59529,1),
	(61,59530,1),
	(61,59531,1),
	(61,5882,2),
	(61,6197,2),
	(61,9200,2),
	(61,11415,2),
	(61,11417,2),
	(61,11437,2),
	(61,11439,2),
	(61,11460,2),
	(61,11572,2),
	(61,11574,2),
	(61,11575,2),
	(61,11576,2),
	(61,11577,2),
	(61,11578,2),
	(61,11607,2),
	(61,11609,2),
	(61,11610,2),
	(61,11611,2),
	(61,11612,2),
	(61,11613,2),
	(61,11614,2),
	(61,11615,2),
	(61,11616,2),
	(61,11617,2),
	(61,11652,2),
	(61,11654,2),
	(61,11655,2),
	(61,11656,2),
	(61,11657,2),
	(61,11658,2),
	(61,11659,2),
	(61,16263,2),
	(61,4658,3),
	(61,4659,3),
	(61,4661,3),
	(61,4662,3),
	(61,4664,3),
	(61,16299,3),
	(61,11579,4),
	(61,4657,6),
	(61,4677,6),
	(61,4707,6),
	(61,19937,6),
	(61,19940,6),
	(61,59363,6),
	(61,59377,7),
	(61,4656,9),
	(61,59391,10),
	(61,59407,10),
	(61,59425,10),
	(62,3074,1),
	(62,7266,1),
	(62,10734,1),
	(62,23512,1),
	(62,59182,1),
	(62,59787,1),
	(62,59788,1),
	(62,59789,1),
	(62,59790,1),
	(62,59791,1),
	(62,59792,1),
	(62,59793,1),
	(62,59794,1),
	(62,59795,1),
	(62,59796,1),
	(62,59797,1),
	(62,59798,1),
	(62,59799,1),
	(62,59800,1),
	(62,59801,1),
	(62,59802,1),
	(62,59803,1),
	(62,59804,1),
	(62,59805,1),
	(62,5177,2),
	(62,5882,2),
	(62,6197,2),
	(62,9200,2),
	(62,11417,2),
	(62,11439,2),
	(62,11572,2),
	(62,11574,2),
	(62,11575,2),
	(62,11577,2),
	(62,11578,2),
	(62,11607,2),
	(62,11609,2),
	(62,11610,2),
	(62,11611,2),
	(62,11614,2),
	(62,11615,2),
	(62,11616,2),
	(62,11617,2),
	(62,11652,2),
	(62,11654,2),
	(62,11655,2),
	(62,11657,2),
	(62,11658,2),
	(62,12305,2),
	(62,12318,2),
	(62,16263,2),
	(62,16299,2),
	(62,59261,2),
	(62,4658,3),
	(62,4659,3),
	(62,4661,3),
	(62,4662,3),
	(62,4664,3),
	(62,11659,3),
	(62,11579,4),
	(62,4677,6),
	(62,4722,6),
	(62,4723,6),
	(62,5496,6),
	(62,19937,6),
	(62,19940,6),
	(62,23787,6),
	(62,59769,6),
	(62,59718,8),
	(62,4656,9),
	(62,59754,10),
	(62,59770,10),
	(62,59786,10),
	(63,5705,1),
	(63,6064,1),
	(63,6823,1),
	(63,7335,1),
	(63,7791,1),
	(63,8654,1),
	(63,11650,1),
	(63,23512,1),
	(63,23927,1),
	(63,59261,1),
	(63,59268,1),
	(63,59525,1),
	(63,59527,1),
	(63,59719,1),
	(63,59720,1),
	(63,59721,1),
	(63,59722,1),
	(63,59723,1),
	(63,59724,1),
	(63,59725,1),
	(63,59726,1),
	(63,59727,1),
	(63,59728,1),
	(63,59729,1),
	(63,5882,2),
	(63,6197,2),
	(63,9200,2),
	(63,11417,2),
	(63,11439,2),
	(63,11572,2),
	(63,11574,2),
	(63,11575,2),
	(63,11577,2),
	(63,11578,2),
	(63,11607,2),
	(63,11609,2),
	(63,11610,2),
	(63,11611,2),
	(63,11614,2),
	(63,11615,2),
	(63,11616,2),
	(63,11617,2),
	(63,11652,2),
	(63,11654,2),
	(63,11655,2),
	(63,11657,2),
	(63,11658,2),
	(63,11659,2),
	(63,16263,2),
	(63,16299,2),
	(63,4656,3),
	(63,4658,3),
	(63,4659,3),
	(63,4661,3),
	(63,4662,3),
	(63,4664,3),
	(63,11579,4),
	(63,4707,6),
	(63,4723,6),
	(63,4728,6),
	(63,43776,6),
	(63,59718,6),
	(63,59717,7),
	(63,59827,10),
	(63,59840,10),
	(63,59855,10),
	(64,3074,1),
	(64,4363,1),
	(64,4366,1),
	(64,6697,1),
	(64,7731,1),
	(64,9007,1),
	(64,13382,1),
	(64,59182,1),
	(64,59525,1),
	(64,59717,1),
	(64,59729,1),
	(64,59789,1),
	(64,59928,1),
	(64,59929,1),
	(64,59930,1),
	(64,59931,1),
	(64,59932,1),
	(64,59933,1),
	(64,59934,1),
	(64,59935,1),
	(64,59936,1),
	(64,5882,2),
	(64,6197,2),
	(64,9200,2),
	(64,11417,2),
	(64,11439,2),
	(64,11572,2),
	(64,11573,2),
	(64,11574,2),
	(64,11575,2),
	(64,11576,2),
	(64,11577,2),
	(64,11578,2),
	(64,11607,2),
	(64,11608,2),
	(64,11609,2),
	(64,11610,2),
	(64,11611,2),
	(64,11612,2),
	(64,11613,2),
	(64,11614,2),
	(64,11615,2),
	(64,11616,2),
	(64,11617,2),
	(64,11652,2),
	(64,11653,2),
	(64,11654,2),
	(64,11655,2),
	(64,11656,2),
	(64,11657,2),
	(64,11658,2),
	(64,11659,2),
	(64,16263,2),
	(64,16299,2),
	(64,59261,2),
	(64,59790,2),
	(64,4658,3),
	(64,4659,3),
	(64,4661,3),
	(64,4662,3),
	(64,4664,3),
	(64,11579,4),
	(64,4677,6),
	(64,4776,6),
	(64,4780,6),
	(64,19937,6),
	(64,19940,6),
	(64,59926,7),
	(64,4656,9),
	(64,59893,10),
	(64,59908,10),
	(64,59927,10),
	(65,5931,1),
	(65,6471,1),
	(65,6557,1),
	(65,9010,1),
	(65,59258,1),
	(65,59259,1),
	(65,59260,1),
	(65,59261,1),
	(65,59262,1),
	(65,59263,1),
	(65,59264,1),
	(65,59265,1),
	(65,59266,1),
	(65,59267,1),
	(65,59268,1),
	(65,59269,1),
	(65,59270,1),
	(65,59271,1),
	(65,59272,1),
	(65,3074,2),
	(65,5177,2),
	(65,5882,2),
	(65,6197,2),
	(65,9200,2),
	(65,11417,2),
	(65,11439,2),
	(65,11572,2),
	(65,11574,2),
	(65,11575,2),
	(65,11577,2),
	(65,11578,2),
	(65,11607,2),
	(65,11609,2),
	(65,11610,2),
	(65,11611,2),
	(65,11614,2),
	(65,11615,2),
	(65,11616,2),
	(65,11617,2),
	(65,11652,2),
	(65,11654,2),
	(65,11655,2),
	(65,11657,2),
	(65,11658,2),
	(65,11659,2),
	(65,11764,2),
	(65,11797,2),
	(65,12305,2),
	(65,12318,2),
	(65,16263,2),
	(65,16299,2),
	(65,4658,3),
	(65,4659,3),
	(65,4661,3),
	(65,4662,3),
	(65,4664,3),
	(65,11838,3),
	(65,11579,4),
	(65,2724,6),
	(65,4182,6),
	(65,4185,6),
	(65,4188,6),
	(65,4677,6),
	(65,5934,6),
	(65,6668,6),
	(65,19937,6),
	(65,4656,9),
	(65,4788,10),
	(65,4794,10),
	(65,4800,10),
	(66,3074,1),
	(66,4365,1),
	(66,5287,1),
	(66,6063,1),
	(66,6554,1),
	(66,7739,1),
	(66,10451,1),
	(66,10454,1),
	(66,10618,1),
	(66,22871,1),
	(66,59182,1),
	(66,59183,1),
	(66,59184,1),
	(66,59185,1),
	(66,59186,1),
	(66,59187,1),
	(66,59188,1),
	(66,59189,1),
	(66,59190,1),
	(66,59191,1),
	(66,59192,1),
	(66,59193,1),
	(66,59194,1),
	(66,59195,1),
	(66,59196,1),
	(66,59197,1),
	(66,59198,1),
	(66,5882,2),
	(66,6197,2),
	(66,9200,2),
	(66,11417,2),
	(66,11439,2),
	(66,11572,2),
	(66,11574,2),
	(66,11575,2),
	(66,11576,2),
	(66,11577,2),
	(66,11578,2),
	(66,11607,2),
	(66,11609,2),
	(66,11610,2),
	(66,11611,2),
	(66,11612,2),
	(66,11613,2),
	(66,11614,2),
	(66,11615,2),
	(66,11616,2),
	(66,11617,2),
	(66,11652,2),
	(66,11654,2),
	(66,11655,2),
	(66,11656,2),
	(66,11657,2),
	(66,11658,2),
	(66,16263,2),
	(66,16299,2),
	(66,4658,3),
	(66,4659,3),
	(66,4661,3),
	(66,4662,3),
	(66,4664,3),
	(66,11659,3),
	(66,11579,4),
	(66,4677,6),
	(66,4806,6),
	(66,19937,6),
	(66,59119,6),
	(66,19940,7),
	(66,59136,7),
	(66,4656,9),
	(66,4807,10),
	(66,4812,10),
	(66,4817,10),
	(67,5882,2),
	(67,6197,2),
	(67,9200,2),
	(67,11417,2),
	(67,11439,2),
	(67,11572,2),
	(67,11574,2),
	(67,11575,2),
	(67,11577,2),
	(67,11579,2),
	(67,11607,2),
	(67,11609,2),
	(67,11610,2),
	(67,11611,2),
	(67,11614,2),
	(67,11615,2),
	(67,11652,2),
	(67,11654,2),
	(67,11655,2),
	(67,11657,2),
	(67,12192,2),
	(67,12202,2),
	(67,12214,2),
	(67,16263,2),
	(67,16299,2),
	(67,4658,3),
	(67,4659,3),
	(67,4661,3),
	(67,4662,3),
	(67,4664,3),
	(67,4677,6),
	(67,4821,6),
	(67,4826,6),
	(67,19937,6),
	(67,19940,6),
	(67,59092,6),
	(67,4656,9),
	(67,4822,10),
	(67,4827,10),
	(67,4832,10),
	(68,3039,1),
	(68,3040,1),
	(68,4316,1),
	(68,4344,1),
	(68,4371,1),
	(68,4854,1),
	(68,4855,1),
	(68,4856,1),
	(68,4857,1),
	(68,4858,1),
	(68,4859,1),
	(68,4860,1),
	(68,4870,1),
	(68,4871,1),
	(68,4872,1),
	(68,4873,1),
	(68,4874,1),
	(68,4875,1),
	(68,4876,1),
	(68,4877,1),
	(68,4878,1),
	(68,4884,1),
	(68,4885,1),
	(68,4886,1),
	(68,4887,1),
	(68,4888,1),
	(68,4889,1),
	(68,4890,1),
	(68,4891,1),
	(68,4892,1),
	(68,4893,1),
	(68,4894,1),
	(68,4895,1),
	(68,4896,1),
	(68,4897,1),
	(68,4898,1),
	(68,4899,1),
	(68,4900,1),
	(68,12866,1),
	(68,95207,1),
	(68,95208,1),
	(68,5687,3),
	(68,6556,3),
	(68,12260,3),
	(68,4867,6),
	(68,4881,6),
	(68,4882,6),
	(68,4852,7),
	(68,4868,7),
	(68,4851,9),
	(68,5522,10),
	(68,5538,10),
	(68,5552,10),
	(69,3040,1),
	(69,4333,1),
	(69,4854,1),
	(69,4886,1),
	(69,5679,1),
	(69,6022,1),
	(69,6023,1),
	(69,6051,1),
	(69,6483,1),
	(69,8611,1),
	(69,10542,1),
	(69,10693,1),
	(69,10694,1),
	(69,10695,1),
	(69,10696,1),
	(69,10697,1),
	(69,10698,1),
	(69,10709,1),
	(69,10710,1),
	(69,10711,1),
	(69,10712,1),
	(69,10713,1),
	(69,10714,1),
	(69,10715,1),
	(69,10716,1),
	(69,10717,1),
	(69,10726,1),
	(69,10727,1),
	(69,10728,1),
	(69,10729,1),
	(69,10730,1),
	(69,10731,1),
	(69,10732,1),
	(69,10733,1),
	(69,10734,1),
	(69,11496,1),
	(69,16531,1),
	(69,3041,2),
	(69,5882,2),
	(69,6197,2),
	(69,9200,2),
	(69,11415,2),
	(69,11416,2),
	(69,11417,2),
	(69,11437,2),
	(69,11438,2),
	(69,11439,2),
	(69,11460,2),
	(69,11461,2),
	(69,11571,2),
	(69,11572,2),
	(69,11573,2),
	(69,11574,2),
	(69,11575,2),
	(69,11576,2),
	(69,11577,2),
	(69,11605,2),
	(69,11606,2),
	(69,11607,2),
	(69,11608,2),
	(69,11609,2),
	(69,11610,2),
	(69,11611,2),
	(69,11612,2),
	(69,11613,2),
	(69,11614,2),
	(69,11615,2),
	(69,11650,2),
	(69,11651,2),
	(69,11652,2),
	(69,11653,2),
	(69,11654,2),
	(69,11655,2),
	(69,11656,2),
	(69,11657,2),
	(69,12192,2),
	(69,12202,2),
	(69,12214,2),
	(69,5687,3),
	(69,6556,3),
	(69,12260,3),
	(69,2537,6),
	(69,3844,6),
	(69,4959,6),
	(69,4964,6),
	(69,4969,6),
	(69,4970,6),
	(69,10692,10),
	(69,10708,10),
	(69,10725,10),
	(70,2537,1),
	(70,2543,1),
	(70,3074,1),
	(70,4333,1),
	(70,4335,1),
	(70,4854,1),
	(70,4889,1),
	(70,4960,1),
	(70,5268,1),
	(70,5269,1),
	(70,5837,1),
	(70,5838,1),
	(70,6156,1),
	(70,6433,1),
	(70,6469,1),
	(70,6479,1),
	(70,6534,1),
	(70,7212,1),
	(70,7244,1),
	(70,7582,1),
	(70,8116,1),
	(70,10446,1),
	(70,10451,1),
	(70,10526,1),
	(70,10541,1),
	(70,10553,1),
	(70,10620,1),
	(70,10621,1),
	(70,10713,1),
	(70,11274,1),
	(70,15367,1),
	(70,16527,1),
	(70,16528,1),
	(70,16529,1),
	(70,16530,1),
	(70,16531,1),
	(70,16547,1),
	(70,16548,1),
	(70,16549,1),
	(70,16550,1),
	(70,16551,1),
	(70,16568,1),
	(70,16569,1),
	(70,16570,1),
	(70,16571,1),
	(70,16572,1),
	(70,16573,1),
	(70,16574,1),
	(70,16575,1),
	(70,16576,1),
	(70,3041,2),
	(70,5882,2),
	(70,7216,2),
	(70,9200,2),
	(70,10478,2),
	(70,11415,2),
	(70,11416,2),
	(70,11437,2),
	(70,11438,2),
	(70,11460,2),
	(70,11461,2),
	(70,11571,2),
	(70,11572,2),
	(70,11573,2),
	(70,11574,2),
	(70,11575,2),
	(70,11576,2),
	(70,11577,2),
	(70,11605,2),
	(70,11606,2),
	(70,11607,2),
	(70,11608,2),
	(70,11609,2),
	(70,11610,2),
	(70,11611,2),
	(70,11612,2),
	(70,11613,2),
	(70,11614,2),
	(70,11615,2),
	(70,11650,2),
	(70,11651,2),
	(70,11652,2),
	(70,11653,2),
	(70,11654,2),
	(70,11655,2),
	(70,11656,2),
	(70,11657,2),
	(70,12192,2),
	(70,12202,2),
	(70,12214,2),
	(70,5687,3),
	(70,6556,4),
	(70,12260,4),
	(70,4991,6),
	(70,4992,6),
	(70,4996,6),
	(70,4997,6),
	(70,5001,6),
	(70,5002,6),
	(70,5643,10),
	(70,5647,10),
	(70,5651,10),
	(71,3968,1),
	(71,4316,1),
	(71,4334,1),
	(71,4370,1),
	(71,5174,1),
	(71,5189,1),
	(71,5193,1),
	(71,5912,1),
	(71,6005,1),
	(71,6029,1),
	(71,6283,1),
	(71,6534,1),
	(71,6671,1),
	(71,7239,1),
	(71,7704,1),
	(71,8167,1),
	(71,8767,1),
	(71,10163,1),
	(71,10164,1),
	(71,10412,1),
	(71,10426,1),
	(71,10427,1),
	(71,10428,1),
	(71,10445,1),
	(71,10446,1),
	(71,10447,1),
	(71,10448,1),
	(71,10449,1),
	(71,10450,1),
	(71,10451,1),
	(71,10452,1),
	(71,10453,1),
	(71,10454,1),
	(71,10455,1),
	(71,10456,1),
	(71,11274,1),
	(71,16393,1),
	(71,16407,1),
	(71,5882,2),
	(71,9200,2),
	(71,11415,2),
	(71,11416,2),
	(71,11437,2),
	(71,11438,2),
	(71,11460,2),
	(71,11461,2),
	(71,11571,2),
	(71,11572,2),
	(71,11573,2),
	(71,11574,2),
	(71,11575,2),
	(71,11576,2),
	(71,11577,2),
	(71,11606,2),
	(71,11607,2),
	(71,11608,2),
	(71,11609,2),
	(71,11610,2),
	(71,11611,2),
	(71,11612,2),
	(71,11613,2),
	(71,11614,2),
	(71,11615,2),
	(71,11651,2),
	(71,11652,2),
	(71,11653,2),
	(71,11654,2),
	(71,11655,2),
	(71,11656,2),
	(71,11657,2),
	(71,5687,3),
	(71,6556,3),
	(71,12260,3),
	(71,5007,7),
	(71,5013,7),
	(71,5014,7),
	(71,5271,7),
	(71,5634,7),
	(71,11495,7),
	(71,5630,10),
	(71,5635,10),
	(71,5638,10),
	(72,4316,1),
	(72,4338,1),
	(72,5792,1),
	(72,5794,1),
	(72,5820,1),
	(72,5822,1),
	(72,6036,1),
	(72,6154,1),
	(72,6169,1),
	(72,6200,1),
	(72,6520,1),
	(72,6555,1),
	(72,6671,1),
	(72,8146,1),
	(72,8979,1),
	(72,10066,1),
	(72,10155,1),
	(72,10321,1),
	(72,10482,1),
	(72,11274,1),
	(72,13190,1),
	(72,13191,1),
	(72,13202,1),
	(72,13203,1),
	(72,13204,1),
	(72,13205,1),
	(72,13206,1),
	(72,13207,1),
	(72,13208,1),
	(72,13209,1),
	(72,13210,1),
	(72,13221,1),
	(72,13222,1),
	(72,13223,1),
	(72,13224,1),
	(72,13225,1),
	(72,13226,1),
	(72,13227,1),
	(72,13228,1),
	(72,5041,2),
	(72,6197,2),
	(72,11415,2),
	(72,11416,2),
	(72,11417,2),
	(72,11437,2),
	(72,11438,2),
	(72,11439,2),
	(72,11460,2),
	(72,11461,2),
	(72,11571,2),
	(72,11572,2),
	(72,11573,2),
	(72,11574,2),
	(72,11576,2),
	(72,11579,2),
	(72,11606,2),
	(72,11607,2),
	(72,11608,2),
	(72,11609,2),
	(72,11612,2),
	(72,11613,2),
	(72,11651,2),
	(72,11652,2),
	(72,11653,2),
	(72,11654,2),
	(72,11656,2),
	(72,12192,2),
	(72,12202,2),
	(72,12214,2),
	(72,16263,2),
	(72,16299,2),
	(72,5022,3),
	(72,20564,3),
	(72,22861,3),
	(72,5017,6),
	(72,5020,6),
	(72,5023,6),
	(72,33477,6),
	(72,33501,6),
	(72,33533,6),
	(72,5510,10),
	(72,5514,10),
	(72,5518,10),
	(73,5882,2),
	(73,6197,2),
	(73,11415,2),
	(73,11416,2),
	(73,11417,2),
	(73,11437,2),
	(73,11438,2),
	(73,11439,2),
	(73,11460,2),
	(73,11461,2),
	(73,11571,2),
	(73,11572,2),
	(73,11573,2),
	(73,11574,2),
	(73,11576,2),
	(73,11577,2),
	(73,11579,2),
	(73,11606,2),
	(73,11607,2),
	(73,11608,2),
	(73,11609,2),
	(73,11612,2),
	(73,11613,2),
	(73,11614,2),
	(73,11615,2),
	(73,11651,2),
	(73,11652,2),
	(73,11653,2),
	(73,11654,2),
	(73,11656,2),
	(73,11657,2),
	(73,12192,2),
	(73,12202,2),
	(73,12214,2),
	(73,16263,2),
	(73,16299,2),
	(73,19205,2),
	(73,19239,2),
	(73,19240,2),
	(73,19241,2),
	(73,19242,2),
	(73,19284,2),
	(73,5022,3),
	(73,20564,3),
	(73,22861,3),
	(73,5053,6),
	(73,5054,6),
	(73,5060,6),
	(73,5061,6),
	(73,5067,6),
	(73,5068,6),
	(73,33560,6),
	(73,33577,6),
	(73,33599,6),
	(73,5489,10),
	(73,5497,10),
	(73,5504,10),
	(74,3040,1),
	(74,4320,1),
	(74,4333,1),
	(74,4338,1),
	(74,4339,1),
	(74,4340,1),
	(74,4363,1),
	(74,4366,1),
	(74,5056,1),
	(74,5258,1),
	(74,5290,1),
	(74,5456,1),
	(74,6036,1),
	(74,6471,1),
	(74,6697,1),
	(74,6822,1),
	(74,7382,1),
	(74,7586,1),
	(74,7645,1),
	(74,10163,1),
	(74,10618,1),
	(74,11274,1),
	(74,13341,1),
	(74,13342,1),
	(74,13355,1),
	(74,13356,1),
	(74,13357,1),
	(74,13358,1),
	(74,13359,1),
	(74,13360,1),
	(74,13378,1),
	(74,13379,1),
	(74,13380,1),
	(74,13381,1),
	(74,13382,1),
	(74,13383,1),
	(74,13384,1),
	(74,13385,1),
	(74,60616,1),
	(74,60617,1),
	(74,6197,2),
	(74,9200,2),
	(74,10213,2),
	(74,11415,2),
	(74,11416,2),
	(74,11437,2),
	(74,11438,2),
	(74,11439,2),
	(74,11460,2),
	(74,11461,2),
	(74,11571,2),
	(74,11572,2),
	(74,11573,2),
	(74,11574,2),
	(74,11575,2),
	(74,11576,2),
	(74,11577,2),
	(74,11606,2),
	(74,11607,2),
	(74,11608,2),
	(74,11609,2),
	(74,11610,2),
	(74,11611,2),
	(74,11612,2),
	(74,11613,2),
	(74,11614,2),
	(74,11615,2),
	(74,11651,2),
	(74,11652,2),
	(74,11653,2),
	(74,11654,2),
	(74,11655,2),
	(74,11656,2),
	(74,11657,2),
	(74,12192,2),
	(74,12202,2),
	(74,12214,2),
	(74,16263,2),
	(74,16299,2),
	(74,5041,3),
	(74,5045,3),
	(74,5049,3),
	(74,5882,3),
	(74,11417,3),
	(74,11579,3),
	(74,5053,6),
	(74,5054,6),
	(74,5060,6),
	(74,5061,6),
	(74,5067,6),
	(74,5068,6),
	(74,33617,6),
	(74,33642,6),
	(74,33679,6),
	(74,5450,10),
	(74,5458,10),
	(74,5464,10),
	(75,4345,1),
	(75,4893,1),
	(75,4899,1),
	(75,5171,1),
	(75,5172,1),
	(75,5173,1),
	(75,5174,1),
	(75,5175,1),
	(75,5176,1),
	(75,5177,1),
	(75,5178,1),
	(75,5189,1),
	(75,5190,1),
	(75,5191,1),
	(75,5192,1),
	(75,5193,1),
	(75,5194,1),
	(75,5195,1),
	(75,5196,1),
	(75,5197,1),
	(75,5198,1),
	(75,5199,1),
	(75,5200,1),
	(75,5201,1),
	(75,5202,1),
	(75,5203,1),
	(75,5204,1),
	(75,5205,1),
	(75,5206,1),
	(75,5207,1),
	(75,5208,1),
	(75,5214,1),
	(75,5215,1),
	(75,5216,1),
	(75,5217,1),
	(75,5218,1),
	(75,5219,1),
	(75,5220,1),
	(75,5221,1),
	(75,5222,1),
	(75,5223,1),
	(75,5224,1),
	(75,5225,1),
	(75,5226,1),
	(75,5227,1),
	(75,5228,1),
	(75,11274,1),
	(75,11695,1),
	(75,11696,1),
	(75,11697,1),
	(75,12830,1),
	(75,12866,1),
	(75,40194,1),
	(75,2538,2),
	(75,5882,2),
	(75,5902,2),
	(75,6197,2),
	(75,11383,2),
	(75,11415,2),
	(75,11417,2),
	(75,11437,2),
	(75,11439,2),
	(75,11460,2),
	(75,11572,2),
	(75,11573,2),
	(75,11574,2),
	(75,11577,2),
	(75,11578,2),
	(75,11579,2),
	(75,11607,2),
	(75,11608,2),
	(75,11609,2),
	(75,11614,2),
	(75,11615,2),
	(75,11616,2),
	(75,11617,2),
	(75,11652,2),
	(75,11653,2),
	(75,11654,2),
	(75,11657,2),
	(75,11658,2),
	(75,11659,2),
	(75,11761,2),
	(75,11762,2),
	(75,11763,2),
	(75,11764,2),
	(75,11765,2),
	(75,11766,2),
	(75,11794,2),
	(75,11795,2),
	(75,11796,2),
	(75,11797,2),
	(75,11798,2),
	(75,11799,2),
	(75,11835,2),
	(75,11836,2),
	(75,11837,2),
	(75,11838,2),
	(75,11839,2),
	(75,11840,2),
	(75,5687,3),
	(75,6556,3),
	(75,12260,3),
	(75,5169,6),
	(75,5186,6),
	(75,5187,6),
	(75,5211,6),
	(75,5212,6),
	(75,5168,7),
	(75,5170,10),
	(75,5188,10),
	(75,5213,10),
	(78,4348,1),
	(78,4857,1),
	(78,4859,1),
	(78,4874,1),
	(78,4878,1),
	(78,4899,1),
	(78,5189,1),
	(78,5236,1),
	(78,5237,1),
	(78,5238,1),
	(78,5239,1),
	(78,5240,1),
	(78,5241,1),
	(78,5242,1),
	(78,5243,1),
	(78,5244,1),
	(78,5255,1),
	(78,5256,1),
	(78,5257,1),
	(78,5258,1),
	(78,5259,1),
	(78,5260,1),
	(78,5261,1),
	(78,5262,1),
	(78,5263,1),
	(78,5264,1),
	(78,5265,1),
	(78,5266,1),
	(78,5267,1),
	(78,5268,1),
	(78,5269,1),
	(78,5270,1),
	(78,5271,1),
	(78,5272,1),
	(78,5281,1),
	(78,5282,1),
	(78,5283,1),
	(78,5284,1),
	(78,5285,1),
	(78,5286,1),
	(78,5287,1),
	(78,5288,1),
	(78,5289,1),
	(78,5290,1),
	(78,5291,1),
	(78,5292,1),
	(78,5293,1),
	(78,5294,1),
	(78,5295,1),
	(78,5296,1),
	(78,5297,1),
	(78,5298,1),
	(78,5299,1),
	(78,5300,1),
	(78,5301,1),
	(78,5302,1),
	(78,5303,1),
	(78,11274,1),
	(78,11496,1),
	(78,12272,1),
	(78,2538,2),
	(78,3041,2),
	(78,5882,2),
	(78,5902,2),
	(78,6197,2),
	(78,9200,2),
	(78,11383,2),
	(78,11415,2),
	(78,11416,2),
	(78,11417,2),
	(78,11437,2),
	(78,11438,2),
	(78,11439,2),
	(78,11460,2),
	(78,11461,2),
	(78,11570,2),
	(78,11571,2),
	(78,11572,2),
	(78,11573,2),
	(78,11574,2),
	(78,11575,2),
	(78,11576,2),
	(78,11577,2),
	(78,11578,2),
	(78,11579,2),
	(78,11604,2),
	(78,11605,2),
	(78,11606,2),
	(78,11607,2),
	(78,11608,2),
	(78,11609,2),
	(78,11610,2),
	(78,11611,2),
	(78,11612,2),
	(78,11613,2),
	(78,11614,2),
	(78,11615,2),
	(78,11616,2),
	(78,11617,2),
	(78,11649,2),
	(78,11650,2),
	(78,11651,2),
	(78,11652,2),
	(78,11653,2),
	(78,11654,2),
	(78,11655,2),
	(78,11656,2),
	(78,11657,2),
	(78,11658,2),
	(78,11659,2),
	(78,5687,3),
	(78,6556,3),
	(78,12260,3),
	(78,2591,7),
	(78,4344,7),
	(78,5234,7),
	(78,5252,7),
	(78,5253,7),
	(78,5279,7),
	(78,11495,7),
	(78,12830,7),
	(78,12866,7),
	(78,5235,10),
	(78,5254,10),
	(78,5280,10),
	(79,3040,1),
	(79,4339,1),
	(79,4344,1),
	(79,4366,1),
	(79,4367,1),
	(79,4878,1),
	(79,4899,1),
	(79,5189,1),
	(79,5664,1),
	(79,5838,1),
	(79,6654,1),
	(79,6819,1),
	(79,8608,1),
	(79,8610,1),
	(79,8611,1),
	(79,8612,1),
	(79,8613,1),
	(79,8628,1),
	(79,8629,1),
	(79,8630,1),
	(79,8631,1),
	(79,8632,1),
	(79,8633,1),
	(79,8634,1),
	(79,8635,1),
	(79,8636,1),
	(79,8637,1),
	(79,8647,1),
	(79,8648,1),
	(79,8649,1),
	(79,8650,1),
	(79,8651,1),
	(79,8652,1),
	(79,8653,1),
	(79,8654,1),
	(79,8655,1),
	(79,8656,1),
	(79,8657,1),
	(79,8658,1),
	(79,8659,1),
	(79,8660,1),
	(79,12830,1),
	(79,12866,1),
	(79,16010,1),
	(79,16011,1),
	(79,4336,2),
	(79,5882,2),
	(79,8609,2),
	(79,11274,2),
	(79,11416,2),
	(79,11438,2),
	(79,11461,2),
	(79,11571,2),
	(79,11572,2),
	(79,11573,2),
	(79,11574,2),
	(79,11576,2),
	(79,11577,2),
	(79,11606,2),
	(79,11607,2),
	(79,11608,2),
	(79,11609,2),
	(79,11612,2),
	(79,11613,2),
	(79,11614,2),
	(79,11615,2),
	(79,11651,2),
	(79,11652,2),
	(79,11653,2),
	(79,11654,2),
	(79,11656,2),
	(79,11657,2),
	(79,11762,2),
	(79,11764,2),
	(79,11795,2),
	(79,11797,2),
	(79,11836,2),
	(79,11838,2),
	(79,5687,3),
	(79,6556,3),
	(79,12260,3),
	(79,7363,6),
	(79,8626,6),
	(79,8644,6),
	(79,8625,7),
	(79,8645,7),
	(79,7290,8),
	(79,8607,10),
	(79,8627,10),
	(79,8646,10),
	(80,4316,1),
	(80,4333,1),
	(80,4341,1),
	(80,4346,1),
	(80,4899,1),
	(80,5189,1),
	(80,5193,1),
	(80,5218,1),
	(80,5253,1),
	(80,5258,1),
	(80,5266,1),
	(80,5272,1),
	(80,5878,1),
	(80,6048,1),
	(80,6517,1),
	(80,7214,1),
	(80,7261,1),
	(80,7757,1),
	(80,7774,1),
	(80,7893,1),
	(80,7974,1),
	(80,7975,1),
	(80,7976,1),
	(80,7977,1),
	(80,7993,1),
	(80,7994,1),
	(80,7995,1),
	(80,7996,1),
	(80,7997,1),
	(80,7998,1),
	(80,7999,1),
	(80,8000,1),
	(80,8016,1),
	(80,8017,1),
	(80,8018,1),
	(80,8019,1),
	(80,8020,1),
	(80,8021,1),
	(80,8022,1),
	(80,8023,1),
	(80,8024,1),
	(80,8025,1),
	(80,11274,1),
	(80,11495,1),
	(80,11496,1),
	(80,11696,1),
	(80,12272,1),
	(80,2538,2),
	(80,3041,2),
	(80,5882,2),
	(80,5902,2),
	(80,6197,2),
	(80,11383,2),
	(80,11415,2),
	(80,11416,2),
	(80,11417,2),
	(80,11437,2),
	(80,11438,2),
	(80,11439,2),
	(80,11460,2),
	(80,11461,2),
	(80,11572,2),
	(80,11573,2),
	(80,11574,2),
	(80,11576,2),
	(80,11577,2),
	(80,11605,2),
	(80,11607,2),
	(80,11608,2),
	(80,11609,2),
	(80,11612,2),
	(80,11613,2),
	(80,11614,2),
	(80,11615,2),
	(80,11650,2),
	(80,11652,2),
	(80,11653,2),
	(80,11654,2),
	(80,11656,2),
	(80,11657,2),
	(80,6556,3),
	(80,5687,4),
	(80,12260,4),
	(80,3927,6),
	(80,4344,6),
	(80,5207,6),
	(80,7855,6),
	(80,8014,6),
	(80,7991,7),
	(80,12830,7),
	(80,12866,7),
	(80,13995,7),
	(80,7973,10),
	(80,7992,10),
	(80,8015,10),
	(81,4114,1),
	(81,4344,1),
	(81,4859,1),
	(81,4878,1),
	(81,4899,1),
	(81,5838,1),
	(81,5861,1),
	(81,5880,1),
	(81,6064,1),
	(81,6435,1),
	(81,6437,1),
	(81,7266,1),
	(81,7306,1),
	(81,7770,1),
	(81,7882,1),
	(81,8016,1),
	(81,8038,1),
	(81,8051,1),
	(81,8052,1),
	(81,8066,1),
	(81,8067,1),
	(81,8068,1),
	(81,8069,1),
	(81,8070,1),
	(81,8071,1),
	(81,8072,1),
	(81,8073,1),
	(81,11274,1),
	(81,11496,1),
	(81,12699,1),
	(81,12830,1),
	(81,12866,1),
	(81,3041,2),
	(81,5882,2),
	(81,9200,2),
	(81,11415,2),
	(81,11416,2),
	(81,11437,2),
	(81,11438,2),
	(81,11460,2),
	(81,11461,2),
	(81,11571,2),
	(81,11572,2),
	(81,11574,2),
	(81,11575,2),
	(81,11576,2),
	(81,11577,2),
	(81,11578,2),
	(81,11579,2),
	(81,11605,2),
	(81,11606,2),
	(81,11607,2),
	(81,11609,2),
	(81,11610,2),
	(81,11611,2),
	(81,11612,2),
	(81,11613,2),
	(81,11614,2),
	(81,11615,2),
	(81,11616,2),
	(81,11617,2),
	(81,11650,2),
	(81,11651,2),
	(81,11652,2),
	(81,11654,2),
	(81,11655,2),
	(81,11656,2),
	(81,11657,2),
	(81,11658,2),
	(81,11659,2),
	(81,11762,2),
	(81,11765,2),
	(81,11795,2),
	(81,11798,2),
	(81,11836,2),
	(81,11839,2),
	(81,5687,3),
	(81,6556,3),
	(81,12260,3),
	(81,8048,6),
	(81,8049,6),
	(81,8063,6),
	(81,8526,6),
	(81,7870,7),
	(81,8036,7),
	(81,8037,10),
	(81,8050,10),
	(81,8065,10),
	(82,2537,1),
	(82,2544,1),
	(82,3941,1),
	(82,4360,1),
	(82,5218,1),
	(82,5228,1),
	(82,5664,1),
	(82,6156,1),
	(82,6301,1),
	(82,6410,1),
	(82,6437,1),
	(82,6469,1),
	(82,6650,1),
	(82,6671,1),
	(82,7215,1),
	(82,7582,1),
	(82,7770,1),
	(82,7975,1),
	(82,8016,1),
	(82,8070,1),
	(82,8084,1),
	(82,8085,1),
	(82,8086,1),
	(82,8087,1),
	(82,8088,1),
	(82,8106,1),
	(82,8107,1),
	(82,8108,1),
	(82,8109,1),
	(82,8110,1),
	(82,8111,1),
	(82,8112,1),
	(82,8113,1),
	(82,8114,1),
	(82,8115,1),
	(82,8116,1),
	(82,8125,1),
	(82,8126,1),
	(82,8127,1),
	(82,8128,1),
	(82,8129,1),
	(82,8130,1),
	(82,8131,1),
	(82,8132,1),
	(82,11274,1),
	(82,11696,1),
	(82,13750,1),
	(82,3041,2),
	(82,5882,2),
	(82,5902,2),
	(82,6197,2),
	(82,11383,2),
	(82,11415,2),
	(82,11416,2),
	(82,11417,2),
	(82,11437,2),
	(82,11438,2),
	(82,11439,2),
	(82,11460,2),
	(82,11461,2),
	(82,11571,2),
	(82,11574,2),
	(82,11577,2),
	(82,11605,2),
	(82,11606,2),
	(82,11609,2),
	(82,11614,2),
	(82,11615,2),
	(82,11650,2),
	(82,11651,2),
	(82,11654,2),
	(82,11657,2),
	(82,11765,2),
	(82,11766,2),
	(82,11798,2),
	(82,11799,2),
	(82,11839,2),
	(82,11840,2),
	(82,12293,2),
	(82,12305,2),
	(82,12306,2),
	(82,12318,2),
	(82,12319,2),
	(82,2538,3),
	(82,5687,3),
	(82,6556,3),
	(82,12260,3),
	(82,4344,6),
	(82,6488,6),
	(82,8104,6),
	(82,12830,6),
	(82,12866,6),
	(82,8082,7),
	(82,8103,7),
	(82,8123,7),
	(82,5177,8),
	(82,8083,10),
	(82,8105,10),
	(82,8124,10),
	(83,3478,1),
	(83,4315,1),
	(83,4316,1),
	(83,4340,1),
	(83,4341,1),
	(83,4342,1),
	(83,4343,1),
	(83,4370,1),
	(83,5218,1),
	(83,6053,1),
	(83,6055,1),
	(83,6327,1),
	(83,6520,1),
	(83,6534,1),
	(83,6535,1),
	(83,6555,1),
	(83,6671,1),
	(83,7290,1),
	(83,7582,1),
	(83,7683,1),
	(83,7757,1),
	(83,7774,1),
	(83,7993,1),
	(83,7995,1),
	(83,8017,1),
	(83,8145,1),
	(83,8146,1),
	(83,8147,1),
	(83,8148,1),
	(83,8149,1),
	(83,8164,1),
	(83,8165,1),
	(83,8166,1),
	(83,8167,1),
	(83,8168,1),
	(83,8169,1),
	(83,8185,1),
	(83,8186,1),
	(83,8187,1),
	(83,8188,1),
	(83,8189,1),
	(83,8190,1),
	(83,8191,1),
	(83,8192,1),
	(83,11274,1),
	(83,11696,1),
	(83,13750,1),
	(83,15367,1),
	(83,2538,2),
	(83,5177,2),
	(83,5882,2),
	(83,5902,2),
	(83,6197,2),
	(83,11383,2),
	(83,11415,2),
	(83,11416,2),
	(83,11417,2),
	(83,11437,2),
	(83,11438,2),
	(83,11439,2),
	(83,11460,2),
	(83,11461,2),
	(83,11571,2),
	(83,11574,2),
	(83,11577,2),
	(83,11606,2),
	(83,11609,2),
	(83,11614,2),
	(83,11615,2),
	(83,11651,2),
	(83,11654,2),
	(83,11657,2),
	(83,11764,2),
	(83,11765,2),
	(83,11766,2),
	(83,11797,2),
	(83,11798,2),
	(83,11799,2),
	(83,11838,2),
	(83,11839,2),
	(83,11840,2),
	(83,12293,2),
	(83,12305,2),
	(83,12306,2),
	(83,12318,2),
	(83,12319,2),
	(83,5687,3),
	(83,6556,4),
	(83,12260,4),
	(83,4344,6),
	(83,8142,6),
	(83,8143,6),
	(83,8161,6),
	(83,8162,6),
	(83,8182,6),
	(83,8183,6),
	(83,12830,6),
	(83,12866,6),
	(83,93429,10),
	(83,93460,10),
	(83,93494,10),
	(84,4344,1),
	(84,4868,1),
	(84,5218,1),
	(84,5858,1),
	(84,6437,1),
	(84,7306,1),
	(84,7684,1),
	(84,7774,1),
	(84,8016,1),
	(84,8017,1),
	(84,8052,1),
	(84,8329,1),
	(84,8330,1),
	(84,8331,1),
	(84,8332,1),
	(84,8333,1),
	(84,8344,1),
	(84,8345,1),
	(84,8346,1),
	(84,8347,1),
	(84,8348,1),
	(84,8349,1),
	(84,8361,1),
	(84,8362,1),
	(84,8363,1),
	(84,8364,1),
	(84,8365,1),
	(84,8366,1),
	(84,8367,1),
	(84,8368,1),
	(84,8369,1),
	(84,11274,1),
	(84,11496,1),
	(84,11696,1),
	(84,12699,1),
	(84,12830,1),
	(84,5882,2),
	(84,6197,2),
	(84,11416,2),
	(84,11417,2),
	(84,11438,2),
	(84,11439,2),
	(84,11461,2),
	(84,11571,2),
	(84,11572,2),
	(84,11573,2),
	(84,11574,2),
	(84,11576,2),
	(84,11577,2),
	(84,11606,2),
	(84,11607,2),
	(84,11608,2),
	(84,11609,2),
	(84,11612,2),
	(84,11613,2),
	(84,11614,2),
	(84,11615,2),
	(84,11651,2),
	(84,11652,2),
	(84,11653,2),
	(84,11654,2),
	(84,11656,2),
	(84,11657,2),
	(84,11764,2),
	(84,11797,2),
	(84,11838,2),
	(84,12948,2),
	(84,12975,2),
	(84,13006,2),
	(84,5687,3),
	(84,6556,3),
	(84,12260,3),
	(84,8327,6),
	(84,8341,6),
	(84,8342,6),
	(84,8358,6),
	(84,8359,6),
	(84,4851,7),
	(84,8328,10),
	(84,8343,10),
	(84,8360,10),
	(85,4316,1),
	(85,4378,1),
	(85,5193,1),
	(85,5200,1),
	(85,5216,1),
	(85,5833,1),
	(85,5836,1),
	(85,5854,1),
	(85,5878,1),
	(85,5911,1),
	(85,6004,1),
	(85,6027,1),
	(85,6301,1),
	(85,6534,1),
	(85,6670,1),
	(85,7721,1),
	(85,7827,1),
	(85,7828,1),
	(85,8116,1),
	(85,8630,1),
	(85,8769,1),
	(85,8772,1),
	(85,8773,1),
	(85,8784,1),
	(85,8785,1),
	(85,8786,1),
	(85,8787,1),
	(85,8788,1),
	(85,8789,1),
	(85,8790,1),
	(85,8791,1),
	(85,8792,1),
	(85,8811,1),
	(85,8812,1),
	(85,8813,1),
	(85,8814,1),
	(85,8815,1),
	(85,8816,1),
	(85,8817,1),
	(85,8818,1),
	(85,8819,1),
	(85,8820,1),
	(85,8821,1),
	(85,8822,1),
	(85,8823,1),
	(85,8824,1),
	(85,8825,1),
	(85,11696,1),
	(85,2538,2),
	(85,5177,2),
	(85,5855,2),
	(85,5882,2),
	(85,5902,2),
	(85,6197,2),
	(85,6651,2),
	(85,8770,2),
	(85,8771,2),
	(85,11383,2),
	(85,11415,2),
	(85,11417,2),
	(85,11437,2),
	(85,11439,2),
	(85,11460,2),
	(85,11574,2),
	(85,11576,2),
	(85,11577,2),
	(85,11609,2),
	(85,11612,2),
	(85,11613,2),
	(85,11614,2),
	(85,11615,2),
	(85,11654,2),
	(85,11656,2),
	(85,11657,2),
	(85,11762,2),
	(85,11764,2),
	(85,11766,2),
	(85,11795,2),
	(85,11797,2),
	(85,11799,2),
	(85,11836,2),
	(85,11838,2),
	(85,11840,2),
	(85,12305,2),
	(85,12318,2),
	(85,19205,2),
	(85,19239,2),
	(85,19240,2),
	(85,19241,2),
	(85,19242,2),
	(85,19284,2),
	(85,28583,2),
	(85,28614,2),
	(85,28648,2),
	(85,5687,3),
	(85,6556,4),
	(85,12260,4),
	(85,8766,6),
	(85,8767,6),
	(85,8781,6),
	(85,8782,6),
	(85,8808,6),
	(85,8809,6),
	(85,8768,10),
	(85,8783,10),
	(85,8810,10),
	(86,3941,1),
	(86,4114,1),
	(86,4195,1),
	(86,4316,1),
	(86,4376,1),
	(86,5283,1),
	(86,5822,1),
	(86,5838,1),
	(86,5848,1),
	(86,5855,1),
	(86,5861,1),
	(86,5874,1),
	(86,5875,1),
	(86,5876,1),
	(86,5879,1),
	(86,5880,1),
	(86,5881,1),
	(86,6049,1),
	(86,6064,1),
	(86,6283,1),
	(86,6299,1),
	(86,6437,1),
	(86,6671,1),
	(86,7755,1),
	(86,7757,1),
	(86,7771,1),
	(86,7772,1),
	(86,7774,1),
	(86,7791,1),
	(86,7792,1),
	(86,7793,1),
	(86,7976,1),
	(86,8017,1),
	(86,8051,1),
	(86,8066,1),
	(86,8084,1),
	(86,8958,1),
	(86,8959,1),
	(86,8960,1),
	(86,8979,1),
	(86,8980,1),
	(86,8981,1),
	(86,8982,1),
	(86,8983,1),
	(86,8984,1),
	(86,8985,1),
	(86,8986,1),
	(86,8987,1),
	(86,8988,1),
	(86,9004,1),
	(86,9005,1),
	(86,9006,1),
	(86,9007,1),
	(86,9008,1),
	(86,9009,1),
	(86,9010,1),
	(86,9011,1),
	(86,11496,1),
	(86,12272,1),
	(86,12699,1),
	(86,3041,2),
	(86,5177,2),
	(86,5882,2),
	(86,6197,2),
	(86,11274,2),
	(86,11383,2),
	(86,11415,2),
	(86,11416,2),
	(86,11417,2),
	(86,11437,2),
	(86,11438,2),
	(86,11439,2),
	(86,11460,2),
	(86,11461,2),
	(86,11571,2),
	(86,11574,2),
	(86,11577,2),
	(86,11605,2),
	(86,11606,2),
	(86,11609,2),
	(86,11614,2),
	(86,11615,2),
	(86,11650,2),
	(86,11651,2),
	(86,11654,2),
	(86,11657,2),
	(86,11765,2),
	(86,11798,2),
	(86,11839,2),
	(86,12305,2),
	(86,12318,2),
	(86,2538,3),
	(86,5687,3),
	(86,5902,3),
	(86,6556,3),
	(86,12260,3),
	(86,4344,6),
	(86,5859,6),
	(86,7870,6),
	(86,8064,6),
	(86,8956,6),
	(86,8977,6),
	(86,9002,6),
	(86,12830,6),
	(86,12866,6),
	(86,8957,10),
	(86,8978,10),
	(86,9003,10),
	(87,4337,1),
	(87,4342,1),
	(87,4899,1),
	(87,5173,1),
	(87,5189,1),
	(87,5195,1),
	(87,5196,1),
	(87,5218,1),
	(87,5241,1),
	(87,5295,1),
	(87,5664,1),
	(87,5683,1),
	(87,5710,1),
	(87,6004,1),
	(87,6064,1),
	(87,6519,1),
	(87,6554,1),
	(87,7306,1),
	(87,8345,1),
	(87,8960,1),
	(87,9033,1),
	(87,9047,1),
	(87,9048,1),
	(87,9049,1),
	(87,9050,1),
	(87,9051,1),
	(87,9052,1),
	(87,9053,1),
	(87,9066,1),
	(87,9067,1),
	(87,9068,1),
	(87,9069,1),
	(87,9070,1),
	(87,9071,1),
	(87,9072,1),
	(87,9073,1),
	(87,9074,1),
	(87,9143,1),
	(87,11696,1),
	(87,5177,2),
	(87,5882,2),
	(87,9200,2),
	(87,11415,2),
	(87,11416,2),
	(87,11437,2),
	(87,11438,2),
	(87,11460,2),
	(87,11461,2),
	(87,11571,2),
	(87,11572,2),
	(87,11573,2),
	(87,11574,2),
	(87,11575,2),
	(87,11577,2),
	(87,11578,2),
	(87,11579,2),
	(87,11606,2),
	(87,11607,2),
	(87,11608,2),
	(87,11609,2),
	(87,11610,2),
	(87,11611,2),
	(87,11614,2),
	(87,11615,2),
	(87,11616,2),
	(87,11617,2),
	(87,11651,2),
	(87,11652,2),
	(87,11653,2),
	(87,11654,2),
	(87,11655,2),
	(87,11657,2),
	(87,11658,2),
	(87,11659,2),
	(87,11764,2),
	(87,11765,2),
	(87,11797,2),
	(87,11798,2),
	(87,11838,2),
	(87,11839,2),
	(87,12305,2),
	(87,12318,2),
	(87,12948,2),
	(87,12975,2),
	(87,13006,2),
	(87,5687,3),
	(87,6556,3),
	(87,12260,3),
	(87,4344,6),
	(87,6317,6),
	(87,9031,6),
	(87,9045,6),
	(87,65220,6),
	(87,6167,7),
	(87,9064,7),
	(87,12830,7),
	(87,12866,7),
	(87,9032,10),
	(87,9046,10),
	(87,9065,10),
	(88,3040,1),
	(88,3074,1),
	(88,4333,1),
	(88,4339,1),
	(88,4344,1),
	(88,4371,1),
	(88,4878,1),
	(88,4899,1),
	(88,5189,1),
	(88,5683,1),
	(88,5913,1),
	(88,5914,1),
	(88,6002,1),
	(88,6198,1),
	(88,6471,1),
	(88,6520,1),
	(88,6557,1),
	(88,6558,1),
	(88,7233,1),
	(88,7753,1),
	(88,7813,1),
	(88,7949,1),
	(88,9049,1),
	(88,9086,1),
	(88,9087,1),
	(88,9088,1),
	(88,9089,1),
	(88,9090,1),
	(88,9102,1),
	(88,9103,1),
	(88,9104,1),
	(88,9105,1),
	(88,9106,1),
	(88,9107,1),
	(88,9123,1),
	(88,9124,1),
	(88,9125,1),
	(88,9126,1),
	(88,9127,1),
	(88,9128,1),
	(88,9129,1),
	(88,11696,1),
	(88,12830,1),
	(88,12866,1),
	(88,2538,2),
	(88,5177,2),
	(88,5882,2),
	(88,6197,2),
	(88,11383,2),
	(88,11415,2),
	(88,11417,2),
	(88,11437,2),
	(88,11439,2),
	(88,11460,2),
	(88,11574,2),
	(88,11576,2),
	(88,11577,2),
	(88,11609,2),
	(88,11612,2),
	(88,11613,2),
	(88,11614,2),
	(88,11615,2),
	(88,11654,2),
	(88,11656,2),
	(88,11657,2),
	(88,11764,2),
	(88,11765,2),
	(88,11797,2),
	(88,11798,2),
	(88,11838,2),
	(88,11839,2),
	(88,12293,2),
	(88,12305,2),
	(88,12306,2),
	(88,12318,2),
	(88,12319,2),
	(88,5687,3),
	(88,5902,3),
	(88,6556,3),
	(88,12260,3),
	(88,5934,6),
	(88,6317,6),
	(88,6668,6),
	(88,4315,7),
	(88,6167,8),
	(88,65220,8),
	(88,9085,10),
	(88,9101,10),
	(88,9122,10),
	(89,3039,1),
	(89,3090,1),
	(89,4010,1),
	(89,4337,1),
	(89,4342,1),
	(89,4344,1),
	(89,4889,1),
	(89,5193,1),
	(89,5258,1),
	(89,5664,1),
	(89,5710,1),
	(89,5858,1),
	(89,5860,1),
	(89,5880,1),
	(89,6048,1),
	(89,6322,1),
	(89,6443,1),
	(89,6473,1),
	(89,6519,1),
	(89,6520,1),
	(89,7233,1),
	(89,7265,1),
	(89,7774,1),
	(89,7829,1),
	(89,7870,1),
	(89,7882,1),
	(89,7998,1),
	(89,8019,1),
	(89,8348,1),
	(89,8984,1),
	(89,9066,1),
	(89,9067,1),
	(89,9199,1),
	(89,9200,1),
	(89,9201,1),
	(89,9202,1),
	(89,9203,1),
	(89,9204,1),
	(89,9216,1),
	(89,9217,1),
	(89,9218,1),
	(89,9239,1),
	(89,9240,1),
	(89,9241,1),
	(89,9242,1),
	(89,9243,1),
	(89,9244,1),
	(89,9245,1),
	(89,9246,1),
	(89,9247,1),
	(89,9248,1),
	(89,12272,1),
	(89,12830,1),
	(89,2538,2),
	(89,5177,2),
	(89,5882,2),
	(89,5902,2),
	(89,11383,2),
	(89,11415,2),
	(89,11416,2),
	(89,11437,2),
	(89,11438,2),
	(89,11460,2),
	(89,11461,2),
	(89,11571,2),
	(89,11572,2),
	(89,11573,2),
	(89,11574,2),
	(89,11576,2),
	(89,11577,2),
	(89,11606,2),
	(89,11607,2),
	(89,11608,2),
	(89,11609,2),
	(89,11612,2),
	(89,11613,2),
	(89,11614,2),
	(89,11615,2),
	(89,11651,2),
	(89,11652,2),
	(89,11653,2),
	(89,11654,2),
	(89,11656,2),
	(89,11657,2),
	(89,11764,2),
	(89,11766,2),
	(89,11797,2),
	(89,11799,2),
	(89,11838,2),
	(89,11840,2),
	(89,12305,2),
	(89,12318,2),
	(89,12948,2),
	(89,12975,2),
	(89,13006,2),
	(89,5687,3),
	(89,6556,3),
	(89,12260,4),
	(89,9236,6),
	(89,9197,7),
	(89,9214,7),
	(89,9237,7),
	(89,7991,8),
	(89,13995,8),
	(89,9198,10),
	(89,9215,10),
	(89,9238,10),
	(90,3037,1),
	(90,3043,1),
	(90,4316,1),
	(90,4332,1),
	(90,4342,1),
	(90,4344,1),
	(90,4854,1),
	(90,4859,1),
	(90,4874,1),
	(90,4878,1),
	(90,4899,1),
	(90,5173,1),
	(90,5189,1),
	(90,5239,1),
	(90,5243,1),
	(90,5259,1),
	(90,5288,1),
	(90,5292,1),
	(90,5293,1),
	(90,6064,1),
	(90,6410,1),
	(90,6437,1),
	(90,6439,1),
	(90,6780,1),
	(90,7719,1),
	(90,7739,1),
	(90,8631,1),
	(90,8632,1),
	(90,8958,1),
	(90,9620,1),
	(90,9622,1),
	(90,9623,1),
	(90,9642,1),
	(90,9643,1),
	(90,9644,1),
	(90,9645,1),
	(90,9646,1),
	(90,9647,1),
	(90,9648,1),
	(90,9649,1),
	(90,9650,1),
	(90,9651,1),
	(90,9652,1),
	(90,9653,1),
	(90,9654,1),
	(90,9671,1),
	(90,9672,1),
	(90,9673,1),
	(90,9674,1),
	(90,9675,1),
	(90,9676,1),
	(90,9677,1),
	(90,9678,1),
	(90,9679,1),
	(90,9680,1),
	(90,9681,1),
	(90,9682,1),
	(90,9683,1),
	(90,9684,1),
	(90,9685,1),
	(90,11696,1),
	(90,12830,1),
	(90,12866,1),
	(90,13750,1),
	(90,5882,2),
	(90,6197,2),
	(90,9621,2),
	(90,11416,2),
	(90,11417,2),
	(90,11438,2),
	(90,11439,2),
	(90,11461,2),
	(90,11571,2),
	(90,11572,2),
	(90,11573,2),
	(90,11574,2),
	(90,11576,2),
	(90,11577,2),
	(90,11606,2),
	(90,11607,2),
	(90,11608,2),
	(90,11609,2),
	(90,11612,2),
	(90,11613,2),
	(90,11614,2),
	(90,11615,2),
	(90,11651,2),
	(90,11652,2),
	(90,11653,2),
	(90,11654,2),
	(90,11656,2),
	(90,11657,2),
	(90,11764,2),
	(90,11797,2),
	(90,11838,2),
	(90,12948,2),
	(90,12975,2),
	(90,13006,2),
	(90,5687,3),
	(90,6556,3),
	(90,12260,3),
	(90,9640,6),
	(90,9669,6),
	(90,9617,7),
	(90,9618,7),
	(90,9639,7),
	(90,9668,7),
	(90,9619,10),
	(90,9641,10),
	(90,9670,10),
	(91,4315,1),
	(91,4321,1),
	(91,4336,1),
	(91,4344,1),
	(91,4377,1),
	(91,4378,1),
	(91,4878,1),
	(91,4899,1),
	(91,5226,1),
	(91,5664,1),
	(91,6033,1),
	(91,6064,1),
	(91,6823,1),
	(91,7290,1),
	(91,7306,1),
	(91,7584,1),
	(91,7680,1),
	(91,7949,1),
	(91,8609,1),
	(91,8613,1),
	(91,8625,1),
	(91,8656,1),
	(91,9827,1),
	(91,9828,1),
	(91,9829,1),
	(91,9830,1),
	(91,9849,1),
	(91,9850,1),
	(91,9851,1),
	(91,9852,1),
	(91,9853,1),
	(91,10102,1),
	(91,10103,1),
	(91,10104,1),
	(91,10105,1),
	(91,10106,1),
	(91,10107,1),
	(91,11696,1),
	(91,12830,1),
	(91,12866,1),
	(91,13750,1),
	(91,2538,2),
	(91,5177,2),
	(91,5882,2),
	(91,5902,2),
	(91,6197,2),
	(91,11274,2),
	(91,11383,2),
	(91,11415,2),
	(91,11417,2),
	(91,11437,2),
	(91,11439,2),
	(91,11460,2),
	(91,11574,2),
	(91,11576,2),
	(91,11577,2),
	(91,11609,2),
	(91,11612,2),
	(91,11613,2),
	(91,11614,2),
	(91,11615,2),
	(91,11654,2),
	(91,11656,2),
	(91,11657,2),
	(91,11764,2),
	(91,11765,2),
	(91,11797,2),
	(91,11798,2),
	(91,11838,2),
	(91,11839,2),
	(91,12293,2),
	(91,12305,2),
	(91,12306,2),
	(91,12318,2),
	(91,12319,2),
	(91,5687,3),
	(91,6556,3),
	(91,12260,3),
	(91,9824,6),
	(91,9825,6),
	(91,9846,6),
	(91,9847,6),
	(91,9842,7),
	(91,9843,7),
	(91,9826,10),
	(91,9844,10),
	(91,9848,10),
	(92,3787,1),
	(92,4344,1),
	(92,4870,1),
	(92,4878,1),
	(92,4899,1),
	(92,5174,1),
	(92,5271,1),
	(92,5299,1),
	(92,5878,1),
	(92,6036,1),
	(92,6325,1),
	(92,6520,1),
	(92,7306,1),
	(92,9868,1),
	(92,9869,1),
	(92,9870,1),
	(92,9871,1),
	(92,9872,1),
	(92,9873,1),
	(92,9888,1),
	(92,9889,1),
	(92,9890,1),
	(92,9891,1),
	(92,9892,1),
	(92,9893,1),
	(92,9894,1),
	(92,9895,1),
	(92,9896,1),
	(92,10316,1),
	(92,10317,1),
	(92,10319,1),
	(92,10320,1),
	(92,10321,1),
	(92,10322,1),
	(92,10323,1),
	(92,10324,1),
	(92,10325,1),
	(92,11495,1),
	(92,12830,1),
	(92,12866,1),
	(92,2538,2),
	(92,4371,2),
	(92,5177,2),
	(92,5882,2),
	(92,5902,2),
	(92,6197,2),
	(92,8148,2),
	(92,10318,2),
	(92,11383,2),
	(92,11415,2),
	(92,11417,2),
	(92,11437,2),
	(92,11439,2),
	(92,11460,2),
	(92,11574,2),
	(92,11576,2),
	(92,11577,2),
	(92,11609,2),
	(92,11612,2),
	(92,11613,2),
	(92,11614,2),
	(92,11615,2),
	(92,11654,2),
	(92,11656,2),
	(92,11657,2),
	(92,11764,2),
	(92,11765,2),
	(92,11797,2),
	(92,11798,2),
	(92,11838,2),
	(92,11839,2),
	(92,12293,2),
	(92,12305,2),
	(92,12306,2),
	(92,12318,2),
	(92,12319,2),
	(92,5687,3),
	(92,6556,3),
	(92,12260,3),
	(92,8166,6),
	(92,8187,6),
	(92,9882,6),
	(92,8145,7),
	(92,9886,7),
	(92,9866,8),
	(92,9867,10),
	(92,9883,10),
	(92,9887,10),
	(93,3927,1),
	(93,4344,1),
	(93,5177,1),
	(93,5207,1),
	(93,5218,1),
	(93,5226,1),
	(93,5268,1),
	(93,5290,1),
	(93,5681,1),
	(93,5710,1),
	(93,5837,1),
	(93,6022,1),
	(93,6051,1),
	(93,6439,1),
	(93,6481,1),
	(93,6488,1),
	(93,7586,1),
	(93,7770,1),
	(93,7812,1),
	(93,7853,1),
	(93,7855,1),
	(93,8016,1),
	(93,8088,1),
	(93,8116,1),
	(93,9645,1),
	(93,9917,1),
	(93,9918,1),
	(93,9919,1),
	(93,9920,1),
	(93,9921,1),
	(93,9922,1),
	(93,9923,1),
	(93,9924,1),
	(93,10194,1),
	(93,10195,1),
	(93,10196,1),
	(93,10197,1),
	(93,10198,1),
	(93,10212,1),
	(93,10213,1),
	(93,10214,1),
	(93,10215,1),
	(93,10216,1),
	(93,10232,1),
	(93,11274,1),
	(93,11496,1),
	(93,11696,1),
	(93,12272,1),
	(93,12830,1),
	(93,12866,1),
	(93,5882,2),
	(93,6197,2),
	(93,11416,2),
	(93,11417,2),
	(93,11438,2),
	(93,11439,2),
	(93,11461,2),
	(93,11571,2),
	(93,11573,2),
	(93,11574,2),
	(93,11576,2),
	(93,11577,2),
	(93,11606,2),
	(93,11608,2),
	(93,11609,2),
	(93,11612,2),
	(93,11613,2),
	(93,11614,2),
	(93,11615,2),
	(93,11651,2),
	(93,11653,2),
	(93,11654,2),
	(93,11656,2),
	(93,11657,2),
	(93,11764,2),
	(93,11797,2),
	(93,11838,2),
	(93,12948,2),
	(93,12975,2),
	(93,13006,2),
	(93,6556,3),
	(93,5687,4),
	(93,12260,4),
	(93,9622,6),
	(93,9651,6),
	(93,9915,6),
	(93,9906,7),
	(93,9910,7),
	(93,9914,7),
	(93,9907,10),
	(93,9911,10),
	(93,9916,10),
	(94,4338,1),
	(94,4344,1),
	(94,4363,1),
	(94,5226,1),
	(94,5710,1),
	(94,6167,1),
	(94,6823,1),
	(94,7662,1),
	(94,8771,1),
	(94,9948,1),
	(94,9949,1),
	(94,9950,1),
	(94,9951,1),
	(94,9952,1),
	(94,9953,1),
	(94,9954,1),
	(94,10139,1),
	(94,10140,1),
	(94,10141,1),
	(94,10142,1),
	(94,10154,1),
	(94,10155,1),
	(94,10156,1),
	(94,10157,1),
	(94,10158,1),
	(94,10159,1),
	(94,10160,1),
	(94,10161,1),
	(94,10162,1),
	(94,10163,1),
	(94,10164,1),
	(94,11496,1),
	(94,12830,1),
	(94,12866,1),
	(94,2538,2),
	(94,5177,2),
	(94,5193,2),
	(94,5875,2),
	(94,5882,2),
	(94,5902,2),
	(94,6197,2),
	(94,6301,2),
	(94,7847,2),
	(94,11274,2),
	(94,11383,2),
	(94,11415,2),
	(94,11417,2),
	(94,11437,2),
	(94,11439,2),
	(94,11460,2),
	(94,11576,2),
	(94,11577,2),
	(94,11578,2),
	(94,11579,2),
	(94,11605,2),
	(94,11612,2),
	(94,11613,2),
	(94,11614,2),
	(94,11615,2),
	(94,11616,2),
	(94,11617,2),
	(94,11650,2),
	(94,11656,2),
	(94,11657,2),
	(94,11658,2),
	(94,11659,2),
	(94,11765,2),
	(94,11798,2),
	(94,11839,2),
	(94,12293,2),
	(94,12305,2),
	(94,12306,2),
	(94,12318,2),
	(94,12319,2),
	(94,19205,2),
	(94,19239,2),
	(94,19240,2),
	(94,19241,2),
	(94,19242,2),
	(94,19284,2),
	(94,65220,2),
	(94,3041,3),
	(94,5687,3),
	(94,6556,3),
	(94,7285,3),
	(94,12260,3),
	(94,4195,6),
	(94,4199,6),
	(94,5867,6),
	(94,9942,6),
	(94,9946,6),
	(94,9938,7),
	(94,9939,10),
	(94,9943,10),
	(94,9947,10),
	(95,3041,1),
	(95,3857,1),
	(95,3941,1),
	(95,4316,1),
	(95,4874,1),
	(95,5056,1),
	(95,5226,1),
	(95,5267,1),
	(95,5290,1),
	(95,5456,1),
	(95,5681,1),
	(95,6410,1),
	(95,7233,1),
	(95,7383,1),
	(95,7384,1),
	(95,7402,1),
	(95,7771,1),
	(95,7850,1),
	(95,11496,1),
	(95,12695,1),
	(95,12696,1),
	(95,12697,1),
	(95,12698,1),
	(95,12713,1),
	(95,12714,1),
	(95,12727,1),
	(95,12728,1),
	(95,12729,1),
	(95,12730,1),
	(95,12731,1),
	(95,12732,1),
	(95,12733,1),
	(95,12734,1),
	(95,12735,1),
	(95,12736,1),
	(95,12737,1),
	(95,12738,1),
	(95,12739,1),
	(95,12740,1),
	(95,2538,2),
	(95,5861,2),
	(95,5882,2),
	(95,5902,2),
	(95,6197,2),
	(95,9200,2),
	(95,11383,2),
	(95,11417,2),
	(95,11439,2),
	(95,11572,2),
	(95,11574,2),
	(95,11575,2),
	(95,11577,2),
	(95,11607,2),
	(95,11609,2),
	(95,11610,2),
	(95,11611,2),
	(95,11614,2),
	(95,11615,2),
	(95,11652,2),
	(95,11654,2),
	(95,11655,2),
	(95,11657,2),
	(95,11764,2),
	(95,11797,2),
	(95,11838,2),
	(95,12699,2),
	(95,12748,2),
	(95,12773,2),
	(95,12798,2),
	(95,5687,3),
	(95,6556,3),
	(95,12260,3),
	(95,3040,6),
	(95,7786,6),
	(95,12710,6),
	(95,12711,6),
	(95,12725,6),
	(95,4114,8),
	(95,12694,10),
	(95,12712,10),
	(95,12726,10),
	(96,3039,1),
	(96,3040,1),
	(96,4339,1),
	(96,4342,1),
	(96,4344,1),
	(96,4371,1),
	(96,5189,1),
	(96,5218,1),
	(96,5288,1),
	(96,5855,1),
	(96,5856,1),
	(96,6031,1),
	(96,6049,1),
	(96,6471,1),
	(96,6797,1),
	(96,6819,1),
	(96,7704,1),
	(96,7995,1),
	(96,8130,1),
	(96,8188,1),
	(96,9049,1),
	(96,10021,1),
	(96,10022,1),
	(96,10023,1),
	(96,10024,1),
	(96,10025,1),
	(96,10026,1),
	(96,10038,1),
	(96,10039,1),
	(96,10040,1),
	(96,10041,1),
	(96,10042,1),
	(96,10043,1),
	(96,10044,1),
	(96,10062,1),
	(96,10063,1),
	(96,10064,1),
	(96,10065,1),
	(96,10066,1),
	(96,10067,1),
	(96,10068,1),
	(96,10069,1),
	(96,11696,1),
	(96,12830,1),
	(96,12866,1),
	(96,15367,1),
	(96,3074,2),
	(96,4316,2),
	(96,4333,2),
	(96,5177,2),
	(96,5882,2),
	(96,6197,2),
	(96,11383,2),
	(96,11415,2),
	(96,11416,2),
	(96,11417,2),
	(96,11437,2),
	(96,11438,2),
	(96,11439,2),
	(96,11460,2),
	(96,11461,2),
	(96,11577,2),
	(96,11614,2),
	(96,11615,2),
	(96,11657,2),
	(96,11764,2),
	(96,11765,2),
	(96,11797,2),
	(96,11798,2),
	(96,11838,2),
	(96,11839,2),
	(96,12305,2),
	(96,12318,2),
	(96,2538,3),
	(96,5902,3),
	(96,5687,4),
	(96,6556,4),
	(96,12260,4),
	(96,8161,6),
	(96,8182,6),
	(96,10019,6),
	(96,10060,6),
	(96,8148,7),
	(96,10020,10),
	(96,10037,10),
	(96,10061,10),
	(97,2537,1),
	(97,2543,1),
	(97,2544,1),
	(97,5226,1),
	(97,6005,1),
	(97,6433,1),
	(97,6488,1),
	(97,6781,1),
	(97,7233,1),
	(97,8104,1),
	(97,8116,1),
	(97,10259,1),
	(97,10260,1),
	(97,10261,1),
	(97,10262,1),
	(97,10272,1),
	(97,10273,1),
	(97,10274,1),
	(97,10275,1),
	(97,10276,1),
	(97,10277,1),
	(97,10287,1),
	(97,10288,1),
	(97,10289,1),
	(97,10290,1),
	(97,10291,1),
	(97,10292,1),
	(97,10293,1),
	(97,12578,1),
	(97,3041,2),
	(97,5882,2),
	(97,6197,2),
	(97,11383,2),
	(97,11415,2),
	(97,11417,2),
	(97,11437,2),
	(97,11439,2),
	(97,11460,2),
	(97,11574,2),
	(97,11576,2),
	(97,11577,2),
	(97,11605,2),
	(97,11609,2),
	(97,11612,2),
	(97,11613,2),
	(97,11614,2),
	(97,11615,2),
	(97,11650,2),
	(97,11654,2),
	(97,11656,2),
	(97,11657,2),
	(97,11765,2),
	(97,11798,2),
	(97,11839,2),
	(97,12293,2),
	(97,12305,2),
	(97,12306,2),
	(97,12318,2),
	(97,12319,2),
	(97,2538,3),
	(97,5177,3),
	(97,5687,3),
	(97,5902,3),
	(97,6556,3),
	(97,12260,3),
	(97,10257,6),
	(97,10270,6),
	(97,10285,6),
	(97,10258,10),
	(97,10271,10),
	(97,10286,10),
	(98,3081,1),
	(98,4371,1),
	(98,4960,1),
	(98,5807,1),
	(98,5818,1),
	(98,6031,1),
	(98,7287,1),
	(98,7304,1),
	(98,7335,1),
	(98,7640,1),
	(98,7641,1),
	(98,7680,1),
	(98,7704,1),
	(98,8116,1),
	(98,8652,1),
	(98,8653,1),
	(98,8654,1),
	(98,10427,1),
	(98,10446,1),
	(98,10464,1),
	(98,10465,1),
	(98,10466,1),
	(98,10467,1),
	(98,10478,1),
	(98,10479,1),
	(98,10480,1),
	(98,10481,1),
	(98,10482,1),
	(98,10483,1),
	(98,10484,1),
	(98,10485,1),
	(98,10495,1),
	(98,10496,1),
	(98,10497,1),
	(98,10498,1),
	(98,10499,1),
	(98,10500,1),
	(98,10501,1),
	(98,10502,1),
	(98,11274,1),
	(98,5882,2),
	(98,9200,2),
	(98,11415,2),
	(98,11416,2),
	(98,11437,2),
	(98,11438,2),
	(98,11460,2),
	(98,11461,2),
	(98,11571,2),
	(98,11572,2),
	(98,11573,2),
	(98,11574,2),
	(98,11575,2),
	(98,11576,2),
	(98,11577,2),
	(98,11606,2),
	(98,11607,2),
	(98,11608,2),
	(98,11609,2),
	(98,11610,2),
	(98,11611,2),
	(98,11612,2),
	(98,11613,2),
	(98,11614,2),
	(98,11615,2),
	(98,11651,2),
	(98,11652,2),
	(98,11653,2),
	(98,11654,2),
	(98,11655,2),
	(98,11656,2),
	(98,11657,2),
	(98,11764,2),
	(98,11797,2),
	(98,11838,2),
	(98,5687,3),
	(98,6556,3),
	(98,12260,3),
	(98,2724,6),
	(98,5007,6),
	(98,5014,6),
	(98,5634,6),
	(98,6167,6),
	(98,6317,6),
	(98,10463,10),
	(98,10477,10),
	(98,10494,10),
	(99,3044,1),
	(99,3074,1),
	(99,4333,1),
	(99,4960,1),
	(99,5682,1),
	(99,5822,1),
	(99,6437,1),
	(99,6517,1),
	(99,7287,1),
	(99,7336,1),
	(99,7998,1),
	(99,9008,1),
	(99,10451,1),
	(99,10452,1),
	(99,10478,1),
	(99,10522,1),
	(99,10523,1),
	(99,10524,1),
	(99,10525,1),
	(99,10526,1),
	(99,10527,1),
	(99,10528,1),
	(99,10540,1),
	(99,10541,1),
	(99,10542,1),
	(99,10553,1),
	(99,10554,1),
	(99,10555,1),
	(99,10556,1),
	(99,10557,1),
	(99,10558,1),
	(99,11274,1),
	(99,11496,1),
	(99,5882,2),
	(99,9200,2),
	(99,11415,2),
	(99,11416,2),
	(99,11437,2),
	(99,11438,2),
	(99,11460,2),
	(99,11461,2),
	(99,11571,2),
	(99,11572,2),
	(99,11573,2),
	(99,11574,2),
	(99,11575,2),
	(99,11576,2),
	(99,11577,2),
	(99,11606,2),
	(99,11607,2),
	(99,11608,2),
	(99,11609,2),
	(99,11610,2),
	(99,11611,2),
	(99,11612,2),
	(99,11613,2),
	(99,11614,2),
	(99,11615,2),
	(99,11651,2),
	(99,11652,2),
	(99,11653,2),
	(99,11654,2),
	(99,11655,2),
	(99,11656,2),
	(99,11657,2),
	(99,11764,2),
	(99,11797,2),
	(99,11838,2),
	(99,5687,3),
	(99,6556,3),
	(99,12260,3),
	(99,2724,6),
	(99,4959,6),
	(99,4964,6),
	(99,4969,6),
	(99,6167,6),
	(99,6198,6),
	(99,10539,10),
	(99,10552,10),
	(99,10567,10),
	(100,3039,1),
	(100,3040,1),
	(100,3044,1),
	(100,4333,1),
	(100,4889,1),
	(100,5177,1),
	(100,5189,1),
	(100,5682,1),
	(100,5710,1),
	(100,5822,1),
	(100,5924,1),
	(100,6006,1),
	(100,6488,1),
	(100,6650,1),
	(100,7998,1),
	(100,8104,1),
	(100,8610,1),
	(100,10262,1),
	(100,10277,1),
	(100,10293,1),
	(100,10451,1),
	(100,10479,1),
	(100,10522,1),
	(100,10553,1),
	(100,10601,1),
	(100,10602,1),
	(100,10603,1),
	(100,10617,1),
	(100,10619,1),
	(100,10620,1),
	(100,10621,1),
	(100,11274,1),
	(100,22159,1),
	(100,4960,2),
	(100,5882,2),
	(100,9200,2),
	(100,10478,2),
	(100,10523,2),
	(100,10618,2),
	(100,11415,2),
	(100,11416,2),
	(100,11437,2),
	(100,11438,2),
	(100,11460,2),
	(100,11461,2),
	(100,11571,2),
	(100,11572,2),
	(100,11573,2),
	(100,11574,2),
	(100,11575,2),
	(100,11576,2),
	(100,11577,2),
	(100,11606,2),
	(100,11607,2),
	(100,11608,2),
	(100,11609,2),
	(100,11610,2),
	(100,11611,2),
	(100,11612,2),
	(100,11613,2),
	(100,11614,2),
	(100,11615,2),
	(100,11651,2),
	(100,11652,2),
	(100,11653,2),
	(100,11654,2),
	(100,11655,2),
	(100,11656,2),
	(100,11657,2),
	(100,11764,2),
	(100,11797,2),
	(100,11838,2),
	(100,6556,3),
	(100,12260,3),
	(100,5687,4),
	(100,10585,6),
	(100,10599,6),
	(100,10615,6),
	(100,10586,10),
	(100,10600,10),
	(100,10616,10),
	(101,3040,1),
	(101,4316,1),
	(101,4332,1),
	(101,4333,1),
	(101,4334,1),
	(101,4339,1),
	(101,4344,1),
	(101,4370,1),
	(101,5174,1),
	(101,5241,1),
	(101,5261,1),
	(101,5807,1),
	(101,5818,1),
	(101,5924,1),
	(101,6058,1),
	(101,6059,1),
	(101,6064,1),
	(101,6488,1),
	(101,6521,1),
	(101,6537,1),
	(101,6689,1),
	(101,7737,1),
	(101,10273,1),
	(101,10448,1),
	(101,10601,1),
	(101,10904,1),
	(101,10914,1),
	(101,11274,1),
	(101,12830,1),
	(101,12866,1),
	(101,17993,1),
	(101,22159,1),
	(101,92629,1),
	(101,92640,1),
	(101,96119,1),
	(101,96144,1),
	(101,96182,1),
	(101,96295,1),
	(101,96296,1),
	(101,96297,1),
	(101,96326,1),
	(101,96327,1),
	(101,96328,1),
	(101,96358,1),
	(101,96359,1),
	(101,96360,1),
	(101,96361,1),
	(101,96362,1),
	(101,3041,2),
	(101,4858,2),
	(101,6197,2),
	(101,9620,2),
	(101,11383,2),
	(101,11415,2),
	(101,11417,2),
	(101,11437,2),
	(101,11439,2),
	(101,11460,2),
	(101,11577,2),
	(101,11605,2),
	(101,11615,2),
	(101,11650,2),
	(101,11657,2),
	(101,11761,2),
	(101,11765,2),
	(101,11766,2),
	(101,11794,2),
	(101,11798,2),
	(101,11799,2),
	(101,11835,2),
	(101,11839,2),
	(101,11840,2),
	(101,12293,2),
	(101,12305,2),
	(101,12306,2),
	(101,12318,2),
	(101,12319,2),
	(101,23459,2),
	(101,73522,2),
	(101,76118,2),
	(101,76133,2),
	(101,76134,2),
	(101,5177,3),
	(101,5687,3),
	(101,5882,3),
	(101,6556,3),
	(101,11614,3),
	(101,12260,3),
	(101,5200,6),
	(101,7731,6),
	(101,6049,7),
	(101,7700,7),
	(101,7713,7),
	(101,2538,9),
	(101,5902,9),
	(101,10876,10),
	(101,10880,10),
	(101,10885,10),
	(102,3074,1),
	(102,3090,1),
	(102,3968,1),
	(102,4316,1),
	(102,4332,1),
	(102,4333,1),
	(102,5189,1),
	(102,5193,1),
	(102,5194,1),
	(102,5216,1),
	(102,5227,1),
	(102,5258,1),
	(102,5683,1),
	(102,5710,1),
	(102,6327,1),
	(102,6488,1),
	(102,6534,1),
	(102,7233,1),
	(102,7737,1),
	(102,7812,1),
	(102,8104,1),
	(102,9642,1),
	(102,9677,1),
	(102,9917,1),
	(102,10232,1),
	(102,10273,1),
	(102,10904,1),
	(102,10914,1),
	(102,12272,1),
	(102,20632,1),
	(102,23601,1),
	(102,23652,1),
	(102,23839,1),
	(102,25138,1),
	(102,25185,1),
	(102,33982,1),
	(102,96117,1),
	(102,96118,1),
	(102,96119,1),
	(102,96120,1),
	(102,96121,1),
	(102,96122,1),
	(102,96123,1),
	(102,96124,1),
	(102,96142,1),
	(102,96143,1),
	(102,96144,1),
	(102,96145,1),
	(102,96146,1),
	(102,96147,1),
	(102,96148,1),
	(102,96149,1),
	(102,96180,1),
	(102,96181,1),
	(102,96182,1),
	(102,96183,1),
	(102,96184,1),
	(102,96185,1),
	(102,96186,1),
	(102,96187,1),
	(102,3041,2),
	(102,5226,2),
	(102,5882,2),
	(102,6197,2),
	(102,11383,2),
	(102,11417,2),
	(102,11572,2),
	(102,11577,2),
	(102,11605,2),
	(102,11607,2),
	(102,11614,2),
	(102,11615,2),
	(102,11650,2),
	(102,11652,2),
	(102,11657,2),
	(102,11766,2),
	(102,11799,2),
	(102,11840,2),
	(102,12293,2),
	(102,12305,2),
	(102,12306,2),
	(102,12318,2),
	(102,12319,2),
	(102,5177,3),
	(102,5687,3),
	(102,6556,3),
	(102,11439,3),
	(102,12260,4),
	(102,2537,6),
	(102,5200,6),
	(102,6049,6),
	(102,6433,6),
	(102,6687,6),
	(102,7713,6),
	(102,7731,6),
	(102,7700,7),
	(102,2538,8),
	(102,5902,8),
	(102,10905,10),
	(102,10909,10),
	(102,10915,10),
	(103,4320,1),
	(103,4340,1),
	(103,4342,1),
	(103,4360,1),
	(103,4373,1),
	(103,5189,1),
	(103,5216,1),
	(103,5243,1),
	(103,6005,1),
	(103,6056,1),
	(103,6156,1),
	(103,6469,1),
	(103,6668,1),
	(103,7263,1),
	(103,7340,1),
	(103,7704,1),
	(103,8016,1),
	(103,8115,1),
	(103,11274,1),
	(103,11496,1),
	(103,13202,1),
	(103,59720,1),
	(103,74284,1),
	(103,96218,1),
	(103,96219,1),
	(103,96220,1),
	(103,96241,1),
	(103,96242,1),
	(103,96243,1),
	(103,96244,1),
	(103,96245,1),
	(103,96267,1),
	(103,96268,1),
	(103,96269,1),
	(103,5177,2),
	(103,5882,2),
	(103,6197,2),
	(103,11383,2),
	(103,11415,2),
	(103,11417,2),
	(103,11437,2),
	(103,11439,2),
	(103,11460,2),
	(103,11577,2),
	(103,11614,2),
	(103,11615,2),
	(103,11657,2),
	(103,11764,2),
	(103,11765,2),
	(103,11766,2),
	(103,11797,2),
	(103,11798,2),
	(103,11799,2),
	(103,11838,2),
	(103,11839,2),
	(103,11840,2),
	(103,12293,2),
	(103,12305,2),
	(103,12306,2),
	(103,12318,2),
	(103,12319,2),
	(103,5687,3),
	(103,6556,3),
	(103,12260,3),
	(103,5055,7),
	(103,5200,7),
	(103,5496,7),
	(103,6049,7),
	(103,7700,7),
	(103,7713,7),
	(103,7731,7),
	(103,10947,7),
	(103,2538,9),
	(103,5902,9),
	(103,10936,10),
	(103,10941,10),
	(103,10948,10),
	(104,3044,1),
	(104,3045,1),
	(104,3082,1),
	(104,3968,1),
	(104,4312,1),
	(104,4858,1),
	(104,4878,1),
	(104,4888,1),
	(104,5177,1),
	(104,5239,1),
	(104,5687,1),
	(104,5911,1),
	(104,5928,1),
	(104,5931,1),
	(104,6443,1),
	(104,6471,1),
	(104,7239,1),
	(104,7256,1),
	(104,7286,1),
	(104,7288,1),
	(104,7337,1),
	(104,7365,1),
	(104,9049,1),
	(104,11274,1),
	(104,12305,1),
	(104,13750,1),
	(104,13806,1),
	(104,13812,1),
	(104,13898,1),
	(104,20564,1),
	(104,20615,1),
	(104,20965,1),
	(104,20966,1),
	(104,21016,1),
	(104,21055,1),
	(104,22494,1),
	(104,22745,1),
	(104,22782,1),
	(104,22783,1),
	(104,22784,1),
	(104,22785,1),
	(104,22786,1),
	(104,22787,1),
	(104,22788,1),
	(104,22789,1),
	(104,22818,1),
	(104,22819,1),
	(104,22820,1),
	(104,22821,1),
	(104,22822,1),
	(104,22823,1),
	(104,22824,1),
	(104,22825,1),
	(104,22826,1),
	(104,22827,1),
	(104,22828,1),
	(104,22829,1),
	(104,22830,1),
	(104,22831,1),
	(104,22858,1),
	(104,22859,1),
	(104,22860,1),
	(104,22861,1),
	(104,22862,1),
	(104,22863,1),
	(104,22864,1),
	(104,22865,1),
	(104,22866,1),
	(104,22867,1),
	(104,22868,1),
	(104,22869,1),
	(104,22870,1),
	(104,22871,1),
	(104,22872,1),
	(104,22873,1),
	(104,22874,1),
	(104,22875,1),
	(104,22876,1),
	(104,22877,1),
	(104,3041,2),
	(104,3047,2),
	(104,3068,2),
	(104,3085,2),
	(104,5689,2),
	(104,5882,2),
	(104,11574,2),
	(104,11577,2),
	(104,11605,2),
	(104,11609,2),
	(104,11614,2),
	(104,11615,2),
	(104,11650,2),
	(104,11654,2),
	(104,11657,2),
	(104,12192,2),
	(104,12202,2),
	(104,12214,2),
	(104,13885,2),
	(104,20622,2),
	(104,3040,3),
	(104,5018,3),
	(104,12021,3),
	(104,12025,3),
	(104,13893,3),
	(104,29048,3),
	(104,29093,3),
	(104,5056,6),
	(104,5063,6),
	(104,5070,6),
	(104,10993,6),
	(104,10953,7),
	(104,10957,7),
	(104,10961,7),
	(104,10986,7),
	(104,4333,8),
	(104,12172,8),
	(104,3074,9),
	(104,22781,10),
	(104,22817,10),
	(104,22857,10),
	(105,5309,3),
	(105,5327,3),
	(105,5354,3),
	(105,5355,3),
	(105,75,6),
	(105,1610,6),
	(105,4372,6),
	(105,5667,6),
	(105,11059,6),
	(105,11069,6),
	(106,5309,3),
	(106,5327,3),
	(106,5354,3),
	(106,5355,3),
	(106,4372,6),
	(106,5667,6),
	(106,11059,6),
	(106,11064,6),
	(106,11065,6),
	(106,11069,6),
	(107,5309,3),
	(107,5327,3),
	(107,5354,3),
	(107,5355,3),
	(107,4372,6),
	(107,5667,6),
	(107,11059,6),
	(107,11064,6),
	(107,11065,6),
	(107,11069,6),
	(109,3968,1),
	(109,4320,1),
	(109,4333,1),
	(109,4334,1),
	(109,4878,1),
	(109,4899,1),
	(109,5206,1),
	(109,5216,1),
	(109,5295,1),
	(109,5666,1),
	(109,5710,1),
	(109,5713,1),
	(109,6033,1),
	(109,6193,1),
	(109,6195,1),
	(109,6439,1),
	(109,6481,1),
	(109,6799,1),
	(109,7244,1),
	(109,7365,1),
	(109,7684,1),
	(109,8116,1),
	(109,8789,1),
	(109,9007,1),
	(109,10714,1),
	(109,11005,1),
	(109,13221,1),
	(109,13342,1),
	(109,13750,1),
	(109,16529,1),
	(109,20559,1),
	(109,20569,1),
	(109,22820,1),
	(109,23560,1),
	(109,25081,1),
	(109,25082,1),
	(109,25083,1),
	(109,25084,1),
	(109,25085,1),
	(109,25086,1),
	(109,25087,1),
	(109,25088,1),
	(109,25089,1),
	(109,25090,1),
	(109,25091,1),
	(109,25092,1),
	(109,25093,1),
	(109,25094,1),
	(109,25095,1),
	(109,25117,1),
	(109,25118,1),
	(109,25119,1),
	(109,25120,1),
	(109,25121,1),
	(109,25122,1),
	(109,25123,1),
	(109,25124,1),
	(109,25125,1),
	(109,25126,1),
	(109,25127,1),
	(109,25129,1),
	(109,25130,1),
	(109,25132,1),
	(109,25133,1),
	(109,25134,1),
	(109,25135,1),
	(109,25136,1),
	(109,25137,1),
	(109,25138,1),
	(109,25139,1),
	(109,25140,1),
	(109,25141,1),
	(109,25169,1),
	(109,25170,1),
	(109,25171,1),
	(109,25172,1),
	(109,25173,1),
	(109,25174,1),
	(109,25175,1),
	(109,25176,1),
	(109,25177,1),
	(109,25178,1),
	(109,25179,1),
	(109,25180,1),
	(109,25181,1),
	(109,25182,1),
	(109,25183,1),
	(109,25184,1),
	(109,25185,1),
	(109,25186,1),
	(109,25187,1),
	(109,25188,1),
	(109,25189,1),
	(109,25190,1),
	(109,25191,1),
	(109,25192,1),
	(109,25193,1),
	(109,25194,1),
	(109,25195,1),
	(109,25196,1),
	(109,25197,1),
	(109,25198,1),
	(109,25199,1),
	(109,25200,1),
	(109,25201,1),
	(109,25202,1),
	(109,5177,2),
	(109,5189,2),
	(109,5195,2),
	(109,6197,2),
	(109,7379,2),
	(109,11274,2),
	(109,11417,2),
	(109,11439,2),
	(109,12305,2),
	(109,12318,2),
	(109,20632,2),
	(109,23601,2),
	(109,25128,2),
	(109,25131,2),
	(109,3074,3),
	(109,5687,3),
	(109,5822,3),
	(109,12830,3),
	(109,23561,3),
	(109,6556,4),
	(109,12260,4),
	(109,3094,7),
	(109,13805,7),
	(109,13806,7),
	(109,25116,7),
	(109,25168,7),
	(109,4344,8),
	(109,10995,8),
	(109,12866,10),
	(109,13807,10),
	(109,13813,10),
	(109,13817,10),
	(110,3040,6),
	(110,7999,6),
	(110,12004,6),
	(110,12005,6),
	(110,12009,6),
	(110,12013,6),
	(110,12014,6),
	(110,12006,10),
	(110,12010,10),
	(110,12015,10),
	(112,3040,6),
	(112,12005,6),
	(112,12021,6),
	(112,12022,6),
	(112,12025,6),
	(112,12026,6),
	(112,12017,10),
	(112,12023,10),
	(112,12027,10),
	(113,3040,6),
	(113,12005,6),
	(113,12021,6),
	(113,12022,6),
	(113,12025,6),
	(113,12026,6),
	(113,12029,10),
	(113,12033,10),
	(113,12037,10),
	(114,3040,6),
	(114,12005,6),
	(114,12021,6),
	(114,12022,6),
	(114,12025,6),
	(114,12026,6),
	(114,12041,10),
	(114,12045,10),
	(114,12049,10),
	(115,3040,6),
	(115,12005,6),
	(115,12021,6),
	(115,12022,6),
	(115,12025,6),
	(115,12026,6),
	(115,12065,10),
	(115,12069,10),
	(115,12073,10),
	(116,5177,2),
	(116,5882,2),
	(116,6197,2),
	(116,11415,2),
	(116,11417,2),
	(116,11437,2),
	(116,11439,2),
	(116,11460,2),
	(116,11572,2),
	(116,11573,2),
	(116,11574,2),
	(116,11577,2),
	(116,11579,2),
	(116,11607,2),
	(116,11608,2),
	(116,11609,2),
	(116,11614,2),
	(116,11615,2),
	(116,11652,2),
	(116,11653,2),
	(116,11654,2),
	(116,11657,2),
	(116,12192,2),
	(116,12202,2),
	(116,12214,2),
	(116,12305,2),
	(116,12318,2),
	(116,16263,2),
	(116,16299,2),
	(116,5022,3),
	(116,20564,3),
	(116,22861,3),
	(116,3068,6),
	(116,13456,6),
	(116,13458,6),
	(116,13460,6),
	(116,13885,6),
	(116,13886,6),
	(116,13889,6),
	(116,13883,10),
	(116,13887,10),
	(116,13890,10),
	(117,6197,2),
	(117,11417,2),
	(117,11439,2),
	(117,11572,2),
	(117,11573,2),
	(117,11607,2),
	(117,11608,2),
	(117,11652,2),
	(117,11653,2),
	(117,5022,3),
	(117,20564,3),
	(117,22861,3),
	(117,13462,6),
	(117,13464,6),
	(117,13466,6),
	(117,33857,6),
	(117,33864,6),
	(117,33871,6),
	(117,13987,10),
	(117,13990,10),
	(117,13993,10),
	(118,5022,3),
	(118,20564,3),
	(118,22861,3),
	(118,13468,6),
	(118,13469,6),
	(118,13471,6),
	(118,13472,6),
	(118,13474,6),
	(118,13475,6),
	(118,14060,6),
	(118,14061,6),
	(118,14065,6),
	(118,14066,6),
	(118,14070,6),
	(118,14071,6),
	(118,14062,10),
	(118,14067,10),
	(118,14072,10),
	(119,5022,3),
	(119,20564,3),
	(119,22861,3),
	(119,3068,6),
	(119,3787,6),
	(119,11612,6),
	(119,13477,6),
	(119,13481,6),
	(119,13893,6),
	(119,13894,6),
	(119,13898,6),
	(119,13899,6),
	(119,13900,6),
	(119,13903,6),
	(119,13904,6),
	(119,13895,10),
	(119,13901,10),
	(119,13905,10),
	(120,5687,3),
	(120,6556,3),
	(120,12260,3),
	(120,14090,6),
	(120,14091,6),
	(120,14092,6),
	(120,14093,6),
	(120,14094,6),
	(120,14095,6),
	(120,14096,10),
	(120,14099,10),
	(120,14102,10),
	(121,3045,1),
	(121,3082,1),
	(121,5195,1),
	(121,5290,1),
	(121,5687,1),
	(121,5820,1),
	(121,6301,1),
	(121,7721,1),
	(121,8146,1),
	(121,8188,1),
	(121,10321,1),
	(121,11496,1),
	(121,12260,1),
	(121,12272,1),
	(121,13342,1),
	(121,17072,1),
	(121,17078,1),
	(121,17993,1),
	(121,20615,1),
	(121,22285,1),
	(121,22328,1),
	(121,22381,1),
	(121,22382,1),
	(121,22669,1),
	(121,22670,1),
	(121,22671,1),
	(121,22672,1),
	(121,22673,1),
	(121,22674,1),
	(121,22675,1),
	(121,22676,1),
	(121,22677,1),
	(121,22678,1),
	(121,22679,1),
	(121,22680,1),
	(121,22681,1),
	(121,22682,1),
	(121,22683,1),
	(121,22702,1),
	(121,22703,1),
	(121,22704,1),
	(121,22705,1),
	(121,22706,1),
	(121,22707,1),
	(121,22708,1),
	(121,22709,1),
	(121,22710,1),
	(121,22711,1),
	(121,22712,1),
	(121,22713,1),
	(121,22714,1),
	(121,22716,1),
	(121,22717,1),
	(121,22718,1),
	(121,22719,1),
	(121,22720,1),
	(121,22721,1),
	(121,22722,1),
	(121,22743,1),
	(121,22744,1),
	(121,22745,1),
	(121,22746,1),
	(121,22747,1),
	(121,22748,1),
	(121,22749,1),
	(121,22750,1),
	(121,22751,1),
	(121,22752,1),
	(121,22753,1),
	(121,22754,1),
	(121,22755,1),
	(121,22756,1),
	(121,22757,1),
	(121,22758,1),
	(121,22759,1),
	(121,22760,1),
	(121,22761,1),
	(121,5177,2),
	(121,11573,2),
	(121,11574,2),
	(121,11577,2),
	(121,11608,2),
	(121,11609,2),
	(121,11615,2),
	(121,11653,2),
	(121,11654,2),
	(121,11657,2),
	(121,12202,2),
	(121,12305,2),
	(121,12318,2),
	(121,22715,2),
	(121,5882,3),
	(121,7213,3),
	(121,11614,3),
	(121,12192,3),
	(121,12214,3),
	(121,84697,3),
	(121,84721,3),
	(121,96462,3),
	(121,3074,6),
	(121,10993,6),
	(121,4344,8),
	(121,12866,8),
	(121,12830,9),
	(121,4333,10),
	(121,10986,10),
	(121,12172,10),
	(121,17073,10),
	(121,17079,10),
	(121,17086,10),
	(122,3044,1),
	(122,3045,1),
	(122,3054,1),
	(122,3055,1),
	(122,3056,1),
	(122,3080,1),
	(122,3082,1),
	(122,3088,1),
	(122,3091,1),
	(122,3092,1),
	(122,3094,1),
	(122,3095,1),
	(122,4339,1),
	(122,5193,1),
	(122,6064,1),
	(122,6409,1),
	(122,6471,1),
	(122,6823,1),
	(122,8018,1),
	(122,8073,1),
	(122,9917,1),
	(122,10155,1),
	(122,10194,1),
	(122,10716,1),
	(122,12260,1),
	(122,12272,1),
	(122,16568,1),
	(122,19129,1),
	(122,20614,1),
	(122,20615,1),
	(122,20631,1),
	(122,20632,1),
	(122,20633,1),
	(122,20634,1),
	(122,20635,1),
	(122,20636,1),
	(122,20637,1),
	(122,20638,1),
	(122,22546,1),
	(122,23419,1),
	(122,23461,1),
	(122,23516,1),
	(122,23554,1),
	(122,23555,1),
	(122,23556,1),
	(122,23557,1),
	(122,23558,1),
	(122,23559,1),
	(122,23560,1),
	(122,23561,1),
	(122,23592,1),
	(122,23593,1),
	(122,23594,1),
	(122,23595,1),
	(122,23596,1),
	(122,23597,1),
	(122,23598,1),
	(122,23599,1),
	(122,23600,1),
	(122,23601,1),
	(122,23602,1),
	(122,23641,1),
	(122,23642,1),
	(122,23643,1),
	(122,23644,1),
	(122,23645,1),
	(122,23646,1),
	(122,23647,1),
	(122,23648,1),
	(122,23649,1),
	(122,23650,1),
	(122,23651,1),
	(122,23652,1),
	(122,23653,1),
	(122,23654,1),
	(122,31287,1),
	(122,3053,2),
	(122,3074,2),
	(122,3090,2),
	(122,4333,2),
	(122,5189,2),
	(122,5258,2),
	(122,5882,2),
	(122,6197,2),
	(122,9200,2),
	(122,11415,2),
	(122,11416,2),
	(122,11417,2),
	(122,11437,2),
	(122,11438,2),
	(122,11439,2),
	(122,11460,2),
	(122,11461,2),
	(122,11571,2),
	(122,11572,2),
	(122,11573,2),
	(122,11574,2),
	(122,11575,2),
	(122,11577,2),
	(122,11606,2),
	(122,11607,2),
	(122,11608,2),
	(122,11609,2),
	(122,11611,2),
	(122,11614,2),
	(122,11615,2),
	(122,11651,2),
	(122,11652,2),
	(122,11653,2),
	(122,11654,2),
	(122,11655,2),
	(122,11657,2),
	(122,11764,2),
	(122,11797,2),
	(122,11838,2),
	(122,22625,2),
	(122,5018,3),
	(122,11610,3),
	(122,12021,3),
	(122,12025,3),
	(122,22586,3),
	(122,29048,3),
	(122,29093,3),
	(122,3040,4),
	(122,3482,6),
	(122,3483,6),
	(122,3486,6),
	(122,3487,6),
	(122,5055,6),
	(122,5496,6),
	(122,7995,6),
	(122,10021,6),
	(122,23787,6),
	(122,8186,7),
	(122,3478,8),
	(122,3479,9),
	(122,17042,10),
	(122,17047,10),
	(122,17052,10),
	(123,3045,1),
	(123,3049,1),
	(123,3053,1),
	(123,3054,1),
	(123,3055,1),
	(123,3056,1),
	(123,3068,1),
	(123,3080,1),
	(123,3081,1),
	(123,3082,1),
	(123,3086,1),
	(123,3088,1),
	(123,3090,1),
	(123,3091,1),
	(123,3092,1),
	(123,3094,1),
	(123,3095,1),
	(123,4878,1),
	(123,4899,1),
	(123,5189,1),
	(123,5200,1),
	(123,5258,1),
	(123,5687,1),
	(123,5822,1),
	(123,5883,1),
	(123,7582,1),
	(123,7683,1),
	(123,7754,1),
	(123,7995,1),
	(123,8073,1),
	(123,8168,1),
	(123,8186,1),
	(123,8608,1),
	(123,8630,1),
	(123,11274,1),
	(123,12272,1),
	(123,12727,1),
	(123,13885,1),
	(123,13893,1),
	(123,15367,1),
	(123,20566,1),
	(123,20614,1),
	(123,20615,1),
	(123,20631,1),
	(123,20632,1),
	(123,20633,1),
	(123,20634,1),
	(123,20635,1),
	(123,20636,1),
	(123,20637,1),
	(123,20638,1),
	(123,20961,1),
	(123,21013,1),
	(123,22542,1),
	(123,22543,1),
	(123,22546,1),
	(123,22578,1),
	(123,22580,1),
	(123,22902,1),
	(123,22942,1),
	(123,22994,1),
	(123,23416,1),
	(123,23417,1),
	(123,23418,1),
	(123,23419,1),
	(123,23457,1),
	(123,23458,1),
	(123,23459,1),
	(123,23460,1),
	(123,23461,1),
	(123,23507,1),
	(123,23508,1),
	(123,23509,1),
	(123,23510,1),
	(123,23511,1),
	(123,23512,1),
	(123,23513,1),
	(123,23514,1),
	(123,23515,1),
	(123,23516,1),
	(123,31287,1),
	(123,5882,2),
	(123,6197,2),
	(123,9200,2),
	(123,11415,2),
	(123,11416,2),
	(123,11417,2),
	(123,11437,2),
	(123,11438,2),
	(123,11439,2),
	(123,11460,2),
	(123,11461,2),
	(123,11571,2),
	(123,11572,2),
	(123,11573,2),
	(123,11574,2),
	(123,11575,2),
	(123,11577,2),
	(123,11606,2),
	(123,11607,2),
	(123,11608,2),
	(123,11609,2),
	(123,11610,2),
	(123,11611,2),
	(123,11614,2),
	(123,11615,2),
	(123,11651,2),
	(123,11652,2),
	(123,11653,2),
	(123,11654,2),
	(123,11655,2),
	(123,11657,2),
	(123,11764,2),
	(123,11797,2),
	(123,11838,2),
	(123,12260,2),
	(123,22576,2),
	(123,3040,3),
	(123,5018,3),
	(123,12021,3),
	(123,12025,3),
	(123,22586,3),
	(123,29048,3),
	(123,29093,3),
	(123,22625,4),
	(123,3482,6),
	(123,3483,6),
	(123,3486,6),
	(123,3487,6),
	(123,7786,6),
	(123,23414,6),
	(123,23455,6),
	(123,23505,6),
	(123,3478,7),
	(123,4114,8),
	(123,5861,8),
	(123,3479,10),
	(123,23415,10),
	(123,23456,10),
	(123,23506,10),
	(124,3045,1),
	(124,3053,1),
	(124,3054,1),
	(124,3055,1),
	(124,3068,1),
	(124,3081,1),
	(124,3088,1),
	(124,3090,1),
	(124,3091,1),
	(124,3092,1),
	(124,3094,1),
	(124,3095,1),
	(124,4333,1),
	(124,4342,1),
	(124,5258,1),
	(124,5266,1),
	(124,5687,1),
	(124,5710,1),
	(124,7214,1),
	(124,7261,1),
	(124,7995,1),
	(124,8073,1),
	(124,8186,1),
	(124,9674,1),
	(124,9675,1),
	(124,9676,1),
	(124,10021,1),
	(124,10618,1),
	(124,12272,1),
	(124,13750,1),
	(124,13893,1),
	(124,13898,1),
	(124,18242,1),
	(124,20614,1),
	(124,20615,1),
	(124,20631,1),
	(124,20632,1),
	(124,20633,1),
	(124,20634,1),
	(124,20635,1),
	(124,20636,1),
	(124,20637,1),
	(124,20638,1),
	(124,22542,1),
	(124,22545,1),
	(124,22546,1),
	(124,22547,1),
	(124,22578,1),
	(124,22581,1),
	(124,22582,1),
	(124,22583,1),
	(124,22584,1),
	(124,22585,1),
	(124,22587,1),
	(124,22622,1),
	(124,22626,1),
	(124,22627,1),
	(124,22628,1),
	(124,22629,1),
	(124,22630,1),
	(124,22631,1),
	(124,22632,1),
	(124,22633,1),
	(124,22634,1),
	(124,22635,1),
	(124,23319,1),
	(124,31287,1),
	(124,3056,2),
	(124,5189,2),
	(124,5882,2),
	(124,6197,2),
	(124,9200,2),
	(124,11415,2),
	(124,11416,2),
	(124,11417,2),
	(124,11437,2),
	(124,11438,2),
	(124,11439,2),
	(124,11460,2),
	(124,11461,2),
	(124,11571,2),
	(124,11572,2),
	(124,11573,2),
	(124,11574,2),
	(124,11575,2),
	(124,11577,2),
	(124,11606,2),
	(124,11607,2),
	(124,11608,2),
	(124,11609,2),
	(124,11610,2),
	(124,11611,2),
	(124,11614,2),
	(124,11615,2),
	(124,11651,2),
	(124,11652,2),
	(124,11653,2),
	(124,11654,2),
	(124,11655,2),
	(124,11657,2),
	(124,11764,2),
	(124,11797,2),
	(124,11838,2),
	(124,12260,2),
	(124,22543,2),
	(124,22544,2),
	(124,22579,2),
	(124,22580,2),
	(124,3040,3),
	(124,5018,3),
	(124,12021,3),
	(124,12025,3),
	(124,22586,3),
	(124,29048,3),
	(124,29093,3),
	(124,22625,4),
	(124,3482,6),
	(124,3483,6),
	(124,3486,6),
	(124,3487,6),
	(124,22575,6),
	(124,23236,6),
	(124,3478,7),
	(124,7254,7),
	(124,22540,7),
	(124,22539,8),
	(124,22576,9),
	(124,3479,10),
	(124,22541,10),
	(124,22577,10),
	(124,22624,10),
	(125,5882,2),
	(125,6197,2),
	(125,11415,2),
	(125,11417,2),
	(125,11437,2),
	(125,11439,2),
	(125,11460,2),
	(125,11572,2),
	(125,11574,2),
	(125,11577,2),
	(125,11579,2),
	(125,11607,2),
	(125,11609,2),
	(125,11614,2),
	(125,11615,2),
	(125,11652,2),
	(125,11654,2),
	(125,11657,2),
	(125,16263,2),
	(125,16299,2),
	(125,4656,3),
	(125,4658,3),
	(125,4659,3),
	(125,4661,3),
	(125,4662,3),
	(125,4664,3),
	(125,19934,6),
	(125,19935,6),
	(125,19936,6),
	(125,19937,6),
	(125,19938,6),
	(125,19939,6),
	(125,19940,6),
	(125,19941,6),
	(125,29776,10),
	(125,29786,10),
	(125,29798,10),
	(126,5177,2),
	(126,5882,2),
	(126,6197,2),
	(126,11415,2),
	(126,11417,2),
	(126,11437,2),
	(126,11439,2),
	(126,11460,2),
	(126,11572,2),
	(126,11574,2),
	(126,11577,2),
	(126,11579,2),
	(126,11607,2),
	(126,11609,2),
	(126,11614,2),
	(126,11615,2),
	(126,11652,2),
	(126,11654,2),
	(126,11657,2),
	(126,11764,2),
	(126,11765,2),
	(126,11797,2),
	(126,11798,2),
	(126,11838,2),
	(126,11839,2),
	(126,12305,2),
	(126,12318,2),
	(126,16263,2),
	(126,16299,2),
	(126,4656,3),
	(126,4658,3),
	(126,4659,3),
	(126,4661,3),
	(126,4662,3),
	(126,4664,3),
	(126,19934,6),
	(126,19935,6),
	(126,19936,6),
	(126,19937,6),
	(126,19938,6),
	(126,19939,6),
	(126,19940,6),
	(126,19941,6),
	(126,29810,10),
	(126,29823,10),
	(126,29838,10),
	(127,4858,2),
	(127,5882,2),
	(127,6197,2),
	(127,9620,2),
	(127,11417,2),
	(127,11439,2),
	(127,11572,2),
	(127,11574,2),
	(127,11577,2),
	(127,11579,2),
	(127,11607,2),
	(127,11609,2),
	(127,11614,2),
	(127,11615,2),
	(127,11652,2),
	(127,11654,2),
	(127,11657,2),
	(127,11764,2),
	(127,11765,2),
	(127,11797,2),
	(127,11798,2),
	(127,11838,2),
	(127,11839,2),
	(127,16263,2),
	(127,16299,2),
	(127,23459,2),
	(127,73522,2),
	(127,76118,2),
	(127,76133,2),
	(127,76134,2),
	(127,4656,3),
	(127,4658,3),
	(127,4659,3),
	(127,4661,3),
	(127,4662,3),
	(127,4664,3),
	(127,19934,6),
	(127,19935,6),
	(127,19936,6),
	(127,19937,6),
	(127,19938,6),
	(127,19939,6),
	(127,19940,6),
	(127,19941,6),
	(127,19961,6),
	(127,19964,6),
	(127,19968,6),
	(127,29853,10),
	(127,29865,10),
	(127,29879,10),
	(128,2538,2),
	(128,3041,2),
	(128,5177,2),
	(128,5882,2),
	(128,5902,2),
	(128,6197,2),
	(128,11383,2),
	(128,11415,2),
	(128,11416,2),
	(128,11417,2),
	(128,11437,2),
	(128,11438,2),
	(128,11439,2),
	(128,11460,2),
	(128,11461,2),
	(128,11574,2),
	(128,11577,2),
	(128,11605,2),
	(128,11609,2),
	(128,11614,2),
	(128,11615,2),
	(128,11650,2),
	(128,11654,2),
	(128,11657,2),
	(128,11763,2),
	(128,11796,2),
	(128,11837,2),
	(128,12305,2),
	(128,12318,2),
	(128,28583,2),
	(128,28614,2),
	(128,28648,2),
	(128,28650,3),
	(128,28651,3),
	(128,28652,3),
	(128,28656,3),
	(128,28657,3),
	(128,28658,3),
	(128,28660,3),
	(128,28661,3),
	(128,28662,3),
	(128,7636,6),
	(128,7675,6),
	(128,28649,6),
	(128,28654,6),
	(128,28655,6),
	(128,28659,6),
	(128,30314,10),
	(128,30330,10),
	(128,30347,10),
	(129,2538,2),
	(129,3041,2),
	(129,5882,2),
	(129,5902,2),
	(129,6197,2),
	(129,11383,2),
	(129,11415,2),
	(129,11416,2),
	(129,11417,2),
	(129,11437,2),
	(129,11438,2),
	(129,11439,2),
	(129,11460,2),
	(129,11461,2),
	(129,11572,2),
	(129,11574,2),
	(129,11577,2),
	(129,11605,2),
	(129,11607,2),
	(129,11609,2),
	(129,11614,2),
	(129,11615,2),
	(129,11650,2),
	(129,11652,2),
	(129,11654,2),
	(129,11657,2),
	(129,11763,2),
	(129,11796,2),
	(129,11837,2),
	(129,28583,2),
	(129,28614,2),
	(129,28648,2),
	(129,28650,3),
	(129,28651,3),
	(129,28652,3),
	(129,28656,3),
	(129,28657,3),
	(129,28658,3),
	(129,28660,3),
	(129,28661,3),
	(129,28662,3),
	(129,28679,6),
	(129,28680,6),
	(129,28684,6),
	(129,28685,6),
	(129,28689,6),
	(129,28690,6),
	(129,30364,10),
	(129,30380,10),
	(129,30397,10),
	(130,2538,2),
	(130,3041,2),
	(130,5177,2),
	(130,5882,2),
	(130,5902,2),
	(130,6197,2),
	(130,11383,2),
	(130,11415,2),
	(130,11416,2),
	(130,11417,2),
	(130,11437,2),
	(130,11438,2),
	(130,11439,2),
	(130,11460,2),
	(130,11461,2),
	(130,11572,2),
	(130,11574,2),
	(130,11577,2),
	(130,11605,2),
	(130,11607,2),
	(130,11609,2),
	(130,11614,2),
	(130,11615,2),
	(130,11650,2),
	(130,11652,2),
	(130,11654,2),
	(130,11657,2),
	(130,11763,2),
	(130,11796,2),
	(130,11837,2),
	(130,12305,2),
	(130,12318,2),
	(130,28583,2),
	(130,28614,2),
	(130,28648,2),
	(130,28650,3),
	(130,28651,3),
	(130,28652,3),
	(130,28656,3),
	(130,28657,3),
	(130,28658,3),
	(130,28660,3),
	(130,28661,3),
	(130,28662,3),
	(130,28709,6),
	(130,28710,6),
	(130,28714,6),
	(130,28715,6),
	(130,28719,6),
	(130,28720,6),
	(130,30414,10),
	(130,30431,10),
	(130,30449,10),
	(131,2538,2),
	(131,3041,2),
	(131,5882,2),
	(131,5902,2),
	(131,6197,2),
	(131,11383,2),
	(131,11415,2),
	(131,11417,2),
	(131,11437,2),
	(131,11439,2),
	(131,11460,2),
	(131,11572,2),
	(131,11573,2),
	(131,11574,2),
	(131,11577,2),
	(131,11605,2),
	(131,11607,2),
	(131,11608,2),
	(131,11609,2),
	(131,11614,2),
	(131,11615,2),
	(131,11650,2),
	(131,11652,2),
	(131,11653,2),
	(131,11654,2),
	(131,11657,2),
	(131,11763,2),
	(131,11796,2),
	(131,11837,2),
	(131,28583,2),
	(131,28614,2),
	(131,28648,2),
	(131,28650,3),
	(131,28651,3),
	(131,28652,3),
	(131,28656,3),
	(131,28657,3),
	(131,28658,3),
	(131,28660,3),
	(131,28661,3),
	(131,28662,3),
	(131,4333,6),
	(131,28754,6),
	(131,28755,6),
	(131,28757,6),
	(131,28758,6),
	(131,28761,6),
	(131,28762,6),
	(131,30467,10),
	(131,30483,10),
	(131,30501,10),
	(132,2538,2),
	(132,3041,2),
	(132,5882,2),
	(132,5902,2),
	(132,6197,2),
	(132,11383,2),
	(132,11415,2),
	(132,11416,2),
	(132,11417,2),
	(132,11437,2),
	(132,11438,2),
	(132,11439,2),
	(132,11460,2),
	(132,11461,2),
	(132,11574,2),
	(132,11577,2),
	(132,11605,2),
	(132,11609,2),
	(132,11614,2),
	(132,11615,2),
	(132,11650,2),
	(132,11654,2),
	(132,11657,2),
	(132,11763,2),
	(132,11796,2),
	(132,11837,2),
	(132,28583,2),
	(132,28614,2),
	(132,28648,2),
	(132,28650,3),
	(132,28651,3),
	(132,28652,3),
	(132,28656,3),
	(132,28657,3),
	(132,28658,3),
	(132,28660,3),
	(132,28661,3),
	(132,28662,3),
	(132,3478,6),
	(132,7995,6),
	(132,8186,6),
	(132,28774,6),
	(132,28779,6),
	(132,28784,6),
	(132,30267,10),
	(132,30282,10),
	(132,30298,10),
	(133,2538,2),
	(133,3041,2),
	(133,5882,2),
	(133,5902,2),
	(133,6197,2),
	(133,11383,2),
	(133,11415,2),
	(133,11416,2),
	(133,11417,2),
	(133,11437,2),
	(133,11438,2),
	(133,11439,2),
	(133,11460,2),
	(133,11461,2),
	(133,11574,2),
	(133,11577,2),
	(133,11605,2),
	(133,11609,2),
	(133,11614,2),
	(133,11615,2),
	(133,11650,2),
	(133,11654,2),
	(133,11657,2),
	(133,11763,2),
	(133,11796,2),
	(133,11837,2),
	(133,28583,2),
	(133,28614,2),
	(133,28648,2),
	(133,28650,3),
	(133,28651,3),
	(133,28652,3),
	(133,28656,3),
	(133,28657,3),
	(133,28658,3),
	(133,28660,3),
	(133,28661,3),
	(133,28662,3),
	(133,3941,6),
	(133,5856,6),
	(133,8130,6),
	(133,28804,6),
	(133,28809,6),
	(133,28810,6),
	(133,28815,6),
	(133,28816,6),
	(133,30218,10),
	(133,30233,10),
	(133,30250,10),
	(134,2538,2),
	(134,3041,2),
	(134,5177,2),
	(134,5902,2),
	(134,6197,2),
	(134,11383,2),
	(134,11415,2),
	(134,11417,2),
	(134,11437,2),
	(134,11439,2),
	(134,11460,2),
	(134,11605,2),
	(134,11650,2),
	(134,11763,2),
	(134,11796,2),
	(134,11837,2),
	(134,12305,2),
	(134,12318,2),
	(134,28583,2),
	(134,28614,2),
	(134,28648,2),
	(134,28650,3),
	(134,28651,3),
	(134,28652,3),
	(134,28656,3),
	(134,28657,3),
	(134,28658,3),
	(134,28660,3),
	(134,28661,3),
	(134,28662,3),
	(134,3056,6),
	(134,28855,6),
	(134,28860,6),
	(134,28861,6),
	(134,28865,6),
	(134,28866,6),
	(134,30179,10),
	(134,30192,10),
	(134,30205,10),
	(135,2538,2),
	(135,3041,2),
	(135,5177,2),
	(135,5902,2),
	(135,6197,2),
	(135,11383,2),
	(135,11415,2),
	(135,11417,2),
	(135,11437,2),
	(135,11439,2),
	(135,11460,2),
	(135,11605,2),
	(135,11650,2),
	(135,11763,2),
	(135,11796,2),
	(135,11837,2),
	(135,12305,2),
	(135,12318,2),
	(135,28583,2),
	(135,28614,2),
	(135,28648,2),
	(135,28650,3),
	(135,28651,3),
	(135,28652,3),
	(135,28656,3),
	(135,28657,3),
	(135,28658,3),
	(135,28660,3),
	(135,28661,3),
	(135,28662,3),
	(135,5056,6),
	(135,28900,6),
	(135,28905,6),
	(135,28906,6),
	(135,28910,6),
	(135,28911,6),
	(135,30101,10),
	(135,30114,10),
	(135,30127,10),
	(136,2538,2),
	(136,3041,2),
	(136,5177,2),
	(136,5882,2),
	(136,5902,2),
	(136,6197,2),
	(136,11383,2),
	(136,11415,2),
	(136,11416,2),
	(136,11417,2),
	(136,11437,2),
	(136,11438,2),
	(136,11439,2),
	(136,11460,2),
	(136,11461,2),
	(136,11571,2),
	(136,11572,2),
	(136,11573,2),
	(136,11574,2),
	(136,11577,2),
	(136,11605,2),
	(136,11606,2),
	(136,11607,2),
	(136,11608,2),
	(136,11609,2),
	(136,11614,2),
	(136,11615,2),
	(136,11650,2),
	(136,11651,2),
	(136,11652,2),
	(136,11653,2),
	(136,11654,2),
	(136,11657,2),
	(136,11763,2),
	(136,11796,2),
	(136,11837,2),
	(136,12305,2),
	(136,12318,2),
	(136,28583,2),
	(136,28614,2),
	(136,28648,2),
	(136,28650,3),
	(136,28651,3),
	(136,28652,3),
	(136,28656,3),
	(136,28657,3),
	(136,28658,3),
	(136,28660,3),
	(136,28661,3),
	(136,28662,3),
	(136,28945,6),
	(136,28949,6),
	(136,28950,6),
	(136,28954,6),
	(136,28955,6),
	(136,30043,10),
	(136,30061,10),
	(136,30081,10),
	(137,2538,2),
	(137,3041,2),
	(137,5177,2),
	(137,5882,2),
	(137,5902,2),
	(137,6197,2),
	(137,11383,2),
	(137,11415,2),
	(137,11417,2),
	(137,11437,2),
	(137,11439,2),
	(137,11460,2),
	(137,11574,2),
	(137,11577,2),
	(137,11605,2),
	(137,11609,2),
	(137,11614,2),
	(137,11615,2),
	(137,11650,2),
	(137,11654,2),
	(137,11657,2),
	(137,11765,2),
	(137,11798,2),
	(137,11839,2),
	(137,12293,2),
	(137,12305,2),
	(137,12306,2),
	(137,12318,2),
	(137,12319,2),
	(137,28583,2),
	(137,28614,2),
	(137,28648,2),
	(137,5022,3),
	(137,20564,3),
	(137,22861,3),
	(137,7700,6),
	(137,7713,6),
	(137,7731,6),
	(137,29725,6),
	(137,29729,6),
	(137,29733,6),
	(137,30019,10),
	(137,30023,10),
	(137,30027,10),
	(138,5177,2),
	(138,5882,2),
	(138,6197,2),
	(138,11415,2),
	(138,11417,2),
	(138,11437,2),
	(138,11439,2),
	(138,11460,2),
	(138,11572,2),
	(138,11574,2),
	(138,11577,2),
	(138,11578,2),
	(138,11607,2),
	(138,11609,2),
	(138,11614,2),
	(138,11615,2),
	(138,11616,2),
	(138,11617,2),
	(138,11652,2),
	(138,11654,2),
	(138,11657,2),
	(138,11658,2),
	(138,11659,2),
	(138,12305,2),
	(138,12318,2),
	(138,16263,2),
	(138,16299,2),
	(138,4658,3),
	(138,4659,3),
	(138,4661,3),
	(138,4662,3),
	(138,4664,3),
	(138,11579,4),
	(138,4677,6),
	(138,19937,6),
	(138,30975,6),
	(138,30980,6),
	(138,30984,6),
	(138,30985,6),
	(138,4656,9),
	(138,30976,10),
	(138,30981,10),
	(138,30986,10),
	(139,3041,2),
	(139,5177,2),
	(139,5882,2),
	(139,6197,2),
	(139,11383,2),
	(139,11415,2),
	(139,11417,2),
	(139,11437,2),
	(139,11439,2),
	(139,11460,2),
	(139,11577,2),
	(139,11605,2),
	(139,11614,2),
	(139,11615,2),
	(139,11650,2),
	(139,11657,2),
	(139,11765,2),
	(139,11798,2),
	(139,11839,2),
	(139,12293,2),
	(139,12305,2),
	(139,12306,2),
	(139,12318,2),
	(139,12319,2),
	(139,28583,2),
	(139,28614,2),
	(139,28648,2),
	(139,2544,3),
	(139,7700,3),
	(139,7713,3),
	(139,7737,3),
	(139,10273,3),
	(139,10904,3),
	(139,10914,3),
	(139,2538,5),
	(139,5902,5),
	(139,5263,6),
	(139,31782,6),
	(139,31783,6),
	(139,31786,6),
	(139,31787,6),
	(139,31791,6),
	(139,31792,6),
	(139,31784,10),
	(139,31788,10),
	(139,31793,10),
	(140,5882,2),
	(140,6197,2),
	(140,11415,2),
	(140,11417,2),
	(140,11437,2),
	(140,11439,2),
	(140,11460,2),
	(140,11572,2),
	(140,11573,2),
	(140,11574,2),
	(140,11576,2),
	(140,11577,2),
	(140,11579,2),
	(140,11607,2),
	(140,11608,2),
	(140,11609,2),
	(140,11612,2),
	(140,11613,2),
	(140,11614,2),
	(140,11615,2),
	(140,11652,2),
	(140,11653,2),
	(140,11654,2),
	(140,11656,2),
	(140,11657,2),
	(140,12192,2),
	(140,12202,2),
	(140,12214,2),
	(140,16263,2),
	(140,16299,2),
	(140,5022,3),
	(140,20564,3),
	(140,22861,3),
	(140,3478,6),
	(140,7995,6),
	(140,30031,6),
	(140,30035,6),
	(140,30039,6),
	(140,30040,6),
	(140,43717,6),
	(140,43721,6),
	(140,43726,6),
	(140,30032,10),
	(140,30036,10),
	(140,30041,10),
	(141,5882,2),
	(141,6197,2),
	(141,11415,2),
	(141,11416,2),
	(141,11417,2),
	(141,11437,2),
	(141,11438,2),
	(141,11439,2),
	(141,11460,2),
	(141,11461,2),
	(141,11571,2),
	(141,11572,2),
	(141,11573,2),
	(141,11574,2),
	(141,11577,2),
	(141,11579,2),
	(141,11606,2),
	(141,11607,2),
	(141,11608,2),
	(141,11609,2),
	(141,11614,2),
	(141,11615,2),
	(141,11651,2),
	(141,11652,2),
	(141,11653,2),
	(141,11654,2),
	(141,11657,2),
	(141,12192,2),
	(141,12202,2),
	(141,12214,2),
	(141,16263,2),
	(141,16299,2),
	(141,5022,3),
	(141,20564,3),
	(141,22861,3),
	(141,5017,6),
	(141,5020,6),
	(141,5023,6),
	(141,33465,6),
	(141,33469,6),
	(141,33473,6),
	(141,33466,10),
	(141,33470,10),
	(141,33474,10),
	(142,3068,1),
	(142,3074,1),
	(142,3078,1),
	(142,3081,1),
	(142,3082,1),
	(142,3088,1),
	(142,3090,1),
	(142,3091,1),
	(142,3092,1),
	(142,3094,1),
	(142,3095,1),
	(142,5189,1),
	(142,5258,1),
	(142,5683,1),
	(142,6556,1),
	(142,7719,1),
	(142,7739,1),
	(142,8073,1),
	(142,9648,1),
	(142,9683,1),
	(142,12272,1),
	(142,13885,1),
	(142,13898,1),
	(142,20614,1),
	(142,20615,1),
	(142,20631,1),
	(142,20632,1),
	(142,20633,1),
	(142,20634,1),
	(142,20635,1),
	(142,20636,1),
	(142,20637,1),
	(142,20638,1),
	(142,21010,1),
	(142,22631,1),
	(142,23648,1),
	(142,33980,1),
	(142,33981,1),
	(142,33982,1),
	(142,33984,1),
	(142,33985,1),
	(142,33986,1),
	(142,33987,1),
	(142,33988,1),
	(142,34000,1),
	(142,34001,1),
	(142,34002,1),
	(142,34003,1),
	(142,34004,1),
	(142,34089,1),
	(142,34123,1),
	(142,34124,1),
	(142,34125,1),
	(142,34126,1),
	(142,3041,2),
	(142,5687,2),
	(142,5882,2),
	(142,6197,2),
	(142,11415,2),
	(142,11416,2),
	(142,11417,2),
	(142,11437,2),
	(142,11438,2),
	(142,11439,2),
	(142,11460,2),
	(142,11461,2),
	(142,11571,2),
	(142,11572,2),
	(142,11573,2),
	(142,11574,2),
	(142,11576,2),
	(142,11577,2),
	(142,11605,2),
	(142,11606,2),
	(142,11607,2),
	(142,11608,2),
	(142,11609,2),
	(142,11612,2),
	(142,11613,2),
	(142,11614,2),
	(142,11615,2),
	(142,11650,2),
	(142,11651,2),
	(142,11652,2),
	(142,11653,2),
	(142,11654,2),
	(142,11656,2),
	(142,11657,2),
	(142,33983,2),
	(142,5022,3),
	(142,20564,3),
	(142,22861,3),
	(142,17589,6),
	(142,34011,6),
	(142,4333,7),
	(142,33978,7),
	(142,33997,7),
	(142,33998,7),
	(142,10322,8),
	(142,34012,10),
	(142,34015,10),
	(142,34034,10),
	(143,5882,2),
	(143,6197,2),
	(143,11415,2),
	(143,11416,2),
	(143,11417,2),
	(143,11437,2),
	(143,11438,2),
	(143,11439,2),
	(143,11460,2),
	(143,11461,2),
	(143,11572,2),
	(143,11573,2),
	(143,11574,2),
	(143,11577,2),
	(143,11607,2),
	(143,11608,2),
	(143,11609,2),
	(143,11614,2),
	(143,11615,2),
	(143,11652,2),
	(143,11653,2),
	(143,11654,2),
	(143,11657,2),
	(143,11764,2),
	(143,11797,2),
	(143,11838,2),
	(143,5022,3),
	(143,20564,3),
	(143,22861,3),
	(143,4333,6),
	(143,5193,6),
	(143,5912,6),
	(143,6435,6),
	(143,6471,6),
	(143,18894,6),
	(143,35127,6),
	(143,35131,6),
	(143,35138,6),
	(143,10980,10),
	(143,10987,10),
	(143,10994,10),
	(144,5177,2),
	(144,5882,2),
	(144,6197,2),
	(144,11417,2),
	(144,11439,2),
	(144,11574,2),
	(144,11577,2),
	(144,11579,2),
	(144,11609,2),
	(144,11614,2),
	(144,11615,2),
	(144,11654,2),
	(144,11657,2),
	(144,12192,2),
	(144,12202,2),
	(144,12214,2),
	(144,12305,2),
	(144,12318,2),
	(144,16263,2),
	(144,16299,2),
	(144,35930,2),
	(144,35931,2),
	(144,35932,2),
	(144,35936,2),
	(144,35937,2),
	(144,35938,2),
	(144,35945,2),
	(144,35946,2),
	(144,35947,2),
	(144,3074,3),
	(144,4333,3),
	(144,10986,3),
	(144,12172,3),
	(144,35413,3),
	(144,35941,6),
	(144,35942,6),
	(144,35943,6),
	(144,35944,6),
	(144,35995,6),
	(144,35996,6),
	(144,36021,6),
	(144,60349,6),
	(144,60350,6),
	(144,60336,10),
	(144,60351,10),
	(144,60365,10),
	(145,5882,2),
	(145,6197,2),
	(145,11417,2),
	(145,11439,2),
	(145,11574,2),
	(145,11577,2),
	(145,11579,2),
	(145,11609,2),
	(145,11614,2),
	(145,11615,2),
	(145,11654,2),
	(145,11657,2),
	(145,12192,2),
	(145,12202,2),
	(145,12214,2),
	(145,16263,2),
	(145,16299,2),
	(145,35930,2),
	(145,35931,2),
	(145,35932,2),
	(145,35936,2),
	(145,35937,2),
	(145,35938,2),
	(145,35945,2),
	(145,35946,2),
	(145,35947,2),
	(145,3074,3),
	(145,4333,3),
	(145,10986,3),
	(145,12172,3),
	(145,35413,3),
	(145,35941,6),
	(145,36015,6),
	(145,36016,6),
	(145,36021,6),
	(145,36022,6),
	(145,36027,6),
	(145,60296,10),
	(145,60308,10),
	(145,60322,10),
	(146,5882,2),
	(146,6197,2),
	(146,11417,2),
	(146,11439,2),
	(146,11572,2),
	(146,11574,2),
	(146,11576,2),
	(146,11577,2),
	(146,11607,2),
	(146,11609,2),
	(146,11612,2),
	(146,11613,2),
	(146,11614,2),
	(146,11615,2),
	(146,11652,2),
	(146,11654,2),
	(146,11656,2),
	(146,11657,2),
	(146,12192,2),
	(146,12202,2),
	(146,12214,2),
	(146,35930,2),
	(146,35931,2),
	(146,35932,2),
	(146,35936,2),
	(146,35937,2),
	(146,35938,2),
	(146,35945,2),
	(146,35946,2),
	(146,35947,2),
	(146,3074,3),
	(146,4333,3),
	(146,10986,3),
	(146,12172,3),
	(146,35413,3),
	(146,35941,6),
	(146,36016,6),
	(146,36021,6),
	(146,36215,6),
	(146,36216,6),
	(146,36222,6),
	(146,36223,6),
	(146,36230,6),
	(146,36231,6),
	(146,60382,10),
	(146,60396,10),
	(146,60413,10),
	(147,5882,2),
	(147,6197,2),
	(147,11417,2),
	(147,11439,2),
	(147,11572,2),
	(147,11573,2),
	(147,11574,2),
	(147,11577,2),
	(147,11579,2),
	(147,11607,2),
	(147,11608,2),
	(147,11609,2),
	(147,11614,2),
	(147,11615,2),
	(147,11652,2),
	(147,11653,2),
	(147,11654,2),
	(147,11657,2),
	(147,12192,2),
	(147,12202,2),
	(147,12214,2),
	(147,16263,2),
	(147,16299,2),
	(147,35930,2),
	(147,35931,2),
	(147,35932,2),
	(147,35936,2),
	(147,35937,2),
	(147,35938,2),
	(147,35945,2),
	(147,35946,2),
	(147,35947,2),
	(147,3074,3),
	(147,4333,3),
	(147,10986,3),
	(147,12172,3),
	(147,35413,3),
	(147,35941,6),
	(147,36016,6),
	(147,36021,6),
	(147,36529,6),
	(147,36530,6),
	(147,36627,6),
	(147,36628,6),
	(147,36643,6),
	(147,36644,6),
	(147,60429,10),
	(147,60444,10),
	(147,60461,10),
	(148,35930,2),
	(148,35931,2),
	(148,35932,2),
	(148,35936,2),
	(148,35937,2),
	(148,35938,2),
	(148,35945,2),
	(148,35946,2),
	(148,35947,2),
	(148,3074,3),
	(148,4333,3),
	(148,10986,3),
	(148,12172,3),
	(148,35413,3),
	(148,35941,6),
	(148,36016,6),
	(148,36021,6),
	(148,60478,10),
	(148,60484,10),
	(148,60491,10),
	(149,35930,2),
	(149,35931,2),
	(149,35932,2),
	(149,35936,2),
	(149,35937,2),
	(149,35938,2),
	(149,35945,2),
	(149,35946,2),
	(149,35947,2),
	(149,3074,3),
	(149,4333,3),
	(149,10986,3),
	(149,12172,3),
	(149,35413,3),
	(149,67577,6),
	(149,67583,6),
	(149,67590,6),
	(149,67578,10),
	(149,67584,10),
	(149,67591,10),
	(150,35930,2),
	(150,35931,2),
	(150,35932,2),
	(150,35936,2),
	(150,35937,2),
	(150,35938,2),
	(150,35945,2),
	(150,35946,2),
	(150,35947,2),
	(150,3074,3),
	(150,4333,3),
	(150,10986,3),
	(150,12172,3),
	(150,35413,3),
	(150,67526,6),
	(150,67531,6),
	(150,67537,6),
	(150,67597,10),
	(150,67603,10),
	(150,67610,10),
	(151,35930,2),
	(151,35931,2),
	(151,35932,2),
	(151,35936,2),
	(151,35937,2),
	(151,35938,2),
	(151,35945,2),
	(151,35946,2),
	(151,35947,2),
	(151,3074,3),
	(151,4333,3),
	(151,10986,3),
	(151,12172,3),
	(151,35413,3),
	(151,35941,6),
	(151,36016,6),
	(151,36021,6),
	(151,36659,6),
	(151,36665,6),
	(151,36672,6),
	(151,60498,10),
	(151,60505,10),
	(151,60513,10),
	(152,35930,2),
	(152,35931,2),
	(152,35932,2),
	(152,35936,2),
	(152,35937,2),
	(152,35938,2),
	(152,35945,2),
	(152,35946,2),
	(152,35947,2),
	(152,3074,3),
	(152,4333,3),
	(152,10986,3),
	(152,12172,3),
	(152,35413,3),
	(152,35941,6),
	(152,36016,6),
	(152,36021,6),
	(152,46026,6),
	(152,60207,6),
	(152,60213,6),
	(152,60227,10),
	(152,60234,10),
	(152,60242,10),
	(153,3074,1),
	(153,4341,1),
	(153,4342,1),
	(153,4878,1),
	(153,5195,1),
	(153,5200,1),
	(153,5687,1),
	(153,5710,1),
	(153,5818,1),
	(153,6027,1),
	(153,6439,1),
	(153,6469,1),
	(153,6481,1),
	(153,6533,1),
	(153,6693,1),
	(153,7719,1),
	(153,7739,1),
	(153,7883,1),
	(153,8632,1),
	(153,9047,1),
	(153,10289,1),
	(153,10711,1),
	(153,10714,1),
	(153,10732,1),
	(153,11005,1),
	(153,12272,1),
	(153,23650,1),
	(153,25122,1),
	(153,25138,1),
	(153,25192,1),
	(153,59528,1),
	(153,68401,1),
	(153,68402,1),
	(153,68403,1),
	(153,68404,1),
	(153,68405,1),
	(153,68406,1),
	(153,68407,1),
	(153,68408,1),
	(153,68409,1),
	(153,68410,1),
	(153,68411,1),
	(153,68460,1),
	(153,68461,1),
	(153,68462,1),
	(153,68463,1),
	(153,68464,1),
	(153,68465,1),
	(153,68466,1),
	(153,68467,1),
	(153,68468,1),
	(153,68469,1),
	(153,68470,1),
	(153,68471,1),
	(153,4333,2),
	(153,4870,2),
	(153,5177,2),
	(153,5807,2),
	(153,5882,2),
	(153,6197,2),
	(153,11415,2),
	(153,11416,2),
	(153,11417,2),
	(153,11437,2),
	(153,11438,2),
	(153,11439,2),
	(153,11460,2),
	(153,11461,2),
	(153,11571,2),
	(153,11572,2),
	(153,11573,2),
	(153,11576,2),
	(153,11577,2),
	(153,11606,2),
	(153,11607,2),
	(153,11608,2),
	(153,11612,2),
	(153,11613,2),
	(153,11614,2),
	(153,11615,2),
	(153,11651,2),
	(153,11652,2),
	(153,11653,2),
	(153,11656,2),
	(153,11657,2),
	(153,12305,2),
	(153,12318,2),
	(153,19205,2),
	(153,19239,2),
	(153,19240,2),
	(153,19241,2),
	(153,19242,2),
	(153,19284,2),
	(153,25173,2),
	(153,28650,3),
	(153,28651,3),
	(153,28652,3),
	(153,28656,3),
	(153,28657,3),
	(153,28658,3),
	(153,28660,3),
	(153,28661,3),
	(153,28662,3),
	(153,12830,6),
	(153,41939,6),
	(153,4344,7),
	(153,41944,7),
	(153,41949,7),
	(153,12866,8),
	(153,45977,10),
	(153,45993,10),
	(153,46014,10),
	(154,3046,1),
	(154,3055,1),
	(154,3056,1),
	(154,3088,1),
	(154,3090,1),
	(154,3091,1),
	(154,3092,1),
	(154,4332,1),
	(154,4333,1),
	(154,5195,1),
	(154,5241,1),
	(154,5258,1),
	(154,5261,1),
	(154,5858,1),
	(154,5882,1),
	(154,5929,1),
	(154,8367,1),
	(154,8636,1),
	(154,9676,1),
	(154,10995,1),
	(154,11005,1),
	(154,11614,1),
	(154,12272,1),
	(154,12699,1),
	(154,14060,1),
	(154,14065,1),
	(154,14070,1),
	(154,16011,1),
	(154,17993,1),
	(154,20631,1),
	(154,20634,1),
	(154,20636,1),
	(154,20637,1),
	(154,22585,1),
	(154,23561,1),
	(154,25126,1),
	(154,41939,1),
	(154,41944,1),
	(154,41949,1),
	(154,59725,1),
	(154,79089,1),
	(154,79090,1),
	(154,79091,1),
	(154,79092,1),
	(154,79116,1),
	(154,79117,1),
	(154,79118,1),
	(154,79119,1),
	(154,79120,1),
	(154,79121,1),
	(154,79122,1),
	(154,79123,1),
	(154,79124,1),
	(154,79151,1),
	(154,79152,1),
	(154,79153,1),
	(154,79154,1),
	(154,79155,1),
	(154,79156,1),
	(154,79157,1),
	(154,79158,1),
	(154,79159,1),
	(154,79160,1),
	(154,79161,1),
	(154,79162,1),
	(154,4316,2),
	(154,12260,2),
	(154,3478,3),
	(154,3482,3),
	(154,3486,3),
	(154,5018,3),
	(154,29048,3),
	(154,43689,3),
	(154,3968,6),
	(154,7256,6),
	(154,7991,6),
	(154,12866,6),
	(154,13995,6),
	(154,4344,7),
	(154,5687,7),
	(154,9237,7),
	(154,12830,8),
	(154,49674,10),
	(154,49679,10),
	(154,49684,10),
	(155,4858,2),
	(155,5882,2),
	(155,9200,2),
	(155,9620,2),
	(155,11415,2),
	(155,11416,2),
	(155,11437,2),
	(155,11438,2),
	(155,11460,2),
	(155,11461,2),
	(155,11571,2),
	(155,11572,2),
	(155,11573,2),
	(155,11574,2),
	(155,11575,2),
	(155,11577,2),
	(155,11578,2),
	(155,11579,2),
	(155,11606,2),
	(155,11607,2),
	(155,11608,2),
	(155,11609,2),
	(155,11610,2),
	(155,11611,2),
	(155,11614,2),
	(155,11615,2),
	(155,11616,2),
	(155,11617,2),
	(155,11651,2),
	(155,11652,2),
	(155,11653,2),
	(155,11654,2),
	(155,11655,2),
	(155,11657,2),
	(155,11658,2),
	(155,11659,2),
	(155,12192,2),
	(155,12202,2),
	(155,12214,2),
	(155,23459,2),
	(155,73522,2),
	(155,76118,2),
	(155,76133,2),
	(155,76134,2),
	(155,3040,3),
	(155,22819,3),
	(155,83185,3),
	(155,83191,3),
	(155,83198,3),
	(155,83199,3),
	(155,3038,6),
	(155,21013,6),
	(155,43717,6),
	(155,43721,6),
	(155,43725,6),
	(155,43726,6),
	(155,49466,10),
	(155,49483,10),
	(155,49501,10),
	(156,5177,2),
	(156,5882,2),
	(156,6197,2),
	(156,9200,2),
	(156,11415,2),
	(156,11417,2),
	(156,11437,2),
	(156,11439,2),
	(156,11460,2),
	(156,11572,2),
	(156,11574,2),
	(156,11575,2),
	(156,11577,2),
	(156,11579,2),
	(156,11607,2),
	(156,11609,2),
	(156,11610,2),
	(156,11611,2),
	(156,11614,2),
	(156,11615,2),
	(156,11652,2),
	(156,11654,2),
	(156,11655,2),
	(156,11657,2),
	(156,12305,2),
	(156,12318,2),
	(156,16263,2),
	(156,16299,2),
	(156,3478,3),
	(156,3482,3),
	(156,3486,3),
	(156,5018,3),
	(156,29048,3),
	(156,43689,3),
	(156,4320,6),
	(156,22820,6),
	(156,25194,6),
	(156,43741,6),
	(156,43746,6),
	(156,43751,6),
	(156,43742,10),
	(156,43747,10),
	(156,43752,10),
	(157,5882,2),
	(157,9200,2),
	(157,11573,2),
	(157,11574,2),
	(157,11575,2),
	(157,11577,2),
	(157,11608,2),
	(157,11609,2),
	(157,11610,2),
	(157,11611,2),
	(157,11614,2),
	(157,11615,2),
	(157,11653,2),
	(157,11654,2),
	(157,11655,2),
	(157,11657,2),
	(157,12192,2),
	(157,12202,2),
	(157,12214,2),
	(157,3478,3),
	(157,3482,3),
	(157,3486,3),
	(157,5018,3),
	(157,29048,3),
	(157,43689,3),
	(157,43771,6),
	(157,43772,6),
	(157,43776,6),
	(157,43777,6),
	(157,43782,6),
	(157,43783,6),
	(157,48519,6),
	(157,43773,10),
	(157,43779,10),
	(157,43784,10),
	(158,5177,2),
	(158,5882,2),
	(158,6197,2),
	(158,11415,2),
	(158,11416,2),
	(158,11417,2),
	(158,11437,2),
	(158,11438,2),
	(158,11439,2),
	(158,11460,2),
	(158,11461,2),
	(158,11571,2),
	(158,11572,2),
	(158,11573,2),
	(158,11574,2),
	(158,11577,2),
	(158,11606,2),
	(158,11607,2),
	(158,11608,2),
	(158,11609,2),
	(158,11614,2),
	(158,11615,2),
	(158,11651,2),
	(158,11652,2),
	(158,11653,2),
	(158,11654,2),
	(158,11657,2),
	(158,12305,2),
	(158,12318,2),
	(158,3478,3),
	(158,3482,3),
	(158,3486,3),
	(158,5018,3),
	(158,29048,3),
	(158,43689,3),
	(158,22676,6),
	(158,43803,6),
	(158,43806,6),
	(158,43807,6),
	(158,43809,6),
	(158,43810,6),
	(158,49799,10),
	(158,49813,10),
	(158,49828,10),
	(159,3055,1),
	(159,3056,1),
	(159,3088,1),
	(159,3090,1),
	(159,3091,1),
	(159,3092,1),
	(159,4316,1),
	(159,4344,1),
	(159,4346,1),
	(159,5193,1),
	(159,5195,1),
	(159,5202,1),
	(159,5241,1),
	(159,5258,1),
	(159,5261,1),
	(159,5858,1),
	(159,6057,1),
	(159,6435,1),
	(159,7932,1),
	(159,8367,1),
	(159,9202,1),
	(159,9245,1),
	(159,9676,1),
	(159,10273,1),
	(159,11005,1),
	(159,11274,1),
	(159,12260,1),
	(159,12699,1),
	(159,12866,1),
	(159,13383,1),
	(159,13750,1),
	(159,17993,1),
	(159,20631,1),
	(159,20634,1),
	(159,20636,1),
	(159,20637,1),
	(159,22585,1),
	(159,22864,1),
	(159,23561,1),
	(159,25126,1),
	(159,41939,1),
	(159,41944,1),
	(159,41949,1),
	(159,79091,1),
	(159,79092,1),
	(159,79120,1),
	(159,79121,1),
	(159,79122,1),
	(159,79123,1),
	(159,79124,1),
	(159,79157,1),
	(159,79158,1),
	(159,79159,1),
	(159,79160,1),
	(159,79161,1),
	(159,79162,1),
	(159,79294,1),
	(159,79295,1),
	(159,79328,1),
	(159,79329,1),
	(159,79330,1),
	(159,79331,1),
	(159,6197,2),
	(159,11417,2),
	(159,11439,2),
	(159,11572,2),
	(159,11573,2),
	(159,11577,2),
	(159,11579,2),
	(159,11607,2),
	(159,11608,2),
	(159,11615,2),
	(159,11652,2),
	(159,11653,2),
	(159,11657,2),
	(159,12830,2),
	(159,16263,2),
	(159,16299,2),
	(159,5882,3),
	(159,11614,3),
	(159,13805,3),
	(159,13806,3),
	(159,46080,3),
	(159,46083,3),
	(159,10995,4),
	(159,3971,6),
	(159,46072,6),
	(159,46073,6),
	(159,3968,7),
	(159,46066,7),
	(159,46069,7),
	(161,5882,2),
	(161,6197,2),
	(161,9200,2),
	(161,11415,2),
	(161,11416,2),
	(161,11417,2),
	(161,11437,2),
	(161,11438,2),
	(161,11439,2),
	(161,11460,2),
	(161,11461,2),
	(161,11571,2),
	(161,11572,2),
	(161,11573,2),
	(161,11574,2),
	(161,11575,2),
	(161,11577,2),
	(161,11606,2),
	(161,11607,2),
	(161,11608,2),
	(161,11609,2),
	(161,11610,2),
	(161,11611,2),
	(161,11614,2),
	(161,11615,2),
	(161,11651,2),
	(161,11652,2),
	(161,11653,2),
	(161,11654,2),
	(161,11655,2),
	(161,11657,2),
	(161,12192,2),
	(161,12202,2),
	(161,12214,2),
	(161,5041,3),
	(161,5045,3),
	(161,5049,3),
	(161,23557,6),
	(161,23596,6),
	(161,73056,6),
	(161,73062,6),
	(161,73068,6),
	(161,73069,6),
	(161,73092,6),
	(161,73093,6),
	(161,73098,6),
	(161,73099,6),
	(161,73104,6),
	(161,73105,6),
	(161,73094,10),
	(161,73100,10),
	(161,73106,10),
	(162,5882,2),
	(162,9200,2),
	(162,11415,2),
	(162,11416,2),
	(162,11437,2),
	(162,11438,2),
	(162,11460,2),
	(162,11461,2),
	(162,11571,2),
	(162,11572,2),
	(162,11573,2),
	(162,11574,2),
	(162,11575,2),
	(162,11577,2),
	(162,11606,2),
	(162,11607,2),
	(162,11608,2),
	(162,11609,2),
	(162,11610,2),
	(162,11611,2),
	(162,11614,2),
	(162,11615,2),
	(162,11651,2),
	(162,11652,2),
	(162,11653,2),
	(162,11654,2),
	(162,11655,2),
	(162,11657,2),
	(162,12192,2),
	(162,12202,2),
	(162,12214,2),
	(162,5041,3),
	(162,5045,3),
	(162,5049,3),
	(162,5234,6),
	(162,23557,6),
	(162,23596,6),
	(162,73056,6),
	(162,73057,6),
	(162,73062,6),
	(162,73063,6),
	(162,73064,6),
	(162,73068,6),
	(162,73069,6),
	(162,73070,6),
	(162,73071,6),
	(162,73058,10),
	(162,73065,10),
	(162,73072,10),
	(163,5177,2),
	(163,5882,2),
	(163,6197,2),
	(163,11415,2),
	(163,11416,2),
	(163,11417,2),
	(163,11437,2),
	(163,11438,2),
	(163,11439,2),
	(163,11460,2),
	(163,11461,2),
	(163,11572,2),
	(163,11573,2),
	(163,11574,2),
	(163,11577,2),
	(163,11607,2),
	(163,11608,2),
	(163,11609,2),
	(163,11614,2),
	(163,11615,2),
	(163,11652,2),
	(163,11653,2),
	(163,11654,2),
	(163,11657,2),
	(163,12305,2),
	(163,12318,2),
	(163,3040,3),
	(163,5018,3),
	(163,12021,3),
	(163,12025,3),
	(163,29048,3),
	(163,29093,3),
	(163,5683,6),
	(163,16011,6),
	(163,73128,6),
	(163,73133,6),
	(163,73134,6),
	(163,73139,6),
	(163,73140,6),
	(163,73129,10),
	(163,73135,10),
	(163,73141,10),
	(164,3088,1),
	(164,4885,1),
	(164,5214,1),
	(164,5293,1),
	(164,5820,1),
	(164,6065,1),
	(164,8073,1),
	(164,8659,1),
	(164,9673,1),
	(164,12025,1),
	(164,22759,1),
	(164,22874,1),
	(164,73846,1),
	(164,74284,1),
	(164,74288,1),
	(164,74299,1),
	(164,75172,1),
	(164,75246,1),
	(164,75248,1),
	(164,75256,1),
	(164,75343,1),
	(164,75344,1),
	(164,80669,1),
	(164,81065,1),
	(164,81066,1),
	(164,81067,1),
	(164,81068,1),
	(164,81069,1),
	(164,81071,1),
	(164,81072,1),
	(164,81073,1),
	(164,81075,1),
	(164,81076,1),
	(164,81077,1),
	(164,81078,1),
	(164,81079,1),
	(164,81080,1),
	(164,81081,1),
	(164,81082,1),
	(164,81083,1),
	(164,81084,1),
	(164,81085,1),
	(164,81157,1),
	(164,81249,1),
	(164,81250,1),
	(164,4858,2),
	(164,6197,2),
	(164,9620,2),
	(164,11415,2),
	(164,11416,2),
	(164,11417,2),
	(164,11437,2),
	(164,11438,2),
	(164,11439,2),
	(164,11460,2),
	(164,11461,2),
	(164,11571,2),
	(164,11572,2),
	(164,11573,2),
	(164,11574,2),
	(164,11606,2),
	(164,11607,2),
	(164,11608,2),
	(164,11609,2),
	(164,11651,2),
	(164,11652,2),
	(164,11653,2),
	(164,11654,2),
	(164,12192,2),
	(164,12202,2),
	(164,12214,2),
	(164,23459,2),
	(164,76118,2),
	(164,76133,2),
	(164,76134,2),
	(164,81074,2),
	(164,28652,3),
	(164,28656,3),
	(164,28662,3),
	(164,73528,3),
	(164,73532,3),
	(164,73522,5),
	(164,8145,6),
	(164,8187,6),
	(164,73520,6),
	(164,73525,6),
	(164,73526,6),
	(164,73530,6),
	(164,73521,10),
	(164,73527,10),
	(164,73531,10),
	(166,3094,1),
	(166,4900,1),
	(166,7339,1),
	(166,7605,1),
	(166,8070,1),
	(166,8658,1),
	(166,10289,1),
	(166,22381,1),
	(166,23648,1),
	(166,73735,1),
	(166,73761,1),
	(166,80669,1),
	(166,80912,1),
	(166,81249,1),
	(166,81250,1),
	(166,81336,1),
	(166,81337,1),
	(166,81338,1),
	(166,81339,1),
	(166,81340,1),
	(166,81341,1),
	(166,81342,1),
	(166,81343,1),
	(166,81344,1),
	(166,81346,1),
	(166,81347,1),
	(166,81348,1),
	(166,81349,1),
	(166,81350,1),
	(166,81351,1),
	(166,81352,1),
	(166,81409,1),
	(166,4858,2),
	(166,5710,2),
	(166,6064,2),
	(166,6197,2),
	(166,9620,2),
	(166,11415,2),
	(166,11416,2),
	(166,11417,2),
	(166,11437,2),
	(166,11438,2),
	(166,11439,2),
	(166,11460,2),
	(166,11461,2),
	(166,11571,2),
	(166,11572,2),
	(166,11573,2),
	(166,11574,2),
	(166,11606,2),
	(166,11607,2),
	(166,11608,2),
	(166,11609,2),
	(166,11651,2),
	(166,11652,2),
	(166,11653,2),
	(166,11654,2),
	(166,23459,2),
	(166,75344,2),
	(166,76118,2),
	(166,76133,2),
	(166,76134,2),
	(166,28652,3),
	(166,28656,3),
	(166,28662,3),
	(166,73589,6),
	(166,73593,6),
	(166,73597,7),
	(166,73528,9),
	(166,73532,10),
	(166,73590,10),
	(166,73594,10),
	(166,73598,10),
	(166,73522,11),
	(167,3088,1),
	(167,3486,1),
	(167,3487,1),
	(167,5295,1),
	(167,5882,1),
	(167,5927,1),
	(167,6317,1),
	(167,6480,1),
	(167,7338,1),
	(167,9009,1),
	(167,10618,1),
	(167,12025,1),
	(167,13227,1),
	(167,22381,1),
	(167,22754,1),
	(167,22761,1),
	(167,22874,1),
	(167,23507,1),
	(167,25174,1),
	(167,59327,1),
	(167,59800,1),
	(167,73846,1),
	(167,74824,1),
	(167,74825,1),
	(167,74826,1),
	(167,74827,1),
	(167,74828,1),
	(167,74829,1),
	(167,74830,1),
	(167,74831,1),
	(167,74832,1),
	(167,74834,1),
	(167,74835,1),
	(167,74836,1),
	(167,74837,1),
	(167,74838,1),
	(167,74839,1),
	(167,74840,1),
	(167,74841,1),
	(167,75172,1),
	(167,75173,1),
	(167,75174,1),
	(167,75175,1),
	(167,75241,1),
	(167,75242,1),
	(167,75243,1),
	(167,75244,1),
	(167,75245,1),
	(167,75246,1),
	(167,75247,1),
	(167,75249,1),
	(167,75252,1),
	(167,75253,1),
	(167,75254,1),
	(167,75255,1),
	(167,75256,1),
	(167,75257,1),
	(167,75258,1),
	(167,75259,1),
	(167,75260,1),
	(167,75262,1),
	(167,75336,1),
	(167,75337,1),
	(167,75338,1),
	(167,75339,1),
	(167,75340,1),
	(167,75341,1),
	(167,75342,1),
	(167,75343,1),
	(167,75344,1),
	(167,75654,1),
	(167,75655,1),
	(167,75656,1),
	(167,75657,1),
	(167,75658,1),
	(167,75659,1),
	(167,75660,1),
	(167,75661,1),
	(167,81249,1),
	(167,81250,1),
	(167,4858,2),
	(167,6064,2),
	(167,6197,2),
	(167,9620,2),
	(167,11415,2),
	(167,11416,2),
	(167,11417,2),
	(167,11437,2),
	(167,11438,2),
	(167,11439,2),
	(167,11460,2),
	(167,11461,2),
	(167,11571,2),
	(167,11572,2),
	(167,11573,2),
	(167,11606,2),
	(167,11607,2),
	(167,11608,2),
	(167,11651,2),
	(167,11652,2),
	(167,11653,2),
	(167,23459,2),
	(167,73522,2),
	(167,74833,2),
	(167,75248,2),
	(167,75250,2),
	(167,75251,2),
	(167,75261,2),
	(167,76118,2),
	(167,76133,2),
	(167,76134,2),
	(167,3942,3),
	(167,3946,3),
	(167,3950,3),
	(167,3787,6),
	(167,10320,6),
	(167,73679,6),
	(167,73689,6),
	(167,73690,7),
	(167,73680,10),
	(167,73684,10),
	(167,73691,10),
	(169,3088,1),
	(169,4889,1),
	(169,5503,1),
	(169,6064,1),
	(169,6823,1),
	(169,7738,1),
	(169,9673,1),
	(169,9949,1),
	(169,10068,1),
	(169,10618,1),
	(169,10727,1),
	(169,12025,1),
	(169,13222,1),
	(169,20503,1),
	(169,22381,1),
	(169,22755,1),
	(169,22757,1),
	(169,22874,1),
	(169,23643,1),
	(169,59322,1),
	(169,59725,1),
	(169,74276,1),
	(169,74277,1),
	(169,74278,1),
	(169,74279,1),
	(169,74280,1),
	(169,74281,1),
	(169,74282,1),
	(169,74283,1),
	(169,74284,1),
	(169,74285,1),
	(169,74286,1),
	(169,74287,1),
	(169,74288,1),
	(169,74289,1),
	(169,74290,1),
	(169,74291,1),
	(169,74292,1),
	(169,74293,1),
	(169,74294,1),
	(169,74295,1),
	(169,74296,1),
	(169,74297,1),
	(169,74298,1),
	(169,74299,1),
	(169,74300,1),
	(169,74301,1),
	(169,74302,1),
	(169,74303,1),
	(169,74304,1),
	(169,74305,1),
	(169,74306,1),
	(169,74307,1),
	(169,74308,1),
	(169,74309,1),
	(169,74310,1),
	(169,74311,1),
	(169,74312,1),
	(169,74313,1),
	(169,74314,1),
	(169,74315,1),
	(169,74316,1),
	(169,81249,1),
	(169,81250,1),
	(169,3074,2),
	(169,4858,2),
	(169,5216,2),
	(169,6197,2),
	(169,7739,2),
	(169,9620,2),
	(169,9677,2),
	(169,11415,2),
	(169,11416,2),
	(169,11417,2),
	(169,11437,2),
	(169,11438,2),
	(169,11439,2),
	(169,11460,2),
	(169,11461,2),
	(169,11571,2),
	(169,11572,2),
	(169,11573,2),
	(169,11574,2),
	(169,11577,2),
	(169,11579,2),
	(169,11606,2),
	(169,11607,2),
	(169,11608,2),
	(169,11609,2),
	(169,11614,2),
	(169,11615,2),
	(169,11651,2),
	(169,11652,2),
	(169,11653,2),
	(169,11654,2),
	(169,11657,2),
	(169,12192,2),
	(169,12202,2),
	(169,12214,2),
	(169,16263,2),
	(169,16299,2),
	(169,23459,2),
	(169,73140,2),
	(169,76118,2),
	(169,76133,2),
	(169,76134,2),
	(169,3942,3),
	(169,3946,3),
	(169,3950,3),
	(169,5882,3),
	(169,7757,6),
	(169,7774,6),
	(169,73528,6),
	(169,73735,6),
	(169,73761,7),
	(169,73522,8),
	(169,73753,10),
	(169,73757,10),
	(169,73762,10),
	(170,3074,1),
	(170,3088,1),
	(170,4889,1),
	(170,5820,1),
	(170,5822,1),
	(170,6064,1),
	(170,6322,1),
	(170,6822,1),
	(170,9008,1),
	(170,10066,1),
	(170,13222,1),
	(170,13227,1),
	(170,22755,1),
	(170,22859,1),
	(170,22861,1),
	(170,22874,1),
	(170,29093,1),
	(170,74289,1),
	(170,74293,1),
	(170,74299,1),
	(170,74309,1),
	(170,74310,1),
	(170,74825,1),
	(170,75172,1),
	(170,75173,1),
	(170,75174,1),
	(170,75175,1),
	(170,75262,1),
	(170,75343,1),
	(170,75344,1),
	(170,75656,1),
	(170,75657,1),
	(170,78274,1),
	(170,81249,1),
	(170,81250,1),
	(170,82039,1),
	(170,82040,1),
	(170,82041,1),
	(170,82042,1),
	(170,82043,1),
	(170,82044,1),
	(170,82045,1),
	(170,82046,1),
	(170,82047,1),
	(170,82050,1),
	(170,82051,1),
	(170,82052,1),
	(170,82215,1),
	(170,82216,1),
	(170,82217,1),
	(170,4858,2),
	(170,5177,2),
	(170,5216,2),
	(170,6197,2),
	(170,9200,2),
	(170,9620,2),
	(170,11415,2),
	(170,11417,2),
	(170,11437,2),
	(170,11439,2),
	(170,11460,2),
	(170,11572,2),
	(170,11573,2),
	(170,11574,2),
	(170,11575,2),
	(170,11607,2),
	(170,11608,2),
	(170,11609,2),
	(170,11610,2),
	(170,11611,2),
	(170,11652,2),
	(170,11653,2),
	(170,11654,2),
	(170,11655,2),
	(170,12025,2),
	(170,12192,2),
	(170,12202,2),
	(170,12214,2),
	(170,12305,2),
	(170,12318,2),
	(170,23459,2),
	(170,73522,2),
	(170,75241,2),
	(170,75242,2),
	(170,76118,2),
	(170,76133,2),
	(170,76134,2),
	(170,82048,2),
	(170,82049,2),
	(170,3942,3),
	(170,3946,3),
	(170,3950,3),
	(170,3040,6),
	(170,6471,6),
	(170,22941,6),
	(170,73528,6),
	(170,73837,6),
	(170,73846,7),
	(170,73838,10),
	(170,73842,10),
	(170,73847,10),
	(171,5216,1),
	(171,5293,1),
	(171,5882,1),
	(171,6063,1),
	(171,6064,1),
	(171,6322,1),
	(171,8073,1),
	(171,8367,1),
	(171,22625,1),
	(171,22755,1),
	(171,22757,1),
	(171,22761,1),
	(171,22861,1),
	(171,22874,1),
	(171,22994,1),
	(171,23643,1),
	(171,73689,1),
	(171,74286,1),
	(171,74299,1),
	(171,74308,1),
	(171,74309,1),
	(171,74310,1),
	(171,74311,1),
	(171,74312,1),
	(171,74313,1),
	(171,74825,1),
	(171,74838,1),
	(171,75242,1),
	(171,75244,1),
	(171,75245,1),
	(171,75246,1),
	(171,75248,1),
	(171,77664,1),
	(171,77665,1),
	(171,77666,1),
	(171,77667,1),
	(171,77668,1),
	(171,77669,1),
	(171,77670,1),
	(171,77671,1),
	(171,77672,1),
	(171,77673,1),
	(171,77674,1),
	(171,77676,1),
	(171,77677,1),
	(171,77678,1),
	(171,77679,1),
	(171,77680,1),
	(171,77681,1),
	(171,77682,1),
	(171,77683,1),
	(171,77684,1),
	(171,77685,1),
	(171,77686,1),
	(171,77687,1),
	(171,77688,1),
	(171,77689,1),
	(171,77690,1),
	(171,77691,1),
	(171,77692,1),
	(171,77693,1),
	(171,77694,1),
	(171,77695,1),
	(171,77696,1),
	(171,77697,1),
	(171,77698,1),
	(171,3088,2),
	(171,3486,2),
	(171,3487,2),
	(171,4858,2),
	(171,6197,2),
	(171,9620,2),
	(171,10618,2),
	(171,11415,2),
	(171,11416,2),
	(171,11417,2),
	(171,11437,2),
	(171,11438,2),
	(171,11439,2),
	(171,11460,2),
	(171,11461,2),
	(171,11571,2),
	(171,11572,2),
	(171,11573,2),
	(171,11574,2),
	(171,11606,2),
	(171,11607,2),
	(171,11608,2),
	(171,11609,2),
	(171,11651,2),
	(171,11652,2),
	(171,11653,2),
	(171,11654,2),
	(171,12025,2),
	(171,14626,2),
	(171,23459,2),
	(171,46072,2),
	(171,75241,2),
	(171,76118,2),
	(171,76133,2),
	(171,76134,2),
	(171,77675,2),
	(171,28652,3),
	(171,28656,3),
	(171,28662,3),
	(171,73532,3),
	(171,20637,6),
	(171,23414,6),
	(171,23505,6),
	(171,73735,7),
	(171,73528,9),
	(171,73727,10),
	(171,73731,10),
	(171,73736,10),
	(171,73522,11),
	(173,5216,1),
	(173,5710,1),
	(173,9677,1),
	(173,23509,1),
	(173,59262,1),
	(173,59322,1),
	(173,75343,1),
	(173,75344,1),
	(173,77683,1),
	(173,78206,1),
	(173,78207,1),
	(173,78208,1),
	(173,78209,1),
	(173,78210,1),
	(173,78211,1),
	(173,78212,1),
	(173,78213,1),
	(173,78214,1),
	(173,78215,1),
	(173,78216,1),
	(173,78217,1),
	(173,78218,1),
	(173,78219,1),
	(173,80588,1),
	(173,80589,1),
	(173,80590,1),
	(173,80669,1),
	(173,80912,1),
	(173,81352,1),
	(173,4858,2),
	(173,6197,2),
	(173,9620,2),
	(173,11415,2),
	(173,11416,2),
	(173,11417,2),
	(173,11437,2),
	(173,11438,2),
	(173,11439,2),
	(173,11460,2),
	(173,11461,2),
	(173,11571,2),
	(173,11572,2),
	(173,11573,2),
	(173,11574,2),
	(173,11579,2),
	(173,11606,2),
	(173,11607,2),
	(173,11608,2),
	(173,11609,2),
	(173,11651,2),
	(173,11652,2),
	(173,11653,2),
	(173,11654,2),
	(173,12192,2),
	(173,12202,2),
	(173,12214,2),
	(173,16263,2),
	(173,16299,2),
	(173,23459,2),
	(173,73522,2),
	(173,76118,2),
	(173,76133,2),
	(173,76134,2),
	(173,3942,3),
	(173,3946,3),
	(173,3950,3),
	(173,74055,6),
	(173,74056,6),
	(173,74060,6),
	(173,74063,6),
	(173,74064,6),
	(173,74219,6),
	(173,74205,10),
	(173,74220,10),
	(173,74233,10),
	(174,3074,1),
	(174,4889,1),
	(174,4890,1),
	(174,5219,1),
	(174,5822,1),
	(174,6064,1),
	(174,6193,1),
	(174,8648,1),
	(174,10524,1),
	(174,10618,1),
	(174,10621,1),
	(174,22877,1),
	(174,59192,1),
	(174,59528,1),
	(174,68402,1),
	(174,75344,1),
	(174,77676,1),
	(174,80653,1),
	(174,80666,1),
	(174,80910,1),
	(174,80911,1),
	(174,80912,1),
	(174,80913,1),
	(174,80914,1),
	(174,80915,1),
	(174,80916,1),
	(174,80917,1),
	(174,80918,1),
	(174,80919,1),
	(174,80920,1),
	(174,80921,1),
	(174,80922,1),
	(174,80923,1),
	(174,80924,1),
	(174,80925,1),
	(174,80926,1),
	(174,4858,2),
	(174,6197,2),
	(174,9620,2),
	(174,11415,2),
	(174,11416,2),
	(174,11417,2),
	(174,11437,2),
	(174,11438,2),
	(174,11439,2),
	(174,11460,2),
	(174,11461,2),
	(174,11571,2),
	(174,11572,2),
	(174,11573,2),
	(174,11574,2),
	(174,11606,2),
	(174,11607,2),
	(174,11608,2),
	(174,11609,2),
	(174,11651,2),
	(174,11652,2),
	(174,11653,2),
	(174,11654,2),
	(174,23459,2),
	(174,76118,2),
	(174,76134,2),
	(174,28652,3),
	(174,28656,3),
	(174,28662,3),
	(174,73532,3),
	(174,76133,3),
	(174,77348,6),
	(174,77364,6),
	(174,73846,7),
	(174,77356,8),
	(174,73528,9),
	(174,77349,10),
	(174,77353,10),
	(174,77357,10),
	(174,73522,11),
	(175,3074,1),
	(175,3088,1),
	(175,4899,1),
	(175,5710,1),
	(175,6471,1),
	(175,6554,1),
	(175,6822,1),
	(175,7739,1),
	(175,8018,1),
	(175,10068,1),
	(175,10451,1),
	(175,10618,1),
	(175,12025,1),
	(175,22874,1),
	(175,59272,1),
	(175,74299,1),
	(175,78272,1),
	(175,78273,1),
	(175,78274,1),
	(175,78275,1),
	(175,78276,1),
	(175,80588,1),
	(175,80589,1),
	(175,80838,1),
	(175,80839,1),
	(175,80840,1),
	(175,80841,1),
	(175,80842,1),
	(175,80843,1),
	(175,80844,1),
	(175,4858,2),
	(175,5882,2),
	(175,6197,2),
	(175,9620,2),
	(175,11415,2),
	(175,11417,2),
	(175,11437,2),
	(175,11439,2),
	(175,11460,2),
	(175,11572,2),
	(175,11573,2),
	(175,11574,2),
	(175,11577,2),
	(175,11579,2),
	(175,11607,2),
	(175,11608,2),
	(175,11609,2),
	(175,11614,2),
	(175,11615,2),
	(175,11652,2),
	(175,11653,2),
	(175,11654,2),
	(175,11657,2),
	(175,16263,2),
	(175,16299,2),
	(175,23459,2),
	(175,76118,2),
	(175,76133,2),
	(175,76134,2),
	(175,28652,3),
	(175,28656,3),
	(175,28662,3),
	(175,73528,3),
	(175,73532,3),
	(175,75248,3),
	(175,73522,5),
	(175,4320,6),
	(175,77471,6),
	(175,77476,6),
	(175,77477,6),
	(175,77482,7),
	(175,77472,10),
	(175,77478,10),
	(175,77483,10),
	(175,77481,11),
	(176,3068,1),
	(176,3088,1),
	(176,3486,1),
	(176,3487,1),
	(176,5286,1),
	(176,5710,1),
	(176,12025,1),
	(176,20498,1),
	(176,22755,1),
	(176,22757,1),
	(176,22758,1),
	(176,22759,1),
	(176,22874,1),
	(176,23510,1),
	(176,74291,1),
	(176,74312,1),
	(176,75241,1),
	(176,75344,1),
	(176,80588,1),
	(176,80589,1),
	(176,80590,1),
	(176,80653,1),
	(176,80654,1),
	(176,80655,1),
	(176,80656,1),
	(176,80657,1),
	(176,80658,1),
	(176,80659,1),
	(176,80660,1),
	(176,80661,1),
	(176,80662,1),
	(176,80663,1),
	(176,80664,1),
	(176,80665,1),
	(176,80666,1),
	(176,80667,1),
	(176,80668,1),
	(176,80669,1),
	(176,80670,1),
	(176,80671,1),
	(176,80672,1),
	(176,80673,1),
	(176,80674,1),
	(176,80675,1),
	(176,80676,1),
	(176,80677,1),
	(176,80678,1),
	(176,4858,2),
	(176,6197,2),
	(176,9620,2),
	(176,11415,2),
	(176,11416,2),
	(176,11417,2),
	(176,11437,2),
	(176,11438,2),
	(176,11439,2),
	(176,11460,2),
	(176,11461,2),
	(176,11571,2),
	(176,11572,2),
	(176,11573,2),
	(176,11574,2),
	(176,11606,2),
	(176,11607,2),
	(176,11608,2),
	(176,11609,2),
	(176,11651,2),
	(176,11652,2),
	(176,11653,2),
	(176,11654,2),
	(176,12192,2),
	(176,12202,2),
	(176,12214,2),
	(176,23459,2),
	(176,76118,2),
	(176,76133,2),
	(176,76134,2),
	(176,28652,3),
	(176,28656,3),
	(176,28662,3),
	(176,73528,3),
	(176,73532,3),
	(176,73522,5),
	(176,4229,6),
	(176,79638,6),
	(176,79639,6),
	(176,79644,6),
	(176,79645,6),
	(176,79646,6),
	(176,79651,6),
	(176,79650,7),
	(176,79640,10),
	(176,79647,10),
	(176,79652,10),
	(177,4889,1),
	(177,5216,1),
	(177,5710,1),
	(177,6064,1),
	(177,6823,1),
	(177,7793,1),
	(177,20498,1),
	(177,25174,1),
	(177,59267,1),
	(177,73846,1),
	(177,74838,1),
	(177,77697,1),
	(177,80585,1),
	(177,80586,1),
	(177,80587,1),
	(177,80588,1),
	(177,80589,1),
	(177,80590,1),
	(177,80591,1),
	(177,80592,1),
	(177,80593,1),
	(177,4858,2),
	(177,6197,2),
	(177,9620,2),
	(177,11415,2),
	(177,11416,2),
	(177,11417,2),
	(177,11437,2),
	(177,11438,2),
	(177,11439,2),
	(177,11460,2),
	(177,11461,2),
	(177,11571,2),
	(177,11572,2),
	(177,11573,2),
	(177,11574,2),
	(177,11606,2),
	(177,11607,2),
	(177,11608,2),
	(177,11609,2),
	(177,11651,2),
	(177,11652,2),
	(177,11653,2),
	(177,11654,2),
	(177,12192,2),
	(177,12202,2),
	(177,12214,2),
	(177,23459,2),
	(177,76118,2),
	(177,76133,2),
	(177,76134,2),
	(177,28652,3),
	(177,28656,3),
	(177,28662,3),
	(177,73528,3),
	(177,73532,3),
	(177,73522,5),
	(177,77348,6),
	(177,77364,6),
	(177,79689,6),
	(177,79694,6),
	(177,77356,7),
	(177,79699,7),
	(177,79690,10),
	(177,79695,10),
	(177,79700,10),
	(180,2538,2),
	(180,3041,2),
	(180,4858,2),
	(180,5882,2),
	(180,5902,2),
	(180,6197,2),
	(180,9620,2),
	(180,11383,2),
	(180,11415,2),
	(180,11417,2),
	(180,11437,2),
	(180,11439,2),
	(180,11460,2),
	(180,11572,2),
	(180,11573,2),
	(180,11574,2),
	(180,11577,2),
	(180,11605,2),
	(180,11607,2),
	(180,11608,2),
	(180,11609,2),
	(180,11614,2),
	(180,11615,2),
	(180,11650,2),
	(180,11652,2),
	(180,11653,2),
	(180,11654,2),
	(180,11657,2),
	(180,23459,2),
	(180,28583,2),
	(180,28614,2),
	(180,28648,2),
	(180,73522,2),
	(180,76118,2),
	(180,76133,2),
	(180,76134,2),
	(180,3942,3),
	(180,3946,3),
	(180,3950,3),
	(180,79968,6),
	(180,79970,6),
	(180,79972,6),
	(180,80106,10),
	(180,80121,10),
	(180,80136,10),
	(182,2538,2),
	(182,3041,2),
	(182,4858,2),
	(182,5882,2),
	(182,5902,2),
	(182,6197,2),
	(182,9620,2),
	(182,11383,2),
	(182,11415,2),
	(182,11416,2),
	(182,11417,2),
	(182,11437,2),
	(182,11438,2),
	(182,11439,2),
	(182,11460,2),
	(182,11461,2),
	(182,11572,2),
	(182,11573,2),
	(182,11574,2),
	(182,11577,2),
	(182,11605,2),
	(182,11607,2),
	(182,11608,2),
	(182,11609,2),
	(182,11614,2),
	(182,11615,2),
	(182,11650,2),
	(182,11652,2),
	(182,11653,2),
	(182,11654,2),
	(182,11657,2),
	(182,23459,2),
	(182,28583,2),
	(182,28614,2),
	(182,28648,2),
	(182,76118,2),
	(182,76133,2),
	(182,76134,2),
	(182,28652,3),
	(182,28656,3),
	(182,28662,3),
	(182,73528,3),
	(182,73532,3),
	(182,73522,5),
	(182,35930,6),
	(182,80156,6),
	(182,80159,6),
	(182,80160,6),
	(182,80355,6),
	(182,80423,6),
	(182,80152,10),
	(182,80157,10),
	(182,80161,10),
	(183,6693,1),
	(183,7339,1),
	(183,7681,1),
	(183,8017,1),
	(183,9009,1),
	(183,9680,1),
	(183,25195,1),
	(183,59721,1),
	(183,74276,1),
	(183,74292,1),
	(183,74824,1),
	(183,75344,1),
	(183,80588,1),
	(183,80589,1),
	(183,80590,1),
	(183,80669,1),
	(183,80671,1),
	(183,80991,1),
	(183,80992,1),
	(183,80993,1),
	(183,80994,1),
	(183,80995,1),
	(183,80996,1),
	(183,80997,1),
	(183,80998,1),
	(183,80999,1),
	(183,81000,1),
	(183,81001,1),
	(183,4858,2),
	(183,6197,2),
	(183,9620,2),
	(183,11415,2),
	(183,11416,2),
	(183,11417,2),
	(183,11437,2),
	(183,11438,2),
	(183,11439,2),
	(183,11460,2),
	(183,11461,2),
	(183,11571,2),
	(183,11572,2),
	(183,11573,2),
	(183,11574,2),
	(183,11579,2),
	(183,11606,2),
	(183,11607,2),
	(183,11608,2),
	(183,11609,2),
	(183,11651,2),
	(183,11652,2),
	(183,11653,2),
	(183,11654,2),
	(183,11764,2),
	(183,11797,2),
	(183,11838,2),
	(183,16263,2),
	(183,16299,2),
	(183,23459,2),
	(183,76118,2),
	(183,76133,2),
	(183,76134,2),
	(183,28652,3),
	(183,28656,3),
	(183,28662,3),
	(183,73528,3),
	(183,73532,3),
	(183,73735,6),
	(183,80457,6),
	(183,80472,6),
	(183,80473,6),
	(183,80487,6),
	(183,80458,10),
	(183,80474,10),
	(183,80488,10),
	(183,73522,11),
	(184,2538,2),
	(184,4858,2),
	(184,5177,2),
	(184,5882,2),
	(184,5902,2),
	(184,6197,2),
	(184,9620,2),
	(184,11383,2),
	(184,11415,2),
	(184,11416,2),
	(184,11417,2),
	(184,11437,2),
	(184,11438,2),
	(184,11439,2),
	(184,11460,2),
	(184,11461,2),
	(184,11571,2),
	(184,11572,2),
	(184,11573,2),
	(184,11574,2),
	(184,11577,2),
	(184,11606,2),
	(184,11607,2),
	(184,11608,2),
	(184,11609,2),
	(184,11614,2),
	(184,11615,2),
	(184,11651,2),
	(184,11652,2),
	(184,11653,2),
	(184,11654,2),
	(184,11657,2),
	(184,11763,2),
	(184,11764,2),
	(184,11796,2),
	(184,11797,2),
	(184,11837,2),
	(184,11838,2),
	(184,12305,2),
	(184,12318,2),
	(184,23459,2),
	(184,73522,2),
	(184,76118,2),
	(184,76133,2),
	(184,76134,2),
	(184,3942,3),
	(184,3946,3),
	(184,3950,3),
	(184,4344,6),
	(184,5270,6),
	(184,5303,6),
	(184,12830,6),
	(184,12866,6),
	(184,35932,6),
	(184,73093,6),
	(184,82304,6),
	(184,82323,6),
	(184,82285,10),
	(184,82305,10),
	(184,82324,10),
	(185,2538,2),
	(185,3041,2),
	(185,5177,2),
	(185,5882,2),
	(185,5902,2),
	(185,6197,2),
	(185,11383,2),
	(185,11415,2),
	(185,11416,2),
	(185,11417,2),
	(185,11437,2),
	(185,11438,2),
	(185,11439,2),
	(185,11460,2),
	(185,11461,2),
	(185,11572,2),
	(185,11574,2),
	(185,11577,2),
	(185,11605,2),
	(185,11607,2),
	(185,11609,2),
	(185,11614,2),
	(185,11615,2),
	(185,11650,2),
	(185,11652,2),
	(185,11654,2),
	(185,11657,2),
	(185,11765,2),
	(185,11798,2),
	(185,11839,2),
	(185,12305,2),
	(185,12318,2),
	(185,28583,2),
	(185,28614,2),
	(185,28648,2),
	(185,3942,3),
	(185,3946,3),
	(185,3950,3),
	(185,4194,6),
	(185,10322,6),
	(185,34011,6),
	(185,82414,6),
	(185,82430,6),
	(185,82431,6),
	(185,82399,10),
	(185,82415,10),
	(185,82432,10),
	(187,2538,2),
	(187,5882,2),
	(187,5902,2),
	(187,6197,2),
	(187,11383,2),
	(187,11415,2),
	(187,11416,2),
	(187,11417,2),
	(187,11437,2),
	(187,11438,2),
	(187,11439,2),
	(187,11460,2),
	(187,11461,2),
	(187,11571,2),
	(187,11572,2),
	(187,11573,2),
	(187,11574,2),
	(187,11577,2),
	(187,11578,2),
	(187,11579,2),
	(187,11606,2),
	(187,11607,2),
	(187,11608,2),
	(187,11609,2),
	(187,11614,2),
	(187,11615,2),
	(187,11616,2),
	(187,11617,2),
	(187,11651,2),
	(187,11652,2),
	(187,11653,2),
	(187,11654,2),
	(187,11657,2),
	(187,11658,2),
	(187,11659,2),
	(187,11763,2),
	(187,11764,2),
	(187,11796,2),
	(187,11797,2),
	(187,11837,2),
	(187,11838,2),
	(187,28583,2),
	(187,28614,2),
	(187,28648,2),
	(187,3942,3),
	(187,3946,3),
	(187,3950,3),
	(187,4344,6),
	(187,12830,6),
	(187,12866,6),
	(187,35932,6),
	(187,82446,6),
	(187,82464,6),
	(187,82465,6),
	(187,82483,6),
	(187,82484,6),
	(187,82447,10),
	(187,82466,10),
	(187,82485,10),
	(188,2538,2),
	(188,5177,2),
	(188,5882,2),
	(188,5902,2),
	(188,6197,2),
	(188,11383,2),
	(188,11415,2),
	(188,11416,2),
	(188,11417,2),
	(188,11437,2),
	(188,11438,2),
	(188,11439,2),
	(188,11460,2),
	(188,11461,2),
	(188,11574,2),
	(188,11577,2),
	(188,11578,2),
	(188,11579,2),
	(188,11609,2),
	(188,11614,2),
	(188,11615,2),
	(188,11616,2),
	(188,11617,2),
	(188,11654,2),
	(188,11657,2),
	(188,11658,2),
	(188,11659,2),
	(188,11764,2),
	(188,11765,2),
	(188,11797,2),
	(188,11798,2),
	(188,11838,2),
	(188,11839,2),
	(188,12305,2),
	(188,12318,2),
	(188,19205,2),
	(188,19239,2),
	(188,19240,2),
	(188,19241,2),
	(188,19242,2),
	(188,19284,2),
	(188,3942,3),
	(188,3946,3),
	(188,3950,3),
	(188,6283,6),
	(188,8167,6),
	(188,82558,6),
	(188,82574,6),
	(188,82594,6),
	(188,82595,6),
	(188,82559,10),
	(188,82575,10),
	(188,82596,10),
	(190,2538,2),
	(190,3041,2),
	(190,5882,2),
	(190,5902,2),
	(190,6197,2),
	(190,11383,2),
	(190,11415,2),
	(190,11416,2),
	(190,11417,2),
	(190,11437,2),
	(190,11438,2),
	(190,11439,2),
	(190,11460,2),
	(190,11461,2),
	(190,11571,2),
	(190,11572,2),
	(190,11573,2),
	(190,11574,2),
	(190,11577,2),
	(190,11605,2),
	(190,11606,2),
	(190,11607,2),
	(190,11608,2),
	(190,11609,2),
	(190,11614,2),
	(190,11615,2),
	(190,11650,2),
	(190,11651,2),
	(190,11652,2),
	(190,11653,2),
	(190,11654,2),
	(190,11657,2),
	(190,11761,2),
	(190,11763,2),
	(190,11794,2),
	(190,11796,2),
	(190,11835,2),
	(190,11837,2),
	(190,28583,2),
	(190,28614,2),
	(190,28648,2),
	(190,3942,3),
	(190,3946,3),
	(190,3950,3),
	(190,4344,6),
	(190,12830,6),
	(190,12866,6),
	(190,82611,6),
	(190,82612,6),
	(190,82646,6),
	(190,82647,6),
	(190,110833,6),
	(190,110834,6),
	(190,82613,10),
	(190,82630,10),
	(190,82648,10),
	(191,2538,2),
	(191,3041,2),
	(191,5177,2),
	(191,5882,2),
	(191,5902,2),
	(191,6197,2),
	(191,9200,2),
	(191,11383,2),
	(191,11415,2),
	(191,11416,2),
	(191,11417,2),
	(191,11437,2),
	(191,11438,2),
	(191,11439,2),
	(191,11460,2),
	(191,11461,2),
	(191,11571,2),
	(191,11574,2),
	(191,11575,2),
	(191,11577,2),
	(191,11578,2),
	(191,11579,2),
	(191,11605,2),
	(191,11606,2),
	(191,11609,2),
	(191,11610,2),
	(191,11611,2),
	(191,11614,2),
	(191,11615,2),
	(191,11616,2),
	(191,11617,2),
	(191,11650,2),
	(191,11651,2),
	(191,11654,2),
	(191,11655,2),
	(191,11657,2),
	(191,11658,2),
	(191,11659,2),
	(191,11765,2),
	(191,11798,2),
	(191,11839,2),
	(191,12305,2),
	(191,12318,2),
	(191,28583,2),
	(191,28614,2),
	(191,28648,2),
	(191,82720,2),
	(191,82740,2),
	(191,82761,2),
	(191,7213,3),
	(191,84697,3),
	(191,84721,3),
	(191,88283,3),
	(191,88304,3),
	(191,88326,3),
	(191,4344,6),
	(191,5200,6),
	(191,12830,6),
	(191,12866,6),
	(191,82717,6),
	(191,82718,6),
	(191,82738,6),
	(191,82758,6),
	(191,82759,6),
	(191,111134,6),
	(191,82719,10),
	(191,82739,10),
	(191,82760,10),
	(192,5882,2),
	(192,6197,2),
	(192,9200,2),
	(192,11415,2),
	(192,11416,2),
	(192,11417,2),
	(192,11437,2),
	(192,11438,2),
	(192,11439,2),
	(192,11460,2),
	(192,11461,2),
	(192,11571,2),
	(192,11573,2),
	(192,11574,2),
	(192,11575,2),
	(192,11577,2),
	(192,11578,2),
	(192,11579,2),
	(192,11606,2),
	(192,11608,2),
	(192,11609,2),
	(192,11610,2),
	(192,11611,2),
	(192,11614,2),
	(192,11615,2),
	(192,11616,2),
	(192,11617,2),
	(192,11651,2),
	(192,11653,2),
	(192,11654,2),
	(192,11655,2),
	(192,11657,2),
	(192,11658,2),
	(192,11659,2),
	(192,11764,2),
	(192,11797,2),
	(192,11838,2),
	(192,19205,2),
	(192,19239,2),
	(192,19240,2),
	(192,19241,2),
	(192,19242,2),
	(192,19284,2),
	(192,82761,2),
	(192,88250,3),
	(192,82740,5),
	(192,3927,6),
	(192,3930,6),
	(192,3933,6),
	(192,82909,6),
	(192,82931,6),
	(192,82892,10),
	(192,82910,10),
	(192,82932,10),
	(192,82720,11),
	(194,4858,2),
	(194,5882,2),
	(194,9620,2),
	(194,11573,2),
	(194,11574,2),
	(194,11577,2),
	(194,11608,2),
	(194,11609,2),
	(194,11614,2),
	(194,11615,2),
	(194,11653,2),
	(194,11654,2),
	(194,11657,2),
	(194,12192,2),
	(194,12202,2),
	(194,12214,2),
	(194,23459,2),
	(194,73522,2),
	(194,76118,2),
	(194,76133,2),
	(194,76134,2),
	(194,4333,3),
	(194,7213,3),
	(194,10986,3),
	(194,12172,3),
	(194,84697,3),
	(194,84721,3),
	(194,96462,3),
	(194,9237,6),
	(194,13995,6),
	(194,82933,6),
	(194,82937,6),
	(194,82938,6),
	(194,82965,6),
	(194,82934,10),
	(194,82939,10),
	(194,82943,10),
	(195,3041,2),
	(195,4858,2),
	(195,6197,2),
	(195,9620,2),
	(195,11415,2),
	(195,11416,2),
	(195,11417,2),
	(195,11437,2),
	(195,11438,2),
	(195,11439,2),
	(195,11460,2),
	(195,11461,2),
	(195,11571,2),
	(195,11572,2),
	(195,11573,2),
	(195,11574,2),
	(195,11579,2),
	(195,11605,2),
	(195,11606,2),
	(195,11607,2),
	(195,11608,2),
	(195,11609,2),
	(195,11650,2),
	(195,11651,2),
	(195,11652,2),
	(195,11653,2),
	(195,11654,2),
	(195,16263,2),
	(195,16299,2),
	(195,23459,2),
	(195,73522,2),
	(195,76118,2),
	(195,76133,2),
	(195,76134,2),
	(195,3942,3),
	(195,3946,3),
	(195,3950,3),
	(195,8085,6),
	(195,83014,6),
	(195,83030,6),
	(195,83031,6),
	(195,83045,6),
	(195,83046,6),
	(195,83015,10),
	(195,83032,10),
	(195,83047,10),
	(196,3041,2),
	(196,4858,2),
	(196,6197,2),
	(196,9620,2),
	(196,11417,2),
	(196,11439,2),
	(196,11572,2),
	(196,11573,2),
	(196,11574,2),
	(196,11579,2),
	(196,11605,2),
	(196,11607,2),
	(196,11608,2),
	(196,11609,2),
	(196,11650,2),
	(196,11652,2),
	(196,11653,2),
	(196,11654,2),
	(196,16263,2),
	(196,16299,2),
	(196,23459,2),
	(196,73522,2),
	(196,76118,2),
	(196,76133,2),
	(196,76134,2),
	(196,3942,3),
	(196,3946,3),
	(196,3950,3),
	(196,46066,6),
	(196,46069,6),
	(196,46073,6),
	(196,80841,6),
	(196,83106,6),
	(196,83119,6),
	(196,83107,10),
	(196,83120,10),
	(196,83131,10),
	(198,11579,2),
	(198,11764,2),
	(198,11797,2),
	(198,11838,2),
	(198,16263,2),
	(198,16299,2),
	(198,3942,3),
	(198,3946,3),
	(198,3950,3),
	(198,7641,6),
	(198,74063,6),
	(198,83132,6),
	(198,83133,6),
	(198,83138,6),
	(198,83139,6),
	(198,83140,6),
	(198,83144,6),
	(198,83145,6),
	(200,5177,2),
	(200,6197,2),
	(200,11415,2),
	(200,11417,2),
	(200,11437,2),
	(200,11439,2),
	(200,11460,2),
	(200,11572,2),
	(200,11574,2),
	(200,11607,2),
	(200,11609,2),
	(200,11652,2),
	(200,11654,2),
	(200,11764,2),
	(200,11797,2),
	(200,11838,2),
	(200,12305,2),
	(200,12318,2),
	(200,5018,3),
	(200,5687,3),
	(200,6556,3),
	(200,12260,3),
	(200,29731,3),
	(200,29735,3),
	(200,29736,3),
	(200,83361,6),
	(200,83371,6),
	(200,83381,6),
	(200,83362,10),
	(200,83372,10),
	(200,83382,10),
	(202,4858,2),
	(202,5882,2),
	(202,9620,2),
	(202,11415,2),
	(202,11416,2),
	(202,11437,2),
	(202,11438,2),
	(202,11460,2),
	(202,11461,2),
	(202,11571,2),
	(202,11573,2),
	(202,11574,2),
	(202,11577,2),
	(202,11606,2),
	(202,11608,2),
	(202,11609,2),
	(202,11614,2),
	(202,11615,2),
	(202,11651,2),
	(202,11653,2),
	(202,11654,2),
	(202,11657,2),
	(202,23459,2),
	(202,73522,2),
	(202,76118,2),
	(202,76133,2),
	(202,76134,2),
	(202,22819,3),
	(202,83185,3),
	(202,83191,3),
	(202,83198,3),
	(202,83199,3),
	(202,4333,6),
	(202,4339,6),
	(202,5055,6),
	(202,5062,6),
	(202,6471,6),
	(202,43717,6),
	(202,43721,6),
	(202,43726,6),
	(202,83168,6),
	(202,83175,6),
	(202,83180,6),
	(202,3040,9),
	(202,83169,10),
	(202,83176,10),
	(202,83181,10),
	(204,5882,2),
	(204,11574,2),
	(204,11577,2),
	(204,11579,2),
	(204,11609,2),
	(204,11614,2),
	(204,11615,2),
	(204,11654,2),
	(204,11657,2),
	(204,12192,2),
	(204,12202,2),
	(204,12214,2),
	(204,16263,2),
	(204,16299,2),
	(204,3074,3),
	(204,4333,3),
	(204,59272,3),
	(204,83427,3),
	(204,83438,3),
	(204,35995,6),
	(204,35996,6),
	(204,60349,6),
	(204,60350,6),
	(204,83423,6),
	(204,83424,6),
	(204,83425,6),
	(204,83434,6),
	(204,83435,6),
	(204,83436,6),
	(204,83447,6),
	(204,83448,6),
	(204,83449,6),
	(204,83450,6),
	(204,83451,6),
	(204,83426,10),
	(204,83437,10),
	(204,83452,10),
	(205,5177,2),
	(205,5882,2),
	(205,11574,2),
	(205,11577,2),
	(205,11579,2),
	(205,11609,2),
	(205,11614,2),
	(205,11615,2),
	(205,11654,2),
	(205,11657,2),
	(205,12305,2),
	(205,12318,2),
	(205,16263,2),
	(205,16299,2),
	(205,3074,3),
	(205,4333,3),
	(205,59272,3),
	(205,83427,3),
	(205,83438,3),
	(205,83423,6),
	(205,83434,6),
	(205,83447,6),
	(205,83734,6),
	(205,83735,6),
	(205,83743,6),
	(205,83744,6),
	(205,83754,6),
	(205,83755,6),
	(205,83736,10),
	(205,83745,10),
	(205,83756,10),
	(206,4858,2),
	(206,5882,2),
	(206,9620,2),
	(206,11574,2),
	(206,11577,2),
	(206,11579,2),
	(206,11609,2),
	(206,11614,2),
	(206,11615,2),
	(206,11654,2),
	(206,11657,2),
	(206,16263,2),
	(206,16299,2),
	(206,23459,2),
	(206,73522,2),
	(206,76118,2),
	(206,76133,2),
	(206,76134,2),
	(206,5022,3),
	(206,20564,3),
	(206,22861,3),
	(206,83497,6),
	(206,83498,6),
	(206,83507,6),
	(206,83508,6),
	(206,83517,6),
	(206,83518,6),
	(206,83499,10),
	(206,83509,10),
	(206,83519,10),
	(207,5882,2),
	(207,11577,2),
	(207,11579,2),
	(207,11614,2),
	(207,11615,2),
	(207,11657,2),
	(207,16263,2),
	(207,16299,2),
	(207,3942,3),
	(207,3946,3),
	(207,3950,3),
	(207,5056,6),
	(207,5063,6),
	(207,5070,6),
	(207,12578,6),
	(207,83423,6),
	(207,83434,6),
	(207,83447,6),
	(207,83770,6),
	(207,83775,6),
	(207,83765,10),
	(207,83771,10),
	(207,83776,10),
	(208,4858,2),
	(208,5177,2),
	(208,5882,2),
	(208,9620,2),
	(208,11574,2),
	(208,11577,2),
	(208,11578,2),
	(208,11609,2),
	(208,11614,2),
	(208,11615,2),
	(208,11616,2),
	(208,11617,2),
	(208,11654,2),
	(208,11657,2),
	(208,11658,2),
	(208,11659,2),
	(208,12305,2),
	(208,12318,2),
	(208,16263,2),
	(208,16299,2),
	(208,23459,2),
	(208,73522,2),
	(208,76118,2),
	(208,76133,2),
	(208,76134,2),
	(208,4656,3),
	(208,4658,3),
	(208,4659,3),
	(208,4661,3),
	(208,4662,3),
	(208,4664,3),
	(208,11579,4),
	(208,5660,6),
	(208,83497,6),
	(208,83498,6),
	(208,83507,6),
	(208,83508,6),
	(208,83518,6),
	(208,83601,6),
	(208,83616,6),
	(208,83587,10),
	(208,83602,10),
	(208,83617,10),
	(209,5882,2),
	(209,11574,2),
	(209,11577,2),
	(209,11579,2),
	(209,11609,2),
	(209,11614,2),
	(209,11615,2),
	(209,11654,2),
	(209,11657,2),
	(209,16263,2),
	(209,16299,2),
	(209,3074,3),
	(209,4333,3),
	(209,59272,3),
	(209,83427,3),
	(209,83438,3),
	(209,12578,6),
	(209,83423,6),
	(209,83434,6),
	(209,83447,6),
	(209,83770,6),
	(209,83775,6),
	(209,83818,6),
	(209,83826,6),
	(209,83836,6),
	(209,83819,10),
	(209,83827,10),
	(209,83837,10),
	(210,5177,2),
	(210,5882,2),
	(210,11574,2),
	(210,11577,2),
	(210,11579,2),
	(210,11609,2),
	(210,11614,2),
	(210,11615,2),
	(210,11654,2),
	(210,11657,2),
	(210,12305,2),
	(210,12318,2),
	(210,16263,2),
	(210,16299,2),
	(210,3942,3),
	(210,3946,3),
	(210,3950,3),
	(210,4722,6),
	(210,4727,6),
	(210,4732,6),
	(210,12578,6),
	(210,83423,6),
	(210,83434,6),
	(210,83447,6),
	(210,83770,6),
	(210,83775,6),
	(210,83902,10),
	(210,83911,10),
	(210,83921,10),
	(212,5882,2),
	(212,11574,2),
	(212,11577,2),
	(212,11579,2),
	(212,11609,2),
	(212,11614,2),
	(212,11615,2),
	(212,11654,2),
	(212,11657,2),
	(212,16263,2),
	(212,16299,2),
	(212,3074,3),
	(212,4333,3),
	(212,59272,3),
	(212,83427,3),
	(212,83438,3),
	(212,83423,6),
	(212,83434,6),
	(212,83447,6),
	(212,83960,6),
	(212,83967,6),
	(212,83976,6),
	(212,83961,10),
	(212,83968,10),
	(212,83977,10),
	(213,5882,2),
	(213,11574,2),
	(213,11577,2),
	(213,11579,2),
	(213,11609,2),
	(213,11614,2),
	(213,11615,2),
	(213,11654,2),
	(213,11657,2),
	(213,16263,2),
	(213,16299,2),
	(213,3942,3),
	(213,3946,3),
	(213,3950,3),
	(213,83423,6),
	(213,83434,6),
	(213,83447,6),
	(213,84010,6),
	(213,84011,6),
	(213,84018,6),
	(213,84019,6),
	(213,84027,6),
	(213,84028,6),
	(213,84012,10),
	(213,84020,10),
	(213,84029,10),
	(214,5882,2),
	(214,6197,2),
	(214,11417,2),
	(214,11439,2),
	(214,11574,2),
	(214,11577,2),
	(214,11579,2),
	(214,11609,2),
	(214,11614,2),
	(214,11615,2),
	(214,11654,2),
	(214,11657,2),
	(214,16263,2),
	(214,16299,2),
	(214,4656,3),
	(214,4658,3),
	(214,4659,3),
	(214,4661,3),
	(214,4662,3),
	(214,4664,3),
	(214,84196,6),
	(214,84197,6),
	(214,84204,6),
	(214,84205,6),
	(214,84213,6),
	(214,84214,6),
	(214,84198,10),
	(214,84206,10),
	(214,84215,10),
	(215,6197,2),
	(215,11415,2),
	(215,11416,2),
	(215,11417,2),
	(215,11437,2),
	(215,11438,2),
	(215,11439,2),
	(215,11460,2),
	(215,11461,2),
	(215,11571,2),
	(215,11572,2),
	(215,11573,2),
	(215,11574,2),
	(215,11579,2),
	(215,11606,2),
	(215,11607,2),
	(215,11608,2),
	(215,11609,2),
	(215,11651,2),
	(215,11652,2),
	(215,11653,2),
	(215,11654,2),
	(215,12192,2),
	(215,12202,2),
	(215,12214,2),
	(215,16263,2),
	(215,16299,2),
	(215,5041,3),
	(215,5045,3),
	(215,5049,3),
	(215,4333,6),
	(215,10026,6),
	(215,84355,6),
	(215,84361,6),
	(215,5882,8),
	(215,11577,8),
	(215,11614,8),
	(215,11615,8),
	(215,11657,8),
	(215,84351,10),
	(215,84356,10),
	(215,84362,10),
	(216,5177,2),
	(216,5882,2),
	(216,6197,2),
	(216,11415,2),
	(216,11417,2),
	(216,11437,2),
	(216,11439,2),
	(216,11460,2),
	(216,11572,2),
	(216,11574,2),
	(216,11577,2),
	(216,11578,2),
	(216,11607,2),
	(216,11609,2),
	(216,11614,2),
	(216,11615,2),
	(216,11616,2),
	(216,11617,2),
	(216,11652,2),
	(216,11654,2),
	(216,11657,2),
	(216,11658,2),
	(216,11659,2),
	(216,12305,2),
	(216,12318,2),
	(216,16263,2),
	(216,16299,2),
	(216,3074,3),
	(216,4333,3),
	(216,59272,3),
	(216,83427,3),
	(216,83438,3),
	(216,11579,4),
	(216,83424,6),
	(216,83435,6),
	(216,83448,6),
	(216,84477,6),
	(216,84478,6),
	(216,84490,6),
	(216,84491,6),
	(216,84506,6),
	(216,84507,6),
	(216,96363,10),
	(216,96376,10),
	(216,96392,10),
	(218,4858,2),
	(218,6197,2),
	(218,9620,2),
	(218,11415,2),
	(218,11416,2),
	(218,11417,2),
	(218,11437,2),
	(218,11438,2),
	(218,11439,2),
	(218,11460,2),
	(218,11461,2),
	(218,11571,2),
	(218,11572,2),
	(218,11573,2),
	(218,11574,2),
	(218,11606,2),
	(218,11607,2),
	(218,11608,2),
	(218,11609,2),
	(218,11651,2),
	(218,11652,2),
	(218,11653,2),
	(218,11654,2),
	(218,12192,2),
	(218,12202,2),
	(218,12214,2),
	(218,23459,2),
	(218,76118,2),
	(218,76133,2),
	(218,76134,2),
	(218,28652,3),
	(218,28656,3),
	(218,28662,3),
	(218,73528,3),
	(218,73532,3),
	(218,73522,5),
	(218,5056,6),
	(218,5063,6),
	(218,5070,6),
	(218,43803,6),
	(218,43806,6),
	(218,43809,6),
	(218,84509,10),
	(218,84524,10),
	(218,84539,10),
	(219,4858,2),
	(219,6197,2),
	(219,9620,2),
	(219,11415,2),
	(219,11416,2),
	(219,11417,2),
	(219,11437,2),
	(219,11438,2),
	(219,11439,2),
	(219,11460,2),
	(219,11461,2),
	(219,11571,2),
	(219,11572,2),
	(219,11573,2),
	(219,11574,2),
	(219,11606,2),
	(219,11607,2),
	(219,11608,2),
	(219,11609,2),
	(219,11651,2),
	(219,11652,2),
	(219,11653,2),
	(219,11654,2),
	(219,12192,2),
	(219,12202,2),
	(219,12214,2),
	(219,23459,2),
	(219,76118,2),
	(219,76133,2),
	(219,76134,2),
	(219,28652,3),
	(219,28656,3),
	(219,28662,3),
	(219,73528,3),
	(219,73532,3),
	(219,73522,5),
	(219,5056,6),
	(219,5063,6),
	(219,5070,6),
	(219,84554,6),
	(219,84569,6),
	(219,84583,6),
	(219,84555,10),
	(219,84570,10),
	(219,84584,10),
	(221,5177,2),
	(221,5882,2),
	(221,6197,2),
	(221,11415,2),
	(221,11417,2),
	(221,11437,2),
	(221,11439,2),
	(221,11460,2),
	(221,11572,2),
	(221,11574,2),
	(221,11577,2),
	(221,11578,2),
	(221,11607,2),
	(221,11609,2),
	(221,11614,2),
	(221,11615,2),
	(221,11616,2),
	(221,11617,2),
	(221,11652,2),
	(221,11654,2),
	(221,11657,2),
	(221,11658,2),
	(221,11659,2),
	(221,12305,2),
	(221,12318,2),
	(221,16263,2),
	(221,16299,2),
	(221,3942,3),
	(221,3946,3),
	(221,3950,3),
	(221,11579,4),
	(221,4656,6),
	(221,4659,6),
	(221,19940,6),
	(221,87621,6),
	(221,87632,6),
	(221,87645,6),
	(221,87646,6),
	(221,97954,10),
	(221,97966,10),
	(221,97980,10),
	(222,5882,2),
	(222,6197,2),
	(222,11417,2),
	(222,11439,2),
	(222,11574,2),
	(222,11577,2),
	(222,11579,2),
	(222,11609,2),
	(222,11614,2),
	(222,11615,2),
	(222,11654,2),
	(222,11657,2),
	(222,16263,2),
	(222,16299,2),
	(222,3942,3),
	(222,3946,3),
	(222,3950,3),
	(222,4656,6),
	(222,4659,6),
	(222,4662,6),
	(222,87621,6),
	(222,87632,6),
	(222,87697,6),
	(222,87702,6),
	(222,87707,6),
	(222,87708,6),
	(222,87698,10),
	(222,87703,10),
	(222,87709,10),
	(223,5882,2),
	(223,6197,2),
	(223,11415,2),
	(223,11417,2),
	(223,11437,2),
	(223,11439,2),
	(223,11460,2),
	(223,11574,2),
	(223,11577,2),
	(223,11579,2),
	(223,11609,2),
	(223,11614,2),
	(223,11615,2),
	(223,11654,2),
	(223,11657,2),
	(223,16263,2),
	(223,16299,2),
	(223,3942,3),
	(223,3946,3),
	(223,3950,3),
	(223,4656,6),
	(223,4659,6),
	(223,4662,6),
	(223,5055,6),
	(223,5062,6),
	(223,5069,6),
	(223,87621,6),
	(223,87632,6),
	(223,87697,6),
	(223,87702,6),
	(223,87707,6),
	(223,87708,6),
	(223,87771,10),
	(223,87782,10),
	(223,87794,10),
	(224,82761,2),
	(224,7975,6),
	(224,7997,6),
	(224,89209,6),
	(224,88250,9),
	(224,84740,10),
	(224,84746,10),
	(224,84752,10),
	(224,82720,11),
	(224,82740,11),
	(225,5882,2),
	(225,11415,2),
	(225,11416,2),
	(225,11437,2),
	(225,11438,2),
	(225,11460,2),
	(225,11461,2),
	(225,11571,2),
	(225,11572,2),
	(225,11573,2),
	(225,11574,2),
	(225,11577,2),
	(225,11606,2),
	(225,11607,2),
	(225,11608,2),
	(225,11609,2),
	(225,11614,2),
	(225,11615,2),
	(225,11651,2),
	(225,11652,2),
	(225,11653,2),
	(225,11654,2),
	(225,11657,2),
	(225,12192,2),
	(225,12202,2),
	(225,12214,2),
	(225,3942,3),
	(225,3946,3),
	(225,3950,3),
	(225,5457,6),
	(225,5462,6),
	(225,43717,6),
	(225,43721,6),
	(225,43726,6),
	(225,87323,6),
	(225,88845,6),
	(225,111943,6),
	(225,111970,6),
	(225,87324,10),
	(225,87336,10),
	(225,87349,10),
	(226,5177,2),
	(226,5882,2),
	(226,6197,2),
	(226,9200,2),
	(226,11415,2),
	(226,11416,2),
	(226,11417,2),
	(226,11437,2),
	(226,11438,2),
	(226,11439,2),
	(226,11460,2),
	(226,11461,2),
	(226,11571,2),
	(226,11572,2),
	(226,11573,2),
	(226,11574,2),
	(226,11575,2),
	(226,11577,2),
	(226,11606,2),
	(226,11607,2),
	(226,11608,2),
	(226,11609,2),
	(226,11610,2),
	(226,11611,2),
	(226,11614,2),
	(226,11615,2),
	(226,11651,2),
	(226,11652,2),
	(226,11653,2),
	(226,11654,2),
	(226,11655,2),
	(226,11657,2),
	(226,12305,2),
	(226,12318,2),
	(226,3942,3),
	(226,3946,3),
	(226,3950,3),
	(226,23557,6),
	(226,43717,6),
	(226,43721,6),
	(226,43726,6),
	(226,87437,6),
	(226,111813,6),
	(226,111814,6),
	(226,111845,6),
	(226,111846,6),
	(226,87438,10),
	(226,87454,10),
	(226,87470,10),
	(227,4858,2),
	(227,6197,2),
	(227,9620,2),
	(227,11415,2),
	(227,11416,2),
	(227,11417,2),
	(227,11437,2),
	(227,11438,2),
	(227,11439,2),
	(227,11460,2),
	(227,11461,2),
	(227,11571,2),
	(227,11572,2),
	(227,11573,2),
	(227,11574,2),
	(227,11606,2),
	(227,11607,2),
	(227,11608,2),
	(227,11609,2),
	(227,11651,2),
	(227,11652,2),
	(227,11653,2),
	(227,11654,2),
	(227,12192,2),
	(227,12202,2),
	(227,12214,2),
	(227,23459,2),
	(227,73522,2),
	(227,76118,2),
	(227,76133,2),
	(227,76134,2),
	(227,5022,3),
	(227,20564,3),
	(227,22861,3),
	(227,3478,6),
	(227,3482,6),
	(227,3486,6),
	(227,86556,6),
	(227,86559,6),
	(227,86562,6),
	(227,86735,10),
	(227,86739,10),
	(227,86743,10),
	(228,5177,2),
	(228,5882,2),
	(228,11574,2),
	(228,11577,2),
	(228,11579,2),
	(228,11609,2),
	(228,11614,2),
	(228,11615,2),
	(228,11654,2),
	(228,11657,2),
	(228,12305,2),
	(228,12318,2),
	(228,16263,2),
	(228,16299,2),
	(228,3074,3),
	(228,4333,3),
	(228,59272,3),
	(228,83427,3),
	(228,83438,3),
	(228,83423,6),
	(228,83434,6),
	(228,83447,6),
	(228,86640,6),
	(228,86643,6),
	(228,86647,6),
	(228,86802,10),
	(228,86806,10),
	(228,86811,10),
	(229,4858,2),
	(229,5177,2),
	(229,5882,2),
	(229,9620,2),
	(229,11574,2),
	(229,11577,2),
	(229,11579,2),
	(229,11609,2),
	(229,11614,2),
	(229,11615,2),
	(229,11654,2),
	(229,11657,2),
	(229,12305,2),
	(229,12318,2),
	(229,16263,2),
	(229,16299,2),
	(229,23459,2),
	(229,73522,2),
	(229,76118,2),
	(229,76133,2),
	(229,76134,2),
	(229,3074,3),
	(229,4333,3),
	(229,59272,3),
	(229,83427,3),
	(229,83438,3),
	(229,83423,6),
	(229,83434,6),
	(229,83447,6),
	(229,86651,6),
	(229,86654,6),
	(229,86658,6),
	(229,86886,10),
	(229,86890,10),
	(229,86895,10),
	(230,4858,2),
	(230,5882,2),
	(230,9620,2),
	(230,11574,2),
	(230,11577,2),
	(230,11579,2),
	(230,11609,2),
	(230,11614,2),
	(230,11615,2),
	(230,11654,2),
	(230,11657,2),
	(230,16263,2),
	(230,16299,2),
	(230,23459,2),
	(230,73522,2),
	(230,76118,2),
	(230,76133,2),
	(230,76134,2),
	(230,3074,3),
	(230,4333,3),
	(230,59272,3),
	(230,83427,3),
	(230,83438,3),
	(230,83423,6),
	(230,83434,6),
	(230,83447,6),
	(230,86673,6),
	(230,86676,6),
	(230,86680,6),
	(230,86949,10),
	(230,86953,10),
	(230,86958,10),
	(231,5882,2),
	(231,11574,2),
	(231,11577,2),
	(231,11579,2),
	(231,11609,2),
	(231,11614,2),
	(231,11615,2),
	(231,11654,2),
	(231,11657,2),
	(231,16263,2),
	(231,16299,2),
	(231,3942,3),
	(231,3946,3),
	(231,3950,3),
	(231,83423,6),
	(231,83434,6),
	(231,83447,6),
	(231,86684,6),
	(231,86687,6),
	(231,86690,6),
	(231,87009,10),
	(231,87013,10),
	(231,87017,10),
	(232,5177,2),
	(232,5882,2),
	(232,11574,2),
	(232,11577,2),
	(232,11579,2),
	(232,11609,2),
	(232,11614,2),
	(232,11615,2),
	(232,11654,2),
	(232,11657,2),
	(232,12305,2),
	(232,12318,2),
	(232,16263,2),
	(232,16299,2),
	(232,3074,3),
	(232,4333,3),
	(232,59272,3),
	(232,83427,3),
	(232,83438,3),
	(232,83423,6),
	(232,83434,6),
	(232,83447,6),
	(232,86693,6),
	(232,86696,6),
	(232,86700,6),
	(232,87267,10),
	(232,87271,10),
	(232,87276,10),
	(233,5177,2),
	(233,5882,2),
	(233,11573,2),
	(233,11574,2),
	(233,11576,2),
	(233,11577,2),
	(233,11608,2),
	(233,11609,2),
	(233,11612,2),
	(233,11613,2),
	(233,11614,2),
	(233,11615,2),
	(233,11653,2),
	(233,11654,2),
	(233,11656,2),
	(233,11657,2),
	(233,11765,2),
	(233,11798,2),
	(233,11839,2),
	(233,12192,2),
	(233,12202,2),
	(233,12214,2),
	(233,12305,2),
	(233,12318,2),
	(233,3942,3),
	(233,3946,3),
	(233,3950,3),
	(233,5056,6),
	(233,5063,6),
	(233,5070,6),
	(233,87841,10),
	(233,87851,10),
	(233,87863,10),
	(234,2544,3),
	(234,5902,3),
	(234,3774,6),
	(234,3778,6),
	(234,4859,6),
	(234,11495,6),
	(234,87952,6),
	(234,87958,6),
	(234,87959,6),
	(234,87963,6),
	(234,87964,6),
	(234,88089,6),
	(234,88094,6),
	(234,2538,9),
	(234,88116,10),
	(234,88121,10),
	(234,88127,10),
	(235,2544,3),
	(235,5902,3),
	(235,2537,6),
	(235,3774,6),
	(235,3778,6),
	(235,3844,6),
	(235,3848,6),
	(235,4859,6),
	(235,87952,6),
	(235,87958,6),
	(235,87959,6),
	(235,87963,6),
	(235,87964,6),
	(235,2538,9),
	(235,88099,10),
	(235,88104,10),
	(235,88110,10),
	(236,2544,3),
	(236,5902,3),
	(236,3774,6),
	(236,3778,6),
	(236,4311,6),
	(236,4859,6),
	(236,87952,6),
	(236,87957,6),
	(236,87958,6),
	(236,87959,6),
	(236,87962,6),
	(236,87963,6),
	(236,87964,6),
	(236,2538,9),
	(236,88133,10),
	(236,88138,10),
	(236,88144,10),
	(237,3041,2),
	(237,5882,2),
	(237,6197,2),
	(237,11383,2),
	(237,11415,2),
	(237,11417,2),
	(237,11437,2),
	(237,11439,2),
	(237,11460,2),
	(237,11572,2),
	(237,11573,2),
	(237,11574,2),
	(237,11577,2),
	(237,11605,2),
	(237,11607,2),
	(237,11608,2),
	(237,11609,2),
	(237,11614,2),
	(237,11615,2),
	(237,11650,2),
	(237,11652,2),
	(237,11653,2),
	(237,11654,2),
	(237,11657,2),
	(237,2544,3),
	(237,2538,5),
	(237,5902,5),
	(237,4344,6),
	(237,12830,6),
	(237,12866,6),
	(237,89213,6),
	(237,89223,6),
	(237,89234,6),
	(237,88054,10),
	(237,88059,10),
	(237,88065,10),
	(238,3041,2),
	(238,5882,2),
	(238,6197,2),
	(238,11383,2),
	(238,11415,2),
	(238,11417,2),
	(238,11437,2),
	(238,11439,2),
	(238,11460,2),
	(238,11574,2),
	(238,11577,2),
	(238,11605,2),
	(238,11609,2),
	(238,11614,2),
	(238,11615,2),
	(238,11650,2),
	(238,11654,2),
	(238,11657,2),
	(238,12305,2),
	(238,12318,2),
	(238,2544,3),
	(238,2538,5),
	(238,5902,5),
	(238,4344,6),
	(238,6488,6),
	(238,12830,6),
	(238,12866,6),
	(238,89246,6),
	(238,96327,6),
	(238,111536,6),
	(238,111581,6),
	(238,5177,8),
	(238,89247,10),
	(238,89252,10),
	(238,89256,10),
	(239,5177,2),
	(239,5882,2),
	(239,6197,2),
	(239,11383,2),
	(239,11415,2),
	(239,11416,2),
	(239,11417,2),
	(239,11437,2),
	(239,11438,2),
	(239,11439,2),
	(239,11460,2),
	(239,11461,2),
	(239,11573,2),
	(239,11574,2),
	(239,11576,2),
	(239,11577,2),
	(239,11608,2),
	(239,11609,2),
	(239,11612,2),
	(239,11613,2),
	(239,11614,2),
	(239,11615,2),
	(239,11653,2),
	(239,11654,2),
	(239,11656,2),
	(239,11657,2),
	(239,11764,2),
	(239,11765,2),
	(239,11797,2),
	(239,11798,2),
	(239,11838,2),
	(239,11839,2),
	(239,12305,2),
	(239,12318,2),
	(239,19205,2),
	(239,19239,2),
	(239,19240,2),
	(239,19241,2),
	(239,19242,2),
	(239,19284,2),
	(239,2544,3),
	(239,2538,5),
	(239,5902,5),
	(239,4075,6),
	(239,4076,6),
	(239,4344,6),
	(239,12830,6),
	(239,12866,6),
	(239,111454,6),
	(239,111455,6),
	(239,111488,6),
	(239,111489,6),
	(239,89302,10),
	(239,89306,10),
	(239,89310,10),
	(240,5177,2),
	(240,5882,2),
	(240,6197,2),
	(240,11383,2),
	(240,11415,2),
	(240,11416,2),
	(240,11417,2),
	(240,11437,2),
	(240,11438,2),
	(240,11439,2),
	(240,11460,2),
	(240,11461,2),
	(240,11574,2),
	(240,11576,2),
	(240,11577,2),
	(240,11609,2),
	(240,11612,2),
	(240,11613,2),
	(240,11614,2),
	(240,11615,2),
	(240,11654,2),
	(240,11656,2),
	(240,11657,2),
	(240,11764,2),
	(240,11765,2),
	(240,11797,2),
	(240,11798,2),
	(240,11838,2),
	(240,11839,2),
	(240,12305,2),
	(240,12318,2),
	(240,2544,3),
	(240,2538,5),
	(240,5902,5),
	(240,4344,6),
	(240,5200,6),
	(240,12830,6),
	(240,12866,6),
	(240,43771,6),
	(240,43778,6),
	(240,43782,6),
	(240,89437,6),
	(240,111193,6),
	(240,111349,6),
	(240,89438,10),
	(240,89452,10),
	(240,89467,10),
	(241,3041,2),
	(241,5177,2),
	(241,5882,2),
	(241,6197,2),
	(241,9200,2),
	(241,11415,2),
	(241,11416,2),
	(241,11417,2),
	(241,11437,2),
	(241,11438,2),
	(241,11439,2),
	(241,11460,2),
	(241,11461,2),
	(241,11571,2),
	(241,11572,2),
	(241,11573,2),
	(241,11574,2),
	(241,11575,2),
	(241,11576,2),
	(241,11577,2),
	(241,11605,2),
	(241,11606,2),
	(241,11607,2),
	(241,11608,2),
	(241,11609,2),
	(241,11610,2),
	(241,11611,2),
	(241,11612,2),
	(241,11613,2),
	(241,11614,2),
	(241,11615,2),
	(241,11650,2),
	(241,11651,2),
	(241,11652,2),
	(241,11653,2),
	(241,11654,2),
	(241,11655,2),
	(241,11656,2),
	(241,11657,2),
	(241,11765,2),
	(241,11798,2),
	(241,11839,2),
	(241,12305,2),
	(241,12318,2),
	(241,82761,2),
	(241,2537,6),
	(241,88402,6),
	(241,89062,6),
	(241,89080,6),
	(241,88250,9),
	(241,95537,10),
	(241,95555,10),
	(241,95574,10),
	(241,82720,11),
	(241,82740,11),
	(242,3041,2),
	(242,5177,2),
	(242,5882,2),
	(242,6197,2),
	(242,11383,2),
	(242,11415,2),
	(242,11416,2),
	(242,11417,2),
	(242,11437,2),
	(242,11438,2),
	(242,11439,2),
	(242,11460,2),
	(242,11461,2),
	(242,11574,2),
	(242,11576,2),
	(242,11577,2),
	(242,11605,2),
	(242,11609,2),
	(242,11612,2),
	(242,11613,2),
	(242,11614,2),
	(242,11615,2),
	(242,11650,2),
	(242,11654,2),
	(242,11656,2),
	(242,11657,2),
	(242,11765,2),
	(242,11798,2),
	(242,11839,2),
	(242,12293,2),
	(242,12305,2),
	(242,12306,2),
	(242,12318,2),
	(242,12319,2),
	(242,2544,3),
	(242,2538,5),
	(242,5902,5),
	(242,2537,6),
	(242,3844,6),
	(242,4344,6),
	(242,4970,6),
	(242,12830,6),
	(242,12866,6),
	(242,89480,6),
	(242,89494,6),
	(242,112554,6),
	(242,89481,10),
	(242,89495,10),
	(242,89511,10),
	(243,5882,2),
	(243,6197,2),
	(243,9200,2),
	(243,11383,2),
	(243,11417,2),
	(243,11439,2),
	(243,11572,2),
	(243,11573,2),
	(243,11574,2),
	(243,11575,2),
	(243,11577,2),
	(243,11607,2),
	(243,11608,2),
	(243,11609,2),
	(243,11610,2),
	(243,11611,2),
	(243,11614,2),
	(243,11615,2),
	(243,11652,2),
	(243,11653,2),
	(243,11654,2),
	(243,11655,2),
	(243,11657,2),
	(243,11764,2),
	(243,11797,2),
	(243,11838,2),
	(243,19205,2),
	(243,19239,2),
	(243,19240,2),
	(243,19241,2),
	(243,19242,2),
	(243,19284,2),
	(243,2544,3),
	(243,2538,5),
	(243,5902,5),
	(243,2910,6),
	(243,4344,6),
	(243,11495,6),
	(243,12830,6),
	(243,12866,6),
	(243,88089,6),
	(243,89480,6),
	(243,89494,6),
	(243,112554,6),
	(243,96719,10),
	(243,96723,10),
	(243,96727,10),
	(244,2538,2),
	(244,5177,2),
	(244,5882,2),
	(244,5902,2),
	(244,6197,2),
	(244,11383,2),
	(244,11415,2),
	(244,11417,2),
	(244,11437,2),
	(244,11439,2),
	(244,11460,2),
	(244,11573,2),
	(244,11574,2),
	(244,11577,2),
	(244,11608,2),
	(244,11609,2),
	(244,11614,2),
	(244,11615,2),
	(244,11653,2),
	(244,11654,2),
	(244,11657,2),
	(244,11764,2),
	(244,11797,2),
	(244,11838,2),
	(244,12305,2),
	(244,12318,2),
	(244,7213,3),
	(244,84697,3),
	(244,84721,3),
	(244,88283,3),
	(244,88304,3),
	(244,88326,3),
	(244,4344,6),
	(244,6521,6),
	(244,12830,6),
	(244,12866,6),
	(244,33987,6),
	(244,96615,6),
	(244,110757,6),
	(244,110758,6),
	(244,110786,6),
	(244,96616,10),
	(244,96620,10),
	(244,96625,10),
	(245,2930,2),
	(245,2934,2),
	(245,2938,2),
	(245,5177,2),
	(245,5882,2),
	(245,6197,2),
	(245,9200,2),
	(245,11415,2),
	(245,11416,2),
	(245,11417,2),
	(245,11437,2),
	(245,11438,2),
	(245,11439,2),
	(245,11460,2),
	(245,11461,2),
	(245,11571,2),
	(245,11572,2),
	(245,11573,2),
	(245,11574,2),
	(245,11575,2),
	(245,11576,2),
	(245,11577,2),
	(245,11578,2),
	(245,11579,2),
	(245,11606,2),
	(245,11607,2),
	(245,11608,2),
	(245,11609,2),
	(245,11610,2),
	(245,11611,2),
	(245,11612,2),
	(245,11613,2),
	(245,11614,2),
	(245,11615,2),
	(245,11616,2),
	(245,11617,2),
	(245,11651,2),
	(245,11652,2),
	(245,11653,2),
	(245,11654,2),
	(245,11655,2),
	(245,11656,2),
	(245,11657,2),
	(245,11658,2),
	(245,11659,2),
	(245,11764,2),
	(245,11765,2),
	(245,11797,2),
	(245,11798,2),
	(245,11838,2),
	(245,11839,2),
	(245,12305,2),
	(245,12318,2),
	(245,82761,2),
	(245,88250,3),
	(245,82740,5),
	(245,3956,6),
	(245,3959,6),
	(245,3962,6),
	(245,82909,6),
	(245,82931,6),
	(245,95592,10),
	(245,95611,10),
	(245,95633,10),
	(245,82720,11),
	(246,5924,1),
	(246,5925,1),
	(246,6048,1),
	(246,12866,1),
	(246,103420,1),
	(246,103421,1),
	(246,103422,1),
	(246,2930,2),
	(246,2934,2),
	(246,2938,2),
	(246,5177,2),
	(246,5882,2),
	(246,6197,2),
	(246,11415,2),
	(246,11416,2),
	(246,11417,2),
	(246,11437,2),
	(246,11438,2),
	(246,11439,2),
	(246,11460,2),
	(246,11461,2),
	(246,11571,2),
	(246,11572,2),
	(246,11573,2),
	(246,11574,2),
	(246,11577,2),
	(246,11578,2),
	(246,11579,2),
	(246,11606,2),
	(246,11607,2),
	(246,11608,2),
	(246,11609,2),
	(246,11614,2),
	(246,11615,2),
	(246,11616,2),
	(246,11617,2),
	(246,11651,2),
	(246,11652,2),
	(246,11653,2),
	(246,11654,2),
	(246,11657,2),
	(246,11658,2),
	(246,11659,2),
	(246,11764,2),
	(246,11797,2),
	(246,11838,2),
	(246,12305,2),
	(246,12318,2),
	(246,82761,2),
	(246,2591,6),
	(246,5253,6),
	(246,11495,6),
	(246,88250,9),
	(246,95716,10),
	(246,95731,10),
	(246,95747,10),
	(246,82720,11),
	(246,82740,11),
	(247,3041,2),
	(247,5882,2),
	(247,6197,2),
	(247,9200,2),
	(247,11415,2),
	(247,11416,2),
	(247,11417,2),
	(247,11437,2),
	(247,11438,2),
	(247,11439,2),
	(247,11460,2),
	(247,11461,2),
	(247,11571,2),
	(247,11572,2),
	(247,11573,2),
	(247,11574,2),
	(247,11575,2),
	(247,11577,2),
	(247,11605,2),
	(247,11606,2),
	(247,11607,2),
	(247,11608,2),
	(247,11609,2),
	(247,11610,2),
	(247,11611,2),
	(247,11614,2),
	(247,11615,2),
	(247,11650,2),
	(247,11651,2),
	(247,11652,2),
	(247,11653,2),
	(247,11654,2),
	(247,11655,2),
	(247,11657,2),
	(247,82761,2),
	(247,88714,6),
	(247,89175,6),
	(247,89189,6),
	(247,88250,9),
	(247,95764,10),
	(247,95778,10),
	(247,95793,10),
	(247,82720,11),
	(247,82740,11),
	(248,2538,2),
	(248,3041,2),
	(248,5177,2),
	(248,5882,2),
	(248,5902,2),
	(248,6197,2),
	(248,11383,2),
	(248,11415,2),
	(248,11416,2),
	(248,11417,2),
	(248,11437,2),
	(248,11438,2),
	(248,11439,2),
	(248,11460,2),
	(248,11461,2),
	(248,11571,2),
	(248,11574,2),
	(248,11577,2),
	(248,11605,2),
	(248,11606,2),
	(248,11609,2),
	(248,11614,2),
	(248,11615,2),
	(248,11650,2),
	(248,11651,2),
	(248,11654,2),
	(248,11657,2),
	(248,12305,2),
	(248,12318,2),
	(248,82720,2),
	(248,82740,2),
	(248,82761,2),
	(248,3942,3),
	(248,3946,3),
	(248,3950,3),
	(248,4344,6),
	(248,5303,6),
	(248,12830,6),
	(248,12866,6),
	(248,73093,6),
	(248,73099,6),
	(248,88528,6),
	(248,88576,6),
	(248,112415,6),
	(248,88572,10),
	(248,88578,10),
	(248,88582,10),
	(249,2538,2),
	(249,5177,2),
	(249,5902,2),
	(249,6197,2),
	(249,11383,2),
	(249,11415,2),
	(249,11416,2),
	(249,11417,2),
	(249,11437,2),
	(249,11438,2),
	(249,11439,2),
	(249,11460,2),
	(249,11461,2),
	(249,11572,2),
	(249,11573,2),
	(249,11574,2),
	(249,11577,2),
	(249,11578,2),
	(249,11579,2),
	(249,11607,2),
	(249,11608,2),
	(249,11609,2),
	(249,11614,2),
	(249,11615,2),
	(249,11616,2),
	(249,11617,2),
	(249,11652,2),
	(249,11653,2),
	(249,11654,2),
	(249,11657,2),
	(249,11658,2),
	(249,11659,2),
	(249,11764,2),
	(249,11797,2),
	(249,11838,2),
	(249,12305,2),
	(249,12318,2),
	(249,82720,2),
	(249,82740,2),
	(249,82761,2),
	(249,3942,3),
	(249,3946,3),
	(249,3950,3),
	(249,4344,6),
	(249,12830,6),
	(249,12866,6),
	(249,17993,6),
	(249,88528,6),
	(249,88576,6),
	(249,88577,6),
	(249,112267,6),
	(249,5882,8),
	(249,89576,10),
	(249,89592,10),
	(249,89612,10),
	(250,2538,2),
	(250,3041,2),
	(250,5177,2),
	(250,5882,2),
	(250,5902,2),
	(250,6197,2),
	(250,11383,2),
	(250,11415,2),
	(250,11416,2),
	(250,11417,2),
	(250,11437,2),
	(250,11438,2),
	(250,11439,2),
	(250,11460,2),
	(250,11461,2),
	(250,11574,2),
	(250,11577,2),
	(250,11605,2),
	(250,11609,2),
	(250,11614,2),
	(250,11615,2),
	(250,11650,2),
	(250,11654,2),
	(250,11657,2),
	(250,11761,2),
	(250,11765,2),
	(250,11794,2),
	(250,11798,2),
	(250,11835,2),
	(250,11839,2),
	(250,12305,2),
	(250,12318,2),
	(250,5018,3),
	(250,5687,3),
	(250,6556,3),
	(250,12260,3),
	(250,29731,3),
	(250,29735,3),
	(250,29736,3),
	(250,5168,6),
	(250,88932,6),
	(250,88946,6),
	(250,88947,6),
	(250,88961,6),
	(250,88962,6),
	(250,95489,10),
	(250,95504,10),
	(250,95520,10),
	(251,5022,3),
	(251,20564,3),
	(251,22861,3),
	(251,88977,6),
	(251,89105,6),
	(251,89107,6),
	(251,89108,6),
	(252,2538,2),
	(252,3041,2),
	(252,5177,2),
	(252,5882,2),
	(252,5902,2),
	(252,6197,2),
	(252,11383,2),
	(252,11415,2),
	(252,11416,2),
	(252,11417,2),
	(252,11437,2),
	(252,11438,2),
	(252,11439,2),
	(252,11460,2),
	(252,11461,2),
	(252,11571,2),
	(252,11574,2),
	(252,11577,2),
	(252,11605,2),
	(252,11606,2),
	(252,11609,2),
	(252,11614,2),
	(252,11615,2),
	(252,11650,2),
	(252,11651,2),
	(252,11654,2),
	(252,11657,2),
	(252,11761,2),
	(252,11794,2),
	(252,11835,2),
	(252,12305,2),
	(252,12318,2),
	(252,12748,2),
	(252,12773,2),
	(252,12798,2),
	(252,19205,2),
	(252,19239,2),
	(252,19240,2),
	(252,19241,2),
	(252,19242,2),
	(252,19284,2),
	(252,7213,3),
	(252,84697,3),
	(252,84721,3),
	(252,88283,3),
	(252,88304,3),
	(252,88326,3),
	(252,4344,6),
	(252,12830,6),
	(252,12866,6),
	(252,89526,6),
	(252,89541,6),
	(252,89560,6),
	(252,89673,10),
	(252,89689,10),
	(252,89708,10),
	(253,2538,2),
	(253,3041,2),
	(253,5882,2),
	(253,5902,2),
	(253,6197,2),
	(253,9200,2),
	(253,11383,2),
	(253,11415,2),
	(253,11416,2),
	(253,11417,2),
	(253,11437,2),
	(253,11438,2),
	(253,11439,2),
	(253,11460,2),
	(253,11461,2),
	(253,11571,2),
	(253,11572,2),
	(253,11573,2),
	(253,11574,2),
	(253,11575,2),
	(253,11577,2),
	(253,11605,2),
	(253,11606,2),
	(253,11607,2),
	(253,11608,2),
	(253,11609,2),
	(253,11610,2),
	(253,11611,2),
	(253,11614,2),
	(253,11615,2),
	(253,11650,2),
	(253,11651,2),
	(253,11652,2),
	(253,11653,2),
	(253,11654,2),
	(253,11655,2),
	(253,11657,2),
	(253,82761,2),
	(253,88250,3),
	(253,82720,5),
	(253,82740,5),
	(253,4315,6),
	(253,4344,6),
	(253,5934,6),
	(253,6668,6),
	(253,12830,6),
	(253,12866,6),
	(253,83168,6),
	(253,83175,6),
	(253,89707,6),
	(253,94303,10),
	(253,94319,10),
	(253,94336,10),
	(254,3041,2),
	(254,5177,2),
	(254,6197,2),
	(254,11415,2),
	(254,11417,2),
	(254,11437,2),
	(254,11439,2),
	(254,11460,2),
	(254,11605,2),
	(254,11650,2),
	(254,12305,2),
	(254,12318,2),
	(254,5882,3),
	(254,11614,3),
	(254,17993,3),
	(254,92629,3),
	(254,92640,3),
	(254,92648,3),
	(254,92649,3),
	(254,3040,6),
	(254,5056,6),
	(254,5063,6),
	(254,5070,6),
	(254,7753,6),
	(254,12021,6),
	(254,12025,6),
	(254,92627,6),
	(254,92666,6),
	(254,92667,6),
	(254,92677,6),
	(254,92678,6),
	(254,92628,10),
	(254,92639,10),
	(254,92647,10),
	(255,3041,2),
	(255,6197,2),
	(255,11415,2),
	(255,11417,2),
	(255,11437,2),
	(255,11439,2),
	(255,11460,2),
	(255,11605,2),
	(255,11650,2),
	(255,12305,2),
	(255,12318,2),
	(255,5882,3),
	(255,11614,3),
	(255,17993,3),
	(255,92629,3),
	(255,92640,3),
	(255,92648,3),
	(255,92649,3),
	(255,3040,6),
	(255,5056,6),
	(255,5063,6),
	(255,5070,6),
	(255,12021,6),
	(255,12025,6),
	(255,86556,6),
	(255,86559,6),
	(255,86562,6),
	(255,89251,6),
	(255,89255,6),
	(255,5177,8),
	(255,92689,10),
	(255,92696,10),
	(255,92700,10),
	(256,3041,2),
	(256,5177,2),
	(256,6197,2),
	(256,11415,2),
	(256,11417,2),
	(256,11437,2),
	(256,11439,2),
	(256,11460,2),
	(256,11605,2),
	(256,11650,2),
	(256,12305,2),
	(256,12318,2),
	(256,5882,3),
	(256,11614,3),
	(256,17993,3),
	(256,92640,3),
	(256,92648,3),
	(256,92649,3),
	(256,3040,6),
	(256,5056,6),
	(256,5063,6),
	(256,5070,6),
	(256,12021,6),
	(256,12025,6),
	(256,92638,6),
	(256,92646,6),
	(256,92629,9),
	(256,92802,10),
	(256,92807,10),
	(256,92813,10),
	(257,3041,2),
	(257,5177,2),
	(257,6197,2),
	(257,11415,2),
	(257,11417,2),
	(257,11437,2),
	(257,11439,2),
	(257,11460,2),
	(257,11605,2),
	(257,11650,2),
	(257,12305,2),
	(257,12318,2),
	(257,5882,3),
	(257,11614,3),
	(257,17993,3),
	(257,92629,3),
	(257,92640,3),
	(257,92648,3),
	(257,92649,3),
	(257,3040,6),
	(257,5056,6),
	(257,5063,6),
	(257,5070,6),
	(257,7700,6),
	(257,12021,6),
	(257,12025,6),
	(257,29730,6),
	(257,29734,6),
	(257,92901,6),
	(257,92907,6),
	(257,92913,6),
	(257,92902,10),
	(257,92908,10),
	(257,92914,10),
	(258,3041,2),
	(258,5177,2),
	(258,6197,2),
	(258,11415,2),
	(258,11417,2),
	(258,11437,2),
	(258,11439,2),
	(258,11460,2),
	(258,11605,2),
	(258,11650,2),
	(258,12305,2),
	(258,12318,2),
	(258,5882,3),
	(258,11614,3),
	(258,17993,3),
	(258,92629,3),
	(258,92640,3),
	(258,92648,3),
	(258,92649,3),
	(258,3040,6),
	(258,5056,6),
	(258,5063,6),
	(258,5070,6),
	(258,7561,6),
	(258,12021,6),
	(258,12025,6),
	(258,92997,6),
	(258,93004,6),
	(258,93005,6),
	(258,93011,6),
	(258,93012,6),
	(258,92998,10),
	(258,93006,10),
	(258,93013,10),
	(259,3041,2),
	(259,5177,2),
	(259,6197,2),
	(259,11415,2),
	(259,11417,2),
	(259,11437,2),
	(259,11439,2),
	(259,11460,2),
	(259,11605,2),
	(259,11650,2),
	(259,12305,2),
	(259,12318,2),
	(259,5882,3),
	(259,11614,3),
	(259,17993,3),
	(259,92629,3),
	(259,92640,3),
	(259,92648,3),
	(259,92649,3),
	(259,3040,6),
	(259,5056,6),
	(259,5063,6),
	(259,5070,6),
	(259,9906,6),
	(259,10198,6),
	(259,12021,6),
	(259,12025,6),
	(259,93149,6),
	(259,93150,6),
	(259,93155,6),
	(259,93156,6),
	(259,93143,10),
	(259,93151,10),
	(259,93157,10),
	(261,3041,2),
	(261,5177,2),
	(261,5882,2),
	(261,11383,2),
	(261,11415,2),
	(261,11416,2),
	(261,11437,2),
	(261,11438,2),
	(261,11460,2),
	(261,11461,2),
	(261,11571,2),
	(261,11573,2),
	(261,11574,2),
	(261,11577,2),
	(261,11605,2),
	(261,11606,2),
	(261,11608,2),
	(261,11609,2),
	(261,11614,2),
	(261,11615,2),
	(261,11650,2),
	(261,11651,2),
	(261,11653,2),
	(261,11654,2),
	(261,11657,2),
	(261,11765,2),
	(261,11798,2),
	(261,11839,2),
	(261,12305,2),
	(261,12318,2),
	(261,2544,3),
	(261,5902,5),
	(261,2537,6),
	(261,3774,6),
	(261,3778,6),
	(261,3844,6),
	(261,3848,6),
	(261,96408,10),
	(261,96420,10),
	(261,96434,10),
	(261,2538,11),
	(263,2538,2),
	(263,5177,2),
	(263,5902,2),
	(263,6197,2),
	(263,11383,2),
	(263,11415,2),
	(263,11417,2),
	(263,11437,2),
	(263,11439,2),
	(263,11460,2),
	(263,11761,2),
	(263,11764,2),
	(263,11794,2),
	(263,11797,2),
	(263,11835,2),
	(263,11838,2),
	(263,12305,2),
	(263,12318,2),
	(263,5018,3),
	(263,5687,3),
	(263,6556,3),
	(263,12260,3),
	(263,29731,3),
	(263,29735,3),
	(263,29736,3),
	(263,3968,6),
	(263,3971,6),
	(263,3974,6),
	(263,5056,6),
	(263,5063,6),
	(263,5070,6),
	(263,65220,6),
	(263,95824,6),
	(263,95831,6),
	(263,95832,6),
	(263,95836,6),
	(263,95837,6),
	(263,95825,10),
	(263,95833,10),
	(263,95838,10),
	(264,2538,2),
	(264,5902,2),
	(264,11383,2),
	(264,11761,2),
	(264,11794,2),
	(264,11835,2),
	(264,7213,3),
	(264,84697,3),
	(264,84721,3),
	(264,88283,3),
	(264,88304,3),
	(264,88326,3),
	(264,4344,6),
	(264,5177,6),
	(264,5206,6),
	(264,10198,6),
	(264,10216,6),
	(264,12830,6),
	(264,12866,6),
	(264,110475,6),
	(264,110476,6),
	(264,95808,10),
	(264,95814,10),
	(264,95819,10),
	(266,4333,3),
	(266,7213,3),
	(266,10986,3),
	(266,12172,3),
	(266,84697,3),
	(266,84721,3),
	(266,96462,3),
	(266,4854,6),
	(266,12830,6),
	(266,96100,6),
	(266,96105,6),
	(266,96106,6),
	(266,96107,6),
	(266,96111,6),
	(266,96112,6),
	(266,96113,6),
	(266,96101,10),
	(266,96108,10),
	(266,96114,10),
	(267,11574,2),
	(267,11578,2),
	(267,11609,2),
	(267,11616,2),
	(267,11617,2),
	(267,11654,2),
	(267,11658,2),
	(267,11659,2),
	(267,11764,2),
	(267,11797,2),
	(267,11838,2),
	(267,16263,2),
	(267,16299,2),
	(267,3074,3),
	(267,4333,3),
	(267,59272,3),
	(267,83427,3),
	(267,83438,3),
	(267,11579,4),
	(267,10026,6),
	(267,97753,6),
	(267,97754,6),
	(267,97758,6),
	(267,97759,6),
	(267,97760,6),
	(267,97769,6),
	(267,97770,6),
	(267,97771,6),
	(267,97775,6),
	(267,97776,6),
	(267,97777,6),
	(267,97787,6),
	(267,97788,6),
	(267,97789,6),
	(267,97792,6),
	(267,97793,6),
	(267,97794,6),
	(267,4657,10),
	(267,4660,10),
	(267,4811,10),
	(267,59136,10),
	(267,97755,10),
	(267,97756,10),
	(267,97757,10),
	(267,97761,10),
	(267,97772,10),
	(267,97773,10),
	(267,97774,10),
	(267,97790,10),
	(267,97791,10),
	(267,97795,10),
	(268,11574,2),
	(268,11578,2),
	(268,11609,2),
	(268,11616,2),
	(268,11617,2),
	(268,11654,2),
	(268,11658,2),
	(268,11659,2),
	(268,11764,2),
	(268,11797,2),
	(268,11838,2),
	(268,16263,2),
	(268,16299,2),
	(268,3074,3),
	(268,4333,3),
	(268,59272,3),
	(268,83427,3),
	(268,83438,3),
	(268,11579,4),
	(268,97758,4),
	(268,97759,4),
	(268,97760,4),
	(268,97775,4),
	(268,97776,4),
	(268,97777,4),
	(268,97792,4),
	(268,97793,4),
	(268,97794,4),
	(268,102528,4),
	(268,102529,4),
	(268,102545,4),
	(268,102546,4),
	(268,102564,4),
	(268,102565,4),
	(268,10026,6),
	(268,97753,6),
	(268,97769,6),
	(268,97770,6),
	(268,97787,6),
	(268,97788,6),
	(268,97804,6),
	(268,97819,6),
	(268,97836,6),
	(268,97805,10),
	(268,97820,10),
	(268,97837,10),
	(268,4811,12),
	(268,59136,12),
	(268,97756,12),
	(268,97757,12),
	(268,97761,12),
	(268,97773,12),
	(268,97774,12),
	(268,97791,12),
	(269,2538,2),
	(269,5177,2),
	(269,5902,2),
	(269,6197,2),
	(269,11383,2),
	(269,11415,2),
	(269,11417,2),
	(269,11437,2),
	(269,11439,2),
	(269,11460,2),
	(269,11574,2),
	(269,11577,2),
	(269,11609,2),
	(269,11615,2),
	(269,11654,2),
	(269,11657,2),
	(269,11761,2),
	(269,11764,2),
	(269,11794,2),
	(269,11797,2),
	(269,11835,2),
	(269,11838,2),
	(269,12305,2),
	(269,12318,2),
	(269,17993,2),
	(269,92629,2),
	(269,92640,2),
	(269,92648,2),
	(269,92649,2),
	(269,7213,3),
	(269,84697,3),
	(269,84721,3),
	(269,88283,3),
	(269,88304,3),
	(269,88326,3),
	(269,5882,4),
	(269,11614,4),
	(269,4344,6),
	(269,6283,6),
	(269,7700,6),
	(269,7713,6),
	(269,7731,6),
	(269,8104,6),
	(269,12830,6),
	(269,12866,6),
	(269,110372,6),
	(269,102291,10),
	(269,102306,10),
	(269,102321,10);

/*!40000 ALTER TABLE `ps_search_index` ENABLE KEYS */;
UNLOCK TABLES;


# Дамп таблицы ps_search_word
# ------------------------------------------------------------

DROP TABLE IF EXISTS `ps_search_word`;

CREATE TABLE `ps_search_word` (
  `id_word` int(10) unsigned NOT NULL AUTO_INCREMENT,
  `id_shop` int(11) unsigned NOT NULL DEFAULT '1',
  `id_lang` int(10) unsigned NOT NULL,
  `word` varchar(15) NOT NULL,
  PRIMARY KEY (`id_word`),
  UNIQUE KEY `id_lang` (`id_lang`,`id_shop`,`word`)
) ENGINE=InnoDB DEFAULT CHARSET=utf8;

LOCK TABLES `ps_search_word` WRITE;
/*!40000 ALTER TABLE `ps_search_word` DISABLE KEYS */;

INSERT INTO `ps_search_word` (`id_word`, `id_shop`, `id_lang`, `word`)
VALUES
	(4961,1,1,'001'),
	(4993,1,1,'002'),
	(5095,1,1,'003'),
	(17175,1,1,'004'),
	(78023,1,1,'100'),
	(73057,1,1,'1001'),
	(2930,1,1,'101'),
	(97759,1,1,'1015'),
	(97760,1,1,'1118'),
	(33477,1,1,'150g'),
	(33617,1,1,'200g'),
	(33465,1,1,'230g'),
	(13894,1,1,'250gr'),
	(33560,1,1,'300g'),
	(33857,1,1,'400g'),
	(13986,1,1,'400gr'),
	(73184,1,1,'4050'),
	(97758,1,1,'610'),
	(96296,1,1,'8th'),
	(20561,1,1,'abut'),
	(23419,1,1,'acacia'),
	(16530,1,1,'accent'),
	(10141,1,1,'accentuate'),
	(28709,1,1,'adam'),
	(6007,1,1,'addition'),
	(5663,1,1,'admiration'),
	(9828,1,1,'adorn'),
	(5659,1,1,'adventures'),
	(4314,1,1,'afection'),
	(10262,1,1,'affection'),
	(20574,1,1,'agafia'),
	(20577,1,1,'agafьi'),
	(7560,1,1,'air'),
	(4245,1,1,'alice'),
	(9873,1,1,'alike'),
	(17728,1,1,'ality'),
	(22547,1,1,'almonds'),
	(7564,1,1,'along'),
	(7288,1,1,'also'),
	(11762,1,1,'alstromerias'),
	(17606,1,1,'always'),
	(7635,1,1,'amethist'),
	(7643,1,1,'amethyst'),
	(5168,1,1,'angel'),
	(11765,1,1,'anniversary'),
	(4959,1,1,'anthurium'),
	(5238,1,1,'anyone'),
	(96123,1,1,'anywhere'),
	(78016,1,1,'apelьsinovyj'),
	(82611,1,1,'apple'),
	(6652,1,1,'appreciate'),
	(22544,1,1,'apricots'),
	(3839,1,1,'armful'),
	(8332,1,1,'aroma'),
	(3046,1,1,'aromatic'),
	(17469,1,1,'aromaticheskuyu'),
	(25081,1,1,'arranged'),
	(96120,1,1,'arrangement'),
	(17587,1,1,'arrangements'),
	(95207,1,1,'art'),
	(7705,1,1,'associated'),
	(7209,1,1,'assorted'),
	(7211,1,1,'assortment'),
	(6004,1,1,'attention'),
	(4092,1,1,'australia'),
	(89480,1,1,'australian'),
	(28804,1,1,'autumn'),
	(30364,1,1,'autumn001'),
	(30314,1,1,'autumn002'),
	(30414,1,1,'autumn003'),
	(30467,1,1,'autumn004'),
	(30267,1,1,'autumn005'),
	(30218,1,1,'autumn006'),
	(30179,1,1,'autumn007'),
	(30101,1,1,'autumn008'),
	(31784,1,1,'autumn009'),
	(30043,1,1,'autumn010'),
	(45977,1,1,'autumn011'),
	(7974,1,1,'awakening'),
	(20576,1,1,'babushki'),
	(23417,1,1,'back'),
	(88977,1,1,'balloons'),
	(43717,1,1,'basket'),
	(83169,1,1,'basket001'),
	(87324,1,1,'basket002'),
	(87438,1,1,'basket003'),
	(83185,1,1,'baskets'),
	(3047,1,1,'bath'),
	(20570,1,1,'bathroom'),
	(86684,1,1,'batman'),
	(19935,1,1,'bear'),
	(84197,1,1,'bearded'),
	(79638,1,1,'bears'),
	(82558,1,1,'beast'),
	(8769,1,1,'beatuful'),
	(4316,1,1,'beautiful'),
	(6515,1,1,'beautifull'),
	(6283,1,1,'beauty'),
	(6006,1,1,'become'),
	(17072,1,1,'beer'),
	(13191,1,1,'believe'),
	(96117,1,1,'beloved'),
	(74901,1,1,'belьgijskij'),
	(82717,1,1,'berry'),
	(18894,1,1,'best'),
	(9202,1,1,'better'),
	(78007,1,1,'bez'),
	(5055,1,1,'big'),
	(11578,1,1,'birth'),
	(11577,1,1,'birthday'),
	(9868,1,1,'biscuit'),
	(78019,1,1,'blanshirovannym'),
	(77984,1,1,'blizko'),
	(35928,1,1,'bloknot'),
	(89246,1,1,'boat'),
	(78014,1,1,'boby'),
	(20567,1,1,'body'),
	(77995,1,1,'boks'),
	(77999,1,1,'boksa'),
	(74887,1,1,'boksom'),
	(81932,1,1,'boksy'),
	(20571,1,1,'bombs'),
	(92627,1,1,'bond'),
	(2945,1,1,'boom'),
	(4318,1,1,'boquet'),
	(83168,1,1,'boss'),
	(22672,1,1,'bottles'),
	(92901,1,1,'bottom'),
	(5245,1,1,'bouqet'),
	(12830,1,1,'bouquet'),
	(7213,1,1,'bouquets'),
	(5056,1,1,'box'),
	(14251,1,1,'box001'),
	(14324,1,1,'box002'),
	(14346,1,1,'box003'),
	(14378,1,1,'box004'),
	(14484,1,1,'box005'),
	(14412,1,1,'box006'),
	(14436,1,1,'box007'),
	(5018,1,1,'boxes'),
	(97804,1,1,'boys'),
	(7636,1,1,'bracelet'),
	(43772,1,1,'breakfast'),
	(8327,1,1,'breath'),
	(8329,1,1,'breeze'),
	(3041,1,1,'bright'),
	(8608,1,1,'bring'),
	(8770,1,1,'brings'),
	(35931,1,1,'bronze'),
	(8143,1,1,'brulee'),
	(41940,1,1,'buchet'),
	(43741,1,1,'bunny'),
	(4194,1,1,'burgundy'),
	(3856,1,1,'burst'),
	(10019,1,1,'butter'),
	(10026,1,1,'cake'),
	(60617,1,1,'candies'),
	(73589,1,1,'candle'),
	(13341,1,1,'candy'),
	(8147,1,1,'captivating'),
	(20963,1,1,'caramel'),
	(12005,1,1,'card'),
	(12006,1,1,'card000'),
	(12017,1,1,'card001'),
	(12029,1,1,'card002'),
	(12041,1,1,'card003'),
	(12065,1,1,'card004'),
	(12101,1,1,'cards'),
	(23839,1,1,'care'),
	(28583,1,1,'carnations'),
	(35994,1,1,'carnet'),
	(5662,1,1,'causes'),
	(87437,1,1,'ceremony'),
	(31782,1,1,'cersei'),
	(79092,1,1,'change'),
	(79090,1,1,'charge'),
	(8084,1,1,'charming'),
	(3042,1,1,'cheerful'),
	(22676,1,1,'cheese'),
	(11579,1,1,'child'),
	(22679,1,1,'chili'),
	(22674,1,1,'chips'),
	(3787,1,1,'chocolate'),
	(31287,1,1,'choice'),
	(25093,1,1,'choose'),
	(73837,1,1,'chrismas'),
	(73522,1,1,'christmas'),
	(11763,1,1,'chrysanthemums'),
	(78027,1,1,'chto'),
	(74886,1,1,'chudesnym'),
	(74904,1,1,'chyornyj'),
	(20964,1,1,'cinnamon'),
	(12578,1,1,'classic'),
	(6412,1,1,'clear'),
	(73092,1,1,'cleopatra'),
	(10194,1,1,'close'),
	(17594,1,1,'closely'),
	(3706,1,1,'cloud'),
	(82446,1,1,'clouds'),
	(46066,1,1,'cocktail'),
	(14060,1,1,'coffee'),
	(7646,1,1,'cold'),
	(11573,1,1,'colleague'),
	(7283,1,1,'collected'),
	(28652,1,1,'collection'),
	(15367,1,1,'color'),
	(18301,1,1,'colorful'),
	(3941,1,1,'colors'),
	(7214,1,1,'combination'),
	(23840,1,1,'combined'),
	(4855,1,1,'comes'),
	(22784,1,1,'comfortable'),
	(25090,1,1,'comments'),
	(6518,1,1,'compliment'),
	(23561,1,1,'composition'),
	(17602,1,1,'concept'),
	(96219,1,1,'confidence'),
	(11574,1,1,'congratulations'),
	(3045,1,1,'contains'),
	(8330,1,1,'cool'),
	(28945,1,1,'cornucopia'),
	(22789,1,1,'cotton'),
	(8148,1,1,'cream'),
	(10024,1,1,'creamy'),
	(16529,1,1,'create'),
	(5834,1,1,'created'),
	(5242,1,1,'creation'),
	(8772,1,1,'creations'),
	(9033,1,1,'creature'),
	(8142,1,1,'creme'),
	(9938,1,1,'crimson'),
	(7977,1,1,'curtains'),
	(13805,1,1,'custom'),
	(17467,1,1,'cvetami'),
	(78001,1,1,'cvetochnyj'),
	(17487,1,1,'cvetov'),
	(81924,1,1,'daritь'),
	(5243,1,1,'darling'),
	(8610,1,1,'darlings'),
	(36529,1,1,'darth'),
	(9906,1,1,'date'),
	(17993,1,1,'day'),
	(60207,1,1,'deadpool'),
	(8612,1,1,'dear'),
	(6415,1,1,'declaration'),
	(10025,1,1,'decor'),
	(7640,1,1,'decorate'),
	(22546,1,1,'decorated'),
	(10540,1,1,'decorating'),
	(7286,1,1,'decoration'),
	(25085,1,1,'decorative'),
	(46015,1,1,'dedpul'),
	(88402,1,1,'deep'),
	(7289,1,1,'definitely'),
	(74939,1,1,'delaem'),
	(7704,1,1,'delicate'),
	(8146,1,1,'delicious'),
	(8767,1,1,'delight'),
	(10197,1,1,'deliver'),
	(22683,1,1,'delivered'),
	(96122,1,1,'delivery'),
	(74935,1,1,'denь'),
	(3055,1,1,'depending'),
	(17725,1,1,'descri'),
	(25088,1,1,'describe'),
	(17598,1,1,'descriptions'),
	(13806,1,1,'design'),
	(31783,1,1,'desire'),
	(8145,1,1,'dessert'),
	(74862,1,1,'detstve'),
	(96119,1,1,'devotion'),
	(3012,1,1,'devushki'),
	(97753,1,1,'diaper'),
	(102528,1,1,'diapers'),
	(22278,1,1,'differ'),
	(7284,1,1,'different'),
	(89526,1,1,'diplomat'),
	(84010,1,1,'disney'),
	(10139,1,1,'diverse'),
	(2952,1,1,'dlya'),
	(78008,1,1,'dobavleniya'),
	(87621,1,1,'dog'),
	(97756,1,1,'donkey'),
	(22272,1,1,'donuts'),
	(3606,1,1,'dounats'),
	(30031,1,1,'dream'),
	(4010,1,1,'dreams'),
	(9088,1,1,'dress'),
	(22543,1,1,'dried'),
	(81935,1,1,'drugogo'),
	(77997,1,1,'dukhom'),
	(86693,1,1,'duplo'),
	(17478,1,1,'dusha'),
	(9622,1,1,'dusk'),
	(97757,1,1,'eeyore'),
	(17591,1,1,'effort'),
	(36015,1,1,'einstein'),
	(4806,1,1,'elefant'),
	(5893,1,1,'elegance'),
	(6005,1,1,'elegant'),
	(25086,1,1,'elements'),
	(97761,1,1,'elephant'),
	(83960,1,1,'elves'),
	(6285,1,1,'embodied'),
	(3857,1,1,'emotions'),
	(6288,1,1,'enchant'),
	(4228,1,1,'enchanted'),
	(20565,1,1,'endless'),
	(9623,1,1,'endlessly'),
	(12293,1,1,'engagement'),
	(43771,1,1,'english'),
	(3036,1,1,'enjoy'),
	(6153,1,1,'enough'),
	(5240,1,1,'entire'),
	(81925,1,1,'eshhe'),
	(74922,1,1,'estь'),
	(78034,1,1,'etogo'),
	(77988,1,1,'etom'),
	(12948,1,1,'eustomas'),
	(28710,1,1,'eve'),
	(9201,1,1,'even'),
	(8958,1,1,'evening'),
	(17590,1,1,'ever'),
	(6519,1,1,'every'),
	(8960,1,1,'everyone'),
	(5794,1,1,'everything'),
	(25084,1,1,'exact'),
	(96218,1,1,'exactly'),
	(22280,1,1,'example'),
	(22284,1,1,'existing'),
	(16528,1,1,'exotic'),
	(7638,1,1,'expensive'),
	(7915,1,1,'explain'),
	(10261,1,1,'expression'),
	(9087,1,1,'exquisite'),
	(4321,1,1,'eyes'),
	(5666,1,1,'fabulous'),
	(8609,1,1,'face'),
	(5660,1,1,'fairy'),
	(35996,1,1,'falcon'),
	(5790,1,1,'fascinated'),
	(80151,1,1,'feather'),
	(5175,1,1,'feathers'),
	(22413,1,1,'feel'),
	(6156,1,1,'feelings'),
	(9872,1,1,'femine'),
	(6287,1,1,'feminine'),
	(5053,1,1,'ferrero'),
	(8331,1,1,'fersh'),
	(3940,1,1,'festival'),
	(22902,1,1,'figs'),
	(7755,1,1,'fill'),
	(12698,1,1,'fills'),
	(4860,1,1,'find'),
	(43803,1,1,'fiori'),
	(10198,1,1,'first'),
	(8082,1,1,'flame'),
	(4182,1,1,'flamingo'),
	(6516,1,1,'fllowers'),
	(23560,1,1,'floral'),
	(10995,1,1,'florist'),
	(17492,1,1,'florista'),
	(3968,1,1,'flower'),
	(79968,1,1,'flowerbed'),
	(16527,1,1,'flowerpot'),
	(10697,1,1,'flowerpots'),
	(12260,1,1,'flowers'),
	(22681,1,1,'food'),
	(4229,1,1,'forest'),
	(28755,1,1,'forever'),
	(10260,1,1,'form'),
	(9203,1,1,'fragrance'),
	(20566,1,1,'fragrant'),
	(92997,1,1,'french'),
	(4043,1,1,'fresh'),
	(3037,1,1,'freshness'),
	(35127,1,1,'friend'),
	(23559,1,1,'friends'),
	(5894,1,1,'front'),
	(3038,1,1,'fruit'),
	(20961,1,1,'fruits'),
	(17463,1,1,'fruktov'),
	(2949,1,1,'frutov'),
	(17483,1,1,'frutti'),
	(4856,1,1,'full'),
	(78015,1,1,'funduk'),
	(78004,1,1,'fundukom'),
	(4076,1,1,'garden'),
	(28649,1,1,'garnet'),
	(9204,1,1,'gathered'),
	(9143,1,1,'gathers'),
	(20966,1,1,'gel'),
	(17477,1,1,'gelь'),
	(4317,1,1,'gentel'),
	(6520,1,1,'gentle'),
	(10140,1,1,'gently'),
	(10466,1,1,'genus'),
	(12748,1,1,'gerberas'),
	(9200,1,1,'get'),
	(9034,1,1,'gethers'),
	(3040,1,1,'gift'),
	(84479,1,1,'giftbox001'),
	(20564,1,1,'gifts'),
	(7753,1,1,'girl'),
	(11417,1,1,'girlfriend'),
	(73128,1,1,'girlish'),
	(97754,1,1,'girls'),
	(11496,1,1,'give'),
	(12695,1,1,'gives'),
	(5665,1,1,'giving'),
	(95824,1,1,'glasses'),
	(22275,1,1,'glaze'),
	(9090,1,1,'gloves'),
	(84196,1,1,'gnome'),
	(81927,1,1,'godu'),
	(35930,1,1,'golden'),
	(19129,1,1,'good'),
	(74905,1,1,'gorьkij'),
	(6152,1,1,'got'),
	(11571,1,1,'grandmother'),
	(14171,1,1,'grandmothers'),
	(18242,1,1,'great'),
	(17607,1,1,'guaranteed'),
	(7703,1,1,'hand'),
	(17588,1,1,'handcrafted'),
	(20569,1,1,'hands'),
	(11695,1,1,'hard'),
	(5137,1,1,'hat'),
	(5170,1,1,'hat001'),
	(9085,1,1,'hat002'),
	(9867,1,1,'hat003'),
	(8768,1,1,'hat004'),
	(10258,1,1,'hat005'),
	(9198,1,1,'hat006'),
	(9826,1,1,'hat007'),
	(10020,1,1,'hat008'),
	(5522,1,1,'hat009'),
	(9939,1,1,'hat010'),
	(12694,1,1,'hat011'),
	(83362,1,1,'hat012'),
	(95489,1,1,'hat013'),
	(95825,1,1,'hat014'),
	(4853,1,1,'hat08'),
	(23841,1,1,'healthy'),
	(7700,1,1,'heart'),
	(5178,1,1,'heat'),
	(6157,1,1,'help'),
	(5244,1,1,'hidden'),
	(25082,1,1,'highlight'),
	(6779,1,1,'holiday'),
	(84739,1,1,'holland'),
	(3942,1,1,'home'),
	(3479,1,1,'honey'),
	(23838,1,1,'honey001'),
	(17042,1,1,'honey002'),
	(17107,1,1,'honey003'),
	(23415,1,1,'honey004'),
	(22541,1,1,'honey005'),
	(43773,1,1,'honey006'),
	(20562,1,1,'hou'),
	(7641,1,1,'house'),
	(102529,1,1,'huggies'),
	(4821,1,1,'husky'),
	(9870,1,1,'ice'),
	(9086,1,1,'ideal'),
	(95208,1,1,'ideas'),
	(8613,1,1,'illuminate'),
	(22281,1,1,'image'),
	(5171,1,1,'imagine'),
	(23556,1,1,'immunity'),
	(96297,1,1,'impressive'),
	(23555,1,1,'improving'),
	(22787,1,1,'includes'),
	(5658,1,1,'incredible'),
	(10023,1,1,'incredibly'),
	(6654,1,1,'indifferent'),
	(84554,1,1,'individo'),
	(10142,1,1,'individuality'),
	(10464,1,1,'indoor'),
	(7814,1,1,'infinite'),
	(7565,1,1,'innocent'),
	(4852,1,1,'inspiration'),
	(6001,1,1,'intention'),
	(6413,1,1,'intentions'),
	(7216,1,1,'interesting'),
	(7287,1,1,'interior'),
	(78002,1,1,'inzhirom'),
	(11570,1,1,'irises'),
	(74885,1,1,'istoriyu'),
	(87323,1,1,'italy'),
	(17604,1,1,'item'),
	(5795,1,1,'itsef'),
	(74056,1,1,'izba'),
	(88528,1,1,'january'),
	(16011,1,1,'joy'),
	(82612,1,1,'juice'),
	(7869,1,1,'juicy'),
	(8036,1,1,'july'),
	(86673,1,1,'juniors'),
	(6780,1,1,'just'),
	(83734,1,1,'justice'),
	(74891,1,1,'kak'),
	(78013,1,1,'kakao'),
	(4991,1,1,'kalatea'),
	(17479,1,1,'karamelь'),
	(17475,1,1,'karamelьyu'),
	(81923,1,1,'kazhetsya'),
	(74908,1,1,'khlopьyami'),
	(78035,1,1,'khotelosь'),
	(78033,1,1,'khotya'),
	(83427,1,1,'kids'),
	(96363,1,1,'kidsgift001'),
	(97755,1,1,'kidsgift002'),
	(97805,1,1,'kidsgift003'),
	(9871,1,1,'kind'),
	(77471,1,1,'kinder'),
	(74895,1,1,'kino'),
	(7561,1,1,'kiss'),
	(78020,1,1,'klubnikoj'),
	(20559,1,1,'know'),
	(74927,1,1,'kompaniya'),
	(74925,1,1,'kompoziciya'),
	(17480,1,1,'korica'),
	(17476,1,1,'koricej'),
	(74878,1,1,'kotorye'),
	(74894,1,1,'kotoryj'),
	(78010,1,1,'krasitelej'),
	(74940,1,1,'krasivo'),
	(77986,1,1,'krasoty'),
	(78038,1,1,'krutye'),
	(74898,1,1,'kunzhutnaya'),
	(81939,1,1,'kunzhutom'),
	(78021,1,1,'kusochek'),
	(17472,1,1,'kusochkami'),
	(7809,1,1,'lace'),
	(4315,1,1,'lady'),
	(4992,1,1,'lansifolia'),
	(74912,1,1,'lapki'),
	(4722,1,1,'large'),
	(8959,1,1,'last'),
	(13468,1,1,'lavazza'),
	(83735,1,1,'league'),
	(8611,1,1,'leave'),
	(74890,1,1,'ledenec'),
	(7702,1,1,'left'),
	(83423,1,1,'lego'),
	(83426,1,1,'lego001'),
	(83736,1,1,'lego002'),
	(83765,1,1,'lego0023'),
	(83819,1,1,'lego004'),
	(83902,1,1,'lego005'),
	(83961,1,1,'lego006'),
	(84012,1,1,'lego007'),
	(86802,1,1,'lego008'),
	(86886,1,1,'lego009'),
	(86949,1,1,'lego010'),
	(87009,1,1,'lego011'),
	(87267,1,1,'lego012'),
	(4857,1,1,'life'),
	(11696,1,1,'like'),
	(9617,1,1,'lilac'),
	(28651,1,1,'limited'),
	(74902,1,1,'limonnyj'),
	(88845,1,1,'litle'),
	(84478,1,1,'little'),
	(16531,1,1,'long'),
	(5174,1,1,'looks'),
	(5835,1,1,'lot'),
	(73056,1,1,'lovare'),
	(5177,1,1,'love'),
	(10195,1,1,'loved'),
	(7645,1,1,'lover'),
	(7212,1,1,'lovers'),
	(7218,1,1,'lucky'),
	(83361,1,1,'lullaby'),
	(6777,1,1,'luxurious'),
	(74880,1,1,'lyubili'),
	(74938,1,1,'lyubovьyu'),
	(13456,1,1,'macarons'),
	(11697,1,1,'made'),
	(74872,1,1,'magiej'),
	(9197,1,1,'magnificent'),
	(13750,1,1,'make'),
	(28900,1,1,'malachite'),
	(96100,1,1,'male'),
	(74876,1,1,'malenьkikh'),
	(74915,1,1,'malinoj'),
	(12192,1,1,'man'),
	(3050,1,1,'mango'),
	(89437,1,1,'mansion'),
	(12696,1,1,'many'),
	(96295,1,1,'march'),
	(20572,1,1,'mark'),
	(17481,1,1,'marka'),
	(28754,1,1,'marsala'),
	(3897,1,1,'marshmallow'),
	(6514,1,1,'marshmellow'),
	(17473,1,1,'maslo'),
	(36215,1,1,'master'),
	(17592,1,1,'match'),
	(3053,1,1,'may'),
	(4230,1,1,'mb10'),
	(4247,1,1,'mb11'),
	(4011,1,1,'mb2'),
	(4044,1,1,'mb3'),
	(4101,1,1,'mb5'),
	(4115,1,1,'mb6'),
	(4147,1,1,'mb7'),
	(4183,1,1,'mb8'),
	(4196,1,1,'mb9'),
	(4077,1,1,'md4'),
	(78011,1,1,'med'),
	(83818,1,1,'medium'),
	(74899,1,1,'medovaya'),
	(80457,1,1,'melody'),
	(10542,1,1,'memory'),
	(12172,1,1,'men'),
	(22781,1,1,'menset001'),
	(17073,1,1,'menset002'),
	(82934,1,1,'menset003'),
	(87841,1,1,'menset004'),
	(96101,1,1,'menset005'),
	(4319,1,1,'ment'),
	(17489,1,1,'menyatьsya'),
	(13477,1,1,'merci'),
	(40194,1,1,'message'),
	(35995,1,1,'millennium'),
	(41939,1,1,'mini'),
	(4776,1,1,'minion'),
	(7563,1,1,'miracle'),
	(22540,1,1,'mix'),
	(5235,1,1,'mix001'),
	(7914,1,1,'mix002'),
	(7637,1,1,'mix003'),
	(7562,1,1,'mix004'),
	(7701,1,1,'mix005'),
	(7752,1,1,'mix006'),
	(7868,1,1,'mix007'),
	(7810,1,1,'mix008'),
	(5832,1,1,'mix009'),
	(5791,1,1,'mix010'),
	(5656,1,1,'mix011'),
	(8607,1,1,'mix012'),
	(7973,1,1,'mix013'),
	(8037,1,1,'mix014'),
	(8083,1,1,'mix015'),
	(8144,1,1,'mix016'),
	(8957,1,1,'mix017'),
	(9032,1,1,'mix018'),
	(9907,1,1,'mix020'),
	(8328,1,1,'mix021'),
	(9619,1,1,'mix022'),
	(13807,1,1,'mix023'),
	(82613,1,1,'mix024'),
	(82719,1,1,'mix025'),
	(82399,1,1,'mix026'),
	(82447,1,1,'mix027'),
	(82559,1,1,'mix028'),
	(88572,1,1,'mix029'),
	(89576,1,1,'mix030'),
	(89673,1,1,'mix031'),
	(94303,1,1,'mix032'),
	(95808,1,1,'mix033'),
	(96616,1,1,'mix034'),
	(102291,1,1,'mix035'),
	(88283,1,1,'mixed'),
	(77985,1,1,'mnogo'),
	(16393,1,1,'modern'),
	(96124,1,1,'moldova'),
	(74919,1,1,'molochnogo'),
	(10196,1,1,'moment'),
	(84679,1,1,'mono'),
	(82892,1,1,'mono001'),
	(84740,1,1,'mono002'),
	(95537,1,1,'mono003'),
	(95592,1,1,'mono004'),
	(95716,1,1,'mono005'),
	(95764,1,1,'mono006'),
	(12699,1,1,'mood'),
	(13995,1,1,'morning'),
	(11416,1,1,'mother'),
	(22669,1,1,'mouth'),
	(17488,1,1,'mozhet'),
	(23554,1,1,'much'),
	(7364,1,1,'multicolor'),
	(4146,1,1,'multivitamin'),
	(74896,1,1,'myod'),
	(5657,1,1,'mysteries'),
	(2951,1,1,'nabor'),
	(74921,1,1,'nachinatь'),
	(74863,1,1,'nam'),
	(77996,1,1,'napolnennyj'),
	(74873,1,1,'nasha'),
	(74933,1,1,'nashikh'),
	(20207,1,1,'nastroeniya'),
	(17491,1,1,'nastroniya'),
	(78005,1,1,'naturalьnyj'),
	(81942,1,1,'naturalьnykh'),
	(78000,1,1,'naturanьnyj'),
	(5833,1,1,'nature'),
	(17727,1,1,'necessa'),
	(17601,1,1,'necessary'),
	(9829,1,1,'neck'),
	(9825,1,1,'necklace'),
	(13190,1,1,'need'),
	(74868,1,1,'nekotorye'),
	(77994,1,1,'neveroyatnoj'),
	(4858,1,1,'new'),
	(96615,1,1,'news'),
	(74929,1,1,'nichego'),
	(73093,1,1,'night'),
	(5234,1,1,'nights'),
	(78029,1,1,'nikakie'),
	(74869,1,1,'nikh'),
	(9031,1,1,'nimph'),
	(86651,1,1,'ninjago'),
	(60336,1,1,'note001'),
	(60429,1,1,'note002'),
	(60382,1,1,'note003'),
	(67597,1,1,'note004'),
	(60498,1,1,'note005'),
	(60478,1,1,'note006'),
	(67578,1,1,'note007'),
	(60296,1,1,'note008'),
	(60227,1,1,'note009'),
	(36016,1,1,'notebook'),
	(28774,1,1,'november'),
	(74924,1,1,'novogodnyaya'),
	(22539,1,1,'nut'),
	(13462,1,1,'nutella'),
	(22542,1,1,'nuts'),
	(84555,1,1,'nybox001'),
	(84509,1,1,'nybox002'),
	(74870,1,1,'obladayut'),
	(81921,1,1,'obozhayut'),
	(78025,1,1,'obratite'),
	(78018,1,1,'obzharennym'),
	(10022,1,1,'occasion'),
	(74879,1,1,'ochenь'),
	(81933,1,1,'odin'),
	(17466,1,1,'oformlen'),
	(20568,1,1,'oil'),
	(7812,1,1,'one'),
	(8085,1,1,'orange'),
	(5007,1,1,'orchid'),
	(11761,1,1,'orchids'),
	(13342,1,1,'order'),
	(17605,1,1,'ordered'),
	(17593,1,1,'orders'),
	(3404,1,1,'organic'),
	(10259,1,1,'original'),
	(17464,1,1,'originalьnyj'),
	(74871,1,1,'osobennoj'),
	(7219,1,1,'owner'),
	(22673,1,1,'packet'),
	(22783,1,1,'pairs'),
	(30975,1,1,'panda'),
	(8766,1,1,'paradisaic'),
	(22285,1,1,'partners'),
	(74934,1,1,'partnyorov'),
	(23558,1,1,'party'),
	(6781,1,1,'passion'),
	(7215,1,1,'passionate'),
	(74900,1,1,'pasta'),
	(11764,1,1,'pastel'),
	(6003,1,1,'pay'),
	(8333,1,1,'peacefull'),
	(3051,1,1,'peaches'),
	(9824,1,1,'pearl'),
	(9827,1,1,'pearls'),
	(83497,1,1,'peppa'),
	(22678,1,1,'peppers'),
	(87952,1,1,'per'),
	(74906,1,1,'percem'),
	(74866,1,1,'pered'),
	(81938,1,1,'peretertym'),
	(3039,1,1,'perfect'),
	(3043,1,1,'person'),
	(8149,1,1,'petals'),
	(10467,1,1,'phalaenopsis'),
	(17597,1,1,'photographs'),
	(28680,1,1,'pie'),
	(4859,1,1,'piece'),
	(3049,1,1,'pieces'),
	(83498,1,1,'pig'),
	(22414,1,1,'pilling'),
	(87697,1,1,'pillow'),
	(79639,1,1,'pine'),
	(65220,1,1,'pink'),
	(78030,1,1,'pishhevye'),
	(4960,1,1,'plant'),
	(10692,1,1,'plant001'),
	(5643,1,1,'plant002'),
	(5630,1,1,'plant003'),
	(10463,1,1,'plant004'),
	(10539,1,1,'plant005'),
	(10586,1,1,'plant006'),
	(10696,1,1,'plants'),
	(6517,1,1,'pleasant'),
	(7217,1,1,'pleasantly'),
	(60616,1,1,'please'),
	(8771,1,1,'pleasure'),
	(74913,1,1,'plitka'),
	(4656,1,1,'plush'),
	(83133,1,1,'pocahontas'),
	(2946,1,1,'podari'),
	(78039,1,1,'podarki'),
	(2950,1,1,'podarochnyj'),
	(81928,1,1,'podgotovili'),
	(20967,1,1,'poland'),
	(81922,1,1,'poluchatь'),
	(17485,1,1,'polьsha'),
	(17595,1,1,'possible'),
	(74937,1,1,'posypaem'),
	(78024,1,1,'pozhalujsta'),
	(78022,1,1,'prazdnichnogo'),
	(77990,1,1,'prazdnike'),
	(10695,1,1,'preference'),
	(25094,1,1,'preferred'),
	(6410,1,1,'present'),
	(22279,1,1,'presented'),
	(84011,1,1,'princesses'),
	(6008,1,1,'principal'),
	(81926,1,1,'priyatnee'),
	(74875,1,1,'pro'),
	(22680,1,1,'produce'),
	(17596,1,1,'product'),
	(20578,1,1,'production'),
	(22682,1,1,'products'),
	(78006,1,1,'produkt'),
	(78031,1,1,'produkty'),
	(78028,1,1,'proizvodim'),
	(74928,1,1,'proizvodit'),
	(17484,1,1,'proizvodstvo'),
	(22282,1,1,'provided'),
	(17726,1,1,'ptions'),
	(28679,1,1,'pumpkin'),
	(96121,1,1,'purchased'),
	(7699,1,1,'pure'),
	(5892,1,1,'purity'),
	(16010,1,1,'purpose'),
	(14061,1,1,'qualita'),
	(17603,1,1,'quality'),
	(80355,1,1,'quill'),
	(4657,1,1,'rabbit'),
	(81937,1,1,'raboty'),
	(29725,1,1,'rafaello'),
	(5017,1,1,'raffaello'),
	(3969,1,1,'rainbow'),
	(74864,1,1,'rasskazyvali'),
	(81943,1,1,'rastenij'),
	(78012,1,1,'rastertye'),
	(8038,1,1,'ray'),
	(7867,1,1,'rays'),
	(5236,1,1,'real'),
	(20575,1,1,'recepty'),
	(14172,1,1,'reciepes'),
	(20573,1,1,'recipes'),
	(10541,1,1,'recipient'),
	(2537,1,1,'red'),
	(7811,1,1,'refined'),
	(6284,1,1,'refinement'),
	(6653,1,1,'remain'),
	(5837,1,1,'remind'),
	(5895,1,1,'resist'),
	(7756,1,1,'rich'),
	(22276,1,1,'ring'),
	(74907,1,1,'risovymi'),
	(5054,1,1,'rocher'),
	(6521,1,1,'romantic'),
	(4311,1,1,'rose'),
	(6776,1,1,'rose001'),
	(6408,1,1,'rose002'),
	(6649,1,1,'rose003'),
	(5890,1,1,'rose004'),
	(6913,1,1,'rose005'),
	(6000,1,1,'rose006'),
	(6282,1,1,'rose007'),
	(6513,1,1,'rose008'),
	(6215,1,1,'rose009'),
	(7210,1,1,'rose010'),
	(7282,1,1,'rose011'),
	(7362,1,1,'rose012'),
	(10876,1,1,'rose013'),
	(10905,1,1,'rose014'),
	(10936,1,1,'rose015'),
	(88099,1,1,'rose016'),
	(88116,1,1,'rose017'),
	(88133,1,1,'rose018'),
	(88054,1,1,'rose019'),
	(89247,1,1,'rose020'),
	(89302,1,1,'rose021'),
	(89438,1,1,'rose022'),
	(89481,1,1,'rose023'),
	(93429,1,1,'rose024'),
	(96408,1,1,'rose025'),
	(96719,1,1,'rose026'),
	(113109,1,1,'rose027'),
	(113758,1,1,'rose028'),
	(2538,1,1,'roses'),
	(13469,1,1,'rossa'),
	(77998,1,1,'rozhdestva'),
	(81931,1,1,'rozhdestvenskie'),
	(74889,1,1,'rozhdestvenskij'),
	(74881,1,1,'rozhdestvo'),
	(74910,1,1,'rozovaya'),
	(81936,1,1,'ruchnoj'),
	(20579,1,1,'russia'),
	(74055,1,1,'russian'),
	(78009,1,1,'sakhara'),
	(3048,1,1,'sal'),
	(20962,1,1,'salt'),
	(78032,1,1,'sami'),
	(74893,1,1,'samyj'),
	(7642,1,1,'saturated'),
	(22677,1,1,'sausage'),
	(5792,1,1,'say'),
	(82933,1,1,'scottish'),
	(3056,1,1,'season'),
	(28650,1,1,'seasonal'),
	(4075,1,1,'secret'),
	(20560,1,1,'secrets'),
	(5239,1,1,'see'),
	(74916,1,1,'semejka'),
	(6286,1,1,'sensual'),
	(25083,1,1,'service'),
	(13893,1,1,'set'),
	(8956,1,1,'setting'),
	(17493,1,1,'sezonnosti'),
	(7285,1,1,'shades'),
	(74909,1,1,'shafranom'),
	(10904,1,1,'shape'),
	(4322,1,1,'shine'),
	(7871,1,1,'shining'),
	(74903,1,1,'shokolad'),
	(74914,1,1,'shokolada'),
	(78003,1,1,'shokoladnaya'),
	(81940,1,1,'shokoladnye'),
	(3405,1,1,'shop'),
	(4313,1,1,'show'),
	(20965,1,1,'shower'),
	(7363,1,1,'shy'),
	(6411,1,1,'sign'),
	(6414,1,1,'silent'),
	(9089,1,1,'silk'),
	(35932,1,1,'silver'),
	(96220,1,1,'sincerity'),
	(11572,1,1,'sister'),
	(25095,1,1,'size'),
	(74874,1,1,'skazka'),
	(74865,1,1,'skazki'),
	(81934,1,1,'skazochnee'),
	(74917,1,1,'sladkikh'),
	(74882,1,1,'sladosti'),
	(17599,1,1,'slight'),
	(77992,1,1,'sluchayu'),
	(4707,1,1,'small'),
	(7757,1,1,'smell'),
	(7290,1,1,'smile'),
	(82718,1,1,'smoothie'),
	(22671,1,1,'snacks'),
	(74867,1,1,'snom'),
	(9618,1,1,'snow'),
	(22782,1,1,'soap'),
	(78037,1,1,'sobiraem'),
	(22785,1,1,'socks'),
	(17468,1,1,'soderzhit'),
	(10257,1,1,'solferino'),
	(6778,1,1,'solution'),
	(17470,1,1,'solь'),
	(5172,1,1,'something'),
	(10693,1,1,'sometimes'),
	(7813,1,1,'sophisticated'),
	(19205,1,1,'sorry'),
	(17486,1,1,'sostav'),
	(74920,1,1,'sovetuem'),
	(74883,1,1,'sozdajte'),
	(77993,1,1,'sozdali'),
	(10953,1,1,'spa'),
	(20078,1,1,'spabox001'),
	(22412,1,1,'spabox002'),
	(20465,1,1,'spabox003'),
	(10980,1,1,'spabox004'),
	(73129,1,1,'spabox005'),
	(9830,1,1,'sparkle'),
	(10585,1,1,'spathiphyllum'),
	(25092,1,1,'special'),
	(78017,1,1,'speciyami'),
	(23414,1,1,'spirit'),
	(3956,1,1,'splash'),
	(22786,1,1,'sponge'),
	(4851,1,1,'spring'),
	(79689,1,1,'spruce'),
	(12004,1,1,'standart'),
	(83424,1,1,'star'),
	(8773,1,1,'stars'),
	(35929,1,1,'starwars'),
	(86556,1,1,'story'),
	(9866,1,1,'strawberry'),
	(89213,1,1,'strip'),
	(22277,1,1,'stuffing'),
	(22788,1,1,'succulent'),
	(74897,1,1,'sufle'),
	(7644,1,1,'suitable'),
	(22675,1,1,'sulguni'),
	(4114,1,1,'summer'),
	(7870,1,1,'sun'),
	(7754,1,1,'sunny'),
	(4195,1,1,'sunset'),
	(7976,1,1,'sunshine'),
	(4320,1,1,'surprise'),
	(74926,1,1,'svechoj'),
	(77989,1,1,'svetlom'),
	(2947,1,1,'svezhestь'),
	(74884,1,1,'svoyu'),
	(3478,1,1,'sweet'),
	(5510,1,1,'sweet001'),
	(5489,1,1,'sweet002'),
	(5450,1,1,'sweet003'),
	(13883,1,1,'sweet004'),
	(13987,1,1,'sweet005'),
	(14062,1,1,'sweet006'),
	(13895,1,1,'sweet007'),
	(33466,1,1,'sweet008'),
	(73094,1,1,'sweet009'),
	(73058,1,1,'sweet010'),
	(84351,1,1,'sweet013'),
	(5041,1,1,'sweets'),
	(96118,1,1,'symbiosis'),
	(22159,1,1,'symbol'),
	(5891,1,1,'symbolize'),
	(74930,1,1,'sъedobnogo'),
	(77991,1,1,'takomu'),
	(73679,1,1,'tales'),
	(67526,1,1,'tanchiki'),
	(73520,1,1,'tangerine'),
	(23416,1,1,'taste'),
	(10021,1,1,'tasty'),
	(22273,1,1,'tasty001'),
	(33975,1,1,'tastybox'),
	(49046,1,1,'tastybox001'),
	(30019,1,1,'tastybox002'),
	(30032,1,1,'tastybox003'),
	(34012,1,1,'tastybox004'),
	(49466,1,1,'tastybox005'),
	(49674,1,1,'tastybox006'),
	(43742,1,1,'tastybox007'),
	(49799,1,1,'tastybox008'),
	(23557,1,1,'tea'),
	(86640,1,1,'technic'),
	(19934,1,1,'teddy'),
	(17474,1,1,'tela'),
	(6155,1,1,'tell'),
	(5173,1,1,'tender'),
	(3927,1,1,'tenderness'),
	(77987,1,1,'tepla'),
	(11576,1,1,'thank'),
	(79091,1,1,'therefore'),
	(5836,1,1,'things'),
	(4854,1,1,'time'),
	(8086,1,1,'together'),
	(74892,1,1,'tot'),
	(4677,1,1,'toy'),
	(45736,1,1,'toy001'),
	(4665,1,1,'toy002'),
	(4678,1,1,'toy003'),
	(59391,1,1,'toy004'),
	(59754,1,1,'toy005'),
	(59827,1,1,'toy006'),
	(59893,1,1,'toy007'),
	(4788,1,1,'toy008'),
	(4807,1,1,'toy009'),
	(4822,1,1,'toy010'),
	(29853,1,1,'toy011'),
	(29810,1,1,'toy012'),
	(29776,1,1,'toy013'),
	(30976,1,1,'toy014'),
	(83499,1,1,'toy015'),
	(83587,1,1,'toy016'),
	(84198,1,1,'toy017'),
	(97954,1,1,'toy018'),
	(87698,1,1,'toy019'),
	(87771,1,1,'toy020'),
	(4658,1,1,'toys'),
	(5176,1,1,'transmit'),
	(14090,1,1,'transparent'),
	(83014,1,1,'tree'),
	(14105,1,1,'tropical'),
	(2948,1,1,'tropicheskikh'),
	(6650,1,1,'true'),
	(25091,1,1,'truly'),
	(67577,1,1,'truper'),
	(22274,1,1,'try'),
	(82720,1,1,'tulips'),
	(17482,1,1,'tutti'),
	(84477,1,1,'twinkle'),
	(17589,1,1,'two'),
	(81930,1,1,'udivitelьnye'),
	(8087,1,1,'understand'),
	(4723,1,1,'unicorn'),
	(7365,1,1,'unique'),
	(10412,1,1,'unpretentious'),
	(3044,1,1,'unusual'),
	(20563,1,1,'use'),
	(25087,1,1,'used'),
	(22545,1,1,'useful'),
	(74923,1,1,'ushek'),
	(77983,1,1,'uzhe'),
	(36530,1,1,'vader'),
	(92629,1,1,'valentine'),
	(17465,1,1,'vannoj'),
	(17471,1,1,'vanny'),
	(17600,1,1,'variations'),
	(3054,1,1,'vary'),
	(81929,1,1,'vas'),
	(14091,1,1,'vase'),
	(14096,1,1,'vase001'),
	(92628,1,1,'vday001'),
	(92689,1,1,'vday002'),
	(92802,1,1,'vday003'),
	(92902,1,1,'vday004'),
	(92998,1,1,'vday005'),
	(93143,1,1,'vday006'),
	(28855,1,1,'velvet'),
	(33974,1,1,'vine'),
	(88714,1,1,'violet'),
	(22901,1,1,'vitamins'),
	(12697,1,1,'vivid'),
	(74888,1,1,'vkhodit'),
	(74932,1,1,'vkusnyashki'),
	(78026,1,1,'vnimanie'),
	(81920,1,1,'vse'),
	(79089,1,1,'wake'),
	(9199,1,1,'waking'),
	(23418,1,1,'walnuts'),
	(23978,1,1,'walnutsacacia'),
	(10698,1,1,'want'),
	(5838,1,1,'warm'),
	(8088,1,1,'warmth'),
	(83425,1,1,'wars'),
	(88932,1,1,'waterfall'),
	(22670,1,1,'watering'),
	(4312,1,1,'way'),
	(11766,1,1,'wedding'),
	(11575,1,1,'well'),
	(9869,1,1,'whipped'),
	(11495,1,1,'white'),
	(11415,1,1,'wife'),
	(83132,1,1,'wigwam'),
	(11274,1,1,'will'),
	(34011,1,1,'wine'),
	(5169,1,1,'wing'),
	(9621,1,1,'winter'),
	(25089,1,1,'wishes'),
	(36659,1,1,'witcher'),
	(22283,1,1,'within'),
	(5664,1,1,'woman'),
	(6651,1,1,'women'),
	(5237,1,1,'wonder'),
	(5241,1,1,'wonderful'),
	(5793,1,1,'wonderfull'),
	(4246,1,1,'wonderland'),
	(6154,1,1,'words'),
	(10465,1,1,'workplace'),
	(5661,1,1,'world'),
	(10694,1,1,'worth'),
	(77348,1,1,'wreath'),
	(7639,1,1,'wrists'),
	(83106,1,1,'xmas'),
	(73521,1,1,'xmas001'),
	(73590,1,1,'xmas002'),
	(73680,1,1,'xmas003'),
	(73753,1,1,'xmas004'),
	(73838,1,1,'xmas005'),
	(73727,1,1,'xmas006'),
	(74205,1,1,'xmas007'),
	(77349,1,1,'xmas008'),
	(77472,1,1,'xmas009'),
	(79640,1,1,'xmas010'),
	(79690,1,1,'xmas011'),
	(80458,1,1,'xmas012'),
	(80152,1,1,'xmas013'),
	(80106,1,1,'xmas014'),
	(82285,1,1,'xmas015'),
	(83015,1,1,'xmas016'),
	(83107,1,1,'xmas017'),
	(86735,1,1,'xmas018'),
	(19961,1,1,'xxl'),
	(2953,1,1,'yarkoj'),
	(9620,1,1,'year'),
	(7975,1,1,'yellow'),
	(36216,1,1,'yoda'),
	(6002,1,1,'young'),
	(6409,1,1,'youre'),
	(74931,1,1,'zabiraem'),
	(74877,1,1,'zajchat'),
	(81941,1,1,'zajchata'),
	(74918,1,1,'zajchikov'),
	(74936,1,1,'zakaza'),
	(78036,1,1,'zato'),
	(17490,1,1,'zavisimosti'),
	(74911,1,1,'zayachьi'),
	(2955,1,1,'zhenshhinyyu'),
	(2954,1,1,'zhizneradostnoj'),
	(4966,1,2,'001'),
	(4998,1,2,'002'),
	(5102,1,2,'003'),
	(17179,1,2,'004'),
	(73063,1,2,'1001'),
	(2934,1,2,'101'),
	(97776,1,2,'1015'),
	(97777,1,2,'1118'),
	(33501,1,2,'150g'),
	(33642,1,2,'200g'),
	(33469,1,2,'230g'),
	(13900,1,2,'250gr'),
	(33577,1,2,'300g'),
	(33864,1,2,'400g'),
	(13989,1,2,'400gr'),
	(73217,1,2,'4050'),
	(97775,1,2,'610'),
	(16550,1,2,'accent'),
	(10161,1,2,'accentua'),
	(5682,1,2,'aceasta'),
	(4878,1,2,'acest'),
	(5196,1,2,'acesta'),
	(22717,1,2,'aceste'),
	(8164,1,2,'acestea'),
	(8980,1,2,'acestor'),
	(5858,1,2,'acestui'),
	(6673,1,2,'act'),
	(28714,1,2,'adam'),
	(10160,1,2,'adanci'),
	(5688,1,2,'adevarat'),
	(5256,1,2,'adevarata'),
	(10602,1,2,'adevarate'),
	(8106,1,2,'admirabile'),
	(5680,1,2,'admirație'),
	(8630,1,2,'aduce'),
	(7580,1,2,'aer'),
	(10277,1,2,'afecțiunii'),
	(20625,1,2,'agafia'),
	(20628,1,2,'agafьi'),
	(6168,1,2,'ajung'),
	(6172,1,2,'ajutor'),
	(2588,1,2,'alb'),
	(5271,1,2,'alba'),
	(5253,1,2,'albe'),
	(5903,1,2,'albi'),
	(68461,1,2,'alcatuiește'),
	(8787,1,2,'ale'),
	(25139,1,2,'alegeți'),
	(4249,1,2,'alice'),
	(22719,1,2,'alimentare'),
	(11795,1,2,'alstromerias'),
	(6032,1,2,'alt'),
	(22575,1,2,'amestec'),
	(23319,1,2,'amestecul'),
	(7655,1,2,'ametist'),
	(5268,1,2,'aminti'),
	(10715,1,2,'amintire'),
	(10556,1,2,'amintiri'),
	(9651,1,2,'amurg'),
	(88946,1,2,'angel'),
	(43778,1,2,'anglia'),
	(11798,1,2,'aniversarea'),
	(22585,1,2,'anotimp'),
	(4964,1,2,'anthurium'),
	(76118,1,2,'anul'),
	(9646,1,2,'anului'),
	(7309,1,2,'apara'),
	(22705,1,2,'apetisant'),
	(8168,1,2,'apetisanta'),
	(10041,1,2,'apetisante'),
	(82628,1,2,'apple'),
	(6672,1,2,'aprecia'),
	(11605,1,2,'aprinsa'),
	(10212,1,2,'aproape'),
	(23599,1,2,'apropiați'),
	(5859,1,2,'apus'),
	(5848,1,2,'apusul'),
	(4334,1,2,'arata'),
	(22712,1,2,'ardeiul'),
	(82304,1,2,'argintie'),
	(82465,1,2,'argintii'),
	(35938,1,2,'argintiu'),
	(5186,1,2,'aripa'),
	(5201,1,2,'aripile'),
	(3843,1,2,'armful'),
	(7774,1,2,'aroma'),
	(79117,1,2,'aromata'),
	(21012,1,2,'aromatizata'),
	(4877,1,2,'ascunde'),
	(7657,1,2,'asemanator'),
	(9049,1,2,'asemenea'),
	(7718,1,2,'asociaza'),
	(7234,1,2,'asortat'),
	(88304,1,2,'asortate'),
	(7231,1,2,'asortați'),
	(4338,1,2,'astfel'),
	(10155,1,2,'atat'),
	(12713,1,2,'atatea'),
	(6027,1,2,'atenția'),
	(33985,1,2,'atmosfera'),
	(68469,1,2,'atrage'),
	(6026,1,2,'atrageți'),
	(6171,1,2,'atunci'),
	(80156,1,2,'aur'),
	(35936,1,2,'auriu'),
	(4094,1,2,'australia'),
	(89494,1,2,'australian'),
	(30380,1,2,'autumn001'),
	(30330,1,2,'autumn002'),
	(30431,1,2,'autumn003'),
	(30483,1,2,'autumn004'),
	(30282,1,2,'autumn005'),
	(30233,1,2,'autumn006'),
	(30192,1,2,'autumn007'),
	(30114,1,2,'autumn008'),
	(31788,1,2,'autumn009'),
	(30061,1,2,'autumn010'),
	(45993,1,2,'autumn011'),
	(5678,1,2,'aventuri'),
	(68471,1,2,'aveț'),
	(13204,1,2,'aveți'),
	(20627,1,2,'babushki'),
	(20622,1,2,'baie'),
	(88979,1,2,'balloons'),
	(89105,1,2,'baloane'),
	(12202,1,2,'barbat'),
	(10986,1,2,'barbați'),
	(22818,1,2,'barbații'),
	(8785,1,2,'barbaților'),
	(22703,1,2,'barbatului'),
	(111536,1,2,'barca'),
	(83174,1,2,'basket'),
	(83176,1,2,'basket001'),
	(87336,1,2,'basket002'),
	(87454,1,2,'basket003'),
	(86687,1,2,'batman'),
	(84205,1,2,'bearded'),
	(14178,1,2,'beauty'),
	(17078,1,2,'bere'),
	(82737,1,2,'berry'),
	(82574,1,2,'bestia'),
	(5062,1,2,'big'),
	(7658,1,2,'bijuterie'),
	(11610,1,2,'bine'),
	(4875,1,2,'blanda'),
	(35934,1,2,'bloknot'),
	(89250,1,2,'boat'),
	(34089,1,2,'bocale'),
	(7775,1,2,'bogata'),
	(8985,1,2,'bogate'),
	(20621,1,2,'bombe'),
	(13356,1,2,'bomboane'),
	(13207,1,2,'bomboanele'),
	(92666,1,2,'bond'),
	(2958,1,2,'boom'),
	(5849,1,2,'bordeaux'),
	(89062,1,2,'bordo'),
	(83175,1,2,'boss'),
	(28685,1,2,'bostan'),
	(92907,1,2,'bottom'),
	(96106,1,2,'bouquet'),
	(5063,1,2,'box'),
	(14280,1,2,'box001'),
	(14331,1,2,'box002'),
	(14354,1,2,'box003'),
	(14388,1,2,'box004'),
	(14490,1,2,'box005'),
	(14418,1,2,'box006'),
	(14442,1,2,'box007'),
	(29048,1,2,'boxes'),
	(97819,1,2,'boys'),
	(7654,1,2,'brațara'),
	(35937,1,2,'bronz'),
	(8162,1,2,'brulee'),
	(23458,1,2,'bucațele'),
	(4344,1,2,'buchet'),
	(84697,1,2,'buchete'),
	(79123,1,2,'buchețel'),
	(5195,1,2,'buchetul'),
	(10163,1,2,'bucura'),
	(73133,1,2,'bucuria'),
	(8636,1,2,'bucurie'),
	(22830,1,2,'bumbac'),
	(33984,1,2,'bun'),
	(6435,1,2,'buna'),
	(11606,1,2,'bunica'),
	(14618,1,2,'bunicii'),
	(20605,1,2,'bunicile'),
	(22827,1,2,'bureta'),
	(82414,1,2,'burgund'),
	(4198,1,2,'burgundy'),
	(3859,1,2,'burst'),
	(4339,1,2,'cadou'),
	(22941,1,2,'cadoul'),
	(22819,1,2,'cadouri'),
	(22324,1,2,'cadrul'),
	(14065,1,2,'cafea'),
	(22579,1,2,'caise'),
	(97770,1,2,'cake'),
	(7773,1,2,'calda'),
	(8984,1,2,'calde'),
	(7770,1,2,'caldura'),
	(10479,1,2,'camera'),
	(10324,1,2,'cand'),
	(9882,1,2,'capșune'),
	(10318,1,2,'capșuni'),
	(9052,1,2,'captiveaza'),
	(21014,1,2,'caramela'),
	(12022,1,2,'card'),
	(12010,1,2,'card000'),
	(12023,1,2,'card001'),
	(12033,1,2,'card002'),
	(12045,1,2,'card003'),
	(12069,1,2,'card004'),
	(12105,1,2,'cards'),
	(68470,1,2,'care'),
	(36021,1,2,'carnet'),
	(74059,1,2,'casa'),
	(22709,1,2,'cașcaval'),
	(28905,1,2,'caseta'),
	(74219,1,2,'casuța'),
	(23595,1,2,'cat'),
	(5912,1,2,'cea'),
	(23596,1,2,'ceai'),
	(111846,1,2,'ceaiului'),
	(96242,1,2,'ceea'),
	(68460,1,2,'cei'),
	(7827,1,2,'cele'),
	(8791,1,2,'cer'),
	(23597,1,2,'cercul'),
	(111845,1,2,'ceremonia'),
	(87453,1,2,'ceremony'),
	(31787,1,2,'cersei'),
	(5192,1,2,'ceva'),
	(43807,1,2,'cheese'),
	(5911,1,2,'chiar'),
	(22714,1,2,'chili'),
	(22708,1,2,'chips'),
	(3790,1,2,'chocolate'),
	(7585,1,2,'cine'),
	(10320,1,2,'ciocolata'),
	(13899,1,2,'ciocolate'),
	(10272,1,2,'clasici'),
	(83770,1,2,'classic'),
	(73098,1,2,'cleopatra'),
	(12265,1,2,'clothes'),
	(46069,1,2,'cocktail'),
	(5199,1,2,'colectat'),
	(28656,1,2,'colecția'),
	(11608,1,2,'coleg'),
	(9842,1,2,'colier'),
	(7381,1,2,'colorate'),
	(3945,1,2,'colors'),
	(25138,1,2,'comanda'),
	(22722,1,2,'comandarii'),
	(13355,1,2,'comandați'),
	(23882,1,2,'combinata'),
	(7240,1,2,'combinația'),
	(5266,1,2,'combinație'),
	(25136,1,2,'comentarii'),
	(6030,1,2,'completa'),
	(25134,1,2,'completand'),
	(6533,1,2,'compliment'),
	(20631,1,2,'compoziția'),
	(23601,1,2,'compoziție'),
	(79121,1,2,'compune'),
	(22826,1,2,'confortabile'),
	(79646,1,2,'conifere'),
	(68464,1,2,'contactați'),
	(20615,1,2,'conține'),
	(83438,1,2,'copii'),
	(16263,1,2,'copil'),
	(11617,1,2,'copilului'),
	(7993,1,2,'copleșitoare'),
	(20609,1,2,'corect'),
	(77364,1,2,'coroana'),
	(20617,1,2,'corp'),
	(43721,1,2,'coș'),
	(83191,1,2,'coșuri'),
	(73528,1,2,'craciun'),
	(80473,1,2,'craciunului'),
	(7243,1,2,'crea'),
	(25124,1,2,'creand'),
	(5852,1,2,'creat'),
	(8786,1,2,'creaturi'),
	(13206,1,2,'credeți'),
	(16549,1,2,'creeaza'),
	(4873,1,2,'creezi'),
	(22453,1,2,'crema'),
	(8161,1,2,'creme'),
	(10040,1,2,'cremei'),
	(9942,1,2,'crimson'),
	(11796,1,2,'crizanteme'),
	(25123,1,2,'culege'),
	(7582,1,2,'culoare'),
	(5856,1,2,'culoarea'),
	(5267,1,2,'culori'),
	(8983,1,2,'culorile'),
	(6033,1,2,'cum'),
	(25129,1,2,'cunoaște'),
	(20607,1,2,'cunosc'),
	(13810,1,2,'custom'),
	(5456,1,2,'cutie'),
	(29731,1,2,'cutii'),
	(6169,1,2,'cuvinte'),
	(7930,1,2,'cuvintele'),
	(13210,1,2,'cuvintelor'),
	(6022,1,2,'daca'),
	(7822,1,2,'dantela'),
	(7721,1,2,'dar'),
	(5685,1,2,'dargi'),
	(36627,1,2,'darth'),
	(6437,1,2,'darui'),
	(23880,1,2,'daruiește'),
	(5681,1,2,'daruiți'),
	(12710,1,2,'darul'),
	(20610,1,2,'darurile'),
	(22702,1,2,'daruți'),
	(68462,1,2,'data'),
	(93150,1,2,'date'),
	(10710,1,2,'dați'),
	(88577,1,2,'day'),
	(60213,1,2,'deadpool'),
	(5194,1,2,'decat'),
	(6170,1,2,'declara'),
	(10043,1,2,'decor'),
	(7304,1,2,'decora'),
	(10554,1,2,'decorarea'),
	(20614,1,2,'decorat'),
	(22829,1,2,'decorațiuni'),
	(10102,1,2,'decoreaza'),
	(46020,1,2,'dedpul'),
	(88420,1,2,'deep'),
	(43777,1,2,'dejun'),
	(10038,1,2,'delicat'),
	(10427,1,2,'delicata'),
	(13202,1,2,'delicate'),
	(10321,1,2,'delicioase'),
	(22938,1,2,'delicios'),
	(4870,1,2,'deosebit'),
	(5272,1,2,'deosebita'),
	(20634,1,2,'dependența'),
	(22939,1,2,'depozit'),
	(10158,1,2,'deschise'),
	(8166,1,2,'desert'),
	(73525,1,2,'desertul'),
	(13812,1,2,'design'),
	(5269,1,2,'despre'),
	(16551,1,2,'destinarului'),
	(10558,1,2,'destinatorului'),
	(68466,1,2,'detalii'),
	(6443,1,2,'deveni'),
	(8000,1,2,'devina'),
	(96144,1,2,'devotamentului'),
	(97769,1,2,'diaper'),
	(102545,1,2,'diapers'),
	(22320,1,2,'diferi'),
	(7242,1,2,'diferite'),
	(7996,1,2,'dimieața'),
	(7991,1,2,'dimineața'),
	(5200,1,2,'din'),
	(7241,1,2,'dintre'),
	(89541,1,2,'diplomat'),
	(68465,1,2,'direct'),
	(84018,1,2,'disney'),
	(7772,1,2,'dispoziție'),
	(10156,1,2,'diverse'),
	(5914,1,2,'doamna'),
	(7584,1,2,'doamnei'),
	(6669,1,2,'doamnele'),
	(7719,1,2,'doar'),
	(87632,1,2,'dog'),
	(33978,1,2,'doi'),
	(4343,1,2,'domnișoara'),
	(6025,1,2,'domnișoare'),
	(6176,1,2,'domnișoarei'),
	(6670,1,2,'domnișoarele'),
	(7237,1,2,'domnișoarelor'),
	(22311,1,2,'donuts'),
	(31786,1,2,'dorința'),
	(25141,1,2,'dorita'),
	(6023,1,2,'doriți'),
	(33981,1,2,'doua'),
	(3610,1,2,'dounats'),
	(7586,1,2,'draga'),
	(8632,1,2,'dragi'),
	(23878,1,2,'dragii'),
	(5206,1,2,'dragoste'),
	(10215,1,2,'dragostea'),
	(8104,1,2,'dragostei'),
	(4014,1,2,'dreams'),
	(7995,1,2,'dulce'),
	(6036,1,2,'dulciuri'),
	(8789,1,2,'dupa'),
	(86696,1,2,'duplo'),
	(22822,1,2,'duș'),
	(8116,1,2,'dvs'),
	(97774,1,2,'eeyore'),
	(36022,1,2,'einstein'),
	(8113,1,2,'ele'),
	(4811,1,2,'elefant'),
	(59119,1,2,'elefantul'),
	(6029,1,2,'elegant'),
	(5908,1,2,'eleganța'),
	(96241,1,2,'elegante'),
	(83967,1,2,'elves'),
	(7383,1,2,'emoții'),
	(3860,1,2,'emotions'),
	(4232,1,2,'enchanted'),
	(48519,1,2,'englezesc'),
	(89450,1,2,'english'),
	(5189,1,2,'este'),
	(12975,1,2,'eustome'),
	(28715,1,2,'eva'),
	(22582,1,2,'excelenta'),
	(25117,1,2,'excepțional'),
	(6035,1,2,'exemplu'),
	(22326,1,2,'existent'),
	(16548,1,2,'exotica'),
	(10275,1,2,'exprimarea'),
	(4346,1,2,'face'),
	(6024,1,2,'faceți'),
	(83601,1,2,'fairy'),
	(60350,1,2,'falcon'),
	(25127,1,2,'faptul'),
	(9653,1,2,'fara'),
	(5801,1,2,'fascinat'),
	(4336,1,2,'fața'),
	(7306,1,2,'fel'),
	(12009,1,2,'felicitare'),
	(11609,1,2,'felicitari'),
	(8114,1,2,'femeei'),
	(5684,1,2,'femei'),
	(4337,1,2,'femeie'),
	(5805,1,2,'femeiei'),
	(10104,1,2,'femeii'),
	(7828,1,2,'femeilor'),
	(6304,1,2,'femin'),
	(5260,1,2,'fenomen'),
	(4350,1,2,'fericire'),
	(6305,1,2,'fermeca'),
	(8979,1,2,'fermecatoare'),
	(5060,1,2,'ferrero'),
	(3944,1,2,'festival'),
	(73134,1,2,'fete'),
	(79295,1,2,'fie'),
	(9047,1,2,'fiecare'),
	(9048,1,2,'ființa'),
	(7825,1,2,'fina'),
	(7824,1,2,'fine'),
	(6300,1,2,'finețea'),
	(43806,1,2,'fiori'),
	(93149,1,2,'first'),
	(8103,1,2,'flacara'),
	(4185,1,2,'flamingo'),
	(10426,1,2,'floarea'),
	(23602,1,2,'florala'),
	(79120,1,2,'florareasa'),
	(25121,1,2,'florarul'),
	(20638,1,2,'florarului'),
	(5687,1,2,'flori'),
	(6534,1,2,'florile'),
	(7380,1,2,'florilor'),
	(13811,1,2,'florist'),
	(79294,1,2,'floristic'),
	(20632,1,2,'floristica'),
	(68468,1,2,'floristul'),
	(3971,1,2,'flower'),
	(20608,1,2,'foloseasca'),
	(4233,1,2,'forest'),
	(10273,1,2,'forma'),
	(22581,1,2,'formeaza'),
	(5198,1,2,'fost'),
	(93004,1,2,'french'),
	(4047,1,2,'fresh'),
	(10317,1,2,'frișca'),
	(21013,1,2,'fructe'),
	(21008,1,2,'fructelor'),
	(28949,1,2,'fructul'),
	(8167,1,2,'frumoasa'),
	(5855,1,2,'frumoase'),
	(4332,1,2,'frumos'),
	(5265,1,2,'frumusețe'),
	(6299,1,2,'frumusețea'),
	(20613,1,2,'frumuseții'),
	(21018,1,2,'frutti'),
	(22323,1,2,'furnizate'),
	(8109,1,2,'galbena'),
	(7997,1,2,'galbene'),
	(28809,1,2,'ganduri'),
	(13360,1,2,'garantat'),
	(4080,1,2,'garden'),
	(28614,1,2,'garoafe'),
	(10103,1,2,'gatul'),
	(21016,1,2,'gel'),
	(10484,1,2,'genul'),
	(12773,1,2,'gerbere'),
	(12021,1,2,'gift'),
	(84492,1,2,'giftbox001'),
	(5022,1,2,'gifts'),
	(4345,1,2,'gingaș'),
	(8345,1,2,'gingașa'),
	(6535,1,2,'gingașe'),
	(6028,1,2,'gingași'),
	(5208,1,2,'gingașie'),
	(92667,1,2,'girl'),
	(97771,1,2,'girls'),
	(95832,1,2,'glasses'),
	(22314,1,2,'glazura'),
	(84204,1,2,'gnome'),
	(111488,1,2,'gradina'),
	(14177,1,2,'grandmothers'),
	(5190,1,2,'greu'),
	(23881,1,2,'grija'),
	(96145,1,2,'grijei'),
	(23457,1,2,'gust'),
	(22704,1,2,'gustari'),
	(22583,1,2,'gustoas'),
	(23883,1,2,'gustoasa'),
	(10039,1,2,'gustos'),
	(5153,1,2,'hat'),
	(5188,1,2,'hat001'),
	(9101,1,2,'hat002'),
	(9883,1,2,'hat003'),
	(8783,1,2,'hat004'),
	(10271,1,2,'hat005'),
	(9215,1,2,'hat006'),
	(9844,1,2,'hat007'),
	(10037,1,2,'hat008'),
	(5538,1,2,'hat009'),
	(9943,1,2,'hat010'),
	(12712,1,2,'hat011'),
	(83372,1,2,'hat012'),
	(95504,1,2,'hat013'),
	(95833,1,2,'hat014'),
	(4869,1,2,'hat08'),
	(29730,1,2,'heart'),
	(84745,1,2,'holland'),
	(3946,1,2,'home'),
	(3483,1,2,'honey'),
	(23877,1,2,'honey001'),
	(17047,1,2,'honey002'),
	(17113,1,2,'honey003'),
	(23456,1,2,'honey004'),
	(22577,1,2,'honey005'),
	(43779,1,2,'honey006'),
	(83139,1,2,'house'),
	(102546,1,2,'huggies'),
	(4826,1,2,'husky'),
	(9649,1,2,'iarna'),
	(19242,1,2,'iarta'),
	(9102,1,2,'ideal'),
	(59363,1,2,'iepurașul'),
	(43746,1,2,'iepure'),
	(9644,1,2,'iernii'),
	(5191,1,2,'imagina'),
	(22322,1,2,'imaginea'),
	(23593,1,2,'imbunatațirea'),
	(19239,1,2,'imi'),
	(7659,1,2,'impodobi'),
	(8988,1,2,'imprejur'),
	(96328,1,2,'impresionant'),
	(5686,1,2,'impreuna'),
	(23594,1,2,'imunitații'),
	(25130,1,2,'inainte'),
	(79118,1,2,'incarcați'),
	(22313,1,2,'incercați'),
	(7583,1,2,'inchipuit'),
	(10159,1,2,'inchise'),
	(22828,1,2,'include'),
	(96244,1,2,'increderea'),
	(10042,1,2,'incredibil'),
	(8634,1,2,'indiferenta'),
	(6675,1,2,'indiferente'),
	(84569,1,2,'individo'),
	(10162,1,2,'individualitate'),
	(92640,1,2,'indragostiților'),
	(7829,1,2,'infinita'),
	(10105,1,2,'infrumuseța'),
	(5203,1,2,'inger'),
	(5187,1,2,'ingerului'),
	(10319,1,2,'inghețata'),
	(7713,1,2,'inima'),
	(33982,1,2,'inimi'),
	(7587,1,2,'inocent'),
	(11611,1,2,'insanatoșește'),
	(23460,1,2,'insorita'),
	(4867,1,2,'inspirație'),
	(9910,1,2,'intalnire'),
	(6438,1,2,'ințeles'),
	(7244,1,2,'interesant'),
	(7305,1,2,'interior'),
	(10480,1,2,'interiorul'),
	(10555,1,2,'interiorului'),
	(22315,1,2,'intotdeauna'),
	(7233,1,2,'intr'),
	(6302,1,2,'intruchipate'),
	(9650,1,2,'inzapezita'),
	(11604,1,2,'iriși'),
	(111970,1,2,'italie'),
	(87335,1,2,'italy'),
	(7932,1,2,'iți'),
	(12305,1,2,'iubesc'),
	(96327,1,2,'iubirii'),
	(11439,1,2,'iubita'),
	(4348,1,2,'iubitei'),
	(7382,1,2,'iubitoare'),
	(7661,1,2,'iubitoarea'),
	(10603,1,2,'iubitori'),
	(16547,1,2,'iubitorii'),
	(22713,1,2,'iute'),
	(88576,1,2,'january'),
	(82629,1,2,'juice'),
	(8048,1,2,'july'),
	(86676,1,2,'juniors'),
	(83743,1,2,'justice'),
	(4996,1,2,'kalatea'),
	(96376,1,2,'kidsgift001'),
	(97772,1,2,'kidsgift002'),
	(97820,1,2,'kidsgift003'),
	(77476,1,2,'kinder'),
	(93005,1,2,'kiss'),
	(6668,1,2,'lady'),
	(82740,1,2,'lalele'),
	(4997,1,2,'lansifolia'),
	(4727,1,2,'large'),
	(8633,1,2,'lasa'),
	(10714,1,2,'lasați'),
	(13471,1,2,'lavazza'),
	(83371,1,2,'leaganul'),
	(83744,1,2,'league'),
	(83434,1,2,'lego'),
	(83437,1,2,'lego001'),
	(83745,1,2,'lego002'),
	(83771,1,2,'lego0023'),
	(83827,1,2,'lego004'),
	(83911,1,2,'lego005'),
	(83968,1,2,'lego006'),
	(84020,1,2,'lego007'),
	(86806,1,2,'lego008'),
	(86890,1,2,'lego009'),
	(86953,1,2,'lego010'),
	(87013,1,2,'lego011'),
	(87271,1,2,'lego012'),
	(9652,1,2,'liliac'),
	(28658,1,2,'limitata'),
	(8347,1,2,'liniște'),
	(84491,1,2,'little'),
	(10214,1,2,'livrare'),
	(96147,1,2,'livrarea'),
	(13357,1,2,'livrat'),
	(22720,1,2,'livrate'),
	(7660,1,2,'locuința'),
	(10481,1,2,'locuinței'),
	(10482,1,2,'locul'),
	(12306,1,2,'logodna'),
	(8986,1,2,'lor'),
	(73062,1,2,'lovare'),
	(89251,1,2,'love'),
	(5854,1,2,'lucruri'),
	(5263,1,2,'lui'),
	(73593,1,2,'lumanarea'),
	(25120,1,2,'lume'),
	(8635,1,2,'lumina'),
	(4876,1,2,'luminoasa'),
	(73216,1,2,'lungimea'),
	(6796,1,2,'lux'),
	(13458,1,2,'macarons'),
	(36222,1,2,'maestrul'),
	(97773,1,2,'magarul'),
	(9214,1,2,'magnifica'),
	(5193,1,2,'mai'),
	(20620,1,2,'maini'),
	(28906,1,2,'malachit'),
	(96105,1,2,'male'),
	(11438,1,2,'mama'),
	(7716,1,2,'mana'),
	(73526,1,2,'mandarine'),
	(25132,1,2,'mani'),
	(89451,1,2,'mansion'),
	(9106,1,2,'manuși'),
	(20623,1,2,'marca'),
	(5496,1,2,'mare'),
	(25140,1,2,'marimea'),
	(28757,1,2,'marsala'),
	(3900,1,2,'marshmallow'),
	(96326,1,2,'martie'),
	(6444,1,2,'marturisire'),
	(9107,1,2,'matase'),
	(8349,1,2,'maxima'),
	(4234,1,2,'mb10'),
	(4251,1,2,'mb11'),
	(4015,1,2,'mb2'),
	(4048,1,2,'mb3'),
	(4104,1,2,'mb5'),
	(4119,1,2,'mb6'),
	(4150,1,2,'mb7'),
	(4186,1,2,'mb8'),
	(4200,1,2,'mb9'),
	(4081,1,2,'md4'),
	(83826,1,2,'medium'),
	(80472,1,2,'melodia'),
	(22817,1,2,'menset001'),
	(17079,1,2,'menset002'),
	(82939,1,2,'menset003'),
	(87851,1,2,'menset004'),
	(96108,1,2,'menset005'),
	(11612,1,2,'merci'),
	(110834,1,2,'mere'),
	(5679,1,2,'merita'),
	(5205,1,2,'mesajul'),
	(43776,1,2,'mic'),
	(5457,1,2,'mica'),
	(22586,1,2,'miere'),
	(22578,1,2,'mierea'),
	(22587,1,2,'migdale'),
	(60349,1,2,'millennium'),
	(41944,1,2,'mini'),
	(4780,1,2,'minion'),
	(10323,1,2,'minte'),
	(5261,1,2,'minunat'),
	(5806,1,2,'minunata'),
	(5255,1,2,'minune'),
	(5674,1,2,'minunilor'),
	(5677,1,2,'mistere'),
	(88542,1,2,'mix'),
	(5254,1,2,'mix001'),
	(7931,1,2,'mix002'),
	(7656,1,2,'mix003'),
	(7581,1,2,'mix004'),
	(7715,1,2,'mix005'),
	(7769,1,2,'mix006'),
	(7880,1,2,'mix007'),
	(7823,1,2,'mix008'),
	(5850,1,2,'mix009'),
	(5803,1,2,'mix010'),
	(5675,1,2,'mix011'),
	(8627,1,2,'mix012'),
	(7992,1,2,'mix013'),
	(8050,1,2,'mix014'),
	(8105,1,2,'mix015'),
	(8163,1,2,'mix016'),
	(8978,1,2,'mix017'),
	(9046,1,2,'mix018'),
	(9911,1,2,'mix020'),
	(8343,1,2,'mix021'),
	(9641,1,2,'mix022'),
	(13813,1,2,'mix023'),
	(82630,1,2,'mix024'),
	(82739,1,2,'mix025'),
	(82415,1,2,'mix026'),
	(82466,1,2,'mix027'),
	(82575,1,2,'mix028'),
	(88578,1,2,'mix029'),
	(89592,1,2,'mix030'),
	(89689,1,2,'mix031'),
	(94319,1,2,'mix032'),
	(95814,1,2,'mix033'),
	(96620,1,2,'mix034'),
	(102306,1,2,'mix035'),
	(68463,1,2,'mod'),
	(6436,1,2,'modalitate'),
	(16407,1,2,'modern'),
	(6174,1,2,'modest'),
	(96149,1,2,'moldova'),
	(13359,1,2,'moldovei'),
	(79694,1,2,'molid'),
	(9645,1,2,'moment'),
	(84698,1,2,'mono'),
	(82910,1,2,'mono001'),
	(84746,1,2,'mono002'),
	(95555,1,2,'mono003'),
	(95611,1,2,'mono004'),
	(95731,1,2,'mono005'),
	(95778,1,2,'mono006'),
	(82938,1,2,'morning'),
	(4871,1,2,'mult'),
	(10716,1,2,'multa'),
	(7235,1,2,'multe'),
	(7378,1,2,'multicolor'),
	(5853,1,2,'mulțime'),
	(4149,1,2,'multivitamin'),
	(28950,1,2,'multor'),
	(11613,1,2,'mulțumesc'),
	(10483,1,2,'munca'),
	(11615,1,2,'naștere'),
	(11616,1,2,'nașterea'),
	(5851,1,2,'natura'),
	(8788,1,2,'naturi'),
	(20611,1,2,'naturii'),
	(25118,1,2,'nemaipomenit'),
	(5857,1,2,'nemaipomenita'),
	(23600,1,2,'neobișnuit'),
	(10553,1,2,'neobișnuita'),
	(7239,1,2,'neobișnuite'),
	(10428,1,2,'nepretențioasa'),
	(8112,1,2,'nestapanita'),
	(33980,1,2,'neuitat'),
	(13205,1,2,'nevoie'),
	(96619,1,2,'news'),
	(13203,1,2,'nici'),
	(73099,1,2,'night'),
	(73064,1,2,'nights'),
	(9045,1,2,'nimfa'),
	(9050,1,2,'nimfe'),
	(86654,1,2,'ninjago'),
	(5270,1,2,'noapte'),
	(20606,1,2,'noastre'),
	(22715,1,2,'noi'),
	(28779,1,2,'noiembrie'),
	(5252,1,2,'nopțile'),
	(82464,1,2,'norii'),
	(22328,1,2,'noștri'),
	(25122,1,2,'nostru'),
	(60351,1,2,'note001'),
	(60444,1,2,'note002'),
	(60396,1,2,'note003'),
	(67603,1,2,'note004'),
	(60505,1,2,'note005'),
	(60484,1,2,'note006'),
	(67584,1,2,'note007'),
	(60308,1,2,'note008'),
	(60234,1,2,'note009'),
	(23459,1,2,'nou'),
	(4330,1,2,'nouraș'),
	(110786,1,2,'noutați'),
	(7662,1,2,'nuanțe'),
	(10154,1,2,'nuanțele'),
	(22576,1,2,'nuci'),
	(24018,1,2,'nucimiere'),
	(4331,1,2,'numar'),
	(11799,1,2,'nunta'),
	(13464,1,2,'nutella'),
	(84570,1,2,'nybox001'),
	(84524,1,2,'nybox002'),
	(6797,1,2,'ocazie'),
	(10107,1,2,'ochi'),
	(4347,1,2,'ochii'),
	(83030,1,2,'orange'),
	(8110,1,2,'oranj'),
	(5010,1,2,'orchid'),
	(3407,1,2,'organic'),
	(5634,1,2,'orhidee'),
	(11794,1,2,'orhideele'),
	(7310,1,2,'oricarei'),
	(8629,1,2,'oricarui'),
	(4342,1,2,'orice'),
	(5257,1,2,'oricine'),
	(21010,1,2,'original'),
	(10274,1,2,'originala'),
	(96148,1,2,'oriunde'),
	(22707,1,2,'pachet'),
	(74060,1,2,'padure'),
	(79645,1,2,'padurea'),
	(10157,1,2,'palide'),
	(80423,1,2,'pana'),
	(30980,1,2,'panda'),
	(10316,1,2,'pandispan'),
	(8781,1,2,'paradisul'),
	(5197,1,2,'parca'),
	(19240,1,2,'pare'),
	(20618,1,2,'parfumat'),
	(22721,1,2,'partenerii'),
	(22327,1,2,'partenerilor'),
	(4874,1,2,'particica'),
	(8107,1,2,'pasionate'),
	(6799,1,2,'pasiune'),
	(11797,1,2,'pastelata'),
	(10044,1,2,'patiserie'),
	(80155,1,2,'pene'),
	(4333,1,2,'pentru'),
	(6667,1,2,'pentu'),
	(83507,1,2,'peppa'),
	(87958,1,2,'per'),
	(22824,1,2,'perechi'),
	(6031,1,2,'perfect'),
	(7998,1,2,'perfecta'),
	(6536,1,2,'perfecte'),
	(9843,1,2,'perle'),
	(10213,1,2,'persoana'),
	(8631,1,2,'persoanei'),
	(25116,1,2,'personalizat'),
	(8169,1,2,'petalele'),
	(10485,1,2,'phalaenopsis'),
	(87959,1,2,'piece'),
	(83508,1,2,'pig'),
	(22452,1,2,'pilling'),
	(87702,1,2,'pillow'),
	(95831,1,2,'pink'),
	(8784,1,2,'plac'),
	(8792,1,2,'placere'),
	(8782,1,2,'placerii'),
	(4341,1,2,'placut'),
	(22821,1,2,'placuta'),
	(10557,1,2,'placute'),
	(4965,1,2,'plant'),
	(10708,1,2,'plant001'),
	(5647,1,2,'plant002'),
	(5635,1,2,'plant003'),
	(10477,1,2,'plant004'),
	(10552,1,2,'plant005'),
	(10600,1,2,'plant006'),
	(10478,1,2,'planta'),
	(10712,1,2,'plantelor'),
	(5676,1,2,'plina'),
	(19937,1,2,'pluș'),
	(4659,1,2,'plush'),
	(5258,1,2,'poate'),
	(83140,1,2,'pocahontas'),
	(21020,1,2,'polonia'),
	(111134,1,2,'pomușoare'),
	(22319,1,2,'pot'),
	(9642,1,2,'poți'),
	(7236,1,2,'potrivi'),
	(6175,1,2,'povesti'),
	(13886,1,2,'prajituri'),
	(23592,1,2,'prea'),
	(10711,1,2,'preferința'),
	(7238,1,2,'preferințe'),
	(20612,1,2,'prelungire'),
	(22321,1,2,'prezentate'),
	(35131,1,2,'prietena'),
	(23598,1,2,'prietenilor'),
	(10216,1,2,'prima'),
	(4868,1,2,'primavara'),
	(8342,1,2,'primaverii'),
	(25131,1,2,'primi'),
	(25126,1,2,'prin'),
	(84019,1,2,'princesses'),
	(9053,1,2,'privire'),
	(10164,1,2,'privirea'),
	(10325,1,2,'priviți'),
	(7883,1,2,'proaspete'),
	(22454,1,2,'producator'),
	(22716,1,2,'producem'),
	(21019,1,2,'producția'),
	(20629,1,2,'producție'),
	(22718,1,2,'produse'),
	(22318,1,2,'propus'),
	(9647,1,2,'prospețime'),
	(21007,1,2,'prospețimea'),
	(7714,1,2,'pura'),
	(5907,1,2,'puritatea'),
	(7722,1,2,'puritatrea'),
	(5909,1,2,'putea'),
	(6441,1,2,'puternici'),
	(6439,1,2,'puteți'),
	(14066,1,2,'qualita'),
	(4660,1,2,'rabbit'),
	(29729,1,2,'rafaello'),
	(5020,1,2,'raffaello'),
	(5913,1,2,'rafinata'),
	(3972,1,2,'rainbow'),
	(6674,1,2,'ramane'),
	(19241,1,2,'rau'),
	(8982,1,2,'raza'),
	(7879,1,2,'raze'),
	(7882,1,2,'razele'),
	(20626,1,2,'recepty'),
	(14648,1,2,'recetele'),
	(7663,1,2,'reci'),
	(14179,1,2,'reciepes'),
	(10276,1,2,'recunoașterii'),
	(8637,1,2,'recunoștința'),
	(3844,1,2,'red'),
	(25137,1,2,'referitor'),
	(8348,1,2,'relaxare'),
	(20624,1,2,'rețete'),
	(5910,1,2,'rezista'),
	(22316,1,2,'ring'),
	(5061,1,2,'rocher'),
	(28654,1,2,'rochia'),
	(9105,1,2,'rochie'),
	(28655,1,2,'rodii'),
	(6537,1,2,'romantic'),
	(33987,1,2,'romantice'),
	(79970,1,2,'rond'),
	(87957,1,2,'rose'),
	(6795,1,2,'rose001'),
	(6434,1,2,'rose002'),
	(6666,1,2,'rose003'),
	(5904,1,2,'rose004'),
	(6932,1,2,'rose005'),
	(6021,1,2,'rose006'),
	(6298,1,2,'rose007'),
	(6532,1,2,'rose008'),
	(6231,1,2,'rose009'),
	(7232,1,2,'rose010'),
	(7303,1,2,'rose011'),
	(7377,1,2,'rose012'),
	(10880,1,2,'rose013'),
	(10909,1,2,'rose014'),
	(10941,1,2,'rose015'),
	(88104,1,2,'rose016'),
	(88121,1,2,'rose017'),
	(88138,1,2,'rose018'),
	(88059,1,2,'rose019'),
	(89252,1,2,'rose020'),
	(89306,1,2,'rose021'),
	(89452,1,2,'rose022'),
	(89495,1,2,'rose023'),
	(93460,1,2,'rose024'),
	(96420,1,2,'rose025'),
	(96723,1,2,'rose026'),
	(113138,1,2,'rose027'),
	(113789,1,2,'rose028'),
	(3774,1,2,'roses'),
	(8111,1,2,'roșie'),
	(6433,1,2,'roșii'),
	(13472,1,2,'rossa'),
	(2541,1,2,'rosu'),
	(6167,1,2,'roz'),
	(20630,1,2,'rusia'),
	(22711,1,2,'salamuri'),
	(23461,1,2,'salcam'),
	(24019,1,2,'salcammiere'),
	(23884,1,2,'sanatoasa'),
	(22584,1,2,'sanatos'),
	(22823,1,2,'sapun'),
	(21011,1,2,'sarea'),
	(7588,1,2,'sarut'),
	(7579,1,2,'sarutul'),
	(5807,1,2,'sau'),
	(9218,1,2,'scaldanduse'),
	(79124,1,2,'schimba'),
	(8628,1,2,'scopul'),
	(21015,1,2,'scorțișoara'),
	(82937,1,2,'scottish'),
	(8165,1,2,'seamana'),
	(9648,1,2,'seara'),
	(4079,1,2,'secret'),
	(111489,1,2,'secreta'),
	(14617,1,2,'secretele'),
	(6798,1,2,'semn'),
	(6303,1,2,'sensibil'),
	(4335,1,2,'sentimentele'),
	(8115,1,2,'sentimentelor'),
	(6440,1,2,'sentimentilor'),
	(33986,1,2,'seri'),
	(25125,1,2,'serviciu'),
	(13885,1,2,'set'),
	(13898,1,2,'setul'),
	(20635,1,2,'sezon'),
	(28657,1,2,'sezoniera'),
	(28860,1,2,'sezonul'),
	(9654,1,2,'sfarșit'),
	(3408,1,2,'shop'),
	(96243,1,2,'siguranța'),
	(96143,1,2,'simbioza'),
	(10601,1,2,'simbol'),
	(5906,1,2,'simbolizeaza'),
	(7999,1,2,'simpla'),
	(22450,1,2,'simte'),
	(96245,1,2,'sinceritatea'),
	(5808,1,2,'singur'),
	(96146,1,2,'singura'),
	(25119,1,2,'singurul'),
	(4712,1,2,'small'),
	(22942,1,2,'smochine'),
	(82738,1,2,'smoothie'),
	(5860,1,2,'soare'),
	(8977,1,2,'soarele'),
	(8051,1,2,'soarelui'),
	(9103,1,2,'sofisticata'),
	(10270,1,2,'solferino'),
	(22451,1,2,'soluție'),
	(11607,1,2,'sora'),
	(77352,1,2,'soroana'),
	(22325,1,2,'sortimentului'),
	(22825,1,2,'șosete'),
	(11437,1,2,'soția'),
	(10957,1,2,'spa'),
	(20146,1,2,'spabox001'),
	(22449,1,2,'spabox002'),
	(20481,1,2,'spabox003'),
	(10987,1,2,'spabox004'),
	(73135,1,2,'spabox005'),
	(10599,1,2,'spathiphyllum'),
	(25135,1,2,'spațiul'),
	(5021,1,2,'special'),
	(20637,1,2,'spirit'),
	(23455,1,2,'spiritul'),
	(3959,1,2,'splash'),
	(6034,1,2,'spre'),
	(5804,1,2,'spuneți'),
	(20619,1,2,'srema'),
	(7717,1,2,'stanga'),
	(83435,1,2,'star'),
	(20636,1,2,'starea'),
	(35935,1,2,'starwars'),
	(8790,1,2,'stelele'),
	(33983,1,2,'sticla'),
	(22706,1,2,'sticle'),
	(86559,1,2,'story'),
	(4349,1,2,'straluceasca'),
	(10106,1,2,'stralucire'),
	(12714,1,2,'stralucitoare'),
	(7881,1,2,'stralucitor'),
	(89223,1,2,'strip'),
	(96142,1,2,'sub'),
	(110833,1,2,'suc'),
	(22831,1,2,'suculent'),
	(8344,1,2,'suflare'),
	(8341,1,2,'suflarea'),
	(8052,1,2,'sufleteasca'),
	(25133,1,2,'sugestiile'),
	(22710,1,2,'suluguni'),
	(4118,1,2,'summer'),
	(8049,1,2,'sun'),
	(4199,1,2,'sunset'),
	(6301,1,2,'sunt'),
	(7307,1,2,'superb'),
	(68467,1,2,'suplimentare'),
	(4340,1,2,'surprinde'),
	(77477,1,2,'surprise'),
	(22820,1,2,'surpriza'),
	(3482,1,2,'sweet'),
	(5514,1,2,'sweet001'),
	(5497,1,2,'sweet002'),
	(5458,1,2,'sweet003'),
	(13887,1,2,'sweet004'),
	(13990,1,2,'sweet005'),
	(14067,1,2,'sweet006'),
	(13901,1,2,'sweet007'),
	(33470,1,2,'sweet008'),
	(73100,1,2,'sweet009'),
	(73065,1,2,'sweet010'),
	(84356,1,2,'sweet013'),
	(5045,1,2,'sweets'),
	(23879,1,2,'tai'),
	(5264,1,2,'tale'),
	(67531,1,2,'tanchiki'),
	(5207,1,2,'tandrețe'),
	(7720,1,2,'tandrețea'),
	(5673,1,2,'țara'),
	(28684,1,2,'tarta'),
	(22312,1,2,'tasty001'),
	(33979,1,2,'tastybox'),
	(49085,1,2,'tastybox001'),
	(30023,1,2,'tastybox002'),
	(30036,1,2,'tastybox003'),
	(34015,1,2,'tastybox004'),
	(49483,1,2,'tastybox005'),
	(49679,1,2,'tastybox006'),
	(43747,1,2,'tastybox007'),
	(49813,1,2,'tastybox008'),
	(87452,1,2,'tea'),
	(86643,1,2,'technic'),
	(19938,1,2,'teddy'),
	(3930,1,2,'tenderness'),
	(13358,1,2,'teritoriul'),
	(96107,1,2,'time'),
	(8626,1,2,'timid'),
	(9643,1,2,'timpul'),
	(5802,1,2,'tine'),
	(9104,1,2,'tinere'),
	(28810,1,2,'toamnei'),
	(79119,1,2,'toata'),
	(84355,1,2,'tortul'),
	(28758,1,2,'totdeauna'),
	(13209,1,2,'totul'),
	(4682,1,2,'toy'),
	(45748,1,2,'toy001'),
	(4669,1,2,'toy002'),
	(4683,1,2,'toy003'),
	(59407,1,2,'toy004'),
	(59770,1,2,'toy005'),
	(59840,1,2,'toy006'),
	(59908,1,2,'toy007'),
	(4794,1,2,'toy008'),
	(4812,1,2,'toy009'),
	(4827,1,2,'toy010'),
	(29865,1,2,'toy011'),
	(29823,1,2,'toy012'),
	(29786,1,2,'toy013'),
	(30981,1,2,'toy014'),
	(83509,1,2,'toy015'),
	(83602,1,2,'toy016'),
	(84206,1,2,'toy017'),
	(97966,1,2,'toy018'),
	(87703,1,2,'toy019'),
	(87782,1,2,'toy020'),
	(4661,1,2,'toys'),
	(2540,1,2,'trandafir'),
	(5902,1,2,'trandafiri'),
	(8108,1,2,'trandafirii'),
	(5905,1,2,'trandafirul'),
	(5204,1,2,'transmite'),
	(14093,1,2,'transparenta'),
	(83031,1,2,'tree'),
	(9217,1,2,'trezeasca'),
	(7994,1,2,'trezire'),
	(79116,1,2,'treziți'),
	(14133,1,2,'tropical'),
	(21009,1,2,'tropicale'),
	(67583,1,2,'truper'),
	(82909,1,2,'tulips'),
	(21017,1,2,'tutti'),
	(8987,1,2,'tuturor'),
	(84490,1,2,'twinkle'),
	(20616,1,2,'ulei'),
	(8981,1,2,'ultima'),
	(7771,1,2,'umple'),
	(22317,1,2,'umplutura'),
	(5683,1,2,'unei'),
	(7826,1,2,'unele'),
	(10709,1,2,'uneori'),
	(5689,1,2,'unic'),
	(7379,1,2,'unica'),
	(59769,1,2,'unicorm'),
	(4728,1,2,'unicorn'),
	(5202,1,2,'unui'),
	(79122,1,2,'urmare'),
	(79644,1,2,'urșii'),
	(19936,1,2,'ursulețul'),
	(22580,1,2,'uscate'),
	(6442,1,2,'ușor'),
	(36628,1,2,'vader'),
	(92638,1,2,'valentine'),
	(8346,1,2,'vantului'),
	(5861,1,2,'vara'),
	(20633,1,2,'varia'),
	(14099,1,2,'vase001'),
	(14092,1,2,'vaza'),
	(10713,1,2,'vazon'),
	(92639,1,2,'vday001'),
	(92696,1,2,'vday002'),
	(92807,1,2,'vday003'),
	(92908,1,2,'vday004'),
	(93006,1,2,'vday005'),
	(93151,1,2,'vday006'),
	(5259,1,2,'vedea'),
	(28861,1,2,'velvet'),
	(6173,1,2,'veni'),
	(12711,1,2,'verii'),
	(25128,1,2,'veți'),
	(5262,1,2,'viața'),
	(7384,1,2,'vii'),
	(111193,1,2,'vila'),
	(10322,1,2,'vin'),
	(33988,1,2,'vine'),
	(88717,1,2,'violet'),
	(9640,1,2,'violeta'),
	(89175,1,2,'violete'),
	(9216,1,2,'viseaza'),
	(30035,1,2,'visul'),
	(22940,1,2,'vitamine'),
	(9051,1,2,'voal'),
	(6671,1,2,'vor'),
	(4872,1,2,'vrei'),
	(10717,1,2,'vreme'),
	(83436,1,2,'wars'),
	(88947,1,2,'waterfall'),
	(88089,1,2,'white'),
	(83138,1,2,'wigwam'),
	(36665,1,2,'witcher'),
	(46080,1,2,'women'),
	(4250,1,2,'wonderland'),
	(83119,1,2,'xmas'),
	(73527,1,2,'xmas001'),
	(73594,1,2,'xmas002'),
	(73684,1,2,'xmas003'),
	(73757,1,2,'xmas004'),
	(73842,1,2,'xmas005'),
	(73731,1,2,'xmas006'),
	(74220,1,2,'xmas007'),
	(77353,1,2,'xmas008'),
	(77478,1,2,'xmas009'),
	(79647,1,2,'xmas010'),
	(79695,1,2,'xmas011'),
	(80474,1,2,'xmas012'),
	(80157,1,2,'xmas013'),
	(80121,1,2,'xmas014'),
	(82305,1,2,'xmas015'),
	(83032,1,2,'xmas016'),
	(83120,1,2,'xmas017'),
	(86739,1,2,'xmas018'),
	(19964,1,2,'xxl'),
	(36223,1,2,'yoda'),
	(8625,1,2,'zambet'),
	(7308,1,2,'zambetul'),
	(9639,1,2,'zapada'),
	(13208,1,2,'zice'),
	(11614,1,2,'ziua'),
	(4972,1,3,'001'),
	(5003,1,3,'002'),
	(5109,1,3,'003'),
	(17183,1,3,'004'),
	(77692,1,3,'100'),
	(35943,1,3,'1000'),
	(73070,1,3,'1001'),
	(2938,1,3,'101'),
	(97793,1,3,'1015'),
	(97794,1,3,'1118'),
	(33533,1,3,'150g'),
	(33679,1,3,'200g'),
	(33473,1,3,'230g'),
	(13904,1,3,'250gr'),
	(33599,1,3,'300g'),
	(33871,1,3,'400g'),
	(13992,1,3,'400gr'),
	(73252,1,3,'4050'),
	(97792,1,3,'610'),
	(28719,1,3,'adam'),
	(20513,1,3,'agafьi'),
	(23516,1,3,'akacievyj'),
	(24070,1,3,'akacievyjmed'),
	(16575,1,3,'akcent'),
	(4253,1,3,'alice'),
	(5695,1,3,'alisa'),
	(59524,1,3,'allergii'),
	(11836,1,3,'alьstryomeriej'),
	(7674,1,3,'ametistovyj'),
	(88961,1,3,'angel'),
	(5221,1,3,'angela'),
	(5211,1,3,'angelьskoe'),
	(43782,1,3,'anglijskij'),
	(4969,1,3,'anturium'),
	(83045,1,3,'apelьsinovoe'),
	(77686,1,3,'apelьsinovyj'),
	(10062,1,3,'appetitnogo'),
	(22743,1,3,'appetitnykh'),
	(3847,1,3,'armful'),
	(8017,1,3,'aromat'),
	(9247,1,3,'aromata'),
	(3083,1,3,'aromaticheskuyu'),
	(20509,1,3,'aromatnoe'),
	(74282,1,3,'aromatnye'),
	(23509,1,3,'aromatnyj'),
	(79152,1,3,'aromatnym'),
	(5297,1,3,'aromatom'),
	(7738,1,3,'associiruetsya'),
	(7254,1,3,'assorti'),
	(22380,1,3,'assortimenta'),
	(34001,1,3,'atmosfera'),
	(59722,1,3,'atmosferu'),
	(4096,1,3,'australia'),
	(89510,1,3,'australian'),
	(30397,1,3,'autumn001'),
	(30347,1,3,'autumn002'),
	(30449,1,3,'autumn003'),
	(30501,1,3,'autumn004'),
	(30298,1,3,'autumn005'),
	(30250,1,3,'autumn006'),
	(30205,1,3,'autumn007'),
	(30127,1,3,'autumn008'),
	(31793,1,3,'autumn009'),
	(30081,1,3,'autumn010'),
	(46014,1,3,'autumn011'),
	(112554,1,3,'avstralijskij'),
	(25168,1,3,'avtorskij'),
	(11651,1,3,'babushke'),
	(20499,1,3,'babushki'),
	(14624,1,3,'babushkiny'),
	(88981,1,3,'balloons'),
	(28865,1,3,'barkhatnyj'),
	(83181,1,3,'basket001'),
	(87349,1,3,'basket002'),
	(87470,1,3,'basket003'),
	(86690,1,3,'batman'),
	(14184,1,3,'beauty'),
	(5013,1,3,'belaya'),
	(4354,1,3,'beloe'),
	(33936,1,3,'beloj'),
	(5302,1,3,'beluyu'),
	(2591,1,3,'belye'),
	(2910,1,3,'belyj'),
	(6048,1,3,'belykh'),
	(9893,1,3,'belym'),
	(75246,1,3,'belьgijskij'),
	(7854,1,3,'beskonechnuyu'),
	(77678,1,3,'bez'),
	(6486,1,3,'bezmolvnym'),
	(59271,1,3,'bezopasnoj'),
	(59189,1,3,'bezopasnyj'),
	(9241,1,3,'bezzabotno'),
	(5069,1,3,'big'),
	(9888,1,3,'biskvit'),
	(8660,1,3,'blagodarnosti'),
	(77689,1,3,'blanshirovannym'),
	(4375,1,3,'blesk'),
	(9853,1,3,'bleskom'),
	(59195,1,3,'blizkij'),
	(23650,1,3,'blizkikh'),
	(9919,1,3,'blizkim'),
	(77664,1,3,'blizko'),
	(23927,1,3,'blizkogo'),
	(9679,1,3,'blizkomu'),
	(35941,1,3,'bloknot'),
	(89254,1,3,'boat'),
	(77684,1,3,'boby'),
	(34124,1,3,'bokala'),
	(77671,1,3,'boks'),
	(74299,1,3,'boksa'),
	(80668,1,3,'bokse'),
	(74841,1,3,'boksom'),
	(29093,1,3,'boksy'),
	(7607,1,3,'bolee'),
	(5503,1,3,'bolьshaya'),
	(4890,1,3,'bolьshe'),
	(59328,1,3,'bolьshie'),
	(10454,1,3,'bolьshimi'),
	(10947,1,3,'bolьshoe'),
	(59324,1,3,'bolьshogo'),
	(23787,1,3,'bolьshoj'),
	(20511,1,3,'bombochki'),
	(92677,1,3,'bond'),
	(82431,1,3,'bordo'),
	(82430,1,3,'bordovoe'),
	(89080,1,3,'bordovye'),
	(5866,1,3,'bordovyj'),
	(84214,1,3,'borodach'),
	(79651,1,3,'boru'),
	(89707,1,3,'boss'),
	(92913,1,3,'bottom'),
	(96112,1,3,'bouquet'),
	(5070,1,3,'box'),
	(14285,1,3,'box001'),
	(14336,1,3,'box002'),
	(14362,1,3,'box003'),
	(14400,1,3,'box004'),
	(14497,1,3,'box005'),
	(14424,1,3,'box006'),
	(14448,1,3,'box007'),
	(43689,1,3,'boxes'),
	(97836,1,3,'boys'),
	(7675,1,3,'braslet'),
	(35946,1,3,'bronzovyj'),
	(8183,1,3,'bryule'),
	(10451,1,3,'budet'),
	(9124,1,3,'budto'),
	(9007,1,3,'budut'),
	(12866,1,3,'buket'),
	(7684,1,3,'buketa'),
	(7265,1,3,'bukete'),
	(79162,1,3,'buketika'),
	(5929,1,3,'buketom'),
	(7260,1,3,'buketov'),
	(84721,1,3,'bukety'),
	(2961,1,3,'bum'),
	(4202,1,3,'burgundy'),
	(3862,1,3,'burst'),
	(34125,1,3,'butylka'),
	(22746,1,3,'butylki'),
	(81066,1,3,'bylo'),
	(9917,1,3,'bytь'),
	(9672,1,3,'byvaet'),
	(97788,1,3,'cake'),
	(12026,1,3,'card'),
	(12015,1,3,'card000'),
	(12027,1,3,'card001'),
	(12037,1,3,'card002'),
	(12049,1,3,'card003'),
	(12073,1,3,'card004'),
	(8647,1,3,'celь'),
	(111814,1,3,'ceremoniya'),
	(87469,1,3,'ceremony'),
	(73068,1,3,'chaj'),
	(111813,1,3,'chajnaya'),
	(23647,1,3,'chajnogo'),
	(8125,1,3,'charuyushhie'),
	(9004,1,3,'charuyushhij'),
	(59801,1,3,'chasti'),
	(4895,1,3,'chastichka'),
	(80918,1,3,'chastichku'),
	(74826,1,3,'chasto'),
	(43810,1,3,'cheese'),
	(74305,1,3,'chego'),
	(7852,1,3,'chelovechestva'),
	(59196,1,3,'chelovek'),
	(8654,1,3,'cheloveka'),
	(9920,1,3,'chelovekom'),
	(5292,1,3,'cheloveku'),
	(4893,1,3,'chem'),
	(22754,1,3,'chili'),
	(22749,1,3,'chipsov'),
	(4357,1,3,'chislo'),
	(7730,1,3,'chistoe'),
	(7741,1,3,'chistotoj'),
	(5925,1,3,'chistoty'),
	(59932,1,3,'chlena'),
	(3793,1,3,'chocolate'),
	(5216,1,3,'chto'),
	(6193,1,3,'chtoby'),
	(5697,1,3,'chudes'),
	(5281,1,3,'chudesnoe'),
	(79161,1,3,'chudesnogo'),
	(7338,1,3,'chudesnym'),
	(7609,1,3,'chudo'),
	(82595,1,3,'chudovishhe'),
	(4360,1,3,'chuvstv'),
	(6196,1,3,'chuvstva'),
	(6479,1,3,'chuvstvakh'),
	(6323,1,3,'chuvstvennom'),
	(6694,1,3,'chuvstvennyj'),
	(75254,1,3,'chyornyj'),
	(74279,1,3,'citrusovykh'),
	(83775,1,3,'classic'),
	(73104,1,3,'cleopatra'),
	(9669,1,3,'cneg'),
	(8526,1,3,'colnce'),
	(3949,1,3,'colors'),
	(9915,1,3,'cumerkakh'),
	(13815,1,3,'custom'),
	(7683,1,3,'cvet'),
	(8130,1,3,'cveta'),
	(7899,1,3,'cvetakh'),
	(3081,1,3,'cvetami'),
	(10456,1,3,'cvetkami'),
	(7256,1,3,'cvetochnoe'),
	(79328,1,3,'cvetochnogo'),
	(23652,1,3,'cvetochnoj'),
	(25201,1,3,'cvetochnuyu'),
	(46072,1,3,'cvetochnyj'),
	(10446,1,3,'cvetok'),
	(12272,1,3,'cvetov'),
	(16574,1,3,'cvetovoj'),
	(6556,1,3,'cvety'),
	(4362,1,3,'dame'),
	(7949,1,3,'damy'),
	(22756,1,3,'dannye'),
	(12725,1,3,'dar'),
	(12728,1,3,'darit'),
	(7733,1,3,'darite'),
	(9008,1,3,'daritь'),
	(36643,1,3,'dart'),
	(20504,1,3,'dary'),
	(6477,1,3,'dast'),
	(93156,1,3,'date'),
	(88581,1,3,'day'),
	(5931,1,3,'dazhe'),
	(46026,1,3,'dedpul'),
	(88441,1,3,'deep'),
	(10068,1,3,'dekor'),
	(25182,1,3,'dekorativnye'),
	(59267,1,3,'delaet'),
	(5882,1,3,'denь'),
	(83046,1,3,'derevo'),
	(78209,1,3,'derevьev'),
	(8187,1,3,'desert'),
	(13816,1,3,'design'),
	(59272,1,3,'detej'),
	(59729,1,3,'deti'),
	(74307,1,3,'detskaya'),
	(59726,1,3,'detskim'),
	(74288,1,3,'detskoj'),
	(59723,1,3,'detstva'),
	(74824,1,3,'detstve'),
	(59795,1,3,'detstvo'),
	(59194,1,3,'detyam'),
	(73139,1,3,'devichьya'),
	(8822,1,3,'devushek'),
	(9125,1,3,'devushka'),
	(6197,1,3,'devushke'),
	(3077,1,3,'devushki'),
	(4369,1,3,'devushku'),
	(97787,1,3,'diaper'),
	(102564,1,3,'diapers'),
	(89560,1,3,'diplomat'),
	(83180,1,3,'direktoru'),
	(84027,1,3,'disney'),
	(73251,1,3,'dlina'),
	(3074,1,3,'dlya'),
	(59191,1,3,'dnej'),
	(7790,1,3,'dnya'),
	(77679,1,3,'dobavleniya'),
	(87708,1,3,'dog'),
	(10621,1,3,'dolgo'),
	(80992,1,3,'dolgozhdannyj'),
	(7681,1,3,'dom'),
	(10497,1,3,'doma'),
	(74063,1,3,'domik'),
	(22358,1,3,'donuts'),
	(22993,1,3,'dopolnen'),
	(6060,1,3,'dopolneniem'),
	(78219,1,3,'dorogi'),
	(7677,1,3,'dorogoe'),
	(8652,1,3,'dorogogo'),
	(12271,1,3,'dostavka'),
	(10232,1,3,'dostavkoj'),
	(22760,1,3,'dostavlyayutsya'),
	(3614,1,3,'dounats'),
	(4018,1,3,'dreams'),
	(59182,1,3,'drug'),
	(80914,1,3,'drugaya'),
	(82047,1,3,'drugogo'),
	(23651,1,3,'druzej'),
	(23505,1,3,'dukh'),
	(77673,1,3,'dukhom'),
	(86700,1,3,'duplo'),
	(4888,1,3,'dusha'),
	(59529,1,3,'dushe'),
	(8069,1,3,'dushevnoe'),
	(80919,1,3,'dushi'),
	(33998,1,3,'dvoikh'),
	(111349,1,3,'dvorec'),
	(8358,1,3,'dykhanie'),
	(59718,1,3,'edinorog'),
	(25170,1,3,'edinstvennyj'),
	(80660,1,3,'edyat'),
	(7266,1,3,'ego'),
	(36027,1,3,'ejnshtejnom'),
	(7405,1,3,'eksperimentirov'),
	(74295,1,3,'eksperty'),
	(16571,1,3,'ekzotiki'),
	(4816,1,3,'elefant'),
	(10449,1,3,'elegantno'),
	(6817,1,3,'elegantnoe'),
	(5926,1,3,'elegantnosti'),
	(59260,1,3,'elegantnostь'),
	(6470,1,3,'elegantnyj'),
	(7263,1,3,'elegantnykh'),
	(81350,1,3,'elej'),
	(25183,1,3,'elementy'),
	(80590,1,3,'eli'),
	(80923,1,3,'elochnye'),
	(80586,1,3,'elovye'),
	(79699,1,3,'elovyj'),
	(81349,1,3,'elovykh'),
	(83976,1,3,'elves'),
	(74294,1,3,'elьfy'),
	(80842,1,3,'elьyu'),
	(12739,1,3,'emocii'),
	(12730,1,3,'emocij'),
	(81346,1,3,'emocionalьnaya'),
	(3863,1,3,'emotions'),
	(4236,1,3,'enchanted'),
	(89465,1,3,'english'),
	(4889,1,3,'eshhe'),
	(6051,1,3,'esli'),
	(23507,1,3,'estь'),
	(8185,1,3,'eti'),
	(5876,1,3,'etikh'),
	(7611,1,3,'etim'),
	(5710,1,3,'eto'),
	(8367,1,3,'etogo'),
	(25177,1,3,'etoj'),
	(6322,1,3,'etom'),
	(4899,1,3,'etot'),
	(7853,1,3,'etu'),
	(13006,1,3,'eustomoj'),
	(28720,1,3,'eva'),
	(83451,1,3,'falcon'),
	(5289,1,3,'fenomen'),
	(5067,1,3,'ferrero'),
	(3948,1,3,'festival'),
	(83616,1,3,'feya'),
	(89189,1,3,'fioletovye'),
	(43809,1,3,'fiori'),
	(93155,1,3,'first'),
	(4188,1,3,'flamingo'),
	(11005,1,3,'florist'),
	(3094,1,3,'florista'),
	(3974,1,3,'flower'),
	(79157,1,3,'fokusnichaet'),
	(4237,1,3,'forest'),
	(10914,1,3,'forme'),
	(59264,1,3,'francuzskoe'),
	(93011,1,3,'french'),
	(4051,1,3,'fresh'),
	(75252,1,3,'fruktami'),
	(81076,1,3,'frukte'),
	(3087,1,3,'fruktov'),
	(43725,1,3,'fruktovaya'),
	(74297,1,3,'fruktovykh'),
	(3072,1,3,'frutov'),
	(21059,1,3,'frutti'),
	(77685,1,3,'funduk'),
	(77675,1,3,'fundukom'),
	(4084,1,3,'garden'),
	(82216,1,3,'gde'),
	(21055,1,3,'gelь'),
	(12798,1,3,'gerberami'),
	(12025,1,3,'gift'),
	(84508,1,3,'giftbox001'),
	(5025,1,3,'gifts'),
	(59269,1,3,'gipoallergennoj'),
	(92678,1,3,'girl'),
	(97789,1,3,'girls'),
	(95837,1,3,'glasses'),
	(10525,1,3,'glaz'),
	(74285,1,3,'glaza'),
	(4377,1,3,'glazakh'),
	(22364,1,3,'glazurьyu'),
	(84213,1,3,'gnom'),
	(76134,1,3,'god'),
	(9676,1,3,'goda'),
	(11839,1,3,'godovshhina'),
	(82042,1,3,'godu'),
	(84751,1,3,'gollandiya'),
	(80589,1,3,'goluboj'),
	(75255,1,3,'gorьkij'),
	(5819,1,3,'govorite'),
	(59935,1,3,'govoryashhaya'),
	(20502,1,3,'gramotno'),
	(28659,1,3,'granatovyj'),
	(14183,1,3,'grandmothers'),
	(23514,1,3,'greckim'),
	(80658,1,3,'greyutsya'),
	(22873,1,3,'gubka'),
	(28648,1,3,'gvozdikoj'),
	(5167,1,3,'hat'),
	(5213,1,3,'hat001'),
	(9122,1,3,'hat002'),
	(9887,1,3,'hat003'),
	(8810,1,3,'hat004'),
	(10286,1,3,'hat005'),
	(9238,1,3,'hat006'),
	(9848,1,3,'hat007'),
	(10061,1,3,'hat008'),
	(5552,1,3,'hat009'),
	(9947,1,3,'hat010'),
	(12726,1,3,'hat011'),
	(83382,1,3,'hat012'),
	(95520,1,3,'hat013'),
	(95838,1,3,'hat014'),
	(4883,1,3,'hat08'),
	(29734,1,3,'heart'),
	(3950,1,3,'home'),
	(3487,1,3,'honey'),
	(23924,1,3,'honey001'),
	(17052,1,3,'honey002'),
	(17120,1,3,'honey003'),
	(23506,1,3,'honey004'),
	(22624,1,3,'honey005'),
	(43784,1,3,'honey006'),
	(102565,1,3,'huggies'),
	(4831,1,3,'husky'),
	(6557,1,3,'idealьnyj'),
	(34003,1,3,'idet'),
	(59934,1,3,'igratь'),
	(59261,1,3,'igrushka'),
	(80593,1,3,'igrushkami'),
	(59192,1,3,'igrushki'),
	(59933,1,3,'igrushkoj'),
	(59268,1,3,'igrushku'),
	(5818,1,3,'ili'),
	(23646,1,3,'immuniteta'),
	(84583,1,3,'individo'),
	(9953,1,3,'individualьnost'),
	(10726,1,3,'inogda'),
	(59936,1,3,'interaktivnaya'),
	(59788,1,3,'interaktivnyj'),
	(7264,1,3,'interesnom'),
	(16573,1,3,'interesnyj'),
	(10496,1,3,'interьer'),
	(7336,1,3,'interьera'),
	(22994,1,3,'inzhirom'),
	(11649,1,3,'irisami'),
	(96269,1,3,'iskrennosti'),
	(80910,1,3,'iskusstvennyj'),
	(10289,1,3,'ispolnenii'),
	(59185,1,3,'ispolьzovalsya'),
	(20503,1,3,'ispolьzovatь'),
	(25184,1,3,'ispolьzovatьsya'),
	(80922,1,3,'ispolьzuem'),
	(10617,1,3,'istinnoj'),
	(59259,1,3,'istochayushhaya'),
	(74840,1,3,'istoriyu'),
	(111943,1,3,'italiya'),
	(87348,1,3,'italy'),
	(8063,1,3,'iyulьskoe'),
	(8067,1,3,'iyulьskogo'),
	(96267,1,3,'izbrannicu'),
	(9954,1,3,'izbrannicy'),
	(78214,1,3,'izbushke'),
	(59797,1,3,'izdavatь'),
	(59520,1,3,'izgotovlena'),
	(59184,1,3,'izgotovleniya'),
	(28955,1,3,'izobiliya'),
	(22375,1,3,'izobrazhenii'),
	(5933,1,3,'izyskannaya'),
	(9123,1,3,'izyskannoj'),
	(25176,1,3,'izyuminka'),
	(88580,1,3,'january'),
	(36231,1,3,'joda'),
	(86680,1,3,'juniors'),
	(83754,1,3,'justice'),
	(59265,1,3,'kachestvo'),
	(6064,1,3,'kak'),
	(77683,1,3,'kakao'),
	(13221,1,3,'kakie'),
	(6472,1,3,'kakim'),
	(9895,1,3,'kakuyu'),
	(5001,1,3,'kalateya'),
	(80659,1,3,'kamina'),
	(21056,1,3,'karamelь'),
	(21053,1,3,'karamelьyu'),
	(80997,1,3,'kazalosь'),
	(9066,1,3,'kazhdaya'),
	(59931,1,3,'kazhdogo'),
	(81075,1,3,'kazhdom'),
	(59528,1,3,'kazhdyj'),
	(82040,1,3,'kazhetsya'),
	(59092,1,3,'khaski'),
	(22877,1,3,'khlopok'),
	(75251,1,3,'khlopьyami'),
	(4886,1,3,'khochetsya'),
	(81342,1,3,'kholodnogo'),
	(7686,1,3,'kholodnykh'),
	(23644,1,3,'khorosh'),
	(8072,1,3,'khoroshego'),
	(22987,1,3,'khoroshij'),
	(77695,1,3,'khotelosь'),
	(6052,1,3,'khotite'),
	(77694,1,3,'khotya'),
	(11837,1,3,'khrizantemoj'),
	(6191,1,3,'khvataet'),
	(59321,1,3,'khvatit'),
	(96392,1,3,'kidsgift001'),
	(97790,1,3,'kidsgift002'),
	(97837,1,3,'kidsgift003'),
	(77481,1,3,'kinder'),
	(75175,1,3,'kino'),
	(93012,1,3,'kiss'),
	(22991,1,3,'kladezь'),
	(10287,1,3,'klassicheskie'),
	(9891,1,3,'klubnichnoe'),
	(9886,1,3,'klubnichnyj'),
	(77690,1,3,'klubnikoj'),
	(14070,1,3,'kofe'),
	(74292,1,3,'kogda'),
	(79329,1,3,'koktejlya'),
	(46073,1,3,'koktejlь'),
	(22752,1,3,'kolbasa'),
	(11653,1,3,'kollege'),
	(28662,1,3,'kollekciya'),
	(83381,1,3,'kolybelьnaya'),
	(25191,1,3,'kommentarii'),
	(68408,1,3,'kommentarij'),
	(10495,1,3,'komnatnyj'),
	(75654,1,3,'kompaniya'),
	(34004,1,3,'komplekte'),
	(68401,1,3,'kompliment'),
	(6553,1,3,'komplimentom'),
	(23653,1,3,'kompoziciej'),
	(25185,1,3,'kompozicii'),
	(75344,1,3,'kompoziciya'),
	(25202,1,3,'kompoziciyu'),
	(13381,1,3,'konfet'),
	(78276,1,3,'konfety'),
	(21057,1,3,'korica'),
	(21054,1,3,'koricej'),
	(5463,1,3,'korobka'),
	(29736,1,3,'korobkakh'),
	(12740,1,3,'korobke'),
	(13380,1,3,'korobku'),
	(74298,1,3,'korzin'),
	(43726,1,3,'korzina'),
	(74303,1,3,'korzinka'),
	(83199,1,3,'korziny'),
	(10619,1,3,'kotoroe'),
	(59519,1,3,'kotorogo'),
	(6480,1,3,'kotorye'),
	(5295,1,3,'kotoryj'),
	(82594,1,3,'krasavica'),
	(110372,1,3,'krasavicy'),
	(77681,1,3,'krasitelej'),
	(74302,1,3,'krasivaya'),
	(74313,1,3,'krasivo'),
	(8817,1,3,'krasivoe'),
	(10066,1,3,'krasivye'),
	(4370,1,3,'krasivyj'),
	(5872,1,3,'krasivykh'),
	(79153,1,3,'krasivym'),
	(8814,1,3,'krasivymi'),
	(12734,1,3,'kraskami'),
	(6465,1,3,'krasnaya'),
	(8129,1,3,'krasnogo'),
	(6476,1,3,'krasnoj'),
	(2543,1,3,'krasnye'),
	(4970,1,3,'krasnyj'),
	(6687,1,3,'krasnykh'),
	(81084,1,3,'krasnym'),
	(6319,1,3,'krasota'),
	(9010,1,3,'krasotu'),
	(14626,1,3,'krasoty'),
	(8182,1,3,'krem'),
	(10063,1,3,'kremovogo'),
	(8190,1,3,'kremovye'),
	(10067,1,3,'kremovyj'),
	(59331,1,3,'krolichьya'),
	(59377,1,3,'krolik'),
	(59325,1,3,'krolika'),
	(59326,1,3,'kroliki'),
	(43751,1,3,'krolikom'),
	(23649,1,3,'krugu'),
	(77698,1,3,'krutye'),
	(7843,1,3,'kruzhevo'),
	(5212,1,3,'krylo'),
	(75243,1,3,'kunzhutnaya'),
	(82051,1,3,'kunzhutom'),
	(22627,1,3,'kuraga'),
	(22634,1,3,'kuragoj'),
	(5293,1,3,'kusochek'),
	(3086,1,3,'kusochkami'),
	(89706,1,3,'lady'),
	(80664,1,3,'lakomstvo'),
	(5002,1,3,'lansifoliya'),
	(75259,1,3,'lapki'),
	(4732,1,3,'large'),
	(5222,1,3,'laskovo'),
	(13474,1,3,'lavazza'),
	(83755,1,3,'league'),
	(75172,1,3,'ledenec'),
	(5934,1,3,'ledi'),
	(8361,1,3,'legkij'),
	(83447,1,3,'lego'),
	(83452,1,3,'lego001'),
	(83756,1,3,'lego002'),
	(83776,1,3,'lego0023'),
	(83837,1,3,'lego004'),
	(83921,1,3,'lego005'),
	(83977,1,3,'lego006'),
	(84029,1,3,'lego007'),
	(86811,1,3,'lego008'),
	(86895,1,3,'lego009'),
	(86958,1,3,'lego010'),
	(87017,1,3,'lego011'),
	(87276,1,3,'lego012'),
	(8191,1,3,'lepestki'),
	(78210,1,3,'lesnaya'),
	(74064,1,3,'lesu'),
	(5883,1,3,'leta'),
	(35944,1,3,'letiya'),
	(7788,1,3,'letnego'),
	(12738,1,3,'letnie'),
	(7786,1,3,'letnij'),
	(7792,1,3,'letnim'),
	(12727,1,3,'leto'),
	(7734,1,3,'levoj'),
	(8651,1,3,'lice'),
	(80674,1,3,'lichnoj'),
	(8656,1,3,'lico'),
	(9668,1,3,'lilovyj'),
	(75247,1,3,'limonnyj'),
	(84507,1,3,'little'),
	(111581,1,3,'lodka'),
	(73069,1,3,'lovare'),
	(89255,1,3,'love'),
	(9244,1,3,'luchakh'),
	(7893,1,3,'luchi'),
	(8066,1,3,'luchik'),
	(7897,1,3,'luchiki'),
	(9245,1,3,'luchshe'),
	(6467,1,3,'luchshij'),
	(80913,1,3,'lyubaya'),
	(74837,1,3,'lyubili'),
	(80663,1,3,'lyubimoe'),
	(5227,1,3,'lyubimoj'),
	(5291,1,3,'lyubimomu'),
	(81069,1,3,'lyubimykh'),
	(16570,1,3,'lyubitelej'),
	(7404,1,3,'lyubitelьnic'),
	(7258,1,3,'lyubitelьnicam'),
	(7685,1,3,'lyubitelьnice'),
	(12318,1,3,'lyublyu'),
	(9674,1,3,'lyuboe'),
	(6819,1,3,'lyubogo'),
	(6554,1,3,'lyuboj'),
	(110476,1,3,'lyubovь'),
	(25174,1,3,'lyubovьyu'),
	(6327,1,3,'lyubuyu'),
	(6488,1,3,'lyubvi'),
	(8811,1,3,'lyubyat'),
	(13460,1,3,'macarons'),
	(74832,1,3,'magiej'),
	(23654,1,3,'majskij'),
	(28910,1,3,'malakhitovaya'),
	(96111,1,3,'male'),
	(5462,1,3,'malenьkaya'),
	(59717,1,3,'malenьkij'),
	(74835,1,3,'malenьkikh'),
	(59262,1,3,'malenьkoj'),
	(75262,1,3,'malinoj'),
	(9950,1,3,'malinovye'),
	(9946,1,3,'malinovyj'),
	(59517,1,3,'malyshka'),
	(11461,1,3,'mame'),
	(81074,1,3,'mandarinki'),
	(74301,1,3,'mandarinok'),
	(73530,1,3,'mandarinovyj'),
	(74290,1,3,'mandariny'),
	(75253,1,3,'mango'),
	(89466,1,3,'mansion'),
	(20512,1,3,'marka'),
	(28761,1,3,'marsala'),
	(3903,1,3,'marshmallow'),
	(96358,1,3,'marta'),
	(20507,1,3,'maslice'),
	(21052,1,3,'maslo'),
	(36230,1,3,'master'),
	(59187,1,3,'material'),
	(59266,1,3,'materialov'),
	(81351,1,3,'materinskij'),
	(4238,1,3,'mb10'),
	(4255,1,3,'mb11'),
	(4019,1,3,'mb2'),
	(4052,1,3,'mb3'),
	(4107,1,3,'mb5'),
	(4123,1,3,'mb6'),
	(4153,1,3,'mb7'),
	(4189,1,3,'mb8'),
	(4204,1,3,'mb9'),
	(4085,1,3,'md4'),
	(30040,1,3,'mechta'),
	(9239,1,3,'mechtaet'),
	(22625,1,3,'med'),
	(23641,1,3,'meda'),
	(83836,1,3,'medium'),
	(75244,1,3,'medovaya'),
	(22990,1,3,'medovyj'),
	(59323,1,3,'medvedej'),
	(80673,1,3,'medvedi'),
	(19939,1,3,'medvedь'),
	(80487,1,3,'melodiya'),
	(7846,1,3,'menee'),
	(22857,1,3,'menset001'),
	(17086,1,3,'menset002'),
	(82943,1,3,'menset003'),
	(87863,1,3,'menset004'),
	(96114,1,3,'menset005'),
	(3091,1,3,'menyatьsya'),
	(13481,1,3,'merci'),
	(10499,1,3,'mesto'),
	(78208,1,3,'mezhdu'),
	(22623,1,3,'miks'),
	(22636,1,3,'miksom'),
	(83450,1,3,'millennium'),
	(22633,1,3,'mindalem'),
	(41949,1,3,'mini'),
	(4784,1,3,'minion'),
	(9921,1,3,'minutu'),
	(59926,1,3,'minьon'),
	(5706,1,3,'mir'),
	(79650,1,3,'mishki'),
	(88557,1,3,'mix'),
	(5280,1,3,'mix001'),
	(7948,1,3,'mix002'),
	(7676,1,3,'mix003'),
	(7606,1,3,'mix004'),
	(7732,1,3,'mix005'),
	(7787,1,3,'mix006'),
	(7894,1,3,'mix007'),
	(7844,1,3,'mix008'),
	(5868,1,3,'mix009'),
	(5815,1,3,'mix010'),
	(5698,1,3,'mix011'),
	(8646,1,3,'mix012'),
	(8015,1,3,'mix013'),
	(8065,1,3,'mix014'),
	(8124,1,3,'mix015'),
	(8184,1,3,'mix016'),
	(9003,1,3,'mix017'),
	(9065,1,3,'mix018'),
	(9916,1,3,'mix020'),
	(8360,1,3,'mix021'),
	(9670,1,3,'mix022'),
	(13817,1,3,'mix023'),
	(82648,1,3,'mix024'),
	(82760,1,3,'mix025'),
	(82432,1,3,'mix026'),
	(82485,1,3,'mix027'),
	(82596,1,3,'mix028'),
	(88582,1,3,'mix029'),
	(89612,1,3,'mix030'),
	(89708,1,3,'mix031'),
	(94336,1,3,'mix032'),
	(95819,1,3,'mix033'),
	(96625,1,3,'mix034'),
	(102321,1,3,'mix035'),
	(23643,1,3,'mnogo'),
	(5871,1,3,'mnozhestvo'),
	(22372,1,3,'mogut'),
	(96187,1,3,'moldovy'),
	(75339,1,3,'molochnogo'),
	(78272,1,3,'molochnyj'),
	(20506,1,3,'molodosti'),
	(84720,1,3,'mono'),
	(82932,1,3,'mono001'),
	(84752,1,3,'mono002'),
	(95574,1,3,'mono003'),
	(95633,1,3,'mono004'),
	(95747,1,3,'mono005'),
	(95793,1,3,'mono006'),
	(5708,1,3,'more'),
	(82942,1,3,'morning'),
	(9892,1,3,'morozhenoe'),
	(3090,1,3,'mozhet'),
	(6481,1,3,'mozhete'),
	(9677,1,3,'mozhno'),
	(4152,1,3,'multivitamin'),
	(35413,1,3,'muzhchin'),
	(12214,1,3,'muzhchine'),
	(22858,1,3,'muzhchiny'),
	(96462,1,3,'muzhskie'),
	(22745,1,3,'muzhskoj'),
	(59329,1,3,'myagkie'),
	(22868,1,3,'mylo'),
	(75241,1,3,'myod'),
	(80670,1,3,'myoda'),
	(28815,1,3,'mysli'),
	(3068,1,3,'nabor'),
	(22865,1,3,'nabora'),
	(22371,1,3,'nabore'),
	(75341,1,3,'nachinatь'),
	(59802,1,3,'nachinayut'),
	(22369,1,3,'nachinkoj'),
	(10734,1,3,'nadolgo'),
	(59929,1,3,'najdet'),
	(74291,1,3,'najti'),
	(74825,1,3,'nam'),
	(68407,1,3,'nami'),
	(77672,1,3,'napolnennyj'),
	(7791,1,3,'napolnit'),
	(12732,1,3,'napolnyaet'),
	(5299,1,3,'napominaet'),
	(10620,1,3,'napominatь'),
	(9922,1,3,'napomnit'),
	(5877,1,3,'napomnyat'),
	(59322,1,3,'nas'),
	(25173,1,3,'nash'),
	(74833,1,3,'nasha'),
	(12735,1,3,'nashe'),
	(81344,1,3,'nashego'),
	(80653,1,3,'nashej'),
	(80666,1,3,'nashem'),
	(20498,1,3,'nashi'),
	(22381,1,3,'nashikh'),
	(8812,1,3,'naslazhdatьsya'),
	(8809,1,3,'naslazhdenie'),
	(80669,1,3,'nastolьnaya'),
	(6690,1,3,'nastoyashhej'),
	(5713,1,3,'nastoyashhemu'),
	(12736,1,3,'nastroenie'),
	(7793,1,3,'nastroeniem'),
	(8073,1,3,'nastroeniya'),
	(79158,1,3,'nastroeniyu'),
	(3093,1,3,'nastroniya'),
	(5874,1,3,'nasyshhennye'),
	(7682,1,3,'nasyshhennyj'),
	(7794,1,3,'nasyshhennym'),
	(80588,1,3,'naturalьnoj'),
	(77676,1,3,'naturalьnyj'),
	(81249,1,3,'naturalьnykh'),
	(77674,1,3,'naturanьnyj'),
	(28762,1,3,'navsegda'),
	(6057,1,3,'nebolьshoj'),
	(80917,1,3,'nee'),
	(10993,1,3,'nego'),
	(59800,1,3,'nekotorye'),
	(8131,1,3,'neobuzdannoe'),
	(10522,1,3,'neobychnoe'),
	(7401,1,3,'neobychnoj'),
	(22860,1,3,'neobychnye'),
	(16568,1,3,'neobychnyj'),
	(7259,1,3,'neobychnykh'),
	(10455,1,3,'neobychnymi'),
	(103422,1,3,'neporochnosti'),
	(13384,1,3,'nepovtorimo'),
	(25169,1,3,'nepovtorimyj'),
	(80926,1,3,'nepovtorimym'),
	(10447,1,3,'neprikhotlivyj'),
	(9685,1,3,'neskonchaemo'),
	(10065,1,3,'neveroyatno'),
	(77670,1,3,'neveroyatnoj'),
	(5702,1,3,'neveroyatnykh'),
	(7612,1,3,'neveroyatnym'),
	(7613,1,3,'nevinnykh'),
	(96624,1,3,'news'),
	(34000,1,3,'nezabyvaemyj'),
	(9242,1,3,'nezhasь'),
	(11838,1,3,'nezhnaya'),
	(5217,1,3,'nezhnee'),
	(10445,1,3,'nezhnejshij'),
	(9951,1,3,'nezhno'),
	(9069,1,3,'nezhnoe'),
	(5225,1,3,'nezhnosti'),
	(7855,1,3,'nezhnostь'),
	(7740,1,3,'nezhnostьyu'),
	(6555,1,3,'nezhnye'),
	(4371,1,3,'nezhnyj'),
	(6056,1,3,'nezhnykh'),
	(74306,1,3,'nibudь'),
	(75656,1,3,'nichego'),
	(73105,1,3,'night'),
	(73071,1,3,'nights'),
	(77693,1,3,'nikakie'),
	(59327,1,3,'nikh'),
	(81000,1,3,'nikogda'),
	(13382,1,3,'nikogo'),
	(9064,1,3,'nimfa'),
	(86658,1,3,'ninjago'),
	(5279,1,3,'nochi'),
	(5303,1,3,'nochь'),
	(22872,1,3,'noskov'),
	(80994,1,3,'nostalьgiej'),
	(60365,1,3,'note001'),
	(60461,1,3,'note002'),
	(60413,1,3,'note003'),
	(67610,1,3,'note004'),
	(60513,1,3,'note005'),
	(60491,1,3,'note006'),
	(67591,1,3,'note007'),
	(60322,1,3,'note008'),
	(60242,1,3,'note009'),
	(74283,1,3,'notki'),
	(80841,1,3,'novogodnij'),
	(75343,1,3,'novogodnyaya'),
	(22867,1,3,'novomu'),
	(59522,1,3,'novorozhdennykh'),
	(110758,1,3,'novosti'),
	(76133,1,3,'novyj'),
	(28784,1,3,'noyabrь'),
	(59193,1,3,'nravyatsya'),
	(13466,1,3,'nutella'),
	(13225,1,3,'nuzhny'),
	(84584,1,3,'nybox001'),
	(84539,1,3,'nybox002'),
	(8068,1,3,'obladatelьnice'),
	(7268,1,3,'obladatelьnicu'),
	(74830,1,3,'obladayu'),
	(82484,1,3,'oblaka'),
	(4355,1,3,'oblako'),
	(80838,1,3,'obozhaem'),
	(22859,1,3,'obozhayut'),
	(74309,1,3,'obratite'),
	(68410,1,3,'obyazatelьno'),
	(77688,1,3,'obzharennym'),
	(6692,1,3,'ocenit'),
	(59728,1,3,'ocenyat'),
	(5813,1,3,'ocharovan'),
	(5817,1,3,'ocharovatelьna'),
	(6474,1,3,'ocharovatelьnyj'),
	(6326,1,3,'ocharuet'),
	(10618,1,3,'ochenь'),
	(82045,1,3,'odin'),
	(7848,1,3,'odni'),
	(96184,1,3,'odnoj'),
	(7403,1,3,'odnom'),
	(79331,1,3,'odnoznachno'),
	(4368,1,3,'odnu'),
	(3080,1,3,'oformlen'),
	(22875,1,3,'oformlenie'),
	(22862,1,3,'oformleniem'),
	(8132,1,3,'ognennoe'),
	(28661,1,3,'ogranichennaya'),
	(25187,1,3,'okazhetsya'),
	(80993,1,3,'okruzhit'),
	(22759,1,3,'oni'),
	(12731,1,3,'ono'),
	(25189,1,3,'opisatь'),
	(8128,1,3,'oranzhevogo'),
	(22626,1,3,'orekhi'),
	(23515,1,3,'orekhom'),
	(24069,1,3,'orekhommed'),
	(23236,1,3,'orekhovoe'),
	(22622,1,3,'orekhovyj'),
	(22635,1,3,'orekhovym'),
	(23510,1,3,'oreshkami'),
	(3410,1,3,'organic'),
	(10288,1,3,'originalьnom'),
	(3078,1,3,'originalьnyj'),
	(5014,1,3,'orkhideya'),
	(11835,1,3,'orkhideyami'),
	(28816,1,3,'oseni'),
	(22871,1,3,'oshhupь'),
	(97791,1,3,'oslik'),
	(6061,1,3,'osnovnomu'),
	(7902,1,3,'osobe'),
	(4885,1,3,'osobenno'),
	(74831,1,3,'osobennoj'),
	(25195,1,3,'osobennym'),
	(6696,1,3,'ostanetsya'),
	(4366,1,3,'ostavit'),
	(10732,1,3,'ostavitь'),
	(10728,1,3,'otdatь'),
	(78218,1,3,'otdokhnutь'),
	(59930,1,3,'otklik'),
	(12014,1,3,'otkrytka'),
	(12109,1,3,'otkrytki'),
	(22373,1,3,'otlichatьsya'),
	(22628,1,3,'otlichnoe'),
	(4361,1,3,'otnosheniyu'),
	(74315,1,3,'otpravleniya'),
	(5875,1,3,'ottenki'),
	(7333,1,3,'ottenkov'),
	(22360,1,3,'otvedajte'),
	(8657,1,3,'ozarit'),
	(81340,1,3,'ozaryayushhee'),
	(9847,1,3,'ozherelьe'),
	(22748,1,3,'pachka'),
	(79972,1,3,'palisadnik'),
	(10733,1,3,'pamyatь'),
	(30985,1,3,'panda'),
	(22382,1,3,'partnerov'),
	(75660,1,3,'partnyorov'),
	(80672,1,3,'partnyory'),
	(22869,1,3,'pary'),
	(80675,1,3,'paseke'),
	(75245,1,3,'pasta'),
	(78273,1,3,'pechenьe'),
	(83518,1,3,'peppa'),
	(87963,1,3,'per'),
	(75256,1,3,'percem'),
	(9129,1,3,'perchatkakh'),
	(22753,1,3,'percy'),
	(5927,1,3,'pered'),
	(5223,1,3,'peredast'),
	(82050,1,3,'peretertym'),
	(80160,1,3,'pero'),
	(110475,1,3,'pervaya'),
	(81067,1,3,'pervenstvo'),
	(9924,1,3,'pervoe'),
	(59190,1,3,'pervykh'),
	(5220,1,3,'perьev'),
	(87645,1,3,'pes'),
	(87964,1,3,'piece'),
	(22495,1,3,'piling'),
	(87707,1,3,'pillow'),
	(95836,1,3,'pink'),
	(28690,1,3,'pirog'),
	(13889,1,3,'pirozhnykh'),
	(74311,1,3,'pishhevye'),
	(22758,1,3,'pitaniya'),
	(22747,1,3,'piva'),
	(17085,1,3,'pivu'),
	(81338,1,3,'plameni'),
	(8123,1,3,'plamya'),
	(4971,1,3,'plant'),
	(10725,1,3,'plant001'),
	(5651,1,3,'plant002'),
	(5638,1,3,'plant003'),
	(10494,1,3,'plant004'),
	(10567,1,3,'plant005'),
	(10616,1,3,'plant006'),
	(9127,1,3,'platьe'),
	(9073,1,3,'plenit'),
	(8189,1,3,'plenyayushhij'),
	(75260,1,3,'plitka'),
	(4662,1,3,'plush'),
	(30984,1,3,'plyushevaya'),
	(19940,1,3,'plyushevyj'),
	(7605,1,3,'poceluj'),
	(81080,1,3,'pochemu'),
	(22492,1,3,'pochuvstvuj'),
	(3069,1,3,'podari'),
	(8016,1,3,'podarit'),
	(5290,1,3,'podarite'),
	(9678,1,3,'podaritь'),
	(8648,1,3,'podarka'),
	(6324,1,3,'podarke'),
	(22861,1,3,'podarki'),
	(6689,1,3,'podarkom'),
	(6062,1,3,'podarku'),
	(83198,1,3,'podarochnye'),
	(3073,1,3,'podarochnyj'),
	(6471,1,3,'podarok'),
	(9952,1,3,'podcherknet'),
	(20505,1,3,'podderzhaniya'),
	(82043,1,3,'podgotovili'),
	(59521,1,3,'podkhodit'),
	(81337,1,3,'podobno'),
	(7257,1,3,'podojdet'),
	(35138,1,3,'podruzhke'),
	(78216,1,3,'pogretьsya'),
	(25186,1,3,'poka'),
	(83145,1,3,'pokakhontas'),
	(6550,1,3,'pokhozhij'),
	(6691,1,3,'pol'),
	(22630,1,3,'polezno'),
	(80661,1,3,'poleznyj'),
	(22989,1,3,'poleznym'),
	(5700,1,3,'polna'),
	(59270,1,3,'polnostьyu'),
	(7851,1,3,'polovine'),
	(12737,1,3,'polovinke'),
	(80924,1,3,'poluchaetsya'),
	(10453,1,3,'poluchatelya'),
	(74316,1,3,'poluchatelyam'),
	(10526,1,3,'poluchatelyu'),
	(80920,1,3,'poluchatelь'),
	(8655,1,3,'poluchatelьnicu'),
	(82039,1,3,'poluchatь'),
	(21060,1,3,'polьsha'),
	(12319,1,3,'pomolvka'),
	(22367,1,3,'ponchika'),
	(22370,1,3,'ponchiki'),
	(22362,1,3,'ponchikov'),
	(6478,1,3,'ponyatь'),
	(78217,1,3,'popitь'),
	(80676,1,3,'poprobujte'),
	(13378,1,3,'poradovatь'),
	(10501,1,3,'poradujte'),
	(81085,1,3,'porciya'),
	(74277,1,3,'poroj'),
	(6695,1,3,'poryv'),
	(4374,1,3,'poselit'),
	(5224,1,3,'poslanie'),
	(8821,1,3,'posle'),
	(5881,1,3,'poslednij'),
	(75661,1,3,'posypaem'),
	(79160,1,3,'potomu'),
	(13226,1,3,'poverьte'),
	(10064,1,3,'povoda'),
	(74304,1,3,'povtorno'),
	(23645,1,3,'povysheniya'),
	(59794,1,3,'pozabavit'),
	(81001,1,3,'pozdno'),
	(11654,1,3,'pozdravlyayu'),
	(74308,1,3,'pozhalujsta'),
	(68409,1,3,'pozhelaniem'),
	(25190,1,3,'pozhelaniya'),
	(77691,1,3,'prazdnichnogo'),
	(80667,1,3,'prazdnichnom'),
	(7339,1,3,'prazdnik'),
	(6821,1,3,'prazdnika'),
	(77667,1,3,'prazdnike'),
	(96182,1,3,'predannosti'),
	(22377,1,3,'predostavlyayut'),
	(10729,1,3,'predpochtenie'),
	(25197,1,3,'predpochtitelьn'),
	(22374,1,3,'predstavlennykh'),
	(96180,1,3,'prekrasnee'),
	(4356,1,3,'prekrasnoe'),
	(5294,1,3,'prekrasnogo'),
	(7850,1,3,'prekrasnoj'),
	(4892,1,3,'prekrasnomu'),
	(5288,1,3,'prekrasnyj'),
	(4376,1,3,'prekrasnykh'),
	(6059,1,3,'prekrasnym'),
	(5712,1,3,'prepodnesya'),
	(4894,1,3,'prezhde'),
	(59804,1,3,'pri'),
	(5215,1,3,'pridumatь'),
	(5703,1,3,'priklyuchenij'),
	(22376,1,3,'primere'),
	(84028,1,3,'princesses'),
	(59263,1,3,'princessy'),
	(80991,1,3,'prineset'),
	(8824,1,3,'prinosit'),
	(96185,1,3,'priobresti'),
	(5869,1,3,'priroda'),
	(8819,1,3,'prirody'),
	(78212,1,3,'privela'),
	(10293,1,3,'privyazannosti'),
	(22863,1,3,'privychnyj'),
	(82041,1,3,'priyatnee'),
	(6053,1,3,'priyatno'),
	(10527,1,3,'priyatnye'),
	(59186,1,3,'priyatnyj'),
	(22870,1,3,'priyatnykh'),
	(6552,1,3,'priyatnym'),
	(6487,1,3,'priznaniem'),
	(10292,1,3,'priznaniya'),
	(74834,1,3,'pro'),
	(8023,1,3,'probivayushhies'),
	(8020,1,3,'probuzhdeniya'),
	(77677,1,3,'produkt'),
	(22757,1,3,'produkty'),
	(22755,1,3,'proizvodim'),
	(75655,1,3,'proizvodit'),
	(22496,1,3,'proizvoditelь'),
	(20514,1,3,'proizvodstvo'),
	(5301,1,3,'prokhladnuyu'),
	(8365,1,3,'prokhladoj'),
	(8364,1,3,'propitannyj'),
	(9240,1,3,'prosnutьsya'),
	(19284,1,3,'prosti'),
	(6822,1,3,'prosto'),
	(9243,1,3,'prostynyakh'),
	(4358,1,3,'proyavleniya'),
	(80911,1,3,'prozhivyot'),
	(14095,1,3,'prozrachnaya'),
	(14071,1,3,'qualita'),
	(4663,1,3,'rabbit'),
	(10498,1,3,'rabochee'),
	(80678,1,3,'rabota'),
	(82049,1,3,'raboty'),
	(59197,1,3,'rad'),
	(8659,1,3,'radosti'),
	(73140,1,3,'radostь'),
	(59725,1,3,'radostьyu'),
	(80921,1,3,'radovalsya'),
	(10452,1,3,'radovatь'),
	(29733,1,3,'rafaello'),
	(5023,1,3,'raffaello'),
	(3975,1,3,'rainbow'),
	(8808,1,3,'rajskoe'),
	(22378,1,3,'ramkakh'),
	(6199,1,3,'rasskazhet'),
	(74827,1,3,'rasskazyvali'),
	(10523,1,3,'rastenie'),
	(81250,1,3,'rastenij'),
	(10730,1,3,'rasteniyam'),
	(77682,1,3,'rastertye'),
	(4367,1,3,'ravnodushnoj'),
	(6697,1,3,'ravnodushnym'),
	(68404,1,3,'raz'),
	(25198,1,3,'razmer'),
	(7400,1,3,'raznocvetnyj'),
	(68405,1,3,'raznom'),
	(9948,1,3,'raznoobrazny'),
	(22366,1,3,'raznye'),
	(7332,1,3,'raznykh'),
	(11659,1,3,'rebenka'),
	(16299,1,3,'rebenku'),
	(59531,1,3,'rebenok'),
	(14655,1,3,'recepty'),
	(14185,1,3,'reciepes'),
	(3848,1,3,'red'),
	(6818,1,3,'reshenie'),
	(22368,1,3,'ring'),
	(75250,1,3,'risovymi'),
	(8644,1,3,'robkaya'),
	(5068,1,3,'rocher'),
	(25172,1,3,'rode'),
	(28954,1,3,'rog'),
	(96623,1,3,'romantic'),
	(110757,1,3,'romanticheskie'),
	(34002,1,3,'romanticheskogo'),
	(96362,1,3,'romantichno'),
	(87962,1,3,'rose'),
	(6815,1,3,'rose001'),
	(6466,1,3,'rose002'),
	(6688,1,3,'rose003'),
	(5923,1,3,'rose004'),
	(6956,1,3,'rose005'),
	(6050,1,3,'rose006'),
	(6318,1,3,'rose007'),
	(6549,1,3,'rose008'),
	(6255,1,3,'rose009'),
	(7255,1,3,'rose010'),
	(7331,1,3,'rose011'),
	(7399,1,3,'rose012'),
	(10885,1,3,'rose013'),
	(10915,1,3,'rose014'),
	(10948,1,3,'rose015'),
	(88110,1,3,'rose016'),
	(88127,1,3,'rose017'),
	(88144,1,3,'rose018'),
	(88065,1,3,'rose019'),
	(89256,1,3,'rose020'),
	(89310,1,3,'rose021'),
	(89467,1,3,'rose022'),
	(89511,1,3,'rose023'),
	(93494,1,3,'rose024'),
	(96434,1,3,'rose025'),
	(96727,1,3,'rose026'),
	(113170,1,3,'rose027'),
	(113825,1,3,'rose028'),
	(3778,1,3,'roses'),
	(6816,1,3,'roskoshnym'),
	(13475,1,3,'rossa'),
	(20515,1,3,'rossiya'),
	(6049,1,3,'roz'),
	(5922,1,3,'roza'),
	(11383,1,3,'rozami'),
	(11658,1,3,'rozhdenie'),
	(11657,1,3,'rozhdeniya'),
	(73735,1,3,'rozhdestva'),
	(81070,1,3,'rozhdestvennski'),
	(73532,1,3,'rozhdestvenskay'),
	(74293,1,3,'rozhdestvenskie'),
	(73846,1,3,'rozhdestvenskij'),
	(81157,1,3,'rozhdestvenskik'),
	(80592,1,3,'rozhdestvenskim'),
	(81079,1,3,'rozhdestvenskog'),
	(74838,1,3,'rozhdestvo'),
	(6317,1,3,'rozovaya'),
	(7608,1,3,'rozovoe'),
	(9071,1,3,'rozovoj'),
	(9126,1,3,'rozovom'),
	(7847,1,3,'rozovye'),
	(6198,1,3,'rozovyj'),
	(6190,1,3,'rozovykh'),
	(2544,1,3,'rozy'),
	(80677,1,3,'ruchnaya'),
	(82048,1,3,'ruchnoj'),
	(20510,1,3,'ruk'),
	(25188,1,3,'rukakh'),
	(7735,1,3,'rukoj'),
	(9918,1,3,'ryadom'),
	(111455,1,3,'sad'),
	(80915,1,3,'sajte'),
	(77680,1,3,'sakhara'),
	(5704,1,3,'sam'),
	(5932,1,3,'samaya'),
	(74312,1,3,'sami'),
	(8816,1,3,'samoe'),
	(7736,1,3,'samogo'),
	(74289,1,3,'samye'),
	(75174,1,3,'samyj'),
	(7849,1,3,'samykh'),
	(7267,1,3,'schastlivuyu'),
	(82941,1,3,'scottish'),
	(13383,1,3,'sdelaet'),
	(25193,1,3,'sdelatь'),
	(6483,1,3,'sebe'),
	(4083,1,3,'secret'),
	(14625,1,3,'sekrety'),
	(75336,1,3,'semejka'),
	(59790,1,3,'semьi'),
	(7737,1,3,'serdca'),
	(81336,1,3,'serdcakh'),
	(7731,1,3,'serdce'),
	(8653,1,3,'serdcu'),
	(82323,1,3,'serebryanaya'),
	(82483,1,3,'serebryanye'),
	(35947,1,3,'serebryanyj'),
	(31792,1,3,'sersei'),
	(11652,1,3,'sestre'),
	(14496,1,3,'set'),
	(28866,1,3,'sezon'),
	(28660,1,3,'sezonnaya'),
	(3095,1,3,'sezonnosti'),
	(75257,1,3,'shafranom'),
	(87646,1,3,'sharik'),
	(89108,1,3,'shariki'),
	(9128,1,3,'shelkovykh'),
	(9851,1,3,'sheyu'),
	(28911,1,3,'shkatulka'),
	(29735,1,3,'shlyapnykh'),
	(75248,1,3,'shokolad'),
	(75261,1,3,'shokolada'),
	(73689,1,3,'shokoladnaya'),
	(78274,1,3,'shokoladnye'),
	(13903,1,3,'shokoladnyj'),
	(9894,1,3,'shokoladom'),
	(3411,1,3,'shop'),
	(82965,1,3,'shotlandskoe'),
	(96181,1,3,'simbioz'),
	(5924,1,3,'simvol'),
	(80585,1,3,'simvoliziruet'),
	(7901,1,3,'siyayushhej'),
	(7900,1,3,'siyayushhij'),
	(5821,1,3,'skazhet'),
	(5816,1,3,'skazhite'),
	(13228,1,3,'skazhut'),
	(73690,1,3,'skazka'),
	(80654,1,3,'skazke'),
	(74828,1,3,'skazki'),
	(80999,1,3,'skazku'),
	(80839,1,3,'skazochnaya'),
	(82046,1,3,'skazochnee'),
	(25200,1,3,'skazochnuyu'),
	(5705,1,3,'skazochnyj'),
	(8024,1,3,'skvozь'),
	(30039,1,3,'sladkaya'),
	(8186,1,3,'sladkij'),
	(75337,1,3,'sladkikh'),
	(13385,1,3,'sladkim'),
	(80843,1,3,'sladkoezhka'),
	(13379,1,3,'sladkoezhku'),
	(8018,1,3,'sladkogo'),
	(22363,1,3,'sladkoj'),
	(6065,1,3,'sladostej'),
	(13227,1,3,'sladosti'),
	(13224,1,3,'sladostyami'),
	(9896,1,3,'sladostь'),
	(23642,1,3,'slishkom'),
	(9890,1,3,'slivkami'),
	(10060,1,3,'slivochnyj'),
	(59136,1,3,'slonik'),
	(6192,1,3,'slov'),
	(6200,1,3,'slova'),
	(5218,1,3,'slovno'),
	(5214,1,3,'slozhno'),
	(77668,1,3,'sluchayu'),
	(4717,1,3,'small'),
	(88326,1,3,'smeshannye'),
	(59798,1,3,'smeshnye'),
	(80665,1,3,'smozhete'),
	(82759,1,3,'smuzi'),
	(9671,1,3,'sneg'),
	(9681,1,3,'snezhnyj'),
	(74829,1,3,'snom'),
	(25199,1,3,'soberem'),
	(25175,1,3,'soberet'),
	(77697,1,3,'sobiraem'),
	(68402,1,3,'sobiraetsya'),
	(74296,1,3,'sobirayut'),
	(81352,1,3,'sobrana'),
	(5219,1,3,'sobrannyj'),
	(9248,1,3,'sobrannykh'),
	(7261,1,3,'sochetanie'),
	(5298,1,3,'sochetaniem'),
	(23929,1,3,'sochetanii'),
	(81073,1,3,'sochnye'),
	(7896,1,3,'sochnyj'),
	(3082,1,3,'soderzhit'),
	(22632,1,3,'sodezhit'),
	(82647,1,3,'sok'),
	(35942,1,3,'sokol'),
	(5880,1,3,'solnca'),
	(8064,1,3,'solnce'),
	(23513,1,3,'solnechnoe'),
	(7789,1,3,'solnechnogo'),
	(8022,1,3,'solnechnye'),
	(3084,1,3,'solь'),
	(10285,1,3,'solьferino'),
	(6321,1,3,'sosredotocheny'),
	(3088,1,3,'sostav'),
	(59188,1,3,'sovershenno'),
	(75340,1,3,'sovetuem'),
	(10450,1,3,'sovremenno'),
	(74839,1,3,'sozdajte'),
	(5870,1,3,'sozdala'),
	(77669,1,3,'sozdali'),
	(16572,1,3,'sozdayut'),
	(81078,1,3,'sozrevaet'),
	(10961,1,3,'spa'),
	(20160,1,3,'spabox001'),
	(22491,1,3,'spabox002'),
	(20497,1,3,'spabox003'),
	(10994,1,3,'spabox004'),
	(73141,1,3,'spabox005'),
	(11656,1,3,'spasibo'),
	(10615,1,3,'spatifillum'),
	(5024,1,3,'special'),
	(77687,1,3,'speciyami'),
	(3962,1,3,'splash'),
	(8368,1,3,'spokojstvie'),
	(6468,1,3,'sposob'),
	(80655,1,3,'spyat'),
	(8820,1,3,'srazu'),
	(81068,1,3,'sredi'),
	(12013,1,3,'standartnaya'),
	(6058,1,3,'stanet'),
	(81081,1,3,'stanovyatsya'),
	(83448,1,3,'star'),
	(6473,1,3,'statь'),
	(10290,1,3,'stilьnoe'),
	(10727,1,3,'stoit'),
	(12729,1,3,'stolьko'),
	(86562,1,3,'story'),
	(5699,1,3,'strana'),
	(5696,1,3,'strane'),
	(6824,1,3,'strasti'),
	(6475,1,3,'strastnoj'),
	(8126,1,3,'strastnye'),
	(7262,1,3,'strastnykh'),
	(89234,1,3,'strip'),
	(75242,1,3,'sufle'),
	(80662,1,3,'sukhofruktami'),
	(23511,1,3,'sukhofruktov'),
	(22876,1,3,'sukkulent'),
	(22751,1,3,'suluguni'),
	(9684,1,3,'sumerkakh'),
	(81341,1,3,'sumerki'),
	(4122,1,3,'summer'),
	(4203,1,3,'sunset'),
	(77482,1,3,'surprise'),
	(9070,1,3,'sushhestvo'),
	(22379,1,3,'sushhestvuyushh'),
	(11840,1,3,'svadьba'),
	(73597,1,3,'svecha'),
	(81339,1,3,'svechi'),
	(75345,1,3,'svechoj'),
	(78206,1,3,'svet'),
	(59803,1,3,'svetitьsya'),
	(77666,1,3,'svetlom'),
	(5300,1,3,'svetluyu'),
	(4900,1,3,'svetlyj'),
	(81348,1,3,'svezhaya'),
	(9680,1,3,'svezhesti'),
	(3070,1,3,'svezhestь'),
	(8366,1,3,'svezhestьyu'),
	(22365,1,3,'svezhie'),
	(74278,1,3,'svezhij'),
	(68403,1,3,'svezhikh'),
	(9914,1,3,'svidanie'),
	(83517,1,3,'svinka'),
	(23926,1,3,'svoego'),
	(5286,1,3,'svoej'),
	(25171,1,3,'svoem'),
	(80925,1,3,'svoemu'),
	(6195,1,3,'svoi'),
	(4359,1,3,'svoikh'),
	(5296,1,3,'svoim'),
	(9009,1,3,'svoyu'),
	(92648,1,3,'svyatogo'),
	(68406,1,3,'svyazatьsya'),
	(3486,1,3,'sweet'),
	(5518,1,3,'sweet001'),
	(5504,1,3,'sweet002'),
	(5464,1,3,'sweet003'),
	(13890,1,3,'sweet004'),
	(13993,1,3,'sweet005'),
	(14072,1,3,'sweet006'),
	(13905,1,3,'sweet007'),
	(33474,1,3,'sweet008'),
	(73106,1,3,'sweet009'),
	(73072,1,3,'sweet010'),
	(84362,1,3,'sweet013'),
	(5049,1,3,'sweets'),
	(22750,1,3,'syr'),
	(25194,1,3,'syurpriz'),
	(75657,1,3,'sъedobnogo'),
	(111454,1,3,'tainstvennyj'),
	(6482,1,3,'taitь'),
	(5701,1,3,'tajn'),
	(6823,1,3,'tak'),
	(59791,1,3,'takaya'),
	(81071,1,3,'taki'),
	(5928,1,3,'takim'),
	(13223,1,3,'takimi'),
	(4363,1,3,'takoj'),
	(6063,1,3,'takomu'),
	(7337,1,3,'takzhe'),
	(67537,1,3,'tanchiki'),
	(22359,1,3,'tasty001'),
	(33999,1,3,'tastybox'),
	(49132,1,3,'tastybox001'),
	(30027,1,3,'tastybox002'),
	(30041,1,3,'tastybox003'),
	(34034,1,3,'tastybox004'),
	(49501,1,3,'tastybox005'),
	(49684,1,3,'tastybox006'),
	(43752,1,3,'tastybox007'),
	(49828,1,3,'tastybox008'),
	(87468,1,3,'tea'),
	(79155,1,3,'tebya'),
	(86647,1,3,'technic'),
	(20508,1,3,'tela'),
	(3933,1,3,'tenderness'),
	(77665,1,3,'tepla'),
	(8658,1,3,'teplaya'),
	(8070,1,3,'teplo'),
	(78213,1,3,'teploj'),
	(9923,1,3,'teplotu'),
	(9006,1,3,'teplye'),
	(16576,1,3,'teplykh'),
	(96113,1,3,'time'),
	(5814,1,3,'toboj'),
	(96186,1,3,'tochku'),
	(7340,1,3,'tochno'),
	(7739,1,3,'tolьko'),
	(25180,1,3,'tom'),
	(19941,1,3,'toptyzhka'),
	(84361,1,3,'tort'),
	(10069,1,3,'torta'),
	(75173,1,3,'tot'),
	(4687,1,3,'toy'),
	(45763,1,3,'toy001'),
	(4673,1,3,'toy002'),
	(4688,1,3,'toy003'),
	(59425,1,3,'toy004'),
	(59786,1,3,'toy005'),
	(59855,1,3,'toy006'),
	(59927,1,3,'toy007'),
	(4800,1,3,'toy008'),
	(4817,1,3,'toy009'),
	(4832,1,3,'toy010'),
	(29879,1,3,'toy011'),
	(29838,1,3,'toy012'),
	(29798,1,3,'toy013'),
	(30986,1,3,'toy014'),
	(83519,1,3,'toy015'),
	(83617,1,3,'toy016'),
	(84215,1,3,'toy017'),
	(97980,1,3,'toy018'),
	(87709,1,3,'toy019'),
	(87794,1,3,'toy020'),
	(4664,1,3,'toys'),
	(59526,1,3,'tozhe'),
	(81347,1,3,'trogatelьnaya'),
	(2960,1,3,'tropicheskij'),
	(3071,1,3,'tropicheskikh'),
	(78211,1,3,'tropinka'),
	(67590,1,3,'truper'),
	(82931,1,3,'tulips'),
	(21058,1,3,'tutti'),
	(79330,1,3,'tvoj'),
	(8818,1,3,'tvorenie'),
	(4887,1,3,'tvoritь'),
	(84506,1,3,'twinkle'),
	(4891,1,3,'tyanetsya'),
	(28689,1,3,'tykvennyj'),
	(82761,1,3,'tyulьpanami'),
	(103420,1,3,'tyulьpanov'),
	(88250,1,3,'tyulьpany'),
	(68411,1,3,'uchtet'),
	(5284,1,3,'udaetsya'),
	(4373,1,3,'udivit'),
	(23925,1,3,'udivite'),
	(82044,1,3,'udivitelьnye'),
	(6054,1,3,'udivitь'),
	(8192,1,3,'udivyat'),
	(8825,1,3,'udovolьstvie'),
	(80591,1,3,'ukrashaem'),
	(9850,1,3,'ukrashaet'),
	(22631,1,3,'ukrashen'),
	(7678,1,3,'ukrashenie'),
	(7334,1,3,'ukrasheniem'),
	(10524,1,3,'ukrasheniya'),
	(75249,1,3,'ukrashennyj'),
	(7680,1,3,'ukrasit'),
	(8645,1,3,'ulybka'),
	(9852,1,3,'ulybkoj'),
	(8650,1,3,'ulybku'),
	(7342,1,3,'ulybnutьsya'),
	(59796,1,3,'umeet'),
	(20501,1,3,'umeli'),
	(8369,1,3,'umirotvorenie'),
	(4733,1,3,'unicorn'),
	(22494,1,3,'unikalьnyj'),
	(74314,1,3,'upakovyvaem'),
	(75342,1,3,'ushek'),
	(59330,1,3,'ushi'),
	(59183,1,3,'ushkami'),
	(25178,1,3,'uslugi'),
	(74280,1,3,'uslyshatь'),
	(5930,1,3,'ustoit'),
	(9068,1,3,'utonchennoe'),
	(6558,1,3,'utonchennoj'),
	(6320,1,3,'utonchennostь'),
	(7845,1,3,'utonchennye'),
	(8019,1,3,'utrennego'),
	(8014,1,3,'utrennyaya'),
	(9237,1,3,'utro'),
	(96268,1,3,'uverennostь'),
	(5285,1,3,'uvidetь'),
	(59792,1,3,'uvlechet'),
	(74286,1,3,'uzhe'),
	(25181,1,3,'uznaete'),
	(92649,1,3,'valentina'),
	(92646,1,3,'valentine'),
	(5878,1,3,'vam'),
	(3079,1,3,'vannoj'),
	(3085,1,3,'vanny'),
	(5822,1,3,'vas'),
	(14102,1,3,'vase001'),
	(6693,1,3,'vash'),
	(7335,1,3,'vashego'),
	(5226,1,3,'vashej'),
	(6469,1,3,'vashikh'),
	(6485,1,3,'vashim'),
	(59720,1,3,'vashu'),
	(14094,1,3,'vaza'),
	(10731,1,3,'vazonakh'),
	(16569,1,3,'vazone'),
	(92647,1,3,'vday001'),
	(92700,1,3,'vday002'),
	(92813,1,3,'vday003'),
	(92914,1,3,'vday004'),
	(93013,1,3,'vday005'),
	(93157,1,3,'vday006'),
	(4882,1,3,'vdokhnovenie'),
	(4897,1,3,'vdokhnoveniya'),
	(9683,1,3,'vecher'),
	(23648,1,3,'vechera'),
	(80996,1,3,'vecheram'),
	(9005,1,3,'vechernim'),
	(59527,1,3,'vedь'),
	(36672,1,3,'vedьmak'),
	(36644,1,3,'vejder'),
	(9236,1,3,'velikolepnoe'),
	(9246,1,3,'velikolepnogo'),
	(6484,1,3,'velikolepnyj'),
	(80587,1,3,'venki'),
	(77356,1,3,'venok'),
	(10500,1,3,'verandu'),
	(23512,1,3,'vernet'),
	(80998,1,3,'vernutь'),
	(59787,1,3,'veselaya'),
	(4881,1,3,'vesennee'),
	(4896,1,3,'vesennego'),
	(8362,1,3,'vesennij'),
	(22493,1,3,'vesennyuyu'),
	(8815,1,3,'veshhami'),
	(5873,1,3,'veshhej'),
	(4884,1,3,'vesnoj'),
	(8359,1,3,'vesny'),
	(79156,1,3,'vesь'),
	(8363,1,3,'veterok'),
	(22864,1,3,'vide'),
	(78207,1,3,'vidneetsya'),
	(83144,1,3,'vigvam'),
	(34126,1,3,'vina'),
	(34123,1,3,'vinnyj'),
	(33997,1,3,'vino'),
	(88720,1,3,'violet'),
	(22992,1,3,'vitaminov'),
	(22874,1,3,'vkhodit'),
	(80916,1,3,'vkladyvaem'),
	(59805,1,3,'vklyuchenii'),
	(23508,1,3,'vkus'),
	(81083,1,3,'vkusnejshie'),
	(22361,1,3,'vkusnejshikh'),
	(22629,1,3,'vkusno'),
	(75659,1,3,'vkusnyashki'),
	(80840,1,3,'vkusnyatina'),
	(13222,1,3,'vkusnye'),
	(8188,1,3,'vkusnyj'),
	(74300,1,3,'vkusnykh'),
	(22988,1,3,'vkusnym'),
	(81082,1,3,'vkusnymi'),
	(96360,1,3,'vlyublenykh'),
	(7610,1,3,'vmeste'),
	(74310,1,3,'vnimanie'),
	(8813,1,3,'vnimaniem'),
	(4365,1,3,'vnimaniya'),
	(9011,1,3,'vokrug'),
	(59724,1,3,'volshebstva'),
	(7898,1,3,'voplotilisь'),
	(5711,1,3,'voskhishhenie'),
	(5709,1,3,'voskhishheniya'),
	(10528,1,3,'vospominaniya'),
	(80844,1,3,'vostorge'),
	(59727,1,3,'vostorgom'),
	(74284,1,3,'vot'),
	(89107,1,3,'vozdushnye'),
	(7604,1,3,'vozdushnyj'),
	(96361,1,3,'vpechatlyashhe'),
	(79159,1,3,'vremeni'),
	(9675,1,3,'vremya'),
	(80912,1,3,'vruchnuyu'),
	(5820,1,3,'vse'),
	(20500,1,3,'vsegda'),
	(59789,1,3,'vsej'),
	(96359,1,3,'vsekh'),
	(5283,1,3,'vsem'),
	(79151,1,3,'vstrechaj'),
	(80671,1,3,'vsyo'),
	(80656,1,3,'vsyu'),
	(9072,1,3,'vuali'),
	(25196,1,3,'vyberite'),
	(81065,1,3,'vybratь'),
	(10448,1,3,'vyglyadit'),
	(10291,1,3,'vyrazhenie'),
	(6194,1,3,'vyrazitь'),
	(11655,1,3,'vyzdoravlivaj'),
	(59523,1,3,'vyzovet'),
	(8649,1,3,'vyzvatь'),
	(5707,1,3,'vyzyvaet'),
	(9889,1,3,'vzbitymi'),
	(9074,1,3,'vzglyad'),
	(59518,1,3,'vzroslomu'),
	(59525,1,3,'vzroslye'),
	(59530,1,3,'vzroslyj'),
	(59793,1,3,'vzroslykh'),
	(82217,1,3,'vzyatь'),
	(83449,1,3,'wars'),
	(88962,1,3,'waterfall'),
	(88094,1,3,'white'),
	(46083,1,3,'women'),
	(4254,1,3,'wonderland'),
	(73531,1,3,'xmas001'),
	(73598,1,3,'xmas002'),
	(73691,1,3,'xmas003'),
	(73762,1,3,'xmas004'),
	(73847,1,3,'xmas005'),
	(73736,1,3,'xmas006'),
	(74233,1,3,'xmas007'),
	(77357,1,3,'xmas008'),
	(77483,1,3,'xmas009'),
	(79652,1,3,'xmas010'),
	(79700,1,3,'xmas011'),
	(80488,1,3,'xmas012'),
	(80161,1,3,'xmas013'),
	(80136,1,3,'xmas014'),
	(82324,1,3,'xmas015'),
	(83047,1,3,'xmas016'),
	(83131,1,3,'xmas017'),
	(86743,1,3,'xmas018'),
	(19968,1,3,'xxl'),
	(82646,1,3,'yablochnyj'),
	(82758,1,3,'yagodnyj'),
	(78275,1,3,'yajca'),
	(112415,1,3,'yanvarskaya'),
	(112267,1,3,'yanvarskij'),
	(11650,1,3,'yarkaya'),
	(7895,1,3,'yarkij'),
	(7402,1,3,'yarkikh'),
	(12733,1,3,'yarkimi'),
	(9949,1,3,'yarko'),
	(3075,1,3,'yarkoj'),
	(103421,1,3,'yunosti'),
	(75658,1,3,'zabiraem'),
	(23928,1,3,'zabotu'),
	(96183,1,3,'zaboty'),
	(74287,1,3,'zagorayutsya'),
	(22866,1,3,'zaigraet'),
	(74836,1,3,'zajchat'),
	(82052,1,3,'zajchata'),
	(97795,1,3,'zajchik'),
	(75338,1,3,'zajchikov'),
	(5867,1,3,'zakat'),
	(5879,1,3,'zakate'),
	(9002,1,3,'zakatnoe'),
	(7892,1,3,'zakatnye'),
	(22761,1,3,'zakaza'),
	(25192,1,3,'zakazu'),
	(25179,1,3,'zaklyuchaetsya'),
	(22744,1,3,'zakusok'),
	(4898,1,3,'zalozhena'),
	(111302,1,3,'zamok'),
	(8025,1,3,'zanaveski'),
	(81072,1,3,'zanimayut'),
	(73761,1,3,'zapakh'),
	(7679,1,3,'zapyastьe'),
	(8071,1,3,'zaryad'),
	(79154,1,3,'zaryadit'),
	(7341,1,3,'zastavit'),
	(77696,1,3,'zato'),
	(3092,1,3,'zavisimosti'),
	(43783,1,3,'zavtrak'),
	(75258,1,3,'zayachьi'),
	(78215,1,3,'zdesь'),
	(6551,1,3,'zefir'),
	(31791,1,3,'zhelanie'),
	(8127,1,3,'zheltogo'),
	(89209,1,3,'zheltye'),
	(59928,1,3,'zheltyj'),
	(8021,1,3,'zheltykh'),
	(9849,1,3,'zhemchug'),
	(9846,1,3,'zhemchuzhnoe'),
	(11460,1,3,'zhene'),
	(9067,1,3,'zhenshhina'),
	(5228,1,3,'zhenshhine'),
	(6055,1,3,'zhenshhinu'),
	(4378,1,3,'zhenshhiny'),
	(6820,1,3,'zhenskogo'),
	(59258,1,3,'zhenstvennaya'),
	(6325,1,3,'zhenstvennyj'),
	(10502,1,3,'zhivymi'),
	(3076,1,3,'zhizneradostnoj'),
	(5287,1,3,'zhizni'),
	(59721,1,3,'zhiznь'),
	(81077,1,3,'zime'),
	(81343,1,3,'zimnego'),
	(74276,1,3,'zimnej'),
	(9682,1,3,'zimnij'),
	(80995,1,3,'zimnim'),
	(81409,1,3,'zimnyaya'),
	(9673,1,3,'zimoj'),
	(80657,1,3,'zimu'),
	(81345,1,3,'zimyaya'),
	(82215,1,3,'znaem'),
	(4364,1,3,'znak'),
	(74281,1,3,'znakomye'),
	(59198,1,3,'znaku'),
	(80159,1,3,'zolotoe'),
	(35945,1,3,'zolotoj'),
	(5282,1,3,'zrelishhe'),
	(59719,1,3,'zverek'),
	(8823,1,3,'zvezd'),
	(59799,1,3,'zvuki'),
	(4387,1,4,'101'),
	(5719,1,4,'alice'),
	(6508,1,4,'armful'),
	(7749,1,4,'australia'),
	(14192,1,4,'beauty'),
	(14169,1,4,'boom'),
	(14190,1,4,'box'),
	(14319,1,4,'box001'),
	(14341,1,4,'box002'),
	(14370,1,4,'box003'),
	(14503,1,4,'box005'),
	(14430,1,4,'box006'),
	(14454,1,4,'box007'),
	(5886,1,4,'burgundy'),
	(6708,1,4,'burst'),
	(6072,1,4,'chocolate'),
	(4386,1,4,'clothes'),
	(7278,1,4,'colors'),
	(7806,1,4,'day'),
	(14227,1,4,'dounats'),
	(7970,1,4,'dreams'),
	(6709,1,4,'emotions'),
	(5828,1,4,'enchanted'),
	(7277,1,4,'festival'),
	(7864,1,4,'flamingo'),
	(7419,1,4,'flower'),
	(5829,1,4,'forest'),
	(7695,1,4,'fresh'),
	(7632,1,4,'garden'),
	(14229,1,4,'gifts'),
	(14191,1,4,'grandmothers'),
	(6711,1,4,'home'),
	(14247,1,4,'honey'),
	(23971,1,4,'honey001'),
	(23692,1,4,'honey002'),
	(17127,1,4,'honey003'),
	(6570,1,4,'marshmallow'),
	(6212,1,4,'message'),
	(7971,1,4,'mix002'),
	(7697,1,4,'mix003'),
	(7633,1,4,'mix004'),
	(7750,1,4,'mix005'),
	(7807,1,4,'mix006'),
	(7912,1,4,'mix007'),
	(7865,1,4,'mix008'),
	(5888,1,4,'mix009'),
	(5830,1,4,'mix010'),
	(5721,1,4,'mix011'),
	(7911,1,4,'multivitamin'),
	(14209,1,4,'organic'),
	(6336,1,4,'pink'),
	(7420,1,4,'rainbow'),
	(14193,1,4,'reciepes'),
	(6509,1,4,'red'),
	(6842,1,4,'rose001'),
	(6510,1,4,'rose002'),
	(6710,1,4,'rose003'),
	(5940,1,4,'rose004'),
	(6986,1,4,'rose005'),
	(6073,1,4,'rose006'),
	(6337,1,4,'rose007'),
	(6571,1,4,'rose008'),
	(6278,1,4,'rose009'),
	(7279,1,4,'rose010'),
	(7359,1,4,'rose011'),
	(7421,1,4,'rose012'),
	(113205,1,4,'rose027'),
	(113863,1,4,'rose028'),
	(4385,1,4,'roses'),
	(7631,1,4,'secret'),
	(14502,1,4,'set'),
	(14210,1,4,'shop'),
	(14189,1,4,'spa'),
	(20202,1,4,'spabox001'),
	(22533,1,4,'spabox002'),
	(20550,1,4,'spabox003'),
	(14228,1,4,'special'),
	(7358,1,4,'splash'),
	(7696,1,4,'start'),
	(7805,1,4,'summer'),
	(5887,1,4,'sunset'),
	(7969,1,4,'sweet'),
	(22406,1,4,'tasty001'),
	(49180,1,4,'tastybox001'),
	(6213,1,4,'tenderness'),
	(14168,1,4,'tropical'),
	(4384,1,4,'white'),
	(5720,1,4,'wonderland');

/*!40000 ALTER TABLE `ps_search_word` ENABLE KEYS */;
UNLOCK TABLES;


# Дамп таблицы ps_shop
# ------------------------------------------------------------

DROP TABLE IF EXISTS `ps_shop`;

CREATE TABLE `ps_shop` (
  `id_shop` int(11) NOT NULL AUTO_INCREMENT,
  `id_shop_group` int(11) NOT NULL,
  `name` varchar(64) COLLATE utf8_unicode_ci NOT NULL,
  `id_category` int(11) NOT NULL,
  `theme_name` varchar(255) COLLATE utf8_unicode_ci NOT NULL,
  `active` tinyint(1) NOT NULL,
  `deleted` tinyint(1) NOT NULL,
  PRIMARY KEY (`id_shop`),
  KEY `IDX_CBDFBB9EF5C9E40` (`id_shop_group`)
) ENGINE=InnoDB DEFAULT CHARSET=utf8 COLLATE=utf8_unicode_ci;

LOCK TABLES `ps_shop` WRITE;
/*!40000 ALTER TABLE `ps_shop` DISABLE KEYS */;

INSERT INTO `ps_shop` (`id_shop`, `id_shop_group`, `name`, `id_category`, `theme_name`, `active`, `deleted`)
VALUES
	(1,1,'Cookie Flowers',2,'cadouri',1,0);

/*!40000 ALTER TABLE `ps_shop` ENABLE KEYS */;
UNLOCK TABLES;


# Дамп таблицы ps_shop_group
# ------------------------------------------------------------

DROP TABLE IF EXISTS `ps_shop_group`;

CREATE TABLE `ps_shop_group` (
  `id_shop_group` int(11) NOT NULL AUTO_INCREMENT,
  `name` varchar(64) COLLATE utf8_unicode_ci NOT NULL,
  `share_customer` tinyint(1) NOT NULL,
  `share_order` tinyint(1) NOT NULL,
  `share_stock` tinyint(1) NOT NULL,
  `active` tinyint(1) NOT NULL,
  `deleted` tinyint(1) NOT NULL,
  PRIMARY KEY (`id_shop_group`)
) ENGINE=InnoDB DEFAULT CHARSET=utf8 COLLATE=utf8_unicode_ci;

LOCK TABLES `ps_shop_group` WRITE;
/*!40000 ALTER TABLE `ps_shop_group` DISABLE KEYS */;

INSERT INTO `ps_shop_group` (`id_shop_group`, `name`, `share_customer`, `share_order`, `share_stock`, `active`, `deleted`)
VALUES
	(1,'Default',0,0,0,1,0);

/*!40000 ALTER TABLE `ps_shop_group` ENABLE KEYS */;
UNLOCK TABLES;


# Дамп таблицы ps_shop_url
# ------------------------------------------------------------

DROP TABLE IF EXISTS `ps_shop_url`;

CREATE TABLE `ps_shop_url` (
  `id_shop_url` int(11) unsigned NOT NULL AUTO_INCREMENT,
  `id_shop` int(11) unsigned NOT NULL,
  `domain` varchar(150) NOT NULL,
  `domain_ssl` varchar(150) NOT NULL,
  `physical_uri` varchar(64) NOT NULL,
  `virtual_uri` varchar(64) NOT NULL,
  `main` tinyint(1) NOT NULL,
  `active` tinyint(1) NOT NULL,
  PRIMARY KEY (`id_shop_url`),
  UNIQUE KEY `full_shop_url` (`domain`,`physical_uri`,`virtual_uri`),
  UNIQUE KEY `full_shop_url_ssl` (`domain_ssl`,`physical_uri`,`virtual_uri`),
  KEY `id_shop` (`id_shop`,`main`)
) ENGINE=InnoDB DEFAULT CHARSET=utf8;

LOCK TABLES `ps_shop_url` WRITE;
/*!40000 ALTER TABLE `ps_shop_url` DISABLE KEYS */;

INSERT INTO `ps_shop_url` (`id_shop_url`, `id_shop`, `domain`, `domain_ssl`, `physical_uri`, `virtual_uri`, `main`, `active`)
VALUES
	(1,1,'127.0.0.1','127.0.0.1','/','',1,1);

/*!40000 ALTER TABLE `ps_shop_url` ENABLE KEYS */;
UNLOCK TABLES;


# Дамп таблицы ps_smarty_cache
# ------------------------------------------------------------

DROP TABLE IF EXISTS `ps_smarty_cache`;

CREATE TABLE `ps_smarty_cache` (
  `id_smarty_cache` char(40) NOT NULL,
  `name` char(40) NOT NULL,
  `cache_id` varchar(254) DEFAULT NULL,
  `modified` timestamp NOT NULL DEFAULT CURRENT_TIMESTAMP,
  `content` longtext NOT NULL,
  PRIMARY KEY (`id_smarty_cache`),
  KEY `name` (`name`),
  KEY `cache_id` (`cache_id`),
  KEY `modified` (`modified`)
) ENGINE=InnoDB DEFAULT CHARSET=utf8;



# Дамп таблицы ps_smarty_last_flush
# ------------------------------------------------------------

DROP TABLE IF EXISTS `ps_smarty_last_flush`;

CREATE TABLE `ps_smarty_last_flush` (
  `type` enum('compile','template') NOT NULL,
  `last_flush` datetime NOT NULL DEFAULT '0000-00-00 00:00:00',
  PRIMARY KEY (`type`)
) ENGINE=InnoDB DEFAULT CHARSET=utf8;

LOCK TABLES `ps_smarty_last_flush` WRITE;
/*!40000 ALTER TABLE `ps_smarty_last_flush` DISABLE KEYS */;

INSERT INTO `ps_smarty_last_flush` (`type`, `last_flush`)
VALUES
	('compile','2019-03-29 14:10:22'),
	('template','2019-03-29 14:10:22');

/*!40000 ALTER TABLE `ps_smarty_last_flush` ENABLE KEYS */;
UNLOCK TABLES;


# Дамп таблицы ps_smarty_lazy_cache
# ------------------------------------------------------------

DROP TABLE IF EXISTS `ps_smarty_lazy_cache`;

CREATE TABLE `ps_smarty_lazy_cache` (
  `template_hash` varchar(32) NOT NULL DEFAULT '',
  `cache_id` varchar(255) NOT NULL DEFAULT '',
  `compile_id` varchar(32) NOT NULL DEFAULT '',
  `filepath` varchar(255) NOT NULL DEFAULT '',
  `last_update` datetime NOT NULL DEFAULT '0000-00-00 00:00:00',
  PRIMARY KEY (`template_hash`,`cache_id`,`compile_id`)
) ENGINE=InnoDB DEFAULT CHARSET=utf8;

LOCK TABLES `ps_smarty_lazy_cache` WRITE;
/*!40000 ALTER TABLE `ps_smarty_lazy_cache` DISABLE KEYS */;

INSERT INTO `ps_smarty_lazy_cache` (`template_hash`, `cache_id`, `compile_id`, `filepath`, `last_update`)
VALUES
	('05e352ede003bcc7bf0bb5cf49ef4bb3','psmegamenu||20190329|0|1|1|1|1|147|','','psmegamenu/20190329/0/1/1/1/1/147//1c/f5/f1/1cf5f1b7cb2ed81f01f167e3718f81f5367df852.megamenu.tpl.php','2019-03-29 18:47:07'),
	('05e352ede003bcc7bf0bb5cf49ef4bb3','psmegamenu||20190329|0|1|1|3|1|147|','','psmegamenu/20190329/0/1/1/3/1/147//1c/f5/f1/1cf5f1b7cb2ed81f01f167e3718f81f5367df852.megamenu.tpl.php','2019-03-29 14:48:26'),
	('05e352ede003bcc7bf0bb5cf49ef4bb3','psmegamenu||20190330|0|1|1|1|1|147|','','psmegamenu/20190330/0/1/1/1/1/147//1c/f5/f1/1cf5f1b7cb2ed81f01f167e3718f81f5367df852.megamenu.tpl.php','2019-03-30 00:09:11'),
	('05e352ede003bcc7bf0bb5cf49ef4bb3','psmegamenu||20190330|0|1|1|2|1|147|','','psmegamenu/20190330/0/1/1/2/1/147//1c/f5/f1/1cf5f1b7cb2ed81f01f167e3718f81f5367df852.megamenu.tpl.php','2019-03-30 01:30:18'),
	('05e352ede003bcc7bf0bb5cf49ef4bb3','psmegamenu||20190330|0|1|1|3|1|147|','','psmegamenu/20190330/0/1/1/3/1/147//1c/f5/f1/1cf5f1b7cb2ed81f01f167e3718f81f5367df852.megamenu.tpl.php','2019-03-30 00:09:02'),
	('05e352ede003bcc7bf0bb5cf49ef4bb3','psmegamenu||20190331|0|1|1|1|1|147|','','psmegamenu/20190331/0/1/1/1/1/147//1c/f5/f1/1cf5f1b7cb2ed81f01f167e3718f81f5367df852.megamenu.tpl.php','2019-03-31 12:38:22'),
	('05e352ede003bcc7bf0bb5cf49ef4bb3','psmegamenu||20190331|0|1|1|3|1|147|','','psmegamenu/20190331/0/1/1/3/1/147//1c/f5/f1/1cf5f1b7cb2ed81f01f167e3718f81f5367df852.megamenu.tpl.php','2019-03-31 14:21:59'),
	('05e352ede003bcc7bf0bb5cf49ef4bb3','psmegamenu||20190401|0|1|1|1|1|147|','','psmegamenu/20190401/0/1/1/1/1/147//1c/f5/f1/1cf5f1b7cb2ed81f01f167e3718f81f5367df852.megamenu.tpl.php','2019-04-01 11:18:28'),
	('05e352ede003bcc7bf0bb5cf49ef4bb3','psmegamenu||20190401|0|1|1|2|1|147|','','psmegamenu/20190401/0/1/1/2/1/147//1c/f5/f1/1cf5f1b7cb2ed81f01f167e3718f81f5367df852.megamenu.tpl.php','2019-04-01 19:40:52'),
	('05e352ede003bcc7bf0bb5cf49ef4bb3','psmegamenu||20190401|0|1|1|3|1|147|','','psmegamenu/20190401/0/1/1/3/1/147//1c/f5/f1/1cf5f1b7cb2ed81f01f167e3718f81f5367df852.megamenu.tpl.php','2019-04-01 14:16:51'),
	('05e352ede003bcc7bf0bb5cf49ef4bb3','psmegamenu||20190402|0|1|1|1|1|147|','','psmegamenu/20190402/0/1/1/1/1/147//1c/f5/f1/1cf5f1b7cb2ed81f01f167e3718f81f5367df852.megamenu.tpl.php','2019-04-02 04:16:49'),
	('05e352ede003bcc7bf0bb5cf49ef4bb3','psmegamenu||20190403|0|1|1|1|1|147|','','psmegamenu/20190403/0/1/1/1/1/147//1c/f5/f1/1cf5f1b7cb2ed81f01f167e3718f81f5367df852.megamenu.tpl.php','2019-04-03 11:12:04'),
	('05e352ede003bcc7bf0bb5cf49ef4bb3','psmegamenu||20190404|0|1|1|1|1|147|','','psmegamenu/20190404/0/1/1/1/1/147//1c/f5/f1/1cf5f1b7cb2ed81f01f167e3718f81f5367df852.megamenu.tpl.php','2019-04-04 11:10:29'),
	('05e352ede003bcc7bf0bb5cf49ef4bb3','psmegamenu||20190404|0|1|1|2|1|147|','','psmegamenu/20190404/0/1/1/2/1/147//1c/f5/f1/1cf5f1b7cb2ed81f01f167e3718f81f5367df852.megamenu.tpl.php','2019-04-04 14:51:41'),
	('05e352ede003bcc7bf0bb5cf49ef4bb3','psmegamenu||20190405|0|1|1|1|1|147|','','psmegamenu/20190405/0/1/1/1/1/147//1c/f5/f1/1cf5f1b7cb2ed81f01f167e3718f81f5367df852.megamenu.tpl.php','2019-04-05 10:56:33'),
	('05e352ede003bcc7bf0bb5cf49ef4bb3','psmegamenu||20190405|0|1|1|3|1|147|','','psmegamenu/20190405/0/1/1/3/1/147//1c/f5/f1/1cf5f1b7cb2ed81f01f167e3718f81f5367df852.megamenu.tpl.php','2019-04-05 05:32:36'),
	('05e352ede003bcc7bf0bb5cf49ef4bb3','psmegamenu||20190406|0|1|1|1|1|147|','','psmegamenu/20190406/0/1/1/1/1/147//1c/f5/f1/1cf5f1b7cb2ed81f01f167e3718f81f5367df852.megamenu.tpl.php','2019-04-06 11:05:30'),
	('05e352ede003bcc7bf0bb5cf49ef4bb3','psmegamenu||20190407|0|1|1|1|1|147|','','psmegamenu/20190407/0/1/1/1/1/147//1c/f5/f1/1cf5f1b7cb2ed81f01f167e3718f81f5367df852.megamenu.tpl.php','2019-04-07 07:46:35'),
	('05e352ede003bcc7bf0bb5cf49ef4bb3','psmegamenu||20190407|0|1|1|3|1|147|','','psmegamenu/20190407/0/1/1/3/1/147//1c/f5/f1/1cf5f1b7cb2ed81f01f167e3718f81f5367df852.megamenu.tpl.php','2019-04-07 07:13:11'),
	('05e352ede003bcc7bf0bb5cf49ef4bb3','psmegamenu||20190408|0|1|1|1|1|147|','','psmegamenu/20190408/0/1/1/1/1/147//1c/f5/f1/1cf5f1b7cb2ed81f01f167e3718f81f5367df852.megamenu.tpl.php','2019-04-08 05:37:53'),
	('05e352ede003bcc7bf0bb5cf49ef4bb3','psmegamenu||20190408|0|1|1|2|1|147|','','psmegamenu/20190408/0/1/1/2/1/147//1c/f5/f1/1cf5f1b7cb2ed81f01f167e3718f81f5367df852.megamenu.tpl.php','2019-04-08 05:32:49'),
	('05e352ede003bcc7bf0bb5cf49ef4bb3','psmegamenu||20190408|0|1|1|3|1|147|','','psmegamenu/20190408/0/1/1/3/1/147//1c/f5/f1/1cf5f1b7cb2ed81f01f167e3718f81f5367df852.megamenu.tpl.php','2019-04-08 03:15:57'),
	('05e352ede003bcc7bf0bb5cf49ef4bb3','psmegamenu||20190409|0|1|1|1|1|147|','','psmegamenu/20190409/0/1/1/1/1/147//1c/f5/f1/1cf5f1b7cb2ed81f01f167e3718f81f5367df852.megamenu.tpl.php','2019-04-09 07:47:54'),
	('05e352ede003bcc7bf0bb5cf49ef4bb3','psmegamenu||20190409|0|1|1|3|1|147|','','psmegamenu/20190409/0/1/1/3/1/147//1c/f5/f1/1cf5f1b7cb2ed81f01f167e3718f81f5367df852.megamenu.tpl.php','2019-04-09 03:35:38'),
	('05e352ede003bcc7bf0bb5cf49ef4bb3','psmegamenu||20190410|0|1|1|1|1|147|','','psmegamenu/20190410/0/1/1/1/1/147//1c/f5/f1/1cf5f1b7cb2ed81f01f167e3718f81f5367df852.megamenu.tpl.php','2019-04-10 11:06:04'),
	('05e352ede003bcc7bf0bb5cf49ef4bb3','psmegamenu||20190410|0|1|1|3|1|147|','','psmegamenu/20190410/0/1/1/3/1/147//1c/f5/f1/1cf5f1b7cb2ed81f01f167e3718f81f5367df852.megamenu.tpl.php','2019-04-10 11:40:35'),
	('05e352ede003bcc7bf0bb5cf49ef4bb3','psmegamenu||20190411|0|1|1|1|1|147|','','psmegamenu/20190411/0/1/1/1/1/147//1c/f5/f1/1cf5f1b7cb2ed81f01f167e3718f81f5367df852.megamenu.tpl.php','2019-04-11 11:15:30'),
	('05e352ede003bcc7bf0bb5cf49ef4bb3','psmegamenu||20190411|0|1|1|3|1|147|','','psmegamenu/20190411/0/1/1/3/1/147//1c/f5/f1/1cf5f1b7cb2ed81f01f167e3718f81f5367df852.megamenu.tpl.php','2019-04-11 16:30:57'),
	('05e352ede003bcc7bf0bb5cf49ef4bb3','psmegamenu||20190412|0|1|1|1|1|147|','','psmegamenu/20190412/0/1/1/1/1/147//1c/f5/f1/1cf5f1b7cb2ed81f01f167e3718f81f5367df852.megamenu.tpl.php','2019-04-12 11:23:14'),
	('05e352ede003bcc7bf0bb5cf49ef4bb3','psmegamenu||20190412|0|1|1|2|1|147|','','psmegamenu/20190412/0/1/1/2/1/147//1c/f5/f1/1cf5f1b7cb2ed81f01f167e3718f81f5367df852.megamenu.tpl.php','2019-04-12 14:11:55'),
	('05e352ede003bcc7bf0bb5cf49ef4bb3','psmegamenu||20190412|0|1|1|3|1|147|','','psmegamenu/20190412/0/1/1/3/1/147//1c/f5/f1/1cf5f1b7cb2ed81f01f167e3718f81f5367df852.megamenu.tpl.php','2019-04-12 12:48:53'),
	('05e352ede003bcc7bf0bb5cf49ef4bb3','psmegamenu||20190413|0|1|1|1|1|147|','','psmegamenu/20190413/0/1/1/1/1/147//1c/f5/f1/1cf5f1b7cb2ed81f01f167e3718f81f5367df852.megamenu.tpl.php','2019-04-13 10:41:38'),
	('05e352ede003bcc7bf0bb5cf49ef4bb3','psmegamenu||20190413|0|1|1|3|1|147|','','psmegamenu/20190413/0/1/1/3/1/147//1c/f5/f1/1cf5f1b7cb2ed81f01f167e3718f81f5367df852.megamenu.tpl.php','2019-04-13 03:49:04'),
	('05e352ede003bcc7bf0bb5cf49ef4bb3','psmegamenu||20190414|0|1|1|1|1|147|','','psmegamenu/20190414/0/1/1/1/1/147//1c/f5/f1/1cf5f1b7cb2ed81f01f167e3718f81f5367df852.megamenu.tpl.php','2019-04-14 04:11:28'),
	('05e352ede003bcc7bf0bb5cf49ef4bb3','psmegamenu||20190414|0|1|1|3|1|147|','','psmegamenu/20190414/0/1/1/3/1/147//1c/f5/f1/1cf5f1b7cb2ed81f01f167e3718f81f5367df852.megamenu.tpl.php','2019-04-14 04:30:29'),
	('05e352ede003bcc7bf0bb5cf49ef4bb3','psmegamenu||20190415|0|1|1|1|1|147|','','psmegamenu/20190415/0/1/1/1/1/147//1c/f5/f1/1cf5f1b7cb2ed81f01f167e3718f81f5367df852.megamenu.tpl.php','2019-04-15 03:09:29'),
	('05e352ede003bcc7bf0bb5cf49ef4bb3','psmegamenu||20190415|0|1|1|2|1|147|','','psmegamenu/20190415/0/1/1/2/1/147//1c/f5/f1/1cf5f1b7cb2ed81f01f167e3718f81f5367df852.megamenu.tpl.php','2019-04-15 03:30:42'),
	('05e352ede003bcc7bf0bb5cf49ef4bb3','psmegamenu||20190415|0|1|1|3|1|147|','','psmegamenu/20190415/0/1/1/3/1/147//1c/f5/f1/1cf5f1b7cb2ed81f01f167e3718f81f5367df852.megamenu.tpl.php','2019-04-15 03:24:17'),
	('05e352ede003bcc7bf0bb5cf49ef4bb3','psmegamenu||20190416|0|1|1|1|1|147|','','psmegamenu/20190416/0/1/1/1/1/147//1c/f5/f1/1cf5f1b7cb2ed81f01f167e3718f81f5367df852.megamenu.tpl.php','2019-04-16 01:18:05'),
	('05e352ede003bcc7bf0bb5cf49ef4bb3','psmegamenu||20190416|0|1|1|2|1|147|','','psmegamenu/20190416/0/1/1/2/1/147//1c/f5/f1/1cf5f1b7cb2ed81f01f167e3718f81f5367df852.megamenu.tpl.php','2019-04-16 13:19:35'),
	('05e352ede003bcc7bf0bb5cf49ef4bb3','psmegamenu||20190416|0|1|1|3|1|147|','','psmegamenu/20190416/0/1/1/3/1/147//1c/f5/f1/1cf5f1b7cb2ed81f01f167e3718f81f5367df852.megamenu.tpl.php','2019-04-16 01:18:02'),
	('05e352ede003bcc7bf0bb5cf49ef4bb3','psmegamenu||20190417|0|1|1|1|1|147|','','psmegamenu/20190417/0/1/1/1/1/147//1c/f5/f1/1cf5f1b7cb2ed81f01f167e3718f81f5367df852.megamenu.tpl.php','2019-04-17 03:10:23'),
	('05e352ede003bcc7bf0bb5cf49ef4bb3','psmegamenu||20190417|0|1|1|3|1|147|','','psmegamenu/20190417/0/1/1/3/1/147//1c/f5/f1/1cf5f1b7cb2ed81f01f167e3718f81f5367df852.megamenu.tpl.php','2019-04-17 03:09:20'),
	('05e352ede003bcc7bf0bb5cf49ef4bb3','psmegamenu||20190418|0|1|1|1|1|147|','','psmegamenu/20190418/0/1/1/1/1/147//1c/f5/f1/1cf5f1b7cb2ed81f01f167e3718f81f5367df852.megamenu.tpl.php','2019-04-18 05:41:27'),
	('05e352ede003bcc7bf0bb5cf49ef4bb3','psmegamenu||20190418|0|1|1|2|1|147|','','psmegamenu/20190418/0/1/1/2/1/147//1c/f5/f1/1cf5f1b7cb2ed81f01f167e3718f81f5367df852.megamenu.tpl.php','2019-04-18 03:30:17'),
	('05e352ede003bcc7bf0bb5cf49ef4bb3','psmegamenu||20190418|0|1|1|3|1|147|','','psmegamenu/20190418/0/1/1/3/1/147//1c/f5/f1/1cf5f1b7cb2ed81f01f167e3718f81f5367df852.megamenu.tpl.php','2019-04-18 00:57:28'),
	('05e352ede003bcc7bf0bb5cf49ef4bb3','psmegamenu||20190419|0|1|1|1|1|147|','','psmegamenu/20190419/0/1/1/1/1/147//1c/f5/f1/1cf5f1b7cb2ed81f01f167e3718f81f5367df852.megamenu.tpl.php','2019-04-19 11:05:44'),
	('05e352ede003bcc7bf0bb5cf49ef4bb3','psmegamenu||20190419|0|1|1|3|1|147|','','psmegamenu/20190419/0/1/1/3/1/147//1c/f5/f1/1cf5f1b7cb2ed81f01f167e3718f81f5367df852.megamenu.tpl.php','2019-04-19 05:24:16'),
	('05e352ede003bcc7bf0bb5cf49ef4bb3','psmegamenu||20190420|0|1|1|1|1|147|','','psmegamenu/20190420/0/1/1/1/1/147//1c/f5/f1/1cf5f1b7cb2ed81f01f167e3718f81f5367df852.megamenu.tpl.php','2019-04-20 10:55:38'),
	('05e352ede003bcc7bf0bb5cf49ef4bb3','psmegamenu||20190420|0|1|1|3|1|147|','','psmegamenu/20190420/0/1/1/3/1/147//1c/f5/f1/1cf5f1b7cb2ed81f01f167e3718f81f5367df852.megamenu.tpl.php','2019-04-20 12:16:32'),
	('05e352ede003bcc7bf0bb5cf49ef4bb3','psmegamenu||20190421|0|1|1|1|1|147|','','psmegamenu/20190421/0/1/1/1/1/147//1c/f5/f1/1cf5f1b7cb2ed81f01f167e3718f81f5367df852.megamenu.tpl.php','2019-04-21 11:04:58'),
	('05e352ede003bcc7bf0bb5cf49ef4bb3','psmegamenu||20190421|0|1|1|3|1|147|','','psmegamenu/20190421/0/1/1/3/1/147//1c/f5/f1/1cf5f1b7cb2ed81f01f167e3718f81f5367df852.megamenu.tpl.php','2019-04-21 02:17:54'),
	('05e352ede003bcc7bf0bb5cf49ef4bb3','psmegamenu||20190422|0|1|1|1|1|147|','','psmegamenu/20190422/0/1/1/1/1/147//1c/f5/f1/1cf5f1b7cb2ed81f01f167e3718f81f5367df852.megamenu.tpl.php','2019-04-22 07:54:05'),
	('05e352ede003bcc7bf0bb5cf49ef4bb3','psmegamenu||20190422|0|1|1|2|1|147|','','psmegamenu/20190422/0/1/1/2/1/147//1c/f5/f1/1cf5f1b7cb2ed81f01f167e3718f81f5367df852.megamenu.tpl.php','2019-04-22 07:36:22'),
	('05e352ede003bcc7bf0bb5cf49ef4bb3','psmegamenu||20190422|0|1|1|3|1|147|','','psmegamenu/20190422/0/1/1/3/1/147//1c/f5/f1/1cf5f1b7cb2ed81f01f167e3718f81f5367df852.megamenu.tpl.php','2019-04-22 07:43:08'),
	('05e352ede003bcc7bf0bb5cf49ef4bb3','psmegamenu||20190423|0|1|1|1|1|147|','','psmegamenu/20190423/0/1/1/1/1/147//1c/f5/f1/1cf5f1b7cb2ed81f01f167e3718f81f5367df852.megamenu.tpl.php','2019-04-23 11:10:11'),
	('05e352ede003bcc7bf0bb5cf49ef4bb3','psmegamenu||20190423|0|1|1|3|1|147|','','psmegamenu/20190423/0/1/1/3/1/147//1c/f5/f1/1cf5f1b7cb2ed81f01f167e3718f81f5367df852.megamenu.tpl.php','2019-04-23 01:23:22'),
	('05e352ede003bcc7bf0bb5cf49ef4bb3','psmegamenu||20190424|0|1|1|1|1|147|','','psmegamenu/20190424/0/1/1/1/1/147//1c/f5/f1/1cf5f1b7cb2ed81f01f167e3718f81f5367df852.megamenu.tpl.php','2019-04-24 00:07:56'),
	('05e352ede003bcc7bf0bb5cf49ef4bb3','psmegamenu||20190424|0|1|1|3|1|147|','','psmegamenu/20190424/0/1/1/3/1/147//1c/f5/f1/1cf5f1b7cb2ed81f01f167e3718f81f5367df852.megamenu.tpl.php','2019-04-24 03:49:56'),
	('05e352ede003bcc7bf0bb5cf49ef4bb3','psmegamenu||20190425|0|1|1|1|1|147|','','psmegamenu/20190425/0/1/1/1/1/147//1c/f5/f1/1cf5f1b7cb2ed81f01f167e3718f81f5367df852.megamenu.tpl.php','2019-04-25 10:44:04'),
	('05e352ede003bcc7bf0bb5cf49ef4bb3','psmegamenu||20190425|0|1|1|3|1|147|','','psmegamenu/20190425/0/1/1/3/1/147//1c/f5/f1/1cf5f1b7cb2ed81f01f167e3718f81f5367df852.megamenu.tpl.php','2019-04-25 10:01:40'),
	('05e352ede003bcc7bf0bb5cf49ef4bb3','psmegamenu||20190426|0|1|1|1|1|147|','','psmegamenu/20190426/0/1/1/1/1/147//1c/f5/f1/1cf5f1b7cb2ed81f01f167e3718f81f5367df852.megamenu.tpl.php','2019-04-26 00:01:32'),
	('05e352ede003bcc7bf0bb5cf49ef4bb3','psmegamenu||20190427|0|1|1|1|1|147|','','psmegamenu/20190427/0/1/1/1/1/147//1c/f5/f1/1cf5f1b7cb2ed81f01f167e3718f81f5367df852.megamenu.tpl.php','2019-04-27 10:44:30'),
	('05e352ede003bcc7bf0bb5cf49ef4bb3','psmegamenu||20190427|0|1|1|3|1|147|','','psmegamenu/20190427/0/1/1/3/1/147//1c/f5/f1/1cf5f1b7cb2ed81f01f167e3718f81f5367df852.megamenu.tpl.php','2019-04-27 06:52:36'),
	('05e352ede003bcc7bf0bb5cf49ef4bb3','psmegamenu||20190428|0|1|1|1|1|147|','','psmegamenu/20190428/0/1/1/1/1/147//1c/f5/f1/1cf5f1b7cb2ed81f01f167e3718f81f5367df852.megamenu.tpl.php','2019-04-28 04:26:46'),
	('05e352ede003bcc7bf0bb5cf49ef4bb3','psmegamenu||20190429|0|1|1|1|1|147|','','psmegamenu/20190429/0/1/1/1/1/147//1c/f5/f1/1cf5f1b7cb2ed81f01f167e3718f81f5367df852.megamenu.tpl.php','2019-04-29 04:52:36'),
	('05e352ede003bcc7bf0bb5cf49ef4bb3','psmegamenu||20190429|0|1|1|3|1|147|','','psmegamenu/20190429/0/1/1/3/1/147//1c/f5/f1/1cf5f1b7cb2ed81f01f167e3718f81f5367df852.megamenu.tpl.php','2019-04-29 04:42:56'),
	('05e352ede003bcc7bf0bb5cf49ef4bb3','psmegamenu||20190430|0|1|1|1|1|147|','','psmegamenu/20190430/0/1/1/1/1/147//1c/f5/f1/1cf5f1b7cb2ed81f01f167e3718f81f5367df852.megamenu.tpl.php','2019-04-30 10:42:44'),
	('05e352ede003bcc7bf0bb5cf49ef4bb3','psmegamenu||20190430|0|1|1|3|1|147|','','psmegamenu/20190430/0/1/1/3/1/147//1c/f5/f1/1cf5f1b7cb2ed81f01f167e3718f81f5367df852.megamenu.tpl.php','2019-04-30 13:29:25'),
	('05e352ede003bcc7bf0bb5cf49ef4bb3','psmegamenu||20190501|0|1|1|1|1|147|','','psmegamenu/20190501/0/1/1/1/1/147//1c/f5/f1/1cf5f1b7cb2ed81f01f167e3718f81f5367df852.megamenu.tpl.php','2019-05-01 10:20:41'),
	('05e352ede003bcc7bf0bb5cf49ef4bb3','psmegamenu||20190501|0|1|1|3|1|147|','','psmegamenu/20190501/0/1/1/3/1/147//1c/f5/f1/1cf5f1b7cb2ed81f01f167e3718f81f5367df852.megamenu.tpl.php','2019-05-01 08:37:33'),
	('05e352ede003bcc7bf0bb5cf49ef4bb3','psmegamenu||20190502|0|1|1|1|1|147|','','psmegamenu/20190502/0/1/1/1/1/147//1c/f5/f1/1cf5f1b7cb2ed81f01f167e3718f81f5367df852.megamenu.tpl.php','2019-05-02 01:07:58'),
	('05e352ede003bcc7bf0bb5cf49ef4bb3','psmegamenu||20190502|0|1|1|3|1|147|','','psmegamenu/20190502/0/1/1/3/1/147//1c/f5/f1/1cf5f1b7cb2ed81f01f167e3718f81f5367df852.megamenu.tpl.php','2019-05-02 01:18:45'),
	('05e352ede003bcc7bf0bb5cf49ef4bb3','psmegamenu||20190503|0|1|1|1|1|147|','','psmegamenu/20190503/0/1/1/1/1/147//1c/f5/f1/1cf5f1b7cb2ed81f01f167e3718f81f5367df852.megamenu.tpl.php','2019-05-03 03:16:34'),
	('05e352ede003bcc7bf0bb5cf49ef4bb3','psmegamenu||20190504|0|1|1|1|1|147|','','psmegamenu/20190504/0/1/1/1/1/147//1c/f5/f1/1cf5f1b7cb2ed81f01f167e3718f81f5367df852.megamenu.tpl.php','2019-05-04 10:14:49'),
	('05e352ede003bcc7bf0bb5cf49ef4bb3','psmegamenu||20190504|0|1|1|3|1|147|','','psmegamenu/20190504/0/1/1/3/1/147//1c/f5/f1/1cf5f1b7cb2ed81f01f167e3718f81f5367df852.megamenu.tpl.php','2019-05-04 10:29:25'),
	('05e352ede003bcc7bf0bb5cf49ef4bb3','psmegamenu||20190505|0|1|1|1|1|147|','','psmegamenu/20190505/0/1/1/1/1/147//1c/f5/f1/1cf5f1b7cb2ed81f01f167e3718f81f5367df852.megamenu.tpl.php','2019-05-05 03:56:42'),
	('05e352ede003bcc7bf0bb5cf49ef4bb3','psmegamenu||20190505|0|1|1|3|1|147|','','psmegamenu/20190505/0/1/1/3/1/147//1c/f5/f1/1cf5f1b7cb2ed81f01f167e3718f81f5367df852.megamenu.tpl.php','2019-05-05 07:41:52'),
	('05e352ede003bcc7bf0bb5cf49ef4bb3','psmegamenu||20190506|0|1|1|1|1|147|','','psmegamenu/20190506/0/1/1/1/1/147//1c/f5/f1/1cf5f1b7cb2ed81f01f167e3718f81f5367df852.megamenu.tpl.php','2019-05-06 02:09:06'),
	('05e352ede003bcc7bf0bb5cf49ef4bb3','psmegamenu||20190506|0|1|1|3|1|147|','','psmegamenu/20190506/0/1/1/3/1/147//1c/f5/f1/1cf5f1b7cb2ed81f01f167e3718f81f5367df852.megamenu.tpl.php','2019-05-06 03:05:14'),
	('05e352ede003bcc7bf0bb5cf49ef4bb3','psmegamenu||20190507|0|1|1|1|1|147|','','psmegamenu/20190507/0/1/1/1/1/147//1c/f5/f1/1cf5f1b7cb2ed81f01f167e3718f81f5367df852.megamenu.tpl.php','2019-05-07 04:53:21'),
	('05e352ede003bcc7bf0bb5cf49ef4bb3','psmegamenu||20190507|0|1|1|3|1|147|','','psmegamenu/20190507/0/1/1/3/1/147//1c/f5/f1/1cf5f1b7cb2ed81f01f167e3718f81f5367df852.megamenu.tpl.php','2019-05-07 04:21:17'),
	('05e352ede003bcc7bf0bb5cf49ef4bb3','psmegamenu||20190508|0|1|1|1|1|147|','','psmegamenu/20190508/0/1/1/1/1/147//1c/f5/f1/1cf5f1b7cb2ed81f01f167e3718f81f5367df852.megamenu.tpl.php','2019-05-08 10:18:45'),
	('05e352ede003bcc7bf0bb5cf49ef4bb3','psmegamenu||20190508|0|1|1|2|1|147|','','psmegamenu/20190508/0/1/1/2/1/147//1c/f5/f1/1cf5f1b7cb2ed81f01f167e3718f81f5367df852.megamenu.tpl.php','2019-05-08 08:55:54'),
	('05e352ede003bcc7bf0bb5cf49ef4bb3','psmegamenu||20190508|0|1|1|3|1|147|','','psmegamenu/20190508/0/1/1/3/1/147//1c/f5/f1/1cf5f1b7cb2ed81f01f167e3718f81f5367df852.megamenu.tpl.php','2019-05-08 05:17:10'),
	('05e352ede003bcc7bf0bb5cf49ef4bb3','psmegamenu||20190509|0|1|1|1|1|147|','','psmegamenu/20190509/0/1/1/1/1/147//1c/f5/f1/1cf5f1b7cb2ed81f01f167e3718f81f5367df852.megamenu.tpl.php','2019-05-09 05:38:30'),
	('05e352ede003bcc7bf0bb5cf49ef4bb3','psmegamenu||20190509|0|1|1|3|1|147|','','psmegamenu/20190509/0/1/1/3/1/147//1c/f5/f1/1cf5f1b7cb2ed81f01f167e3718f81f5367df852.megamenu.tpl.php','2019-05-09 09:02:04'),
	('05e352ede003bcc7bf0bb5cf49ef4bb3','psmegamenu||20190510|0|1|1|1|1|147|','','psmegamenu/20190510/0/1/1/1/1/147//1c/f5/f1/1cf5f1b7cb2ed81f01f167e3718f81f5367df852.megamenu.tpl.php','2019-05-10 00:37:00'),
	('05e352ede003bcc7bf0bb5cf49ef4bb3','psmegamenu||20190510|0|1|1|3|1|147|','','psmegamenu/20190510/0/1/1/3/1/147//1c/f5/f1/1cf5f1b7cb2ed81f01f167e3718f81f5367df852.megamenu.tpl.php','2019-05-10 07:19:18'),
	('05e352ede003bcc7bf0bb5cf49ef4bb3','psmegamenu||20190511|0|1|1|1|1|147|','','psmegamenu/20190511/0/1/1/1/1/147//1c/f5/f1/1cf5f1b7cb2ed81f01f167e3718f81f5367df852.megamenu.tpl.php','2019-05-11 10:11:53'),
	('05e352ede003bcc7bf0bb5cf49ef4bb3','psmegamenu||20190511|0|1|1|3|1|147|','','psmegamenu/20190511/0/1/1/3/1/147//1c/f5/f1/1cf5f1b7cb2ed81f01f167e3718f81f5367df852.megamenu.tpl.php','2019-05-11 08:59:22'),
	('05e352ede003bcc7bf0bb5cf49ef4bb3','psmegamenu||20190512|0|1|1|1|1|147|','','psmegamenu/20190512/0/1/1/1/1/147//1c/f5/f1/1cf5f1b7cb2ed81f01f167e3718f81f5367df852.megamenu.tpl.php','2019-05-12 10:25:44'),
	('05e352ede003bcc7bf0bb5cf49ef4bb3','psmegamenu||20190512|0|1|1|3|1|147|','','psmegamenu/20190512/0/1/1/3/1/147//1c/f5/f1/1cf5f1b7cb2ed81f01f167e3718f81f5367df852.megamenu.tpl.php','2019-05-12 10:28:06'),
	('05e352ede003bcc7bf0bb5cf49ef4bb3','psmegamenu||20190513|0|1|1|1|1|147|','','psmegamenu/20190513/0/1/1/1/1/147//1c/f5/f1/1cf5f1b7cb2ed81f01f167e3718f81f5367df852.megamenu.tpl.php','2019-05-13 09:59:32'),
	('05e352ede003bcc7bf0bb5cf49ef4bb3','psmegamenu||20190513|0|1|1|3|1|147|','','psmegamenu/20190513/0/1/1/3/1/147//1c/f5/f1/1cf5f1b7cb2ed81f01f167e3718f81f5367df852.megamenu.tpl.php','2019-05-13 04:39:12'),
	('05e352ede003bcc7bf0bb5cf49ef4bb3','psmegamenu||20190514|0|1|1|1|1|147|','','psmegamenu/20190514/0/1/1/1/1/147//1c/f5/f1/1cf5f1b7cb2ed81f01f167e3718f81f5367df852.megamenu.tpl.php','2019-05-14 06:09:37'),
	('05e352ede003bcc7bf0bb5cf49ef4bb3','psmegamenu||20190515|0|1|1|1|1|147|','','psmegamenu/20190515/0/1/1/1/1/147//1c/f5/f1/1cf5f1b7cb2ed81f01f167e3718f81f5367df852.megamenu.tpl.php','2019-05-15 10:21:36'),
	('05e352ede003bcc7bf0bb5cf49ef4bb3','psmegamenu||20190515|0|1|1|3|1|147|','','psmegamenu/20190515/0/1/1/3/1/147//1c/f5/f1/1cf5f1b7cb2ed81f01f167e3718f81f5367df852.megamenu.tpl.php','2019-05-15 01:30:24'),
	('05e352ede003bcc7bf0bb5cf49ef4bb3','psmegamenu||20190516|0|1|1|1|1|147|','','psmegamenu/20190516/0/1/1/1/1/147//1c/f5/f1/1cf5f1b7cb2ed81f01f167e3718f81f5367df852.megamenu.tpl.php','2019-05-16 10:07:53'),
	('05e352ede003bcc7bf0bb5cf49ef4bb3','psmegamenu||20190516|0|1|1|3|1|147|','','psmegamenu/20190516/0/1/1/3/1/147//1c/f5/f1/1cf5f1b7cb2ed81f01f167e3718f81f5367df852.megamenu.tpl.php','2019-05-16 06:59:53'),
	('05e352ede003bcc7bf0bb5cf49ef4bb3','psmegamenu||20190517|0|1|1|1|1|147|','','psmegamenu/20190517/0/1/1/1/1/147//1c/f5/f1/1cf5f1b7cb2ed81f01f167e3718f81f5367df852.megamenu.tpl.php','2019-05-17 10:07:51'),
	('05e352ede003bcc7bf0bb5cf49ef4bb3','psmegamenu||20190517|0|1|1|3|1|147|','','psmegamenu/20190517/0/1/1/3/1/147//1c/f5/f1/1cf5f1b7cb2ed81f01f167e3718f81f5367df852.megamenu.tpl.php','2019-05-17 13:16:07'),
	('05e352ede003bcc7bf0bb5cf49ef4bb3','psmegamenu||20190518|0|1|1|1|1|147|','','psmegamenu/20190518/0/1/1/1/1/147//1c/f5/f1/1cf5f1b7cb2ed81f01f167e3718f81f5367df852.megamenu.tpl.php','2019-05-18 06:43:14'),
	('05e352ede003bcc7bf0bb5cf49ef4bb3','psmegamenu||20190518|0|1|1|2|1|147|','','psmegamenu/20190518/0/1/1/2/1/147//1c/f5/f1/1cf5f1b7cb2ed81f01f167e3718f81f5367df852.megamenu.tpl.php','2019-05-18 03:14:04'),
	('05e352ede003bcc7bf0bb5cf49ef4bb3','psmegamenu||20190518|0|1|1|3|1|147|','','psmegamenu/20190518/0/1/1/3/1/147//1c/f5/f1/1cf5f1b7cb2ed81f01f167e3718f81f5367df852.megamenu.tpl.php','2019-05-18 02:50:49'),
	('05e352ede003bcc7bf0bb5cf49ef4bb3','psmegamenu||20190519|0|1|1|1|1|147|','','psmegamenu/20190519/0/1/1/1/1/147//1c/f5/f1/1cf5f1b7cb2ed81f01f167e3718f81f5367df852.megamenu.tpl.php','2019-05-19 02:43:37'),
	('05e352ede003bcc7bf0bb5cf49ef4bb3','psmegamenu||20190519|0|1|1|3|1|147|','','psmegamenu/20190519/0/1/1/3/1/147//1c/f5/f1/1cf5f1b7cb2ed81f01f167e3718f81f5367df852.megamenu.tpl.php','2019-05-19 01:32:09'),
	('05e352ede003bcc7bf0bb5cf49ef4bb3','psmegamenu||20190520|0|1|1|1|1|147|','','psmegamenu/20190520/0/1/1/1/1/147//1c/f5/f1/1cf5f1b7cb2ed81f01f167e3718f81f5367df852.megamenu.tpl.php','2019-05-20 10:29:08'),
	('05e352ede003bcc7bf0bb5cf49ef4bb3','psmegamenu||20190520|0|1|1|3|1|147|','','psmegamenu/20190520/0/1/1/3/1/147//1c/f5/f1/1cf5f1b7cb2ed81f01f167e3718f81f5367df852.megamenu.tpl.php','2019-05-20 16:11:17'),
	('05e352ede003bcc7bf0bb5cf49ef4bb3','psmegamenu||20190521|0|1|1|1|1|147|','','psmegamenu/20190521/0/1/1/1/1/147//1c/f5/f1/1cf5f1b7cb2ed81f01f167e3718f81f5367df852.megamenu.tpl.php','2019-05-21 03:34:44'),
	('05e352ede003bcc7bf0bb5cf49ef4bb3','psmegamenu||20190521|0|1|1|3|1|147|','','psmegamenu/20190521/0/1/1/3/1/147//1c/f5/f1/1cf5f1b7cb2ed81f01f167e3718f81f5367df852.megamenu.tpl.php','2019-05-21 04:31:57'),
	('05e352ede003bcc7bf0bb5cf49ef4bb3','psmegamenu||20190522|0|1|1|1|1|147|','','psmegamenu/20190522/0/1/1/1/1/147//1c/f5/f1/1cf5f1b7cb2ed81f01f167e3718f81f5367df852.megamenu.tpl.php','2019-05-22 04:33:39'),
	('05e352ede003bcc7bf0bb5cf49ef4bb3','psmegamenu||20190522|0|1|1|3|1|147|','','psmegamenu/20190522/0/1/1/3/1/147//1c/f5/f1/1cf5f1b7cb2ed81f01f167e3718f81f5367df852.megamenu.tpl.php','2019-05-22 10:24:40'),
	('05e352ede003bcc7bf0bb5cf49ef4bb3','psmegamenu||20190523|0|1|1|1|1|147|','','psmegamenu/20190523/0/1/1/1/1/147//1c/f5/f1/1cf5f1b7cb2ed81f01f167e3718f81f5367df852.megamenu.tpl.php','2019-05-23 10:56:53'),
	('05e352ede003bcc7bf0bb5cf49ef4bb3','psmegamenu||20190523|0|1|1|2|1|147|','','psmegamenu/20190523/0/1/1/2/1/147//1c/f5/f1/1cf5f1b7cb2ed81f01f167e3718f81f5367df852.megamenu.tpl.php','2019-05-23 08:50:37'),
	('05e352ede003bcc7bf0bb5cf49ef4bb3','psmegamenu||20190523|0|1|1|3|1|147|','','psmegamenu/20190523/0/1/1/3/1/147//1c/f5/f1/1cf5f1b7cb2ed81f01f167e3718f81f5367df852.megamenu.tpl.php','2019-05-23 01:03:57'),
	('05e352ede003bcc7bf0bb5cf49ef4bb3','psmegamenu||20190524|0|1|1|1|1|147|','','psmegamenu/20190524/0/1/1/1/1/147//1c/f5/f1/1cf5f1b7cb2ed81f01f167e3718f81f5367df852.megamenu.tpl.php','2019-05-24 10:53:28'),
	('05e352ede003bcc7bf0bb5cf49ef4bb3','psmegamenu||20190525|0|1|1|1|1|147|','','psmegamenu/20190525/0/1/1/1/1/147//1c/f5/f1/1cf5f1b7cb2ed81f01f167e3718f81f5367df852.megamenu.tpl.php','2019-05-25 11:04:15'),
	('05e352ede003bcc7bf0bb5cf49ef4bb3','psmegamenu||20190525|0|1|1|3|1|147|','','psmegamenu/20190525/0/1/1/3/1/147//1c/f5/f1/1cf5f1b7cb2ed81f01f167e3718f81f5367df852.megamenu.tpl.php','2019-05-25 02:03:02'),
	('05e352ede003bcc7bf0bb5cf49ef4bb3','psmegamenu||20190526|0|1|1|1|1|147|','','psmegamenu/20190526/0/1/1/1/1/147//1c/f5/f1/1cf5f1b7cb2ed81f01f167e3718f81f5367df852.megamenu.tpl.php','2019-05-26 08:13:50'),
	('05e352ede003bcc7bf0bb5cf49ef4bb3','psmegamenu||20190526|0|1|1|3|1|147|','','psmegamenu/20190526/0/1/1/3/1/147//1c/f5/f1/1cf5f1b7cb2ed81f01f167e3718f81f5367df852.megamenu.tpl.php','2019-05-26 06:33:20'),
	('05e352ede003bcc7bf0bb5cf49ef4bb3','psmegamenu||20190527|0|1|1|1|1|147|','','psmegamenu/20190527/0/1/1/1/1/147//1c/f5/f1/1cf5f1b7cb2ed81f01f167e3718f81f5367df852.megamenu.tpl.php','2019-05-27 01:06:08'),
	('05e352ede003bcc7bf0bb5cf49ef4bb3','psmegamenu||20190527|0|1|1|3|1|147|','','psmegamenu/20190527/0/1/1/3/1/147//1c/f5/f1/1cf5f1b7cb2ed81f01f167e3718f81f5367df852.megamenu.tpl.php','2019-05-27 23:24:21'),
	('05e352ede003bcc7bf0bb5cf49ef4bb3','psmegamenu||20190528|0|1|1|1|1|147|','','psmegamenu/20190528/0/1/1/1/1/147//1c/f5/f1/1cf5f1b7cb2ed81f01f167e3718f81f5367df852.megamenu.tpl.php','2019-05-28 00:48:36'),
	('05e352ede003bcc7bf0bb5cf49ef4bb3','psmegamenu||20190528|0|1|1|2|1|147|','','psmegamenu/20190528/0/1/1/2/1/147//1c/f5/f1/1cf5f1b7cb2ed81f01f167e3718f81f5367df852.megamenu.tpl.php','2019-05-28 17:49:50'),
	('05e352ede003bcc7bf0bb5cf49ef4bb3','psmegamenu||20190528|0|1|1|3|1|147|','','psmegamenu/20190528/0/1/1/3/1/147//1c/f5/f1/1cf5f1b7cb2ed81f01f167e3718f81f5367df852.megamenu.tpl.php','2019-05-28 09:04:46'),
	('05e352ede003bcc7bf0bb5cf49ef4bb3','psmegamenu||20190529|0|1|1|1|1|147|','','psmegamenu/20190529/0/1/1/1/1/147//1c/f5/f1/1cf5f1b7cb2ed81f01f167e3718f81f5367df852.megamenu.tpl.php','2019-05-29 04:09:41'),
	('05e352ede003bcc7bf0bb5cf49ef4bb3','psmegamenu||20190529|0|1|1|3|1|147|','','psmegamenu/20190529/0/1/1/3/1/147//1c/f5/f1/1cf5f1b7cb2ed81f01f167e3718f81f5367df852.megamenu.tpl.php','2019-05-29 08:37:56'),
	('05e352ede003bcc7bf0bb5cf49ef4bb3','psmegamenu||20190530|0|1|1|1|1|147|','','psmegamenu/20190530/0/1/1/1/1/147//1c/f5/f1/1cf5f1b7cb2ed81f01f167e3718f81f5367df852.megamenu.tpl.php','2019-05-30 04:03:04'),
	('05e352ede003bcc7bf0bb5cf49ef4bb3','psmegamenu||20190530|0|1|1|2|1|147|','','psmegamenu/20190530/0/1/1/2/1/147//1c/f5/f1/1cf5f1b7cb2ed81f01f167e3718f81f5367df852.megamenu.tpl.php','2019-05-30 22:59:16'),
	('05e352ede003bcc7bf0bb5cf49ef4bb3','psmegamenu||20190531|0|1|1|1|1|147|','','psmegamenu/20190531/0/1/1/1/1/147//1c/f5/f1/1cf5f1b7cb2ed81f01f167e3718f81f5367df852.megamenu.tpl.php','2019-05-31 00:17:12'),
	('05e352ede003bcc7bf0bb5cf49ef4bb3','psmegamenu||20190531|0|1|1|2|1|147|','','psmegamenu/20190531/0/1/1/2/1/147//1c/f5/f1/1cf5f1b7cb2ed81f01f167e3718f81f5367df852.megamenu.tpl.php','2019-05-31 04:21:04'),
	('05e352ede003bcc7bf0bb5cf49ef4bb3','psmegamenu||20190531|0|1|1|3|1|147|','','psmegamenu/20190531/0/1/1/3/1/147//1c/f5/f1/1cf5f1b7cb2ed81f01f167e3718f81f5367df852.megamenu.tpl.php','2019-05-31 09:04:02'),
	('05e352ede003bcc7bf0bb5cf49ef4bb3','psmegamenu||20190601|0|1|1|1|1|147|','','psmegamenu/20190601/0/1/1/1/1/147//1c/f5/f1/1cf5f1b7cb2ed81f01f167e3718f81f5367df852.megamenu.tpl.php','2019-06-01 00:52:18'),
	('05e352ede003bcc7bf0bb5cf49ef4bb3','psmegamenu||20190601|0|1|1|2|1|147|','','psmegamenu/20190601/0/1/1/2/1/147//1c/f5/f1/1cf5f1b7cb2ed81f01f167e3718f81f5367df852.megamenu.tpl.php','2019-06-01 01:04:59'),
	('05e352ede003bcc7bf0bb5cf49ef4bb3','psmegamenu||20190602|0|1|1|1|1|147|','','psmegamenu/20190602/0/1/1/1/1/147//1c/f5/f1/1cf5f1b7cb2ed81f01f167e3718f81f5367df852.megamenu.tpl.php','2019-06-02 05:05:00'),
	('05e352ede003bcc7bf0bb5cf49ef4bb3','psmegamenu||20190602|0|1|1|3|1|147|','','psmegamenu/20190602/0/1/1/3/1/147//1c/f5/f1/1cf5f1b7cb2ed81f01f167e3718f81f5367df852.megamenu.tpl.php','2019-06-02 03:52:02'),
	('05e352ede003bcc7bf0bb5cf49ef4bb3','psmegamenu||20190603|0|1|1|1|1|147|','','psmegamenu/20190603/0/1/1/1/1/147//1c/f5/f1/1cf5f1b7cb2ed81f01f167e3718f81f5367df852.megamenu.tpl.php','2019-06-03 03:42:55'),
	('05e352ede003bcc7bf0bb5cf49ef4bb3','psmegamenu||20190603|0|1|1|3|1|147|','','psmegamenu/20190603/0/1/1/3/1/147//1c/f5/f1/1cf5f1b7cb2ed81f01f167e3718f81f5367df852.megamenu.tpl.php','2019-06-03 11:16:57'),
	('05e352ede003bcc7bf0bb5cf49ef4bb3','psmegamenu||20190604|0|1|1|1|1|147|','','psmegamenu/20190604/0/1/1/1/1/147//1c/f5/f1/1cf5f1b7cb2ed81f01f167e3718f81f5367df852.megamenu.tpl.php','2019-06-04 02:43:05'),
	('05e352ede003bcc7bf0bb5cf49ef4bb3','psmegamenu||20190604|0|1|1|3|1|147|','','psmegamenu/20190604/0/1/1/3/1/147//1c/f5/f1/1cf5f1b7cb2ed81f01f167e3718f81f5367df852.megamenu.tpl.php','2019-06-04 17:49:55'),
	('05e352ede003bcc7bf0bb5cf49ef4bb3','psmegamenu||20190605|0|1|1|1|1|147|','','psmegamenu/20190605/0/1/1/1/1/147//1c/f5/f1/1cf5f1b7cb2ed81f01f167e3718f81f5367df852.megamenu.tpl.php','2019-06-05 03:14:54'),
	('05e352ede003bcc7bf0bb5cf49ef4bb3','psmegamenu||20190605|0|1|1|3|1|147|','','psmegamenu/20190605/0/1/1/3/1/147//1c/f5/f1/1cf5f1b7cb2ed81f01f167e3718f81f5367df852.megamenu.tpl.php','2019-06-05 08:28:16'),
	('05e352ede003bcc7bf0bb5cf49ef4bb3','psmegamenu||20190606|0|1|1|1|1|147|','','psmegamenu/20190606/0/1/1/1/1/147//1c/f5/f1/1cf5f1b7cb2ed81f01f167e3718f81f5367df852.megamenu.tpl.php','2019-06-06 00:19:30'),
	('05e352ede003bcc7bf0bb5cf49ef4bb3','psmegamenu||20190606|0|1|1|2|1|147|','','psmegamenu/20190606/0/1/1/2/1/147//1c/f5/f1/1cf5f1b7cb2ed81f01f167e3718f81f5367df852.megamenu.tpl.php','2019-06-06 08:47:53'),
	('05e352ede003bcc7bf0bb5cf49ef4bb3','psmegamenu||20190606|0|1|1|3|1|147|','','psmegamenu/20190606/0/1/1/3/1/147//1c/f5/f1/1cf5f1b7cb2ed81f01f167e3718f81f5367df852.megamenu.tpl.php','2019-06-06 00:21:02'),
	('05e352ede003bcc7bf0bb5cf49ef4bb3','psmegamenu||20190607|0|1|1|1|1|147|','','psmegamenu/20190607/0/1/1/1/1/147//1c/f5/f1/1cf5f1b7cb2ed81f01f167e3718f81f5367df852.megamenu.tpl.php','2019-06-07 03:10:57'),
	('05e352ede003bcc7bf0bb5cf49ef4bb3','psmegamenu||20190607|0|1|1|2|1|147|','','psmegamenu/20190607/0/1/1/2/1/147//1c/f5/f1/1cf5f1b7cb2ed81f01f167e3718f81f5367df852.megamenu.tpl.php','2019-06-07 17:01:26'),
	('05e352ede003bcc7bf0bb5cf49ef4bb3','psmegamenu||20190607|0|1|1|3|1|147|','','psmegamenu/20190607/0/1/1/3/1/147//1c/f5/f1/1cf5f1b7cb2ed81f01f167e3718f81f5367df852.megamenu.tpl.php','2019-06-07 23:11:54'),
	('05e352ede003bcc7bf0bb5cf49ef4bb3','psmegamenu||20190608|0|1|1|1|1|147|','','psmegamenu/20190608/0/1/1/1/1/147//1c/f5/f1/1cf5f1b7cb2ed81f01f167e3718f81f5367df852.megamenu.tpl.php','2019-06-08 03:13:39'),
	('05e352ede003bcc7bf0bb5cf49ef4bb3','psmegamenu||20190608|0|1|1|3|1|147|','','psmegamenu/20190608/0/1/1/3/1/147//1c/f5/f1/1cf5f1b7cb2ed81f01f167e3718f81f5367df852.megamenu.tpl.php','2019-06-08 05:38:40'),
	('05e352ede003bcc7bf0bb5cf49ef4bb3','psmegamenu||20190609|0|1|1|1|1|147|','','psmegamenu/20190609/0/1/1/1/1/147//1c/f5/f1/1cf5f1b7cb2ed81f01f167e3718f81f5367df852.megamenu.tpl.php','2019-06-09 03:13:47'),
	('05e352ede003bcc7bf0bb5cf49ef4bb3','psmegamenu||20190609|0|1|1|2|1|147|','','psmegamenu/20190609/0/1/1/2/1/147//1c/f5/f1/1cf5f1b7cb2ed81f01f167e3718f81f5367df852.megamenu.tpl.php','2019-06-09 00:43:01'),
	('05e352ede003bcc7bf0bb5cf49ef4bb3','psmegamenu||20190609|0|1|1|3|1|147|','','psmegamenu/20190609/0/1/1/3/1/147//1c/f5/f1/1cf5f1b7cb2ed81f01f167e3718f81f5367df852.megamenu.tpl.php','2019-06-09 00:21:49'),
	('05e352ede003bcc7bf0bb5cf49ef4bb3','psmegamenu||20190610|0|1|1|1|1|147|','','psmegamenu/20190610/0/1/1/1/1/147//1c/f5/f1/1cf5f1b7cb2ed81f01f167e3718f81f5367df852.megamenu.tpl.php','2019-06-10 00:28:40'),
	('05e352ede003bcc7bf0bb5cf49ef4bb3','psmegamenu||20190610|0|1|1|3|1|147|','','psmegamenu/20190610/0/1/1/3/1/147//1c/f5/f1/1cf5f1b7cb2ed81f01f167e3718f81f5367df852.megamenu.tpl.php','2019-06-10 06:47:03'),
	('05e352ede003bcc7bf0bb5cf49ef4bb3','psmegamenu||20190611|0|1|1|1|1|147|','','psmegamenu/20190611/0/1/1/1/1/147//1c/f5/f1/1cf5f1b7cb2ed81f01f167e3718f81f5367df852.megamenu.tpl.php','2019-06-11 03:20:03'),
	('05e352ede003bcc7bf0bb5cf49ef4bb3','psmegamenu||20190612|0|1|1|1|1|147|','','psmegamenu/20190612/0/1/1/1/1/147//1c/f5/f1/1cf5f1b7cb2ed81f01f167e3718f81f5367df852.megamenu.tpl.php','2019-06-12 03:17:34'),
	('05e352ede003bcc7bf0bb5cf49ef4bb3','psmegamenu||20190612|0|1|1|3|1|147|','','psmegamenu/20190612/0/1/1/3/1/147//1c/f5/f1/1cf5f1b7cb2ed81f01f167e3718f81f5367df852.megamenu.tpl.php','2019-06-12 10:44:14'),
	('97aca7ac6f0a5bc32412f54dcaafbaf1','ps_imageslider|1|1|1|1|147','','ps_imageslider/1/1/1/1/147/04/6a/ac/046aacf6f4828e5498af79f86f6d9aa3d06d7e7f.psimagesliderviewstemplat.php','2019-03-29 18:47:05'),
	('97aca7ac6f0a5bc32412f54dcaafbaf1','ps_imageslider|1|1|3|1|147','','ps_imageslider/1/1/3/1/147/04/6a/ac/046aacf6f4828e5498af79f86f6d9aa3d06d7e7f.psimagesliderviewstemplat.php','2019-03-29 14:48:25'),
	('cc11154f56ddea7b9c720f01e77389c8','ps_customtext|1|1|1|1|147','','ps_customtext/1/1/1/1/147/d1/4e/a0/d14ea0a70a46c6d2eee1678e7be52c410a3c23a4.pscustomtextpscustomtext..php','2019-03-29 18:47:06'),
	('cc11154f56ddea7b9c720f01e77389c8','ps_customtext|1|1|3|1|147','','ps_customtext/1/1/3/1/147/d1/4e/a0/d14ea0a70a46c6d2eee1678e7be52c410a3c23a4.pscustomtextpscustomtext..php','2019-03-29 14:48:25'),
	('f1bf9a70003d13c5c54045d91ff7284b','ps_featuredproducts|1|1|1|1|147','','ps_featuredproducts/1/1/1/1/147/e2/4a/b6/e24ab649e3b0da01ef1b166ddb1e426362d893ab.psfeaturedproductsviewste.php','2019-03-29 18:47:06'),
	('f1bf9a70003d13c5c54045d91ff7284b','ps_featuredproducts|1|1|3|1|147','','ps_featuredproducts/1/1/3/1/147/e2/4a/b6/e24ab649e3b0da01ef1b166ddb1e426362d893ab.psfeaturedproductsviewste.php','2019-03-29 14:48:25');

/*!40000 ALTER TABLE `ps_smarty_lazy_cache` ENABLE KEYS */;
UNLOCK TABLES;


# Дамп таблицы ps_specific_price
# ------------------------------------------------------------

DROP TABLE IF EXISTS `ps_specific_price`;

CREATE TABLE `ps_specific_price` (
  `id_specific_price` int(10) unsigned NOT NULL AUTO_INCREMENT,
  `id_specific_price_rule` int(11) unsigned NOT NULL,
  `id_cart` int(11) unsigned NOT NULL,
  `id_product` int(10) unsigned NOT NULL,
  `id_shop` int(11) unsigned NOT NULL DEFAULT '1',
  `id_shop_group` int(11) unsigned NOT NULL,
  `id_currency` int(10) unsigned NOT NULL,
  `id_country` int(10) unsigned NOT NULL,
  `id_group` int(10) unsigned NOT NULL,
  `id_customer` int(10) unsigned NOT NULL,
  `id_product_attribute` int(10) unsigned NOT NULL,
  `price` decimal(20,6) NOT NULL,
  `from_quantity` mediumint(8) unsigned NOT NULL,
  `reduction` decimal(20,6) NOT NULL,
  `reduction_tax` tinyint(1) NOT NULL DEFAULT '1',
  `reduction_type` enum('amount','percentage') NOT NULL,
  `from` datetime NOT NULL,
  `to` datetime NOT NULL,
  PRIMARY KEY (`id_specific_price`),
  UNIQUE KEY `id_product_2` (`id_product`,`id_product_attribute`,`id_customer`,`id_cart`,`from`,`to`,`id_shop`,`id_shop_group`,`id_currency`,`id_country`,`id_group`,`from_quantity`,`id_specific_price_rule`),
  KEY `id_product` (`id_product`,`id_shop`,`id_currency`,`id_country`,`id_group`,`id_customer`,`from_quantity`,`from`,`to`),
  KEY `from_quantity` (`from_quantity`),
  KEY `id_specific_price_rule` (`id_specific_price_rule`),
  KEY `id_cart` (`id_cart`),
  KEY `id_product_attribute` (`id_product_attribute`),
  KEY `id_shop` (`id_shop`),
  KEY `id_customer` (`id_customer`),
  KEY `from` (`from`),
  KEY `to` (`to`)
) ENGINE=InnoDB DEFAULT CHARSET=utf8;

LOCK TABLES `ps_specific_price` WRITE;
/*!40000 ALTER TABLE `ps_specific_price` DISABLE KEYS */;

INSERT INTO `ps_specific_price` (`id_specific_price`, `id_specific_price_rule`, `id_cart`, `id_product`, `id_shop`, `id_shop_group`, `id_currency`, `id_country`, `id_group`, `id_customer`, `id_product_attribute`, `price`, `from_quantity`, `reduction`, `reduction_tax`, `reduction_type`, `from`, `to`)
VALUES
	(1,0,0,169,1,0,0,0,0,0,0,-1.000000,1,0.100000,1,'percentage','2018-11-29 00:00:00','2018-12-03 00:00:00');

/*!40000 ALTER TABLE `ps_specific_price` ENABLE KEYS */;
UNLOCK TABLES;


# Дамп таблицы ps_specific_price_priority
# ------------------------------------------------------------

DROP TABLE IF EXISTS `ps_specific_price_priority`;

CREATE TABLE `ps_specific_price_priority` (
  `id_specific_price_priority` int(11) NOT NULL AUTO_INCREMENT,
  `id_product` int(11) NOT NULL,
  `priority` varchar(80) NOT NULL,
  PRIMARY KEY (`id_specific_price_priority`,`id_product`),
  UNIQUE KEY `id_product` (`id_product`)
) ENGINE=InnoDB DEFAULT CHARSET=utf8;



# Дамп таблицы ps_specific_price_rule
# ------------------------------------------------------------

DROP TABLE IF EXISTS `ps_specific_price_rule`;

CREATE TABLE `ps_specific_price_rule` (
  `id_specific_price_rule` int(10) unsigned NOT NULL AUTO_INCREMENT,
  `name` varchar(255) NOT NULL,
  `id_shop` int(11) unsigned NOT NULL DEFAULT '1',
  `id_currency` int(10) unsigned NOT NULL,
  `id_country` int(10) unsigned NOT NULL,
  `id_group` int(10) unsigned NOT NULL,
  `from_quantity` mediumint(8) unsigned NOT NULL,
  `price` decimal(20,6) DEFAULT NULL,
  `reduction` decimal(20,6) NOT NULL,
  `reduction_tax` tinyint(1) NOT NULL DEFAULT '1',
  `reduction_type` enum('amount','percentage') NOT NULL,
  `from` datetime NOT NULL,
  `to` datetime NOT NULL,
  PRIMARY KEY (`id_specific_price_rule`),
  KEY `id_product` (`id_shop`,`id_currency`,`id_country`,`id_group`,`from_quantity`,`from`,`to`)
) ENGINE=InnoDB DEFAULT CHARSET=utf8;



# Дамп таблицы ps_specific_price_rule_condition
# ------------------------------------------------------------

DROP TABLE IF EXISTS `ps_specific_price_rule_condition`;

CREATE TABLE `ps_specific_price_rule_condition` (
  `id_specific_price_rule_condition` int(11) unsigned NOT NULL AUTO_INCREMENT,
  `id_specific_price_rule_condition_group` int(11) unsigned NOT NULL,
  `type` varchar(255) NOT NULL,
  `value` varchar(255) NOT NULL,
  PRIMARY KEY (`id_specific_price_rule_condition`),
  KEY `id_specific_price_rule_condition_group` (`id_specific_price_rule_condition_group`)
) ENGINE=InnoDB DEFAULT CHARSET=utf8;



# Дамп таблицы ps_specific_price_rule_condition_group
# ------------------------------------------------------------

DROP TABLE IF EXISTS `ps_specific_price_rule_condition_group`;

CREATE TABLE `ps_specific_price_rule_condition_group` (
  `id_specific_price_rule_condition_group` int(11) unsigned NOT NULL AUTO_INCREMENT,
  `id_specific_price_rule` int(11) unsigned NOT NULL,
  PRIMARY KEY (`id_specific_price_rule_condition_group`,`id_specific_price_rule`)
) ENGINE=InnoDB DEFAULT CHARSET=utf8;



# Дамп таблицы ps_splogin
# ------------------------------------------------------------

DROP TABLE IF EXISTS `ps_splogin`;

CREATE TABLE `ps_splogin` (
  `id_customer` int(10) unsigned NOT NULL,
  `api_identifier` varchar(128) NOT NULL,
  `api_type` varchar(16) NOT NULL,
  `is_primary` tinyint(1) NOT NULL,
  `is_current` tinyint(1) NOT NULL,
  PRIMARY KEY (`api_identifier`,`api_type`),
  KEY `id_customer` (`id_customer`)
) ENGINE=InnoDB DEFAULT CHARSET=utf8;



# Дамп таблицы ps_splogin_credentials
# ------------------------------------------------------------

DROP TABLE IF EXISTS `ps_splogin_credentials`;

CREATE TABLE `ps_splogin_credentials` (
  `api_type` varchar(16) NOT NULL,
  `active` tinyint(1) NOT NULL,
  `position` int(10) NOT NULL DEFAULT '0',
  `data` text NOT NULL,
  PRIMARY KEY (`api_type`),
  KEY `active` (`active`)
) ENGINE=InnoDB DEFAULT CHARSET=utf8;

LOCK TABLES `ps_splogin_credentials` WRITE;
/*!40000 ALTER TABLE `ps_splogin_credentials` DISABLE KEYS */;

INSERT INTO `ps_splogin_credentials` (`api_type`, `active`, `position`, `data`)
VALUES
	('facebook',1,0,'{\"client_id\":\"your_app_id_here\"}'),
	('google-plus',1,0,'{\"client_id\":\"your_app_id_here\"}'),
	('linkedin',0,0,'{\"client_id\":\"\",\"client_secret\":\"\"}'),
	('o365',0,0,'{\"client_id\":\"\",\"client_secret\":\"\"}'),
	('paypal',0,0,'{\"client_id\":\"\",\"client_secret\":\"\"}'),
	('twitter',0,0,'{\"client_id\":\"\",\"client_secret\":\"\"}'),
	('vk',0,0,'{\"client_id\":\"\"}'),
	('yahoo',0,0,'{\"client_id\":\"\"}'),
	('yandex',0,0,'{\"client_id\":\"\"}');

/*!40000 ALTER TABLE `ps_splogin_credentials` ENABLE KEYS */;
UNLOCK TABLES;


# Дамп таблицы ps_state
# ------------------------------------------------------------

DROP TABLE IF EXISTS `ps_state`;

CREATE TABLE `ps_state` (
  `id_state` int(10) unsigned NOT NULL AUTO_INCREMENT,
  `id_country` int(11) unsigned NOT NULL,
  `id_zone` int(11) unsigned NOT NULL,
  `name` varchar(64) NOT NULL,
  `iso_code` varchar(7) NOT NULL,
  `tax_behavior` smallint(1) NOT NULL DEFAULT '0',
  `active` tinyint(1) NOT NULL DEFAULT '0',
  PRIMARY KEY (`id_state`),
  KEY `id_country` (`id_country`),
  KEY `name` (`name`),
  KEY `id_zone` (`id_zone`)
) ENGINE=InnoDB DEFAULT CHARSET=utf8;

LOCK TABLES `ps_state` WRITE;
/*!40000 ALTER TABLE `ps_state` DISABLE KEYS */;

INSERT INTO `ps_state` (`id_state`, `id_country`, `id_zone`, `name`, `iso_code`, `tax_behavior`, `active`)
VALUES
	(1,21,2,'AA','AA',0,1),
	(2,21,2,'AE','AE',0,1),
	(3,21,2,'AP','AP',0,1),
	(4,21,2,'Alabama','AL',0,1),
	(5,21,2,'Alaska','AK',0,1),
	(6,21,2,'Arizona','AZ',0,1),
	(7,21,2,'Arkansas','AR',0,1),
	(8,21,2,'California','CA',0,1),
	(9,21,2,'Colorado','CO',0,1),
	(10,21,2,'Connecticut','CT',0,1),
	(11,21,2,'Delaware','DE',0,1),
	(12,21,2,'Florida','FL',0,1),
	(13,21,2,'Georgia','GA',0,1),
	(14,21,2,'Hawaii','HI',0,1),
	(15,21,2,'Idaho','ID',0,1),
	(16,21,2,'Illinois','IL',0,1),
	(17,21,2,'Indiana','IN',0,1),
	(18,21,2,'Iowa','IA',0,1),
	(19,21,2,'Kansas','KS',0,1),
	(20,21,2,'Kentucky','KY',0,1),
	(21,21,2,'Louisiana','LA',0,1),
	(22,21,2,'Maine','ME',0,1),
	(23,21,2,'Maryland','MD',0,1),
	(24,21,2,'Massachusetts','MA',0,1),
	(25,21,2,'Michigan','MI',0,1),
	(26,21,2,'Minnesota','MN',0,1),
	(27,21,2,'Mississippi','MS',0,1),
	(28,21,2,'Missouri','MO',0,1),
	(29,21,2,'Montana','MT',0,1),
	(30,21,2,'Nebraska','NE',0,1),
	(31,21,2,'Nevada','NV',0,1),
	(32,21,2,'New Hampshire','NH',0,1),
	(33,21,2,'New Jersey','NJ',0,1),
	(34,21,2,'New Mexico','NM',0,1),
	(35,21,2,'New York','NY',0,1),
	(36,21,2,'North Carolina','NC',0,1),
	(37,21,2,'North Dakota','ND',0,1),
	(38,21,2,'Ohio','OH',0,1),
	(39,21,2,'Oklahoma','OK',0,1),
	(40,21,2,'Oregon','OR',0,1),
	(41,21,2,'Pennsylvania','PA',0,1),
	(42,21,2,'Rhode Island','RI',0,1),
	(43,21,2,'South Carolina','SC',0,1),
	(44,21,2,'South Dakota','SD',0,1),
	(45,21,2,'Tennessee','TN',0,1),
	(46,21,2,'Texas','TX',0,1),
	(47,21,2,'Utah','UT',0,1),
	(48,21,2,'Vermont','VT',0,1),
	(49,21,2,'Virginia','VA',0,1),
	(50,21,2,'Washington','WA',0,1),
	(51,21,2,'West Virginia','WV',0,1),
	(52,21,2,'Wisconsin','WI',0,1),
	(53,21,2,'Wyoming','WY',0,1),
	(54,21,2,'Puerto Rico','PR',0,1),
	(55,21,2,'US Virgin Islands','VI',0,1),
	(56,21,2,'District of Columbia','DC',0,1),
	(57,145,2,'Aguascalientes','AGS',0,1),
	(58,145,2,'Baja California','BCN',0,1),
	(59,145,2,'Baja California Sur','BCS',0,1),
	(60,145,2,'Campeche','CAM',0,1),
	(61,145,2,'Chiapas','CHP',0,1),
	(62,145,2,'Chihuahua','CHH',0,1),
	(63,145,2,'Coahuila','COA',0,1),
	(64,145,2,'Colima','COL',0,1),
	(65,145,2,'Distrito Federal','DIF',0,1),
	(66,145,2,'Durango','DUR',0,1),
	(67,145,2,'Guanajuato','GUA',0,1),
	(68,145,2,'Guerrero','GRO',0,1),
	(69,145,2,'Hidalgo','HID',0,1),
	(70,145,2,'Jalisco','JAL',0,1),
	(71,145,2,'Estado de México','MEX',0,1),
	(72,145,2,'Michoacán','MIC',0,1),
	(73,145,2,'Morelos','MOR',0,1),
	(74,145,2,'Nayarit','NAY',0,1),
	(75,145,2,'Nuevo León','NLE',0,1),
	(76,145,2,'Oaxaca','OAX',0,1),
	(77,145,2,'Puebla','PUE',0,1),
	(78,145,2,'Querétaro','QUE',0,1),
	(79,145,2,'Quintana Roo','ROO',0,1),
	(80,145,2,'San Luis Potosí','SLP',0,1),
	(81,145,2,'Sinaloa','SIN',0,1),
	(82,145,2,'Sonora','SON',0,1),
	(83,145,2,'Tabasco','TAB',0,1),
	(84,145,2,'Tamaulipas','TAM',0,1),
	(85,145,2,'Tlaxcala','TLA',0,1),
	(86,145,2,'Veracruz','VER',0,1),
	(87,145,2,'Yucatán','YUC',0,1),
	(88,145,2,'Zacatecas','ZAC',0,1),
	(89,4,2,'Ontario','ON',0,1),
	(90,4,2,'Quebec','QC',0,1),
	(91,4,2,'British Columbia','BC',0,1),
	(92,4,2,'Alberta','AB',0,1),
	(93,4,2,'Manitoba','MB',0,1),
	(94,4,2,'Saskatchewan','SK',0,1),
	(95,4,2,'Nova Scotia','NS',0,1),
	(96,4,2,'New Brunswick','NB',0,1),
	(97,4,2,'Newfoundland and Labrador','NL',0,1),
	(98,4,2,'Prince Edward Island','PE',0,1),
	(99,4,2,'Northwest Territories','NT',0,1),
	(100,4,2,'Yukon','YT',0,1),
	(101,4,2,'Nunavut','NU',0,1),
	(102,44,6,'Buenos Aires','B',0,1),
	(103,44,6,'Catamarca','K',0,1),
	(104,44,6,'Chaco','H',0,1),
	(105,44,6,'Chubut','U',0,1),
	(106,44,6,'Ciudad de Buenos Aires','C',0,1),
	(107,44,6,'Córdoba','X',0,1),
	(108,44,6,'Corrientes','W',0,1),
	(109,44,6,'Entre Ríos','E',0,1),
	(110,44,6,'Formosa','P',0,1),
	(111,44,6,'Jujuy','Y',0,1),
	(112,44,6,'La Pampa','L',0,1),
	(113,44,6,'La Rioja','F',0,1),
	(114,44,6,'Mendoza','M',0,1),
	(115,44,6,'Misiones','N',0,1),
	(116,44,6,'Neuquén','Q',0,1),
	(117,44,6,'Río Negro','R',0,1),
	(118,44,6,'Salta','A',0,1),
	(119,44,6,'San Juan','J',0,1),
	(120,44,6,'San Luis','D',0,1),
	(121,44,6,'Santa Cruz','Z',0,1),
	(122,44,6,'Santa Fe','S',0,1),
	(123,44,6,'Santiago del Estero','G',0,1),
	(124,44,6,'Tierra del Fuego','V',0,1),
	(125,44,6,'Tucumán','T',0,1),
	(126,10,1,'Agrigento','AG',0,1),
	(127,10,1,'Alessandria','AL',0,1),
	(128,10,1,'Ancona','AN',0,1),
	(129,10,1,'Aosta','AO',0,1),
	(130,10,1,'Arezzo','AR',0,1),
	(131,10,1,'Ascoli Piceno','AP',0,1),
	(132,10,1,'Asti','AT',0,1),
	(133,10,1,'Avellino','AV',0,1),
	(134,10,1,'Bari','BA',0,1),
	(135,10,1,'Barletta-Andria-Trani','BT',0,1),
	(136,10,1,'Belluno','BL',0,1),
	(137,10,1,'Benevento','BN',0,1),
	(138,10,1,'Bergamo','BG',0,1),
	(139,10,1,'Biella','BI',0,1),
	(140,10,1,'Bologna','BO',0,1),
	(141,10,1,'Bolzano','BZ',0,1),
	(142,10,1,'Brescia','BS',0,1),
	(143,10,1,'Brindisi','BR',0,1),
	(144,10,1,'Cagliari','CA',0,1),
	(145,10,1,'Caltanissetta','CL',0,1),
	(146,10,1,'Campobasso','CB',0,1),
	(147,10,1,'Carbonia-Iglesias','CI',0,1),
	(148,10,1,'Caserta','CE',0,1),
	(149,10,1,'Catania','CT',0,1),
	(150,10,1,'Catanzaro','CZ',0,1),
	(151,10,1,'Chieti','CH',0,1),
	(152,10,1,'Como','CO',0,1),
	(153,10,1,'Cosenza','CS',0,1),
	(154,10,1,'Cremona','CR',0,1),
	(155,10,1,'Crotone','KR',0,1),
	(156,10,1,'Cuneo','CN',0,1),
	(157,10,1,'Enna','EN',0,1),
	(158,10,1,'Fermo','FM',0,1),
	(159,10,1,'Ferrara','FE',0,1),
	(160,10,1,'Firenze','FI',0,1),
	(161,10,1,'Foggia','FG',0,1),
	(162,10,1,'Forlì-Cesena','FC',0,1),
	(163,10,1,'Frosinone','FR',0,1),
	(164,10,1,'Genova','GE',0,1),
	(165,10,1,'Gorizia','GO',0,1),
	(166,10,1,'Grosseto','GR',0,1),
	(167,10,1,'Imperia','IM',0,1),
	(168,10,1,'Isernia','IS',0,1),
	(169,10,1,'L\'Aquila','AQ',0,1),
	(170,10,1,'La Spezia','SP',0,1),
	(171,10,1,'Latina','LT',0,1),
	(172,10,1,'Lecce','LE',0,1),
	(173,10,1,'Lecco','LC',0,1),
	(174,10,1,'Livorno','LI',0,1),
	(175,10,1,'Lodi','LO',0,1),
	(176,10,1,'Lucca','LU',0,1),
	(177,10,1,'Macerata','MC',0,1),
	(178,10,1,'Mantova','MN',0,1),
	(179,10,1,'Massa','MS',0,1),
	(180,10,1,'Matera','MT',0,1),
	(181,10,1,'Medio Campidano','VS',0,1),
	(182,10,1,'Messina','ME',0,1),
	(183,10,1,'Milano','MI',0,1),
	(184,10,1,'Modena','MO',0,1),
	(185,10,1,'Monza e della Brianza','MB',0,1),
	(186,10,1,'Napoli','NA',0,1),
	(187,10,1,'Novara','NO',0,1),
	(188,10,1,'Nuoro','NU',0,1),
	(189,10,1,'Ogliastra','OG',0,1),
	(190,10,1,'Olbia-Tempio','OT',0,1),
	(191,10,1,'Oristano','OR',0,1),
	(192,10,1,'Padova','PD',0,1),
	(193,10,1,'Palermo','PA',0,1),
	(194,10,1,'Parma','PR',0,1),
	(195,10,1,'Pavia','PV',0,1),
	(196,10,1,'Perugia','PG',0,1),
	(197,10,1,'Pesaro-Urbino','PU',0,1),
	(198,10,1,'Pescara','PE',0,1),
	(199,10,1,'Piacenza','PC',0,1),
	(200,10,1,'Pisa','PI',0,1),
	(201,10,1,'Pistoia','PT',0,1),
	(202,10,1,'Pordenone','PN',0,1),
	(203,10,1,'Potenza','PZ',0,1),
	(204,10,1,'Prato','PO',0,1),
	(205,10,1,'Ragusa','RG',0,1),
	(206,10,1,'Ravenna','RA',0,1),
	(207,10,1,'Reggio Calabria','RC',0,1),
	(208,10,1,'Reggio Emilia','RE',0,1),
	(209,10,1,'Rieti','RI',0,1),
	(210,10,1,'Rimini','RN',0,1),
	(211,10,1,'Roma','RM',0,1),
	(212,10,1,'Rovigo','RO',0,1),
	(213,10,1,'Salerno','SA',0,1),
	(214,10,1,'Sassari','SS',0,1),
	(215,10,1,'Savona','SV',0,1),
	(216,10,1,'Siena','SI',0,1),
	(217,10,1,'Siracusa','SR',0,1),
	(218,10,1,'Sondrio','SO',0,1),
	(219,10,1,'Taranto','TA',0,1),
	(220,10,1,'Teramo','TE',0,1),
	(221,10,1,'Terni','TR',0,1),
	(222,10,1,'Torino','TO',0,1),
	(223,10,1,'Trapani','TP',0,1),
	(224,10,1,'Trento','TN',0,1),
	(225,10,1,'Treviso','TV',0,1),
	(226,10,1,'Trieste','TS',0,1),
	(227,10,1,'Udine','UD',0,1),
	(228,10,1,'Varese','VA',0,1),
	(229,10,1,'Venezia','VE',0,1),
	(230,10,1,'Verbano-Cusio-Ossola','VB',0,1),
	(231,10,1,'Vercelli','VC',0,1),
	(232,10,1,'Verona','VR',0,1),
	(233,10,1,'Vibo Valentia','VV',0,1),
	(234,10,1,'Vicenza','VI',0,1),
	(235,10,1,'Viterbo','VT',0,1),
	(236,111,3,'Aceh','ID-AC',0,1),
	(237,111,3,'Bali','ID-BA',0,1),
	(238,111,3,'Banten','ID-BT',0,1),
	(239,111,3,'Bengkulu','ID-BE',0,1),
	(240,111,3,'Gorontalo','ID-GO',0,1),
	(241,111,3,'Jakarta','ID-JK',0,1),
	(242,111,3,'Jambi','ID-JA',0,1),
	(243,111,3,'Jawa Barat','ID-JB',0,1),
	(244,111,3,'Jawa Tengah','ID-JT',0,1),
	(245,111,3,'Jawa Timur','ID-JI',0,1),
	(246,111,3,'Kalimantan Barat','ID-KB',0,1),
	(247,111,3,'Kalimantan Selatan','ID-KS',0,1),
	(248,111,3,'Kalimantan Tengah','ID-KT',0,1),
	(249,111,3,'Kalimantan Timur','ID-KI',0,1),
	(250,111,3,'Kalimantan Utara','ID-KU',0,1),
	(251,111,3,'Kepulauan Bangka Belitug','ID-BB',0,1),
	(252,111,3,'Kepulauan Riau','ID-KR',0,1),
	(253,111,3,'Lampung','ID-LA',0,1),
	(254,111,3,'Maluku','ID-MA',0,1),
	(255,111,3,'Maluku Utara','ID-MU',0,1),
	(256,111,3,'Nusa Tengara Barat','ID-NB',0,1),
	(257,111,3,'Nusa Tenggara Timur','ID-NT',0,1),
	(258,111,3,'Papua','ID-PA',0,1),
	(259,111,3,'Papua Barat','ID-PB',0,1),
	(260,111,3,'Riau','ID-RI',0,1),
	(261,111,3,'Sulawesi Barat','ID-SR',0,1),
	(262,111,3,'Sulawesi Selatan','ID-SN',0,1),
	(263,111,3,'Sulawesi Tengah','ID-ST',0,1),
	(264,111,3,'Sulawesi Tenggara','ID-SG',0,1),
	(265,111,3,'Sulawesi Utara','ID-SA',0,1),
	(266,111,3,'Sumatera Barat','ID-SB',0,1),
	(267,111,3,'Sumatera Selatan','ID-SS',0,1),
	(268,111,3,'Sumatera Utara','ID-SU',0,1),
	(269,111,3,'Yogyakarta','ID-YO',0,1),
	(270,11,3,'Aichi','23',0,1),
	(271,11,3,'Akita','05',0,1),
	(272,11,3,'Aomori','02',0,1),
	(273,11,3,'Chiba','12',0,1),
	(274,11,3,'Ehime','38',0,1),
	(275,11,3,'Fukui','18',0,1),
	(276,11,3,'Fukuoka','40',0,1),
	(277,11,3,'Fukushima','07',0,1),
	(278,11,3,'Gifu','21',0,1),
	(279,11,3,'Gunma','10',0,1),
	(280,11,3,'Hiroshima','34',0,1),
	(281,11,3,'Hokkaido','01',0,1),
	(282,11,3,'Hyogo','28',0,1),
	(283,11,3,'Ibaraki','08',0,1),
	(284,11,3,'Ishikawa','17',0,1),
	(285,11,3,'Iwate','03',0,1),
	(286,11,3,'Kagawa','37',0,1),
	(287,11,3,'Kagoshima','46',0,1),
	(288,11,3,'Kanagawa','14',0,1),
	(289,11,3,'Kochi','39',0,1),
	(290,11,3,'Kumamoto','43',0,1),
	(291,11,3,'Kyoto','26',0,1),
	(292,11,3,'Mie','24',0,1),
	(293,11,3,'Miyagi','04',0,1),
	(294,11,3,'Miyazaki','45',0,1),
	(295,11,3,'Nagano','20',0,1),
	(296,11,3,'Nagasaki','42',0,1),
	(297,11,3,'Nara','29',0,1),
	(298,11,3,'Niigata','15',0,1),
	(299,11,3,'Oita','44',0,1),
	(300,11,3,'Okayama','33',0,1),
	(301,11,3,'Okinawa','47',0,1),
	(302,11,3,'Osaka','27',0,1),
	(303,11,3,'Saga','41',0,1),
	(304,11,3,'Saitama','11',0,1),
	(305,11,3,'Shiga','25',0,1),
	(306,11,3,'Shimane','32',0,1),
	(307,11,3,'Shizuoka','22',0,1),
	(308,11,3,'Tochigi','09',0,1),
	(309,11,3,'Tokushima','36',0,1),
	(310,11,3,'Tokyo','13',0,1),
	(311,11,3,'Tottori','31',0,1),
	(312,11,3,'Toyama','16',0,1),
	(313,11,3,'Wakayama','30',0,1),
	(314,11,3,'Yamagata','06',0,1),
	(315,11,3,'Yamaguchi','35',0,1),
	(316,11,3,'Yamanashi','19',0,1),
	(317,24,5,'Australian Capital Territory','ACT',0,1),
	(318,24,5,'New South Wales','NSW',0,1),
	(319,24,5,'Northern Territory','NT',0,1),
	(320,24,5,'Queensland','QLD',0,1),
	(321,24,5,'South Australia','SA',0,1),
	(322,24,5,'Tasmania','TAS',0,1),
	(323,24,5,'Victoria','VIC',0,1),
	(324,24,5,'Western Australia','WA',0,1);

/*!40000 ALTER TABLE `ps_state` ENABLE KEYS */;
UNLOCK TABLES;


# Дамп таблицы ps_staticcontent
# ------------------------------------------------------------

DROP TABLE IF EXISTS `ps_staticcontent`;

CREATE TABLE `ps_staticcontent` (
  `id_staticcontent` int(10) unsigned NOT NULL AUTO_INCREMENT,
  `id_shop` int(10) unsigned DEFAULT NULL,
  PRIMARY KEY (`id_staticcontent`)
) ENGINE=InnoDB DEFAULT CHARSET=utf8;



# Дамп таблицы ps_staticcontent_lang
# ------------------------------------------------------------

DROP TABLE IF EXISTS `ps_staticcontent_lang`;

CREATE TABLE `ps_staticcontent_lang` (
  `id_staticcontent` int(10) unsigned NOT NULL,
  `id_lang` int(10) unsigned NOT NULL,
  `text` text NOT NULL,
  PRIMARY KEY (`id_staticcontent`,`id_lang`)
) ENGINE=InnoDB DEFAULT CHARSET=utf8;



# Дамп таблицы ps_statssearch
# ------------------------------------------------------------

DROP TABLE IF EXISTS `ps_statssearch`;

CREATE TABLE `ps_statssearch` (
  `id_statssearch` int(10) unsigned NOT NULL AUTO_INCREMENT,
  `id_shop` int(10) unsigned NOT NULL DEFAULT '1',
  `id_shop_group` int(10) unsigned NOT NULL DEFAULT '1',
  `keywords` varchar(255) NOT NULL,
  `results` int(6) NOT NULL DEFAULT '0',
  `date_add` datetime NOT NULL,
  PRIMARY KEY (`id_statssearch`)
) ENGINE=InnoDB DEFAULT CHARSET=utf8;

LOCK TABLES `ps_statssearch` WRITE;
/*!40000 ALTER TABLE `ps_statssearch` DISABLE KEYS */;

INSERT INTO `ps_statssearch` (`id_statssearch`, `id_shop`, `id_shop_group`, `keywords`, `results`, `date_add`)
VALUES
	(1,1,1,'rose',2,'2018-03-30 00:46:31'),
	(2,1,1,'roses',2,'2018-03-30 00:46:32'),
	(3,1,1,'y',0,'2018-05-11 20:53:45'),
	(4,1,1,'s',0,'2018-05-11 20:53:48'),
	(5,1,1,'sp',0,'2018-05-11 20:53:48'),
	(6,1,1,'spa',6,'2018-05-11 20:53:48'),
	(7,1,1,'b',0,'2018-05-11 20:53:51'),
	(8,1,1,'box',5,'2018-05-11 20:53:51'),
	(9,1,1,'box',5,'2018-05-11 20:53:51'),
	(10,1,1,'kshh',0,'2018-07-19 11:21:03'),
	(11,1,1,'rose',20,'2018-07-19 11:21:05'),
	(12,1,1,'rose',20,'2018-07-19 11:21:05'),
	(13,1,1,'rose',20,'2018-07-19 11:21:23'),
	(14,1,1,'k',0,'2018-07-19 11:21:29'),
	(15,1,1,'krasivyj',0,'2018-07-19 11:21:31'),
	(16,1,1,'krasivyj',0,'2018-07-19 11:21:32'),
	(17,1,1,'krasivyj',0,'2018-07-19 11:21:34'),
	(18,1,1,'be',0,'2018-07-19 11:21:57'),
	(19,1,1,'bea',16,'2018-07-19 11:21:57'),
	(20,1,1,'beau',16,'2018-07-19 11:21:57'),
	(21,1,1,'beauti',15,'2018-07-19 11:21:58'),
	(22,1,1,'be',0,'2018-07-19 11:22:01'),
	(23,1,1,'beautiful',15,'2018-07-19 11:22:03'),
	(24,1,1,'beautiful',15,'2018-07-19 11:22:03'),
	(25,1,1,'beautiful',15,'2018-07-19 11:22:09'),
	(26,1,1,'hj',0,'2018-07-19 11:22:13'),
	(27,1,1,'beautiful',0,'2018-07-19 11:22:17'),
	(28,1,1,'hj',0,'2018-07-19 11:22:20'),
	(29,1,1,'hjpf',0,'2018-07-19 11:22:21'),
	(30,1,1,'hjpf',0,'2018-07-19 11:22:21'),
	(31,1,1,'rp',0,'2018-07-19 11:22:26'),
	(32,1,1,'r',0,'2018-07-19 11:22:26'),
	(33,1,1,'roza',7,'2018-07-19 11:22:27'),
	(34,1,1,'roza',7,'2018-07-19 11:22:27'),
	(35,1,1,'krasivyj',6,'2018-07-19 11:22:33'),
	(36,1,1,'krasivyj',6,'2018-07-19 11:22:33'),
	(37,1,1,'krasiv',9,'2018-07-19 11:22:45'),
	(38,1,1,'krasiv',9,'2018-07-19 11:22:45'),
	(39,1,1,'  llll',0,'2018-07-23 12:52:35'),
	(40,1,1,' ',0,'2018-07-23 12:52:36'),
	(41,1,1,'101',4,'2018-08-01 12:15:11'),
	(42,1,1,'101',4,'2018-08-01 12:15:11'),
	(43,1,1,'wing',1,'2018-08-01 12:20:59'),
	(44,1,1,'wing',1,'2018-08-01 12:20:59'),
	(45,1,1,'101',4,'2018-08-09 11:17:28'),
	(46,1,1,'101',4,'2018-08-09 11:17:28'),
	(47,1,1,'cus',1,'2018-08-22 00:10:55'),
	(48,1,1,'custom',1,'2018-08-22 00:10:56'),
	(49,1,1,',',0,'2018-08-22 00:55:41'),
	(50,1,1,'akj',0,'2018-08-22 00:55:42'),
	(51,1,1,'akj',0,'2018-08-22 00:55:43'),
	(52,1,1,'flo',10,'2018-08-22 00:55:45'),
	(53,1,1,'florist',10,'2018-08-22 00:55:47'),
	(54,1,1,'dc donuts',1,'2018-08-28 12:02:50'),
	(55,1,1,'dc donuts',1,'2018-08-28 12:02:50'),
	(56,1,1,'gift card',16,'2018-08-29 23:27:26'),
	(57,1,1,'gift card',16,'2018-08-29 23:27:26'),
	(58,1,1,'gift card',16,'2018-08-29 23:27:31'),
	(59,1,1,'hfvrb',0,'2018-08-30 10:38:32'),
	(60,1,1,'hfvrb',0,'2018-08-30 10:38:36'),
	(61,1,1,'hfvr',0,'2018-08-30 10:38:39'),
	(62,1,1,'ramki',0,'2018-08-30 10:38:44'),
	(63,1,1,'ramki',0,'2018-08-30 10:38:44'),
	(64,1,1,'Ramki',0,'2018-09-07 12:38:05'),
	(65,1,1,'Ramki',0,'2018-09-07 12:38:10'),
	(66,1,1,',f',0,'2018-09-22 00:42:27'),
	(67,1,1,',fk',0,'2018-09-22 00:42:27'),
	(68,1,1,'bela',3,'2018-09-22 00:42:29'),
	(69,1,1,'belaya',3,'2018-09-22 00:42:29'),
	(70,1,1,'belaya',3,'2018-09-22 00:42:29'),
	(71,1,1,'bloknot',0,'2018-10-07 19:30:44'),
	(72,1,1,'bloknot',0,'2018-10-07 19:30:44'),
	(73,1,1,'specta',0,'2018-10-08 13:18:17'),
	(74,1,1,'spectacole',0,'2018-10-08 13:18:18'),
	(75,1,1,'spectacole',0,'2018-10-08 13:18:19'),
	(76,1,1,'specttacole',0,'2018-10-08 13:18:23'),
	(77,1,1,'spectetacole',0,'2018-10-08 13:18:24'),
	(78,1,1,'specttacole',0,'2018-10-08 13:18:26'),
	(79,1,1,'le',0,'2018-10-08 13:18:27'),
	(80,1,1,'teale',0,'2018-10-08 13:18:28'),
	(81,1,1,'teatrule',0,'2018-10-08 13:18:29'),
	(82,1,1,'teatrule',0,'2018-10-08 13:18:29'),
	(83,1,1,'teatru',0,'2018-10-08 13:18:38'),
	(84,1,1,'teatru',0,'2018-10-08 13:18:38'),
	(85,1,1,'tra',50,'2018-10-15 19:05:44'),
	(86,1,1,'trandaf',49,'2018-10-15 19:05:47'),
	(87,1,1,'tranda',49,'2018-10-15 19:05:47'),
	(88,1,1,'r',0,'2018-10-15 19:05:49'),
	(89,1,1,'tr',0,'2018-10-15 19:05:51'),
	(90,1,1,'t',0,'2018-10-15 19:05:53'),
	(91,1,1,'ro',0,'2018-10-15 19:05:56'),
	(92,1,1,'roz',11,'2018-10-15 19:05:58'),
	(93,1,1,'rozy',0,'2018-10-15 19:05:59'),
	(94,1,1,'rozy',0,'2018-10-15 19:06:01'),
	(95,1,1,'ra',0,'2018-10-16 23:09:01'),
	(96,1,1,'ramki',0,'2018-10-16 23:09:03'),
	(97,1,1,'ramki',0,'2018-10-16 23:09:06'),
	(98,1,1,'r',0,'2018-10-24 21:53:47'),
	(99,1,1,'ra',0,'2018-10-24 21:53:49'),
	(100,1,1,'ram',1,'2018-10-24 21:53:49'),
	(101,1,1,'ramki',0,'2018-10-24 21:53:50'),
	(102,1,1,'ramki',0,'2018-10-24 21:53:53'),
	(103,1,1,'ramki',0,'2018-10-24 21:53:57'),
	(104,1,1,'ramk',1,'2018-11-08 15:33:53'),
	(105,1,1,'ramki',0,'2018-11-08 15:33:53'),
	(106,1,1,'ramki',0,'2018-11-08 15:33:53'),
	(107,1,1,'ramk',1,'2018-11-08 15:34:00'),
	(108,1,1,'ramka',1,'2018-11-08 15:34:02'),
	(109,1,1,'ramka',1,'2018-11-08 15:34:02'),
	(110,1,1,'sweet ',20,'2018-11-14 20:34:20'),
	(111,1,1,'sweet hon',20,'2018-11-14 20:34:21'),
	(112,1,1,'sweet hone',20,'2018-11-14 20:34:22'),
	(113,1,1,'sweet honey',20,'2018-11-14 20:34:22'),
	(114,1,1,'sweet honey',20,'2018-11-14 20:34:23'),
	(115,1,1,'coli',0,'2018-11-24 17:41:42'),
	(116,1,1,'colie',0,'2018-11-24 17:41:43'),
	(117,1,1,'colier',0,'2018-11-24 17:41:43'),
	(118,1,1,'coliere ',0,'2018-11-24 17:41:44'),
	(119,1,1,'coliere pentru cu',0,'2018-11-24 17:41:46'),
	(120,1,1,'coliere pentru cuplur',0,'2018-11-24 17:41:47'),
	(121,1,1,'coliere pentru cupluri',0,'2018-11-24 17:41:48'),
	(122,1,1,'coliere pentru cupluri',0,'2018-11-24 17:41:48'),
	(123,1,1,'coliere pentru cuplurri',0,'2018-11-24 17:41:57'),
	(124,1,1,'coliere pentru cupluri',0,'2018-11-24 17:41:58'),
	(125,1,1,'coliere pentru cupluri',0,'2018-11-24 17:41:58'),
	(126,1,1,'coliere pentru cupluri',0,'2018-11-24 17:42:00'),
	(127,1,1,'check',0,'2018-11-27 19:19:09'),
	(128,1,1,'check',0,'2018-11-27 19:19:09'),
	(129,1,1,'Spa',8,'2018-11-27 21:03:04'),
	(130,1,1,'Spa',8,'2018-11-27 21:03:04'),
	(131,1,1,'Ra',0,'2018-11-28 11:11:11'),
	(132,1,1,'Ram',1,'2018-11-28 11:11:17'),
	(133,1,1,'Ramk',1,'2018-11-28 11:11:18'),
	(134,1,1,'Ramki',0,'2018-11-28 11:11:19'),
	(135,1,1,'Ramki',0,'2018-11-28 11:11:22'),
	(136,1,1,'Ram',1,'2018-11-28 11:13:43'),
	(137,1,1,'Ramka',1,'2018-11-28 11:14:08'),
	(138,1,1,'Ramka',1,'2018-11-28 11:14:18'),
	(139,1,1,'Spa',8,'2018-11-28 20:33:27'),
	(140,1,1,'Spa',8,'2018-11-28 22:03:27'),
	(141,1,1,'R',0,'2018-11-29 22:23:25'),
	(142,1,1,'Ra',0,'2018-11-29 22:23:25'),
	(143,1,1,'Ram',1,'2018-11-29 22:23:26'),
	(144,1,1,'Ramka',1,'2018-11-29 22:23:27'),
	(145,1,1,'Ramka',1,'2018-11-29 22:23:30'),
	(146,1,1,'FRamka',0,'2018-11-29 22:23:47'),
	(147,1,1,'FotoRamka',0,'2018-11-29 22:23:48'),
	(148,1,1,'FotoRamka',0,'2018-11-29 22:23:59'),
	(149,1,1,'Ramka',1,'2018-11-29 22:24:06'),
	(150,1,1,' ',0,'2018-11-30 22:57:22'),
	(151,1,1,' w',0,'2018-11-30 22:57:23'),
	(152,1,1,' wdt',0,'2018-11-30 22:57:23'),
	(153,1,1,' wdtns',0,'2018-11-30 22:57:24'),
	(154,1,1,'c',0,'2018-11-30 22:57:27'),
	(155,1,1,'cvety',51,'2018-11-30 22:57:28'),
	(156,1,1,'Mi',0,'2018-12-08 00:49:15'),
	(157,1,1,'Mil',0,'2018-12-08 00:49:17'),
	(158,1,1,'Milь',0,'2018-12-08 00:49:17'),
	(159,1,1,'Mil',0,'2018-12-08 00:49:19'),
	(160,1,1,'Mi',0,'2018-12-08 00:49:19'),
	(161,1,1,'Min',6,'2018-12-08 00:49:20'),
	(162,1,1,'Minь',1,'2018-12-08 00:49:21'),
	(163,1,1,'Minьony',0,'2018-12-08 00:49:22'),
	(164,1,1,'Minьony',0,'2018-12-08 00:49:23'),
	(165,1,1,'C',0,'2018-12-10 15:40:38'),
	(166,1,1,'Co',0,'2018-12-10 15:40:38'),
	(167,1,1,'Con',14,'2018-12-10 15:40:39'),
	(168,1,1,'Cont',13,'2018-12-10 15:40:39'),
	(169,1,1,'Conta',1,'2018-12-10 15:40:40'),
	(170,1,1,'Contacte',0,'2018-12-10 15:40:42'),
	(171,1,1,'Contacte',0,'2018-12-10 15:40:43'),
	(172,1,1,'ceas',0,'2018-12-11 11:54:03'),
	(173,1,1,'ceas',0,'2018-12-11 11:54:05'),
	(174,1,1,'Kin',2,'2018-12-11 21:24:26'),
	(175,1,1,'Kinder',1,'2018-12-11 21:24:27'),
	(176,1,1,'Kinder',1,'2018-12-11 21:24:28'),
	(177,1,1,'Kinder',1,'2018-12-11 21:29:59'),
	(178,1,1,'Kinder',1,'2018-12-11 21:30:03'),
	(179,1,1,'S',0,'2018-12-11 21:36:40'),
	(180,1,1,'Strwa',0,'2018-12-11 21:36:40'),
	(181,1,1,'Straw',1,'2018-12-11 21:36:40'),
	(182,1,1,'Stra',1,'2018-12-11 21:36:40'),
	(183,1,1,'Strawb',1,'2018-12-11 21:36:40'),
	(184,1,1,'Str',1,'2018-12-11 21:36:40'),
	(185,1,1,'Str',1,'2018-12-11 21:36:40'),
	(186,1,1,'Strawber',1,'2018-12-11 21:36:41'),
	(187,1,1,'Strawbery',0,'2018-12-11 21:36:41'),
	(188,1,1,'Strawbery',0,'2018-12-11 21:36:41'),
	(189,1,1,'Strawbery',0,'2018-12-11 21:37:22'),
	(190,1,1,'Strawber',1,'2018-12-11 21:37:29'),
	(191,1,1,'H',0,'2018-12-11 21:37:29'),
	(192,1,1,'Heart r',5,'2018-12-11 21:37:32'),
	(193,1,1,'Heart ro',5,'2018-12-11 21:37:32'),
	(194,1,1,'Heart roses',58,'2018-12-11 21:37:32'),
	(195,1,1,'Heart roses',58,'2018-12-11 21:37:32'),
	(196,1,1,'husa',0,'2018-12-17 18:19:16'),
	(197,1,1,'husa',0,'2018-12-17 18:19:16'),
	(198,1,1,'Te',0,'2018-12-17 23:17:07'),
	(199,1,1,'Tend',11,'2018-12-17 23:17:08'),
	(200,1,1,'Tenderne',5,'2018-12-17 23:17:09'),
	(201,1,1,'Tenderness',5,'2018-12-17 23:17:09'),
	(202,1,1,'Tenderness ',5,'2018-12-17 23:17:10'),
	(203,1,1,'Tenderness t',5,'2018-12-17 23:17:10'),
	(204,1,1,'Tenderness tulips',6,'2018-12-17 23:17:12'),
	(205,1,1,'Tenderness tulips',6,'2018-12-17 23:17:12'),
	(206,1,1,'Tenderness tulips',6,'2018-12-17 23:17:23'),
	(207,1,1,'Ki',0,'2018-12-17 23:17:30'),
	(208,1,1,'Kinder',1,'2018-12-17 23:17:31'),
	(209,1,1,'Kinder',1,'2018-12-17 23:17:32'),
	(210,1,1,'Ter',0,'2018-12-17 23:19:01'),
	(211,1,1,'Te',0,'2018-12-17 23:19:01'),
	(212,1,1,'Tenderness ',5,'2018-12-17 23:19:03'),
	(213,1,1,'Tenderness tulips',6,'2018-12-17 23:19:05'),
	(214,1,1,'Tenderness tulips',6,'2018-12-17 23:19:05'),
	(215,1,1,'Tenderness tulips',6,'2018-12-17 23:19:07'),
	(216,1,1,'Tenderness tulips',6,'2018-12-17 23:19:09'),
	(217,1,1,'Tenderness tulips',6,'2018-12-17 23:19:15'),
	(218,1,1,'Tenderness tulips',6,'2018-12-17 23:19:20'),
	(219,1,1,'Tenkinderderness tulips',2,'2018-12-17 23:19:25'),
	(220,1,1,'Tenkindederness tulips',2,'2018-12-17 23:19:26'),
	(221,1,1,'derness tulips',2,'2018-12-17 23:19:27'),
	(222,1,1,'derness tulip',2,'2018-12-17 23:19:28'),
	(223,1,1,'Ki',0,'2018-12-17 23:19:30'),
	(224,1,1,'Kinder',1,'2018-12-17 23:19:31'),
	(225,1,1,'Kinder',1,'2018-12-17 23:19:31'),
	(226,1,1,'Kinder',1,'2018-12-17 23:19:38'),
	(227,1,1,'Plus ',14,'2018-12-17 23:21:30'),
	(228,1,1,'Plus ra',14,'2018-12-17 23:21:31'),
	(229,1,1,'Plus rabbi',14,'2018-12-17 23:21:31'),
	(230,1,1,'Plus rabbit xl',14,'2018-12-17 23:21:32'),
	(231,1,1,'Plus rabbit xl',14,'2018-12-17 23:21:34'),
	(232,1,1,'Te',0,'2018-12-17 23:22:10'),
	(233,1,1,'Tenderneas ',0,'2018-12-17 23:22:12'),
	(234,1,1,'Tenderne',5,'2018-12-17 23:22:13'),
	(235,1,1,'Tenderness tu',5,'2018-12-17 23:22:14'),
	(236,1,1,'Tenderness tulips',6,'2018-12-17 23:22:15'),
	(237,1,1,'Tenderness tulips',6,'2018-12-17 23:22:16'),
	(238,1,1,'Tenderness tulips',6,'2018-12-17 23:22:23'),
	(239,1,1,'Tenderness tulips',6,'2018-12-17 23:26:12'),
	(240,1,1,'Ki',0,'2018-12-17 23:26:37'),
	(241,1,1,'Kinder',1,'2018-12-17 23:26:37'),
	(242,1,1,'Kinder',1,'2018-12-17 23:26:38'),
	(243,1,1,'S',0,'2018-12-18 11:12:36'),
	(244,1,1,'Scu',0,'2018-12-18 11:12:36'),
	(245,1,1,'Scut',0,'2018-12-18 11:12:37'),
	(246,1,1,'Scute',0,'2018-12-18 11:12:37'),
	(247,1,1,'Scutece',0,'2018-12-18 11:12:40'),
	(248,1,1,'Scutece ',0,'2018-12-18 11:12:42'),
	(249,1,1,'Scutece ',0,'2018-12-18 11:12:42'),
	(250,1,1,'f',0,'2018-12-18 17:10:56'),
	(251,1,1,'fotoramka',0,'2018-12-18 17:10:58'),
	(252,1,1,'fotoramka',0,'2018-12-18 17:10:58'),
	(253,1,1,'eustom',4,'2018-12-20 16:49:18'),
	(254,1,1,'eustom',4,'2018-12-20 16:49:19'),
	(255,1,1,'c',0,'2018-12-24 16:13:34'),
	(256,1,1,'csh',0,'2018-12-24 16:13:34'),
	(257,1,1,'vig',1,'2018-12-24 16:13:37'),
	(258,1,1,'vigvam',1,'2018-12-24 16:13:38'),
	(259,1,1,'vigvam',1,'2018-12-24 16:13:38'),
	(260,1,1,'lu',0,'2018-12-24 17:13:01'),
	(261,1,1,'lull',0,'2018-12-24 17:13:03'),
	(262,1,1,'lully',0,'2018-12-24 17:13:04'),
	(263,1,1,'lull',0,'2018-12-24 17:13:10'),
	(264,1,1,'lulla',0,'2018-12-24 17:13:11'),
	(265,1,1,'lullab',0,'2018-12-24 17:13:12'),
	(266,1,1,'lullaby',0,'2018-12-24 17:13:12'),
	(267,1,1,'lullaby',0,'2018-12-24 17:13:13'),
	(268,1,1,'Kolybelьnaya',1,'2018-12-24 17:13:53'),
	(269,1,1,'Kolybelьnaya',1,'2018-12-24 17:13:54'),
	(270,1,1,'l',0,'2018-12-24 17:26:29'),
	(271,1,1,'le',0,'2018-12-24 17:26:29'),
	(272,1,1,'leg',1,'2018-12-24 17:26:30'),
	(273,1,1,'l',0,'2018-12-24 18:44:02'),
	(274,1,1,'le',0,'2018-12-24 18:44:02'),
	(275,1,1,'leg',6,'2018-12-24 18:44:05'),
	(276,1,1,'lego',6,'2018-12-24 18:44:05'),
	(277,1,1,'lego',6,'2018-12-24 18:44:05'),
	(278,1,1,'C',0,'2018-12-26 12:45:05'),
	(279,1,1,'Cr',0,'2018-12-26 12:45:05'),
	(280,1,1,'Cre',0,'2018-12-26 12:45:05'),
	(281,1,1,'Crem',0,'2018-12-26 12:45:06'),
	(282,1,1,'Crema',0,'2018-12-26 12:45:08'),
	(283,1,1,'Crema',0,'2018-12-26 12:45:08'),
	(284,1,1,'Kin',2,'2018-12-29 07:12:15'),
	(285,1,1,'Kindwr',0,'2018-12-29 07:12:16'),
	(286,1,1,'Kind',2,'2018-12-29 07:12:17'),
	(287,1,1,'Kinder',1,'2018-12-29 07:12:18'),
	(288,1,1,'Kinder',1,'2018-12-29 07:12:18'),
	(289,1,1,'L',0,'2018-12-29 07:31:30'),
	(290,1,1,'Lu',0,'2018-12-29 07:31:30'),
	(291,1,1,'Lub',0,'2018-12-29 07:31:31'),
	(292,1,1,'Lube',0,'2018-12-29 07:31:31'),
	(293,1,1,'Lubel',0,'2018-12-29 07:31:33'),
	(294,1,1,'Lubelu',0,'2018-12-29 07:31:33'),
	(295,1,1,'Lubelul',0,'2018-12-29 07:31:34'),
	(296,1,1,'Lubeluly',0,'2018-12-29 07:31:34'),
	(297,1,1,'Libelule',0,'2018-12-29 07:31:36'),
	(298,1,1,'Kinder',1,'2018-12-29 16:12:59'),
	(299,1,1,'Kinder',1,'2018-12-29 16:13:01'),
	(300,1,1,'Kinder',1,'2018-12-29 16:13:18'),
	(301,1,1,'t',0,'2019-01-03 14:03:04'),
	(302,1,1,'tyulьpan',2,'2019-01-03 14:03:05'),
	(303,1,1,'tyulьpan',2,'2019-01-03 14:03:05'),
	(304,1,1,'L',0,'2019-01-04 17:55:16'),
	(305,1,1,'Le',0,'2019-01-04 17:55:16'),
	(306,1,1,'Leg',7,'2019-01-04 17:55:17'),
	(307,1,1,'Lego',7,'2019-01-04 17:55:19'),
	(308,1,1,'Lego',7,'2019-01-04 17:55:23'),
	(309,1,1,'Lego',7,'2019-01-04 17:55:55'),
	(310,1,1,'Lego',7,'2019-01-04 17:56:06'),
	(311,1,1,'t',0,'2019-01-05 17:25:48'),
	(312,1,1,'tyult',0,'2019-01-05 17:25:49'),
	(313,1,1,'tyulьpan',3,'2019-01-05 17:25:50'),
	(314,1,1,'tyulьpan',3,'2019-01-05 17:25:52'),
	(315,1,1,'r',0,'2019-01-09 16:22:29'),
	(316,1,1,'ra',0,'2019-01-09 16:22:29'),
	(317,1,1,'ram',1,'2019-01-09 16:22:30'),
	(318,1,1,'ramk',1,'2019-01-09 16:22:30'),
	(319,1,1,'ramka',1,'2019-01-09 16:22:31'),
	(320,1,1,'ramka',1,'2019-01-09 16:22:37'),
	(321,1,1,'ramka',1,'2019-01-09 16:22:37'),
	(322,1,1,'ramka',1,'2019-01-09 16:22:48'),
	(323,1,1,'Cadouri',3,'2019-01-12 20:21:56'),
	(324,1,1,'Cadouri f',3,'2019-01-12 20:21:59'),
	(325,1,1,'Cadouri ',3,'2019-01-12 20:21:59'),
	(326,1,1,'Cadouri fe',3,'2019-01-12 20:21:59'),
	(327,1,1,'Cadouri femei',14,'2019-01-12 20:21:59'),
	(328,1,1,'Cadouri femei',14,'2019-01-12 20:22:00'),
	(329,1,1,'Cadouri femei',14,'2019-01-12 20:22:02'),
	(330,1,1,'Cadouri femei',14,'2019-01-12 20:22:02'),
	(331,1,1,'Cadouri femei',14,'2019-01-12 20:22:03'),
	(332,1,1,'Cadouri femei',14,'2019-01-12 20:22:03'),
	(333,1,1,'Cadouri femei',14,'2019-01-12 20:22:19'),
	(334,1,1,'Blok',7,'2019-01-15 01:21:12'),
	(335,1,1,'Bloknot',7,'2019-01-15 01:21:13'),
	(336,1,1,'Bloknot',7,'2019-01-15 01:21:15'),
	(337,1,1,'Bloknot',7,'2019-01-15 07:43:34'),
	(338,1,1,'ifdshhshh',0,'2019-01-16 16:24:44'),
	(339,1,1,'baloon',0,'2019-01-16 16:24:47'),
	(340,1,1,'baloon',0,'2019-01-16 16:24:47'),
	(341,1,1,'baloons',0,'2019-01-16 16:24:50'),
	(342,1,1,'baloons',0,'2019-01-16 16:24:50'),
	(343,1,1,'baloons',0,'2019-01-16 16:24:56'),
	(344,1,1,'baloons',0,'2019-01-16 16:24:59'),
	(345,1,1,'balloons',1,'2019-01-16 16:25:07'),
	(346,1,1,'balloons',1,'2019-01-16 16:25:07'),
	(347,1,1,'rose020',1,'2019-01-16 19:04:05'),
	(348,1,1,'rose020',1,'2019-01-16 19:04:06'),
	(349,1,1,'rose020',1,'2019-01-16 19:05:30'),
	(350,1,1,'rose021',1,'2019-01-16 19:05:31'),
	(351,1,1,'rose021',1,'2019-01-16 19:05:31'),
	(352,1,1,'https://cadouri.md/ru/rozy/239-secret-garden.html',15,'2019-01-16 19:07:05'),
	(353,1,1,'https://cadouri.md/ru/rozy/239-secret-garden.html',15,'2019-01-16 19:07:08'),
	(354,1,1,'rose021',1,'2019-01-16 19:07:13'),
	(355,1,1,'rose022',1,'2019-01-16 19:07:14'),
	(356,1,1,'rose022',1,'2019-01-16 19:07:14'),
	(357,1,1,'mix001',1,'2019-01-17 13:09:57'),
	(358,1,1,'mix001',1,'2019-01-17 13:09:57'),
	(359,1,1,'mix002',1,'2019-01-17 13:12:52'),
	(360,1,1,'mix002',1,'2019-01-17 13:12:53'),
	(361,1,1,'mix002',1,'2019-01-17 13:13:07'),
	(362,1,1,'mix003',1,'2019-01-17 13:16:14'),
	(363,1,1,'mix003',1,'2019-01-17 13:16:15'),
	(364,1,1,'mix004',1,'2019-01-17 13:18:22'),
	(365,1,1,'mix004',1,'2019-01-17 13:18:23'),
	(366,1,1,'rose023',1,'2019-01-17 13:20:18'),
	(367,1,1,'rose023',1,'2019-01-17 13:20:19'),
	(368,1,1,'mix005',1,'2019-01-17 13:22:54'),
	(369,1,1,'mix005',1,'2019-01-17 13:22:54'),
	(370,1,1,'mix008',1,'2019-01-17 16:56:46'),
	(371,1,1,'mix008',1,'2019-01-17 16:56:46'),
	(372,1,1,'mix006',1,'2019-01-17 17:04:24'),
	(373,1,1,'mix006',1,'2019-01-17 17:04:25'),
	(374,1,1,'mix007',1,'2019-01-17 17:08:54'),
	(375,1,1,'mix007',1,'2019-01-17 17:08:54'),
	(376,1,1,'mix007',1,'2019-01-17 17:13:10'),
	(377,1,1,'mix007',1,'2019-01-17 17:13:12'),
	(378,1,1,'mix0',26,'2019-01-17 17:13:15'),
	(379,1,1,'mix010',1,'2019-01-17 17:13:16'),
	(380,1,1,'https://cadouri.md/ru/cvety/56-ocharovan-toboj.html',49,'2019-01-17 17:13:38'),
	(381,1,1,'mix010',1,'2019-01-17 17:13:47'),
	(382,1,1,'mix0',26,'2019-01-17 17:13:48'),
	(383,1,1,'mix009',1,'2019-01-17 17:13:49'),
	(384,1,1,'mix009',1,'2019-01-17 17:13:49'),
	(385,1,1,'mix010',1,'2019-01-17 17:16:57'),
	(386,1,1,'mix010',1,'2019-01-17 17:16:57'),
	(387,1,1,'mix011',1,'2019-01-17 17:21:43'),
	(388,1,1,'mix011',1,'2019-01-17 17:21:43'),
	(389,1,1,'mix013',1,'2019-01-17 17:28:15'),
	(390,1,1,'mix013',1,'2019-01-17 17:28:15'),
	(391,1,1,'swee',20,'2019-01-17 17:51:29'),
	(392,1,1,'sweet',20,'2019-01-17 17:51:36'),
	(393,1,1,'sweet ',20,'2019-01-17 17:51:36'),
	(394,1,1,'sweet s',20,'2019-01-17 17:51:37'),
	(395,1,1,'sweet st',20,'2019-01-17 17:51:37'),
	(396,1,1,'sweet story',20,'2019-01-17 17:51:38'),
	(397,1,1,'sweet story',20,'2019-01-17 17:51:38'),
	(398,1,1,'Sweet Story',20,'2019-01-17 17:53:37'),
	(399,1,1,'Sweet Story',20,'2019-01-17 17:53:38'),
	(400,1,1,'Sweet Story',20,'2019-01-17 17:53:57'),
	(401,1,1,'mix015',1,'2019-01-17 19:10:52'),
	(402,1,1,'mix015',1,'2019-01-17 19:10:52'),
	(403,1,1,'Krem bryule',4,'2019-01-17 19:20:18'),
	(404,1,1,'Krem bryule',4,'2019-01-17 19:20:20'),
	(405,1,1,'mix017',1,'2019-01-17 19:27:42'),
	(406,1,1,'Ceai',3,'2019-01-18 12:50:15'),
	(407,1,1,'Ceas ',0,'2019-01-18 12:50:16'),
	(408,1,1,'Ceas l',0,'2019-01-18 12:50:18'),
	(409,1,1,'Ceas lo',0,'2019-01-18 12:50:19'),
	(410,1,1,'Ceas lov',4,'2019-01-18 12:50:20'),
	(411,1,1,'Ceas lovare',2,'2019-01-18 12:50:21'),
	(412,1,1,'Ceas lovare',2,'2019-01-18 12:50:21'),
	(413,1,1,'mix024',1,'2019-01-18 15:00:19'),
	(414,1,1,'mix024',1,'2019-01-18 15:00:20'),
	(415,1,1,'mix024',1,'2019-01-18 15:02:12'),
	(416,1,1,'mix023',1,'2019-01-18 15:02:13'),
	(417,1,1,'mix023',1,'2019-01-18 15:02:14'),
	(418,1,1,'mix025',1,'2019-01-18 15:08:20'),
	(419,1,1,'mix025',1,'2019-01-18 15:08:20'),
	(420,1,1,'mix026',1,'2019-01-18 15:10:27'),
	(421,1,1,'mix026',1,'2019-01-18 15:10:27'),
	(422,1,1,'mix026',1,'2019-01-18 15:18:36'),
	(423,1,1,'mix027',1,'2019-01-18 15:18:37'),
	(424,1,1,'mix027',1,'2019-01-18 15:18:37'),
	(425,1,1,'mix028',2,'2019-01-18 15:22:46'),
	(426,1,1,'mix028',2,'2019-01-18 15:22:47'),
	(427,1,1,'Mix029',2,'2019-01-18 15:25:12'),
	(428,1,1,'Mix029',2,'2019-01-18 15:25:13'),
	(429,1,1,'Mix029',2,'2019-01-18 15:25:23'),
	(430,1,1,'Mix030',2,'2019-01-18 15:27:30'),
	(431,1,1,'Mix030',2,'2019-01-18 15:27:31'),
	(432,1,1,'		 		 		 		 		',0,'2019-01-18 15:30:51'),
	(433,1,1,'di',0,'2019-01-18 15:30:53'),
	(434,1,1,'l',0,'2019-01-18 15:30:56'),
	(435,1,1,'dim',0,'2019-01-18 15:30:58'),
	(436,1,1,'dip',1,'2019-01-18 15:30:59'),
	(437,1,1,'diplo',1,'2019-01-18 15:31:00'),
	(438,1,1,'Mix032',1,'2019-01-18 15:37:14'),
	(439,1,1,'Mix032',1,'2019-01-18 15:37:15'),
	(440,1,1,'hat001',1,'2019-01-18 15:50:42'),
	(441,1,1,'hat001',1,'2019-01-18 15:50:42'),
	(442,1,1,'hat002',1,'2019-01-18 15:54:33'),
	(443,1,1,'hat002',1,'2019-01-18 15:54:34'),
	(444,1,1,'hat003',1,'2019-01-18 16:00:07'),
	(445,1,1,'hat003',1,'2019-01-18 16:00:07'),
	(446,1,1,'hat004',1,'2019-01-18 16:05:34'),
	(447,1,1,'hat004',1,'2019-01-18 16:05:35'),
	(448,1,1,'hat005',1,'2019-01-18 17:22:16'),
	(449,1,1,'hat005',1,'2019-01-18 17:22:16'),
	(450,1,1,'hat005',1,'2019-01-18 17:47:45'),
	(451,1,1,'hat006',1,'2019-01-18 17:47:46'),
	(452,1,1,'hat006',1,'2019-01-18 17:47:46'),
	(453,1,1,'hat007',1,'2019-01-18 17:52:29'),
	(454,1,1,'hat008',1,'2019-01-18 17:52:31'),
	(455,1,1,'hat008',1,'2019-01-18 17:52:31'),
	(456,1,1,'hat007',1,'2019-01-18 17:52:36'),
	(457,1,1,'hat007',1,'2019-01-18 17:52:36'),
	(458,1,1,'hat007',1,'2019-01-18 18:04:54'),
	(459,1,1,'hat008',1,'2019-01-18 18:04:55'),
	(460,1,1,'hat008',1,'2019-01-18 18:04:55'),
	(461,1,1,'hat009',1,'2019-01-18 18:09:51'),
	(462,1,1,'hat009',1,'2019-01-18 18:09:51'),
	(463,1,1,'hat010',1,'2019-01-18 18:16:42'),
	(464,1,1,'hat011',1,'2019-01-18 18:32:11'),
	(465,1,1,'hat011',1,'2019-01-18 18:32:11'),
	(466,1,1,'hat011',1,'2019-01-18 18:47:35'),
	(467,1,1,'hat01',3,'2019-01-18 18:47:36'),
	(468,1,1,'hat013',1,'2019-01-18 18:47:36'),
	(469,1,1,'hat013',1,'2019-01-18 18:47:36'),
	(470,1,1,'mono001',1,'2019-01-18 19:12:04'),
	(471,1,1,'mono002',1,'2019-01-18 19:19:42'),
	(472,1,1,'mono002',1,'2019-01-18 19:19:42'),
	(473,1,1,'mono003',1,'2019-01-18 19:23:15'),
	(474,1,1,'mono003',1,'2019-01-18 19:23:15'),
	(475,1,1,'485	1115,5	630,5',0,'2019-01-18 19:28:13'),
	(476,1,1,'mono003',1,'2019-01-18 19:28:17'),
	(477,1,1,'mono004',1,'2019-01-18 19:28:18'),
	(478,1,1,'mono004',1,'2019-01-18 19:28:18'),
	(479,1,1,'mono005',1,'2019-01-18 19:33:14'),
	(480,1,1,'mono005',1,'2019-01-18 19:33:15'),
	(481,1,1,'mono005',1,'2019-01-18 19:36:35'),
	(482,1,1,'mono006',1,'2019-01-18 19:36:36'),
	(483,1,1,'mono006',1,'2019-01-18 19:36:36'),
	(484,1,1,'Fr',0,'2019-01-20 02:30:43'),
	(485,1,1,'Fre',1,'2019-01-20 02:30:44'),
	(486,1,1,'Frez',0,'2019-01-20 02:30:44'),
	(487,1,1,'Frezii',0,'2019-01-20 02:30:45'),
	(488,1,1,'Frezii',0,'2019-01-20 02:30:46'),
	(489,1,1,'Fre',4,'2019-01-20 15:16:52'),
	(490,1,1,'Frez',0,'2019-01-20 15:16:53'),
	(491,1,1,'Frezuu',0,'2019-01-20 15:16:53'),
	(492,1,1,'Frez',0,'2019-01-20 15:16:55'),
	(493,1,1,'Ro',0,'2019-01-20 15:16:58'),
	(494,1,1,'Roses',63,'2019-01-20 15:16:58'),
	(495,1,1,'Roșea',0,'2019-01-20 15:17:02'),
	(496,1,1,'Roșe',63,'2019-01-20 15:17:09'),
	(497,1,1,'R',0,'2019-01-20 15:17:14'),
	(498,1,1,'Ro',0,'2019-01-20 15:17:15'),
	(499,1,1,'Roses',63,'2019-01-20 15:17:15'),
	(500,1,1,'Roses',63,'2019-01-20 15:17:16'),
	(501,1,1,'Smart tv',0,'2019-01-20 19:02:06'),
	(502,1,1,'Smart tv',0,'2019-01-20 19:02:06'),
	(503,1,1,'Smart t',0,'2019-01-20 19:02:18'),
	(504,1,1,'T',0,'2019-01-20 19:02:19'),
	(505,1,1,'Tv',0,'2019-01-20 19:02:20'),
	(506,1,1,'Tv',0,'2019-01-20 19:02:20'),
	(507,1,1,'Tv',0,'2019-01-20 19:02:55'),
	(508,1,1,'Sm',0,'2019-01-20 19:03:02'),
	(509,1,1,'Sa',0,'2019-01-20 19:03:03'),
	(510,1,1,'Sams',0,'2019-01-20 19:03:04'),
	(511,1,1,'Samsun',0,'2019-01-20 19:03:05'),
	(512,1,1,'Samsung',0,'2019-01-20 19:03:05'),
	(513,1,1,'Samsung',0,'2019-01-20 19:03:06'),
	(514,1,1,'Tv',0,'2019-01-20 19:05:17'),
	(515,1,1,'10',0,'2019-01-21 16:25:39'),
	(516,1,1,'101 ',4,'2019-01-21 16:25:39'),
	(517,1,1,'101 roa',4,'2019-01-21 16:25:40'),
	(518,1,1,'101 ro',4,'2019-01-21 16:25:41'),
	(519,1,1,'101 roa',4,'2019-01-21 16:25:41'),
	(520,1,1,'101 roshha',4,'2019-01-21 16:25:42'),
	(521,1,1,'101 roza',60,'2019-01-21 16:25:43'),
	(522,1,1,'101 roza',60,'2019-01-21 16:25:43'),
	(523,1,1,'101',4,'2019-01-21 16:25:53'),
	(524,1,1,'101',4,'2019-01-21 16:25:53'),
	(525,1,1,'101',4,'2019-01-21 16:26:06'),
	(526,1,1,'Buchete Pentru Barbați',0,'2019-01-21 16:36:59'),
	(527,1,1,'Buchete Pentru Barbați',0,'2019-01-21 16:37:00'),
	(528,1,1,'Buchete Pentru Barbați',55,'2019-01-21 16:37:04'),
	(529,1,1,'Buchete Pentru Barbați',55,'2019-01-21 16:37:09'),
	(530,1,1,'Buchete Pentru Barba',69,'2019-01-21 16:37:09'),
	(531,1,1,'Buchete Pentru Barba',69,'2019-01-21 16:37:12'),
	(532,1,1,'Buchete Pentru Barba',69,'2019-01-21 16:37:16'),
	(533,1,1,'Buchete Pentru Barba',69,'2019-01-21 16:37:25'),
	(534,1,1,'Mix033',1,'2019-01-21 16:45:00'),
	(535,1,1,'Mix033',1,'2019-01-21 16:45:00'),
	(536,1,1,'Mix034',1,'2019-01-21 16:54:21'),
	(537,1,1,'rose025',1,'2019-01-21 16:57:20'),
	(538,1,1,'rose025',1,'2019-01-21 16:57:20'),
	(539,1,1,'https://cadouri.md/ru/rozy/261-15-red-roses.html',16,'2019-01-21 16:58:31'),
	(540,1,1,'rose026',0,'2019-01-21 16:58:40'),
	(541,1,1,'rose026',0,'2019-01-21 16:58:40'),
	(542,1,1,'rose026',1,'2019-01-21 16:58:53'),
	(543,1,1,'rose026',1,'2019-01-21 16:58:54'),
	(544,1,1,'Mix008',1,'2019-01-22 15:35:39'),
	(545,1,1,'Mix008',1,'2019-01-22 15:35:39'),
	(546,1,1,'mi',0,'2019-01-22 16:46:21'),
	(547,1,1,'mix',27,'2019-01-22 16:46:22'),
	(548,1,1,'mix008',1,'2019-01-22 16:46:23'),
	(549,1,1,'mix008',1,'2019-01-22 16:46:23'),
	(550,1,1,'d',0,'2019-01-24 16:57:15'),
	(551,1,1,'diaper',2,'2019-01-24 16:57:16'),
	(552,1,1,'diaper ',2,'2019-01-24 16:57:16'),
	(553,1,1,'Ceas lovare',2,'2019-01-24 18:01:20'),
	(554,1,1,'Australiam White',2,'2019-01-24 22:17:51'),
	(555,1,1,'Australiam White',2,'2019-01-24 22:17:54'),
	(556,1,1,'Diaper Cake',2,'2019-01-25 11:12:24'),
	(557,1,1,'Diaper Cake',2,'2019-01-25 11:12:25'),
	(558,1,1,'Diaper Cake',2,'2019-01-25 11:12:38'),
	(559,1,1,'felicitar',133,'2019-01-25 11:15:10'),
	(560,1,1,'felicitare',1,'2019-01-25 11:15:10'),
	(561,1,1,'a',0,'2019-01-27 16:34:03'),
	(562,1,1,'a',0,'2019-01-27 16:34:06'),
	(563,1,1,'flo',64,'2019-01-27 16:34:14'),
	(564,1,1,'flori',64,'2019-01-27 16:34:14'),
	(565,1,1,'flori ',64,'2019-01-27 16:34:15'),
	(566,1,1,'flori p',64,'2019-01-27 16:34:16'),
	(567,1,1,'flori pe',64,'2019-01-27 16:34:17'),
	(568,1,1,'flori pen',90,'2019-01-27 16:34:18'),
	(569,1,1,'flori pentr',89,'2019-01-27 16:34:20'),
	(570,1,1,'flori pentru',89,'2019-01-27 16:34:20'),
	(571,1,1,'flori pentru ',89,'2019-01-27 16:34:21'),
	(572,1,1,'flori pentru var',90,'2019-01-27 16:34:24'),
	(573,1,1,'flori pentru varsa',89,'2019-01-27 16:34:27'),
	(574,1,1,'flori pentru varsat',89,'2019-01-27 16:34:27'),
	(575,1,1,'flori pentru varsato',89,'2019-01-27 16:34:28'),
	(576,1,1,'flori pentru varsator',89,'2019-01-27 16:34:28'),
	(577,1,1,'flori pentru varsatori',89,'2019-01-27 16:34:30'),
	(578,1,1,'flori pentru varsatori',89,'2019-01-27 16:34:31'),
	(579,1,1,'Ramk',0,'2019-01-27 19:47:51'),
	(580,1,1,'Ramka',0,'2019-01-27 19:47:53'),
	(581,1,1,'Ramka',0,'2019-01-27 19:47:53'),
	(582,1,1,'P',0,'2019-01-27 19:48:07'),
	(583,1,1,'Ph',0,'2019-01-27 19:48:08'),
	(584,1,1,'Pho',0,'2019-01-27 19:48:08'),
	(585,1,1,'Photo',0,'2019-01-27 19:48:09'),
	(586,1,1,'Photo',0,'2019-01-27 19:48:09'),
	(587,1,1,'Phot',0,'2019-01-27 19:48:19'),
	(588,1,1,'Foto',0,'2019-01-27 19:48:21'),
	(589,1,1,'Foto',0,'2019-01-27 19:48:21'),
	(590,1,1,'Photo',0,'2019-01-27 19:48:26'),
	(591,1,1,'Ramka',0,'2019-01-27 19:48:28'),
	(592,1,1,'ram',1,'2019-01-28 14:26:08'),
	(593,1,1,'rame',0,'2019-01-28 14:26:08'),
	(594,1,1,'rame',0,'2019-01-28 14:26:08'),
	(595,1,1,'Mix035',1,'2019-01-28 18:44:35'),
	(596,1,1,'Mix035',1,'2019-01-28 18:44:35'),
	(597,1,1,'Photo',0,'2019-01-28 22:41:05'),
	(598,1,1,'dsdasd',0,'2019-02-28 09:53:53'),
	(599,1,1,'asd',0,'2019-03-29 08:38:13');

/*!40000 ALTER TABLE `ps_statssearch` ENABLE KEYS */;
UNLOCK TABLES;


# Дамп таблицы ps_stock
# ------------------------------------------------------------

DROP TABLE IF EXISTS `ps_stock`;

CREATE TABLE `ps_stock` (
  `id_stock` int(11) unsigned NOT NULL AUTO_INCREMENT,
  `id_warehouse` int(11) unsigned NOT NULL,
  `id_product` int(11) unsigned NOT NULL,
  `id_product_attribute` int(11) unsigned NOT NULL,
  `reference` varchar(32) NOT NULL,
  `ean13` varchar(13) DEFAULT NULL,
  `isbn` varchar(32) DEFAULT NULL,
  `upc` varchar(12) DEFAULT NULL,
  `physical_quantity` int(11) unsigned NOT NULL,
  `usable_quantity` int(11) unsigned NOT NULL,
  `price_te` decimal(20,6) DEFAULT '0.000000',
  PRIMARY KEY (`id_stock`),
  KEY `id_warehouse` (`id_warehouse`),
  KEY `id_product` (`id_product`),
  KEY `id_product_attribute` (`id_product_attribute`)
) ENGINE=InnoDB DEFAULT CHARSET=utf8;



# Дамп таблицы ps_stock_available
# ------------------------------------------------------------

DROP TABLE IF EXISTS `ps_stock_available`;

CREATE TABLE `ps_stock_available` (
  `id_stock_available` int(11) unsigned NOT NULL AUTO_INCREMENT,
  `id_product` int(11) unsigned NOT NULL,
  `id_product_attribute` int(11) unsigned NOT NULL,
  `id_shop` int(11) unsigned NOT NULL,
  `id_shop_group` int(11) unsigned NOT NULL,
  `quantity` int(10) NOT NULL DEFAULT '0',
  `physical_quantity` int(11) NOT NULL DEFAULT '0',
  `reserved_quantity` int(11) NOT NULL DEFAULT '0',
  `depends_on_stock` tinyint(1) unsigned NOT NULL DEFAULT '0',
  `out_of_stock` tinyint(1) unsigned NOT NULL DEFAULT '0',
  `location` varchar(255) NOT NULL DEFAULT '',
  PRIMARY KEY (`id_stock_available`),
  UNIQUE KEY `product_sqlstock` (`id_product`,`id_product_attribute`,`id_shop`,`id_shop_group`),
  KEY `id_shop` (`id_shop`),
  KEY `id_shop_group` (`id_shop_group`),
  KEY `id_product` (`id_product`),
  KEY `id_product_attribute` (`id_product_attribute`)
) ENGINE=InnoDB DEFAULT CHARSET=utf8;

LOCK TABLES `ps_stock_available` WRITE;
/*!40000 ALTER TABLE `ps_stock_available` DISABLE KEYS */;

INSERT INTO `ps_stock_available` (`id_stock_available`, `id_product`, `id_product_attribute`, `id_shop`, `id_shop_group`, `quantity`, `physical_quantity`, `reserved_quantity`, `depends_on_stock`, `out_of_stock`, `location`)
VALUES
	(59,20,0,1,0,13,13,0,0,0,''),
	(60,21,0,1,0,10,10,0,0,0,''),
	(69,23,0,1,0,10,10,0,0,0,''),
	(71,25,0,1,0,10,10,0,0,0,''),
	(74,28,0,1,0,10,10,0,0,0,''),
	(75,29,0,1,0,9,10,1,0,0,''),
	(78,32,0,1,0,10,10,0,0,0,''),
	(79,33,0,1,0,10,10,0,0,0,''),
	(81,35,0,1,0,20,20,0,0,0,''),
	(82,36,0,1,0,20,20,0,0,0,''),
	(84,38,0,1,0,20,20,0,0,0,''),
	(85,39,0,1,0,20,20,0,0,0,''),
	(86,40,0,1,0,20,20,0,0,0,''),
	(87,41,0,1,0,20,20,0,0,0,''),
	(88,42,0,1,0,20,20,0,0,0,''),
	(89,43,0,1,0,20,20,0,0,0,''),
	(90,44,0,1,0,20,20,0,0,0,''),
	(91,45,0,1,0,20,20,0,0,0,''),
	(93,47,0,1,0,19,20,1,0,0,''),
	(94,48,0,1,0,10,10,0,0,0,''),
	(95,49,0,1,0,10,10,0,0,0,''),
	(97,51,0,1,0,10,10,0,0,0,''),
	(98,52,0,1,0,20,20,0,0,0,''),
	(99,53,0,1,0,10,10,0,0,0,''),
	(100,54,0,1,0,10,10,0,0,0,''),
	(101,55,0,1,0,10,10,0,0,0,''),
	(102,56,0,1,0,10,10,0,0,0,''),
	(103,57,0,1,0,20,20,0,0,0,''),
	(104,58,0,1,0,0,1,1,0,0,''),
	(105,59,0,1,0,5,5,0,0,0,''),
	(106,60,0,1,0,5,6,1,0,0,''),
	(107,61,0,1,0,5,5,0,0,0,''),
	(108,62,0,1,0,6,6,0,0,0,''),
	(109,63,0,1,0,5,5,0,0,0,''),
	(110,64,0,1,0,0,1,1,0,0,''),
	(111,65,0,1,0,5,5,0,0,0,''),
	(112,66,0,1,0,5,5,0,0,0,''),
	(113,67,0,1,0,5,5,0,0,0,''),
	(114,68,0,1,0,50,50,0,0,0,''),
	(115,69,0,1,0,10,10,0,0,0,''),
	(116,70,0,1,0,10,10,0,0,0,''),
	(117,71,0,1,0,20,20,0,0,0,''),
	(118,72,0,1,0,10,10,0,0,0,''),
	(119,73,0,1,0,10,10,0,0,0,''),
	(120,74,0,1,0,10,10,0,0,0,''),
	(121,75,0,1,0,50,50,0,0,0,''),
	(124,78,0,1,0,50,50,0,0,0,''),
	(125,79,0,1,0,20,20,0,0,0,''),
	(126,80,0,1,0,20,20,0,0,0,''),
	(127,81,0,1,0,20,20,0,0,0,''),
	(128,82,0,1,0,20,20,0,0,0,''),
	(129,83,0,1,0,20,20,0,0,0,''),
	(130,84,0,1,0,20,20,0,0,0,''),
	(131,85,0,1,0,20,20,0,0,0,''),
	(132,86,0,1,0,20,20,0,0,0,''),
	(133,87,0,1,0,20,20,0,0,0,''),
	(134,88,0,1,0,20,20,0,0,0,''),
	(135,89,0,1,0,20,20,0,0,0,''),
	(136,90,0,1,0,20,20,0,0,0,''),
	(137,91,0,1,0,20,20,0,0,0,''),
	(138,92,0,1,0,19,20,1,0,0,''),
	(139,93,0,1,0,20,20,0,0,0,''),
	(140,94,0,1,0,10,10,0,0,0,''),
	(141,95,0,1,0,10,10,0,0,0,''),
	(142,96,0,1,0,10,10,0,0,0,''),
	(143,97,0,1,0,10,10,0,0,0,''),
	(144,98,0,1,0,9,10,1,0,0,''),
	(145,99,0,1,0,10,10,0,0,0,''),
	(146,100,0,1,0,10,10,0,0,0,''),
	(147,101,0,1,0,10,10,0,0,0,''),
	(148,102,0,1,0,10,10,0,0,0,''),
	(149,103,0,1,0,10,10,0,0,0,''),
	(150,104,0,1,0,10,10,0,0,0,''),
	(155,109,0,1,0,149,149,0,0,0,''),
	(156,1,0,1,0,0,0,0,0,0,''),
	(157,2,0,1,0,0,0,0,0,0,''),
	(158,3,0,1,0,0,0,0,0,0,''),
	(159,10,0,1,0,0,0,0,0,0,''),
	(160,4,0,1,0,0,0,0,0,0,''),
	(161,11,0,1,0,0,0,0,0,0,''),
	(162,18,0,1,0,0,0,0,0,0,''),
	(163,9,0,1,0,0,0,0,0,0,''),
	(164,5,0,1,0,0,0,0,0,0,''),
	(165,17,0,1,0,0,0,0,0,0,''),
	(166,16,0,1,0,0,0,0,0,0,''),
	(167,110,0,1,0,9,10,1,0,0,''),
	(169,112,0,1,0,5,5,0,0,0,''),
	(170,113,0,1,0,0,0,0,0,0,''),
	(171,114,0,1,0,0,0,0,0,0,''),
	(172,115,0,1,0,0,0,0,0,0,''),
	(173,116,0,1,0,10,10,0,0,0,''),
	(174,117,0,1,0,10,10,0,0,0,''),
	(175,118,0,1,0,10,10,0,0,0,''),
	(176,119,0,1,0,10,10,0,0,0,''),
	(177,120,0,1,0,8,8,0,0,0,''),
	(178,121,0,1,0,8,10,2,0,0,''),
	(179,122,0,1,0,10,10,0,0,0,''),
	(180,123,0,1,0,9,10,1,0,0,''),
	(181,124,0,1,0,9,10,1,0,0,''),
	(182,125,0,1,0,10,10,0,0,0,''),
	(183,126,0,1,0,10,10,0,0,0,''),
	(184,127,0,1,0,10,10,0,0,0,''),
	(186,109,1,1,0,50,50,0,0,0,''),
	(187,109,2,1,0,50,50,0,0,0,''),
	(188,109,3,1,0,49,50,1,0,0,''),
	(189,128,0,1,0,10,10,0,0,2,''),
	(190,129,0,1,0,9,10,1,0,2,''),
	(191,130,0,1,0,10,10,0,0,2,''),
	(192,131,0,1,0,3,3,0,0,2,''),
	(193,132,0,1,0,3,3,0,0,2,''),
	(194,133,0,1,0,3,3,0,0,2,''),
	(195,134,0,1,0,3,3,0,0,2,''),
	(196,135,0,1,0,3,3,0,0,2,''),
	(197,136,0,1,0,3,3,0,0,2,''),
	(198,137,0,1,0,10,10,0,0,2,''),
	(199,138,0,1,0,10,10,0,0,2,''),
	(200,139,0,1,0,10,10,0,0,2,''),
	(201,140,0,1,0,10,10,0,0,2,''),
	(202,141,0,1,0,10,10,0,0,2,''),
	(203,142,0,1,0,10,10,0,0,2,''),
	(204,143,0,1,0,10,10,0,0,2,''),
	(205,144,0,1,0,4,4,0,0,2,''),
	(206,144,4,1,0,2,2,0,0,2,''),
	(207,144,5,1,0,1,1,0,0,2,''),
	(208,144,6,1,0,1,1,0,0,2,''),
	(209,145,0,1,0,5,5,0,0,2,''),
	(210,145,7,1,0,1,1,0,0,2,''),
	(211,145,8,1,0,2,2,0,0,2,''),
	(212,145,9,1,0,2,2,0,0,2,''),
	(213,146,0,1,0,3,3,0,0,2,''),
	(214,146,10,1,0,1,1,0,0,2,''),
	(215,146,11,1,0,2,2,0,0,2,''),
	(216,146,12,1,0,0,0,0,0,2,''),
	(217,147,0,1,0,5,5,0,0,2,''),
	(218,148,0,1,0,4,4,0,0,2,''),
	(219,149,0,1,0,5,5,0,0,2,''),
	(220,150,0,1,0,5,5,0,0,2,''),
	(221,151,0,1,0,3,3,0,0,2,''),
	(222,152,0,1,0,9,9,0,0,2,''),
	(223,148,13,1,0,1,1,0,0,2,''),
	(224,148,14,1,0,1,1,0,0,2,''),
	(225,148,15,1,0,2,2,0,0,2,''),
	(226,147,16,1,0,2,2,0,0,2,''),
	(227,147,17,1,0,2,2,0,0,2,''),
	(228,147,18,1,0,1,1,0,0,2,''),
	(229,151,19,1,0,2,2,0,0,2,''),
	(230,151,20,1,0,0,0,0,0,2,''),
	(231,151,21,1,0,1,1,0,0,2,''),
	(232,153,0,1,0,3,4,1,0,2,''),
	(233,154,0,1,0,10,10,0,0,2,''),
	(234,155,0,1,0,10,10,0,0,2,''),
	(235,156,0,1,0,10,10,0,0,2,''),
	(236,157,0,1,0,8,10,2,0,2,''),
	(237,158,0,1,0,10,10,0,0,2,''),
	(238,152,22,1,0,2,2,0,0,2,''),
	(239,152,23,1,0,2,2,0,0,2,''),
	(240,152,24,1,0,5,5,0,0,2,''),
	(241,159,0,1,0,10,10,0,0,2,''),
	(242,150,25,1,0,2,2,0,0,2,''),
	(243,150,26,1,0,2,2,0,0,2,''),
	(244,150,27,1,0,1,1,0,0,2,''),
	(245,149,28,1,0,2,2,0,0,2,''),
	(246,149,29,1,0,2,2,0,0,2,''),
	(247,149,30,1,0,1,1,0,0,2,''),
	(249,161,0,1,0,10,10,0,0,2,''),
	(250,162,0,1,0,10,10,0,0,2,''),
	(251,163,0,1,0,10,10,0,0,2,''),
	(252,164,0,1,0,9,10,1,0,2,''),
	(254,166,0,1,0,9,10,1,0,2,''),
	(255,167,0,1,0,10,10,0,0,2,''),
	(257,169,0,1,0,10,10,0,0,2,''),
	(258,170,0,1,0,8,10,2,0,2,''),
	(259,171,0,1,0,10,10,0,0,2,''),
	(261,173,0,1,0,10,10,0,0,2,''),
	(262,174,0,1,0,10,10,0,0,2,''),
	(263,175,0,1,0,7,10,3,0,2,''),
	(264,176,0,1,0,1,5,4,0,2,''),
	(265,177,0,1,0,10,10,0,0,2,''),
	(268,180,0,1,0,10,10,0,0,2,''),
	(270,182,0,1,0,10,10,0,0,2,''),
	(271,183,0,1,0,10,10,0,0,2,''),
	(272,184,0,1,0,10,10,0,0,2,''),
	(273,185,0,1,0,10,10,0,0,2,''),
	(275,187,0,1,0,9,10,1,0,2,''),
	(276,188,0,1,0,3,3,0,0,2,''),
	(278,190,0,1,0,10,13,3,0,2,''),
	(279,191,0,1,0,10,10,0,0,2,''),
	(280,192,0,1,0,30,32,2,0,2,''),
	(282,194,0,1,0,10,10,0,0,2,''),
	(283,195,0,1,0,10,10,0,0,2,''),
	(284,196,0,1,0,9,10,1,0,2,''),
	(286,198,0,1,0,2,2,0,0,2,''),
	(288,200,0,1,0,0,1,1,0,2,''),
	(290,202,0,1,0,9,10,1,0,2,''),
	(292,204,0,1,0,10,10,0,0,2,''),
	(293,205,0,1,0,10,10,0,0,2,''),
	(294,206,0,1,0,10,10,0,0,2,''),
	(295,207,0,1,0,10,10,0,0,2,''),
	(296,208,0,1,0,10,10,0,0,2,''),
	(297,209,0,1,0,10,10,0,0,2,''),
	(298,210,0,1,0,10,10,0,0,2,''),
	(300,212,0,1,0,10,10,0,0,2,''),
	(301,213,0,1,0,10,10,0,0,2,''),
	(302,214,0,1,0,10,10,0,0,2,''),
	(303,215,0,1,0,10,10,0,0,2,''),
	(304,216,0,1,0,2,2,0,0,2,''),
	(306,218,0,1,0,10,10,0,0,2,''),
	(307,219,0,1,0,10,10,0,0,2,''),
	(309,221,0,1,0,9,10,1,0,2,''),
	(310,222,0,1,0,10,10,0,0,2,''),
	(311,223,0,1,0,10,10,0,0,2,''),
	(312,224,0,1,0,40,40,0,0,2,''),
	(313,225,0,1,0,10,10,0,0,2,''),
	(314,226,0,1,0,10,10,0,0,2,''),
	(315,227,0,1,0,10,10,0,0,2,''),
	(316,228,0,1,0,5,5,0,0,2,''),
	(317,229,0,1,0,5,5,0,0,2,''),
	(318,230,0,1,0,5,5,0,0,2,''),
	(319,231,0,1,0,5,5,0,0,2,''),
	(320,232,0,1,0,5,5,0,0,2,''),
	(321,233,0,1,0,10,10,0,0,2,''),
	(322,234,0,1,0,80,80,0,0,2,''),
	(323,235,0,1,0,79,79,0,0,2,''),
	(324,236,0,1,0,80,80,0,0,2,''),
	(325,236,31,1,0,10,10,0,0,2,''),
	(326,236,32,1,0,10,10,0,0,2,''),
	(327,236,33,1,0,10,10,0,0,2,''),
	(328,236,34,1,0,10,10,0,0,2,''),
	(330,236,36,1,0,10,10,0,0,2,''),
	(331,236,37,1,0,10,10,0,0,2,''),
	(332,236,38,1,0,10,10,0,0,2,''),
	(333,236,39,1,0,10,10,0,0,2,''),
	(334,235,40,1,0,10,10,0,0,2,''),
	(335,235,41,1,0,10,10,0,0,2,''),
	(336,235,42,1,0,10,10,0,0,2,''),
	(337,235,43,1,0,10,10,0,0,2,''),
	(338,235,44,1,0,10,10,0,0,2,''),
	(339,235,45,1,0,10,10,0,0,2,''),
	(340,235,46,1,0,9,10,1,0,2,''),
	(341,235,47,1,0,10,10,0,0,2,''),
	(342,234,48,1,0,10,10,0,0,2,''),
	(343,234,49,1,0,10,10,0,0,2,''),
	(344,234,50,1,0,10,10,0,0,2,''),
	(345,234,51,1,0,10,10,0,0,2,''),
	(346,234,52,1,0,10,10,0,0,2,''),
	(347,234,53,1,0,10,10,0,0,2,''),
	(348,234,54,1,0,10,10,0,0,2,''),
	(349,234,55,1,0,10,10,0,0,2,''),
	(350,237,0,1,0,10,10,0,0,2,''),
	(351,238,0,1,0,10,10,0,0,2,''),
	(352,239,0,1,0,10,10,0,0,2,''),
	(353,240,0,1,0,10,10,0,0,2,''),
	(354,241,0,1,0,29,29,0,0,2,''),
	(355,242,0,1,0,10,10,0,0,2,''),
	(356,243,0,1,0,9,10,1,0,2,''),
	(357,244,0,1,0,10,10,0,0,2,''),
	(358,245,0,1,0,40,40,0,0,2,''),
	(359,246,0,1,0,40,40,0,0,2,''),
	(360,247,0,1,0,30,30,0,0,2,''),
	(361,248,0,1,0,10,10,0,0,2,''),
	(362,249,0,1,0,10,10,0,0,2,''),
	(363,250,0,1,0,10,10,0,0,2,''),
	(364,251,0,1,0,29,29,0,0,2,''),
	(365,251,56,1,0,9,10,1,0,2,''),
	(366,251,57,1,0,10,10,0,0,2,''),
	(367,251,58,1,0,10,10,0,0,2,''),
	(368,252,0,1,0,11,11,0,0,2,''),
	(369,253,0,1,0,10,10,0,0,2,''),
	(370,254,0,1,0,10,10,0,0,2,''),
	(371,255,0,1,0,10,10,0,0,2,''),
	(372,256,0,1,0,10,10,0,0,2,''),
	(373,257,0,1,0,10,10,0,0,2,''),
	(374,258,0,1,0,10,10,0,0,2,''),
	(375,259,0,1,0,10,10,0,0,2,''),
	(377,261,0,1,0,10,10,0,0,2,''),
	(379,263,0,1,0,10,10,0,0,2,''),
	(380,264,0,1,0,10,10,0,0,2,''),
	(382,266,0,1,0,10,10,0,0,2,''),
	(383,267,0,1,0,150,150,0,0,2,''),
	(384,268,0,1,0,119,119,0,0,2,''),
	(385,268,59,1,0,10,10,0,0,2,''),
	(386,268,60,1,0,10,10,0,0,2,''),
	(387,268,61,1,0,10,10,0,0,2,''),
	(388,268,62,1,0,10,10,0,0,2,''),
	(389,268,63,1,0,10,10,0,0,2,''),
	(390,268,64,1,0,10,10,0,0,2,''),
	(391,268,65,1,0,10,10,0,0,2,''),
	(392,268,66,1,0,10,10,0,0,2,''),
	(393,268,67,1,0,10,10,0,0,2,''),
	(394,268,68,1,0,10,10,0,0,2,''),
	(403,267,77,1,0,10,10,0,0,2,''),
	(404,267,78,1,0,10,10,0,0,2,''),
	(405,267,79,1,0,10,10,0,0,2,''),
	(406,267,80,1,0,10,10,0,0,2,''),
	(407,267,81,1,0,10,10,0,0,2,''),
	(408,267,82,1,0,10,10,0,0,2,''),
	(409,267,83,1,0,10,10,0,0,2,''),
	(410,267,84,1,0,10,10,0,0,2,''),
	(411,267,85,1,0,10,10,0,0,2,''),
	(412,267,86,1,0,10,10,0,0,2,''),
	(413,267,87,1,0,10,10,0,0,2,''),
	(414,267,88,1,0,10,10,0,0,2,''),
	(415,267,89,1,0,10,10,0,0,2,''),
	(416,267,90,1,0,10,10,0,0,2,''),
	(417,267,91,1,0,10,10,0,0,2,''),
	(418,269,0,1,0,10,10,0,0,2,''),
	(420,268,93,1,0,9,10,1,0,2,''),
	(421,268,94,1,0,10,10,0,0,2,''),
	(422,192,95,1,0,10,10,0,0,2,''),
	(423,192,96,1,0,10,10,0,0,2,''),
	(424,192,97,1,0,10,10,0,0,2,''),
	(425,224,98,1,0,10,10,0,0,2,''),
	(426,224,99,1,0,10,10,0,0,2,''),
	(427,224,100,1,0,10,10,0,0,2,''),
	(428,224,101,1,0,10,10,0,0,2,''),
	(429,241,102,1,0,10,10,0,0,2,''),
	(430,241,103,1,0,9,10,1,0,2,''),
	(431,241,104,1,0,10,10,0,0,2,''),
	(432,245,105,1,0,10,10,0,0,2,''),
	(433,245,106,1,0,10,10,0,0,2,''),
	(434,245,107,1,0,10,10,0,0,2,''),
	(435,245,108,1,0,10,10,0,0,2,''),
	(436,246,109,1,0,10,10,0,0,2,''),
	(437,246,110,1,0,10,10,0,0,2,''),
	(438,246,111,1,0,10,10,0,0,2,''),
	(439,246,112,1,0,10,10,0,0,2,''),
	(440,247,113,1,0,10,10,0,0,2,''),
	(441,247,114,1,0,10,10,0,0,2,''),
	(442,247,115,1,0,10,10,0,0,2,'');

/*!40000 ALTER TABLE `ps_stock_available` ENABLE KEYS */;
UNLOCK TABLES;


# Дамп таблицы ps_stock_mvt
# ------------------------------------------------------------

DROP TABLE IF EXISTS `ps_stock_mvt`;

CREATE TABLE `ps_stock_mvt` (
  `id_stock_mvt` bigint(20) NOT NULL AUTO_INCREMENT,
  `id_stock` int(11) NOT NULL,
  `id_order` int(11) DEFAULT NULL,
  `id_supply_order` int(11) DEFAULT NULL,
  `id_stock_mvt_reason` int(11) NOT NULL,
  `id_employee` int(11) NOT NULL,
  `employee_lastname` varchar(32) COLLATE utf8_unicode_ci DEFAULT NULL,
  `employee_firstname` varchar(32) COLLATE utf8_unicode_ci DEFAULT NULL,
  `physical_quantity` int(11) NOT NULL,
  `date_add` datetime NOT NULL,
  `sign` smallint(6) NOT NULL DEFAULT '1',
  `price_te` decimal(20,6) DEFAULT '0.000000',
  `last_wa` decimal(20,6) DEFAULT '0.000000',
  `current_wa` decimal(20,6) DEFAULT '0.000000',
  `referer` bigint(20) DEFAULT NULL,
  PRIMARY KEY (`id_stock_mvt`),
  KEY `id_stock` (`id_stock`),
  KEY `id_stock_mvt_reason` (`id_stock_mvt_reason`)
) ENGINE=InnoDB DEFAULT CHARSET=utf8 COLLATE=utf8_unicode_ci;

LOCK TABLES `ps_stock_mvt` WRITE;
/*!40000 ALTER TABLE `ps_stock_mvt` DISABLE KEYS */;

INSERT INTO `ps_stock_mvt` (`id_stock_mvt`, `id_stock`, `id_order`, `id_supply_order`, `id_stock_mvt_reason`, `id_employee`, `employee_lastname`, `employee_firstname`, `physical_quantity`, `date_add`, `sign`, `price_te`, `last_wa`, `current_wa`, `referer`)
VALUES
	(1,59,NULL,NULL,11,1,'Pencencova','Olga',20,'2018-03-11 19:30:15',1,0.000000,0.000000,0.000000,NULL),
	(2,60,NULL,NULL,11,1,'Pencencova','Olga',20,'2018-03-17 23:57:59',1,0.000000,0.000000,0.000000,NULL),
	(3,63,NULL,NULL,11,1,'Pencencova','Olga',1,'2018-03-23 22:54:29',1,0.000000,0.000000,0.000000,NULL),
	(4,62,NULL,NULL,11,1,'Pencencova','Olga',3,'2018-03-23 22:54:30',1,0.000000,0.000000,0.000000,NULL),
	(5,61,NULL,NULL,11,1,'Pencencova','Olga',11,'2018-03-23 22:54:30',1,0.000000,0.000000,0.000000,NULL),
	(6,64,NULL,NULL,11,1,'Pencencova','Olga',20,'2018-03-24 16:14:33',1,0.000000,0.000000,0.000000,NULL),
	(7,60,NULL,NULL,11,1,'Pencencova','Olga',1000,'2018-03-24 22:32:47',1,0.000000,0.000000,0.000000,NULL),
	(8,65,NULL,NULL,11,1,'Pencencova','Olga',100,'2018-03-24 22:58:13',1,0.000000,0.000000,0.000000,NULL),
	(9,66,NULL,NULL,11,1,'Pencencova','Olga',100,'2018-03-24 22:58:13',1,0.000000,0.000000,0.000000,NULL),
	(10,67,NULL,NULL,11,1,'Pencencova','Olga',100,'2018-03-24 22:58:13',1,0.000000,0.000000,0.000000,NULL),
	(11,68,NULL,NULL,11,1,'Pencencova','Olga',100,'2018-03-24 22:58:13',1,0.000000,0.000000,0.000000,NULL),
	(12,69,NULL,NULL,11,1,'Pencencova','Olga',50,'2018-05-04 16:50:06',1,0.000000,0.000000,0.000000,NULL),
	(13,70,NULL,NULL,11,1,'Pencencova','Olga',50,'2018-05-04 17:09:07',1,0.000000,0.000000,0.000000,NULL),
	(14,74,NULL,NULL,11,1,'Pencencova','Olga',2,'2018-05-07 11:59:27',1,0.000000,0.000000,0.000000,NULL),
	(15,75,NULL,NULL,11,1,'Pencencova','Olga',5,'2018-05-07 12:58:54',1,0.000000,0.000000,0.000000,NULL),
	(16,79,NULL,NULL,11,1,'Pencencova','Olga',5,'2018-05-07 13:51:24',1,0.000000,0.000000,0.000000,NULL),
	(17,99,NULL,NULL,11,1,'Pencencova','Olga',20,'2018-05-12 23:58:49',1,0.000000,0.000000,0.000000,NULL),
	(18,100,NULL,NULL,11,1,'Pencencova','Olga',20,'2018-05-13 00:01:31',1,0.000000,0.000000,0.000000,NULL),
	(19,101,NULL,NULL,11,1,'Pencencova','Olga',20,'2018-05-13 00:04:04',1,0.000000,0.000000,0.000000,NULL),
	(20,102,NULL,NULL,11,1,'Pencencova','Olga',20,'2018-05-13 00:05:34',1,0.000000,0.000000,0.000000,NULL),
	(21,103,NULL,NULL,11,1,'Pencencova','Olga',20,'2018-05-13 00:07:05',1,0.000000,0.000000,0.000000,NULL),
	(22,105,NULL,NULL,11,1,'Pencencova','Olga',3,'2018-06-07 22:59:37',1,0.000000,0.000000,0.000000,NULL),
	(23,106,NULL,NULL,11,1,'Pencencova','Olga',3,'2018-06-07 23:01:54',1,0.000000,0.000000,0.000000,NULL),
	(24,107,NULL,NULL,11,1,'Pencencova','Olga',3,'2018-06-07 23:03:45',1,0.000000,0.000000,0.000000,NULL),
	(25,108,NULL,NULL,11,1,'Pencencova','Olga',3,'2018-06-07 23:06:52',1,0.000000,0.000000,0.000000,NULL),
	(26,109,NULL,NULL,11,1,'Pencencova','Olga',3,'2018-06-07 23:09:28',1,0.000000,0.000000,0.000000,NULL),
	(27,110,NULL,NULL,11,1,'Pencencova','Olga',3,'2018-06-07 23:16:18',1,0.000000,0.000000,0.000000,NULL),
	(28,111,NULL,NULL,11,1,'Pencencova','Olga',3,'2018-06-07 23:18:04',1,0.000000,0.000000,0.000000,NULL),
	(29,112,NULL,NULL,11,1,'Pencencova','Olga',3,'2018-06-07 23:19:44',1,0.000000,0.000000,0.000000,NULL),
	(30,113,NULL,NULL,11,1,'Pencencova','Olga',3,'2018-06-07 23:21:03',1,0.000000,0.000000,0.000000,NULL),
	(31,114,NULL,NULL,11,1,'Pencencova','Olga',3,'2018-06-12 12:44:58',1,0.000000,0.000000,0.000000,NULL),
	(32,115,NULL,NULL,11,1,'Pencencova','Olga',5,'2018-06-19 22:51:46',1,0.000000,0.000000,0.000000,NULL),
	(33,116,NULL,NULL,11,1,'Pencencova','Olga',5,'2018-06-19 22:56:27',1,0.000000,0.000000,0.000000,NULL),
	(34,117,NULL,NULL,11,1,'Pencencova','Olga',6,'2018-06-19 22:58:14',1,0.000000,0.000000,0.000000,NULL),
	(35,118,NULL,NULL,11,1,'Pencencova','Olga',10,'2018-06-19 23:09:07',1,0.000000,0.000000,0.000000,NULL),
	(36,119,NULL,NULL,11,1,'Pencencova','Olga',10,'2018-06-19 23:12:34',1,0.000000,0.000000,0.000000,NULL),
	(37,120,NULL,NULL,11,1,'Pencencova','Olga',10,'2018-06-19 23:14:20',1,0.000000,0.000000,0.000000,NULL),
	(38,124,NULL,NULL,11,4,'Кисеева','Александра',50,'2018-07-09 13:47:45',1,0.000000,0.000000,0.000000,NULL),
	(39,121,NULL,NULL,11,4,'Кисеева','Александра',50,'2018-07-09 13:51:57',1,0.000000,0.000000,0.000000,NULL),
	(40,114,NULL,NULL,11,4,'Кисеева','Александра',47,'2018-07-09 14:00:35',1,0.000000,0.000000,0.000000,NULL),
	(41,81,NULL,NULL,11,4,'Кисеева','Александра',20,'2018-07-10 11:29:13',1,0.000000,0.000000,0.000000,NULL),
	(42,82,NULL,NULL,11,4,'Кисеева','Александра',20,'2018-07-10 11:50:25',1,0.000000,0.000000,0.000000,NULL),
	(43,86,NULL,NULL,11,4,'Кисеева','Александра',20,'2018-07-10 12:01:30',1,0.000000,0.000000,0.000000,NULL),
	(44,88,NULL,NULL,11,4,'Кисеева','Александра',20,'2018-07-10 12:02:04',1,0.000000,0.000000,0.000000,NULL),
	(45,84,NULL,NULL,11,4,'Кисеева','Александра',20,'2018-07-10 12:07:00',1,0.000000,0.000000,0.000000,NULL),
	(46,87,NULL,NULL,11,4,'Кисеева','Александра',20,'2018-07-10 12:13:04',1,0.000000,0.000000,0.000000,NULL),
	(47,85,NULL,NULL,11,4,'Кисеева','Александра',20,'2018-07-10 12:24:15',1,0.000000,0.000000,0.000000,NULL),
	(48,59,NULL,NULL,11,4,'Кисеева','Александра',2,'2018-07-10 12:37:32',1,0.000000,0.000000,0.000000,NULL),
	(49,60,NULL,NULL,11,4,'Кисеева','Александра',20,'2018-07-10 12:54:25',1,0.000000,0.000000,0.000000,NULL),
	(50,89,NULL,NULL,11,4,'Кисеева','Александра',20,'2018-07-10 13:03:30',1,0.000000,0.000000,0.000000,NULL),
	(51,90,NULL,NULL,11,4,'Кисеева','Александра',20,'2018-07-10 13:10:52',1,0.000000,0.000000,0.000000,NULL),
	(52,91,NULL,NULL,11,4,'Кисеева','Александра',20,'2018-07-10 13:12:46',1,0.000000,0.000000,0.000000,NULL),
	(53,95,NULL,NULL,11,4,'Кисеева','Александра',20,'2018-07-10 13:40:19',1,0.000000,0.000000,0.000000,NULL),
	(54,94,NULL,NULL,11,4,'Кисеева','Александра',20,'2018-07-10 13:45:01',1,0.000000,0.000000,0.000000,NULL),
	(55,97,NULL,NULL,11,4,'Кисеева','Александра',20,'2018-07-10 13:48:15',1,0.000000,0.000000,0.000000,NULL),
	(56,98,NULL,NULL,11,4,'Кисеева','Александра',20,'2018-07-10 13:52:13',1,0.000000,0.000000,0.000000,NULL),
	(57,93,NULL,NULL,11,4,'Кисеева','Александра',20,'2018-07-11 11:26:00',1,0.000000,0.000000,0.000000,NULL),
	(58,125,NULL,NULL,11,4,'Кисеева','Александра',20,'2018-07-11 11:36:37',1,0.000000,0.000000,0.000000,NULL),
	(59,126,NULL,NULL,11,4,'Кисеева','Александра',20,'2018-07-11 11:45:00',1,0.000000,0.000000,0.000000,NULL),
	(60,127,NULL,NULL,11,4,'Кисеева','Александра',20,'2018-07-11 11:54:56',1,0.000000,0.000000,0.000000,NULL),
	(61,128,NULL,NULL,11,4,'Кисеева','Александра',20,'2018-07-11 12:14:02',1,0.000000,0.000000,0.000000,NULL),
	(62,129,NULL,NULL,11,4,'Кисеева','Александра',20,'2018-07-11 12:35:07',1,0.000000,0.000000,0.000000,NULL),
	(63,130,NULL,NULL,11,4,'Кисеева','Александра',20,'2018-07-11 12:44:00',1,0.000000,0.000000,0.000000,NULL),
	(64,131,NULL,NULL,11,4,'Кисеева','Александра',20,'2018-07-11 13:34:24',1,0.000000,0.000000,0.000000,NULL),
	(65,132,NULL,NULL,11,4,'Кисеева','Александра',20,'2018-07-11 13:50:28',1,0.000000,0.000000,0.000000,NULL),
	(66,133,NULL,NULL,11,4,'Кисеева','Александра',20,'2018-07-11 14:01:33',1,0.000000,0.000000,0.000000,NULL),
	(67,134,NULL,NULL,11,4,'Кисеева','Александра',20,'2018-07-11 14:15:35',1,0.000000,0.000000,0.000000,NULL),
	(68,135,NULL,NULL,11,4,'Кисеева','Александра',20,'2018-07-11 14:23:27',1,0.000000,0.000000,0.000000,NULL),
	(69,136,NULL,NULL,11,4,'Кисеева','Александра',20,'2018-07-11 14:52:42',1,0.000000,0.000000,0.000000,NULL),
	(70,137,NULL,NULL,11,4,'Кисеева','Александра',20,'2018-07-12 12:26:53',1,0.000000,0.000000,0.000000,NULL),
	(71,138,NULL,NULL,11,4,'Кисеева','Александра',20,'2018-07-12 13:20:15',1,0.000000,0.000000,0.000000,NULL),
	(72,139,NULL,NULL,11,4,'Кисеева','Александра',20,'2018-07-12 13:23:28',1,0.000000,0.000000,0.000000,NULL),
	(73,140,NULL,NULL,11,4,'Кисеева','Александра',20,'2018-07-13 13:19:17',1,0.000000,0.000000,0.000000,NULL),
	(74,141,NULL,NULL,11,4,'Кисеева','Александра',20,'2018-07-13 13:33:00',1,0.000000,0.000000,0.000000,NULL),
	(75,142,NULL,NULL,11,4,'Кисеева','Александра',20,'2018-07-13 14:07:24',1,0.000000,0.000000,0.000000,NULL),
	(76,143,NULL,NULL,11,4,'Кисеева','Александра',20,'2018-07-17 13:30:06',1,0.000000,0.000000,0.000000,NULL),
	(77,144,NULL,NULL,11,4,'Кисеева','Александра',5,'2018-07-18 11:19:47',1,0.000000,0.000000,0.000000,NULL),
	(78,145,NULL,NULL,11,4,'Кисеева','Александра',5,'2018-07-18 11:58:41',1,0.000000,0.000000,0.000000,NULL),
	(79,146,NULL,NULL,11,4,'Кисеева','Александра',5,'2018-07-18 12:32:45',1,0.000000,0.000000,0.000000,NULL),
	(80,147,NULL,NULL,11,4,'Кисеева','Александра',5,'2018-07-18 13:49:56',1,0.000000,0.000000,0.000000,NULL),
	(81,148,NULL,NULL,11,4,'Кисеева','Александра',5,'2018-07-18 13:55:39',1,0.000000,0.000000,0.000000,NULL),
	(82,149,NULL,NULL,11,4,'Кисеева','Александра',3,'2018-07-18 14:00:18',1,0.000000,0.000000,0.000000,NULL),
	(83,150,NULL,NULL,11,4,'Кисеева','Александра',3,'2018-07-19 11:09:54',1,0.000000,0.000000,0.000000,NULL),
	(84,79,10,NULL,3,1,'Pencencova','Olga',1,'2018-08-28 17:15:45',-1,0.000000,0.000000,0.000000,NULL),
	(85,169,NULL,NULL,11,1,'Pencencova','Olga',5,'2018-08-29 23:27:12',1,0.000000,0.000000,0.000000,NULL),
	(86,183,NULL,NULL,11,2,'Costiuc','Alexandra ',10,'2018-08-30 11:27:53',1,0.000000,0.000000,0.000000,NULL),
	(87,182,NULL,NULL,11,2,'Costiuc','Alexandra ',10,'2018-08-30 11:27:59',1,0.000000,0.000000,0.000000,NULL),
	(88,181,NULL,NULL,11,2,'Costiuc','Alexandra ',10,'2018-08-30 11:28:51',1,0.000000,0.000000,0.000000,NULL),
	(89,180,NULL,NULL,11,2,'Costiuc','Alexandra ',10,'2018-08-30 11:28:58',1,0.000000,0.000000,0.000000,NULL),
	(90,179,NULL,NULL,11,2,'Costiuc','Alexandra ',10,'2018-08-30 11:29:06',1,0.000000,0.000000,0.000000,NULL),
	(91,178,NULL,NULL,11,2,'Costiuc','Alexandra ',10,'2018-08-30 11:29:12',1,0.000000,0.000000,0.000000,NULL),
	(92,177,NULL,NULL,11,2,'Costiuc','Alexandra ',10,'2018-08-30 11:29:19',1,0.000000,0.000000,0.000000,NULL),
	(93,177,NULL,NULL,11,2,'Costiuc','Alexandra ',2,'2018-08-30 11:31:40',-1,0.000000,0.000000,0.000000,NULL),
	(94,176,NULL,NULL,11,2,'Costiuc','Alexandra ',10,'2018-08-30 11:32:47',1,0.000000,0.000000,0.000000,NULL),
	(95,175,NULL,NULL,11,2,'Costiuc','Alexandra ',10,'2018-08-30 11:32:54',1,0.000000,0.000000,0.000000,NULL),
	(96,174,NULL,NULL,11,2,'Costiuc','Alexandra ',10,'2018-08-30 11:33:00',1,0.000000,0.000000,0.000000,NULL),
	(97,173,NULL,NULL,11,2,'Costiuc','Alexandra ',10,'2018-08-30 11:33:07',1,0.000000,0.000000,0.000000,NULL),
	(98,167,NULL,NULL,11,2,'Costiuc','Alexandra ',10,'2018-08-30 11:33:13',1,0.000000,0.000000,0.000000,NULL),
	(99,186,NULL,NULL,11,2,'Costiuc','Alexandra ',50,'2018-08-30 11:33:30',1,0.000000,0.000000,0.000000,NULL),
	(100,187,NULL,NULL,11,2,'Costiuc','Alexandra ',50,'2018-08-30 11:33:32',1,0.000000,0.000000,0.000000,NULL),
	(101,188,NULL,NULL,11,2,'Costiuc','Alexandra ',50,'2018-08-30 11:33:34',1,0.000000,0.000000,0.000000,NULL),
	(102,150,NULL,NULL,11,2,'Costiuc','Alexandra ',47,'2018-08-30 11:33:42',1,0.000000,0.000000,0.000000,NULL),
	(103,149,NULL,NULL,11,2,'Costiuc','Alexandra ',47,'2018-08-30 11:33:46',1,0.000000,0.000000,0.000000,NULL),
	(104,150,NULL,NULL,11,2,'Costiuc','Alexandra ',40,'2018-08-30 11:33:55',-1,0.000000,0.000000,0.000000,NULL),
	(105,149,NULL,NULL,11,2,'Costiuc','Alexandra ',40,'2018-08-30 11:34:02',-1,0.000000,0.000000,0.000000,NULL),
	(106,148,NULL,NULL,11,2,'Costiuc','Alexandra ',5,'2018-08-30 11:35:36',1,0.000000,0.000000,0.000000,NULL),
	(107,147,NULL,NULL,11,2,'Costiuc','Alexandra ',5,'2018-08-30 11:35:43',1,0.000000,0.000000,0.000000,NULL),
	(108,145,NULL,NULL,11,2,'Costiuc','Alexandra ',5,'2018-08-30 11:35:52',1,0.000000,0.000000,0.000000,NULL),
	(109,146,NULL,NULL,11,2,'Costiuc','Alexandra ',5,'2018-08-30 11:35:56',1,0.000000,0.000000,0.000000,NULL),
	(110,144,NULL,NULL,11,2,'Costiuc','Alexandra ',5,'2018-08-30 11:36:02',1,0.000000,0.000000,0.000000,NULL),
	(111,143,NULL,NULL,11,2,'Costiuc','Alexandra ',10,'2018-08-30 11:36:12',-1,0.000000,0.000000,0.000000,NULL),
	(112,142,NULL,NULL,11,2,'Costiuc','Alexandra ',10,'2018-08-30 11:36:15',-1,0.000000,0.000000,0.000000,NULL),
	(113,141,NULL,NULL,11,2,'Costiuc','Alexandra ',10,'2018-08-30 11:36:17',-1,0.000000,0.000000,0.000000,NULL),
	(114,140,NULL,NULL,11,2,'Costiuc','Alexandra ',10,'2018-08-30 11:36:25',-1,0.000000,0.000000,0.000000,NULL),
	(115,116,NULL,NULL,11,2,'Costiuc','Alexandra ',5,'2018-08-30 11:38:50',1,0.000000,0.000000,0.000000,NULL),
	(116,115,NULL,NULL,11,2,'Costiuc','Alexandra ',5,'2018-08-30 11:38:57',1,0.000000,0.000000,0.000000,NULL),
	(117,113,NULL,NULL,11,2,'Costiuc','Alexandra ',7,'2018-08-30 11:39:06',1,0.000000,0.000000,0.000000,NULL),
	(118,112,NULL,NULL,11,2,'Costiuc','Alexandra ',7,'2018-08-30 11:39:12',1,0.000000,0.000000,0.000000,NULL),
	(119,113,NULL,NULL,11,2,'Costiuc','Alexandra ',5,'2018-08-30 11:39:22',-1,0.000000,0.000000,0.000000,NULL),
	(120,111,NULL,NULL,11,2,'Costiuc','Alexandra ',2,'2018-08-30 11:39:31',1,0.000000,0.000000,0.000000,NULL),
	(121,112,NULL,NULL,11,2,'Costiuc','Alexandra ',5,'2018-08-30 11:39:37',-1,0.000000,0.000000,0.000000,NULL),
	(122,110,NULL,NULL,11,2,'Costiuc','Alexandra ',2,'2018-08-30 11:39:53',1,0.000000,0.000000,0.000000,NULL),
	(123,109,NULL,NULL,11,2,'Costiuc','Alexandra ',2,'2018-08-30 11:39:53',1,0.000000,0.000000,0.000000,NULL),
	(124,108,NULL,NULL,11,2,'Costiuc','Alexandra ',3,'2018-08-30 11:39:59',1,0.000000,0.000000,0.000000,NULL),
	(125,107,NULL,NULL,11,2,'Costiuc','Alexandra ',2,'2018-08-30 11:40:02',1,0.000000,0.000000,0.000000,NULL),
	(126,117,NULL,NULL,11,2,'Costiuc','Alexandra ',4,'2018-08-30 11:41:26',1,0.000000,0.000000,0.000000,NULL),
	(127,117,NULL,NULL,11,2,'Costiuc','Alexandra ',10,'2018-08-30 11:41:40',1,0.000000,0.000000,0.000000,NULL),
	(128,106,NULL,NULL,11,2,'Costiuc','Alexandra ',3,'2018-08-30 11:42:15',1,0.000000,0.000000,0.000000,NULL),
	(129,105,NULL,NULL,11,2,'Costiuc','Alexandra ',2,'2018-08-30 11:42:26',1,0.000000,0.000000,0.000000,NULL),
	(130,104,NULL,NULL,11,2,'Costiuc','Alexandra ',5,'2018-08-30 11:43:07',1,0.000000,0.000000,0.000000,NULL),
	(131,102,NULL,NULL,11,2,'Costiuc','Alexandra ',10,'2018-08-30 11:44:44',-1,0.000000,0.000000,0.000000,NULL),
	(132,101,NULL,NULL,11,2,'Costiuc','Alexandra ',10,'2018-08-30 11:44:53',-1,0.000000,0.000000,0.000000,NULL),
	(133,100,NULL,NULL,11,2,'Costiuc','Alexandra ',10,'2018-08-30 11:44:55',-1,0.000000,0.000000,0.000000,NULL),
	(134,99,NULL,NULL,11,2,'Costiuc','Alexandra ',10,'2018-08-30 11:45:08',-1,0.000000,0.000000,0.000000,NULL),
	(135,97,NULL,NULL,11,2,'Costiuc','Alexandra ',10,'2018-08-30 11:45:19',-1,0.000000,0.000000,0.000000,NULL),
	(136,95,NULL,NULL,11,2,'Costiuc','Alexandra ',10,'2018-08-30 11:45:21',-1,0.000000,0.000000,0.000000,NULL),
	(137,94,NULL,NULL,11,2,'Costiuc','Alexandra ',10,'2018-08-30 11:45:27',-1,0.000000,0.000000,0.000000,NULL),
	(138,78,NULL,NULL,11,2,'Costiuc','Alexandra ',10,'2018-08-30 11:47:03',1,0.000000,0.000000,0.000000,NULL),
	(139,79,NULL,NULL,11,2,'Costiuc','Alexandra ',6,'2018-08-30 11:47:10',1,0.000000,0.000000,0.000000,NULL),
	(140,75,NULL,NULL,11,2,'Costiuc','Alexandra ',5,'2018-08-30 11:47:19',1,0.000000,0.000000,0.000000,NULL),
	(141,74,NULL,NULL,11,2,'Costiuc','Alexandra ',8,'2018-08-30 11:47:21',1,0.000000,0.000000,0.000000,NULL),
	(142,71,NULL,NULL,11,2,'Costiuc','Alexandra ',10,'2018-08-30 11:47:29',1,0.000000,0.000000,0.000000,NULL),
	(143,69,NULL,NULL,11,2,'Costiuc','Alexandra ',40,'2018-08-30 11:47:39',-1,0.000000,0.000000,0.000000,NULL),
	(144,60,NULL,NULL,11,2,'Costiuc','Alexandra ',10,'2018-08-30 11:47:41',-1,0.000000,0.000000,0.000000,NULL),
	(145,59,NULL,NULL,11,2,'Costiuc','Alexandra ',9,'2018-08-30 11:47:45',-1,0.000000,0.000000,0.000000,NULL),
	(146,189,NULL,NULL,11,1,'Pencencova','Olga',10,'2018-09-23 22:17:31',1,0.000000,0.000000,0.000000,NULL),
	(147,190,NULL,NULL,11,1,'Pencencova','Olga',10,'2018-09-23 22:27:06',1,0.000000,0.000000,0.000000,NULL),
	(148,191,NULL,NULL,11,1,'Pencencova','Olga',10,'2018-09-23 22:33:57',1,0.000000,0.000000,0.000000,NULL),
	(149,192,NULL,NULL,11,1,'Pencencova','Olga',3,'2018-09-23 22:41:22',1,0.000000,0.000000,0.000000,NULL),
	(150,193,NULL,NULL,11,1,'Pencencova','Olga',3,'2018-09-23 22:44:42',1,0.000000,0.000000,0.000000,NULL),
	(151,194,NULL,NULL,11,1,'Pencencova','Olga',3,'2018-09-23 22:48:03',1,0.000000,0.000000,0.000000,NULL),
	(152,195,NULL,NULL,11,1,'Pencencova','Olga',3,'2018-09-23 22:51:30',1,0.000000,0.000000,0.000000,NULL),
	(153,196,NULL,NULL,11,1,'Pencencova','Olga',3,'2018-09-23 22:53:47',1,0.000000,0.000000,0.000000,NULL),
	(154,197,NULL,NULL,11,1,'Pencencova','Olga',3,'2018-09-23 22:57:40',1,0.000000,0.000000,0.000000,NULL),
	(155,199,NULL,NULL,11,4,'Кисеева','Александра',10,'2018-09-25 18:11:29',1,0.000000,0.000000,0.000000,NULL),
	(156,198,NULL,NULL,11,4,'Кисеева','Александра',10,'2018-09-25 18:20:07',1,0.000000,0.000000,0.000000,NULL),
	(157,200,NULL,NULL,11,4,'Кисеева','Александра',10,'2018-09-25 18:22:11',1,0.000000,0.000000,0.000000,NULL),
	(158,201,NULL,NULL,11,4,'Кисеева','Александра',10,'2018-09-25 18:30:11',1,0.000000,0.000000,0.000000,NULL),
	(159,202,NULL,NULL,11,4,'Кисеева','Александра',10,'2018-09-28 15:11:03',1,0.000000,0.000000,0.000000,NULL),
	(160,203,NULL,NULL,11,4,'Кисеева','Александра',10,'2018-09-29 14:20:23',1,0.000000,0.000000,0.000000,NULL),
	(161,204,NULL,NULL,11,4,'Кисеева','Александра',10,'2018-10-02 17:27:31',1,0.000000,0.000000,0.000000,NULL),
	(162,206,NULL,NULL,11,1,'Pencencova','Olga',2,'2018-10-12 17:46:50',1,0.000000,0.000000,0.000000,NULL),
	(163,207,NULL,NULL,11,1,'Pencencova','Olga',1,'2018-10-12 17:46:52',1,0.000000,0.000000,0.000000,NULL),
	(164,208,NULL,NULL,11,1,'Pencencova','Olga',1,'2018-10-12 17:46:54',1,0.000000,0.000000,0.000000,NULL),
	(165,212,NULL,NULL,11,1,'Pencencova','Olga',2,'2018-10-12 18:12:46',1,0.000000,0.000000,0.000000,NULL),
	(166,211,NULL,NULL,11,1,'Pencencova','Olga',2,'2018-10-12 18:12:47',1,0.000000,0.000000,0.000000,NULL),
	(167,210,NULL,NULL,11,1,'Pencencova','Olga',1,'2018-10-12 18:12:49',1,0.000000,0.000000,0.000000,NULL),
	(168,214,NULL,NULL,11,1,'Pencencova','Olga',1,'2018-10-12 18:35:24',1,0.000000,0.000000,0.000000,NULL),
	(169,215,NULL,NULL,11,1,'Pencencova','Olga',2,'2018-10-12 18:35:26',1,0.000000,0.000000,0.000000,NULL),
	(170,225,NULL,NULL,11,1,'Pencencova','Olga',2,'2018-10-12 19:01:48',1,0.000000,0.000000,0.000000,NULL),
	(171,224,NULL,NULL,11,1,'Pencencova','Olga',1,'2018-10-12 19:01:50',1,0.000000,0.000000,0.000000,NULL),
	(172,223,NULL,NULL,11,1,'Pencencova','Olga',1,'2018-10-12 19:01:51',1,0.000000,0.000000,0.000000,NULL),
	(173,226,NULL,NULL,11,1,'Pencencova','Olga',2,'2018-10-12 19:26:27',1,0.000000,0.000000,0.000000,NULL),
	(174,227,NULL,NULL,11,1,'Pencencova','Olga',2,'2018-10-12 19:26:29',1,0.000000,0.000000,0.000000,NULL),
	(175,228,NULL,NULL,11,1,'Pencencova','Olga',1,'2018-10-12 19:26:31',1,0.000000,0.000000,0.000000,NULL),
	(176,229,NULL,NULL,11,1,'Pencencova','Olga',2,'2018-10-12 19:31:12',1,0.000000,0.000000,0.000000,NULL),
	(177,231,NULL,NULL,11,1,'Pencencova','Olga',1,'2018-10-12 19:31:16',1,0.000000,0.000000,0.000000,NULL),
	(178,232,NULL,NULL,11,1,'Pencencova','Olga',4,'2018-10-15 17:09:30',1,0.000000,0.000000,0.000000,NULL),
	(179,233,NULL,NULL,11,1,'Pencencova','Olga',10,'2018-10-15 19:13:47',1,0.000000,0.000000,0.000000,NULL),
	(180,234,NULL,NULL,11,1,'Pencencova','Olga',10,'2018-10-15 19:23:41',1,0.000000,0.000000,0.000000,NULL),
	(181,236,NULL,NULL,11,1,'Pencencova','Olga',10,'2018-10-16 14:11:49',1,0.000000,0.000000,0.000000,NULL),
	(182,237,NULL,NULL,11,1,'Pencencova','Olga',10,'2018-10-16 14:14:03',1,0.000000,0.000000,0.000000,NULL),
	(183,235,NULL,NULL,11,1,'Pencencova','Olga',10,'2018-10-16 14:28:31',1,0.000000,0.000000,0.000000,NULL),
	(184,238,NULL,NULL,11,1,'Pencencova','Olga',2,'2018-10-22 13:21:35',1,0.000000,0.000000,0.000000,NULL),
	(185,239,NULL,NULL,11,1,'Pencencova','Olga',2,'2018-10-22 13:21:37',1,0.000000,0.000000,0.000000,NULL),
	(186,240,NULL,NULL,11,1,'Pencencova','Olga',5,'2018-10-22 13:21:40',1,0.000000,0.000000,0.000000,NULL),
	(187,241,NULL,NULL,11,1,'Pencencova','Olga',10,'2018-10-22 13:28:56',1,0.000000,0.000000,0.000000,NULL),
	(188,242,NULL,NULL,11,1,'Pencencova','Olga',2,'2018-11-02 17:49:54',1,0.000000,0.000000,0.000000,NULL),
	(189,243,NULL,NULL,11,1,'Pencencova','Olga',2,'2018-11-02 17:49:56',1,0.000000,0.000000,0.000000,NULL),
	(190,244,NULL,NULL,11,1,'Pencencova','Olga',1,'2018-11-02 17:49:57',1,0.000000,0.000000,0.000000,NULL),
	(191,245,NULL,NULL,11,1,'Pencencova','Olga',2,'2018-11-02 17:52:18',1,0.000000,0.000000,0.000000,NULL),
	(192,246,NULL,NULL,11,1,'Pencencova','Olga',2,'2018-11-02 17:52:19',1,0.000000,0.000000,0.000000,NULL),
	(193,247,NULL,NULL,11,1,'Pencencova','Olga',1,'2018-11-02 17:52:21',1,0.000000,0.000000,0.000000,NULL),
	(194,249,NULL,NULL,11,4,'Кисеева','Александра',10,'2018-11-12 16:07:53',1,0.000000,0.000000,0.000000,NULL),
	(195,250,NULL,NULL,11,4,'Кисеева','Александра',10,'2018-11-12 16:10:40',1,0.000000,0.000000,0.000000,NULL),
	(196,251,NULL,NULL,11,4,'Кисеева','Александра',10,'2018-11-12 17:36:41',1,0.000000,0.000000,0.000000,NULL),
	(197,252,NULL,NULL,11,4,'Кисеева','Александра',10,'2018-11-26 11:50:44',1,0.000000,0.000000,0.000000,NULL),
	(198,254,NULL,NULL,11,4,'Кисеева','Александра',10,'2018-11-26 11:56:21',1,0.000000,0.000000,0.000000,NULL),
	(199,255,NULL,NULL,11,4,'Кисеева','Александра',10,'2018-11-26 12:00:40',1,0.000000,0.000000,0.000000,NULL),
	(200,257,NULL,NULL,11,4,'Кисеева','Александра',10,'2018-11-26 12:10:14',1,0.000000,0.000000,0.000000,NULL),
	(201,258,NULL,NULL,11,4,'Кисеева','Александра',10,'2018-11-26 12:13:35',1,0.000000,0.000000,0.000000,NULL),
	(202,259,NULL,NULL,11,4,'Кисеева','Александра',10,'2018-11-26 12:19:09',1,0.000000,0.000000,0.000000,NULL),
	(203,261,NULL,NULL,11,1,'Pencencova','Olga',10,'2018-11-29 18:29:26',1,0.000000,0.000000,0.000000,NULL),
	(204,184,NULL,NULL,11,4,'Кисеева','Александра',10,'2018-11-30 17:34:52',1,0.000000,0.000000,0.000000,NULL),
	(205,262,NULL,NULL,11,4,'Кисеева','Александра',10,'2018-11-30 17:45:42',1,0.000000,0.000000,0.000000,NULL),
	(206,263,NULL,NULL,11,4,'Кисеева','Александра',10,'2018-11-30 18:09:25',1,0.000000,0.000000,0.000000,NULL),
	(207,264,NULL,NULL,11,4,'Кисеева','Александра',10,'2018-12-06 12:39:58',1,0.000000,0.000000,0.000000,NULL),
	(208,265,NULL,NULL,11,4,'Кисеева','Александра',10,'2018-12-06 12:41:37',1,0.000000,0.000000,0.000000,NULL),
	(209,268,NULL,NULL,11,2,'Costiuc','Alexandra ',10,'2018-12-07 15:18:49',1,0.000000,0.000000,0.000000,NULL),
	(210,270,NULL,NULL,11,2,'Costiuc','Alexandra ',10,'2018-12-07 15:57:20',1,0.000000,0.000000,0.000000,NULL),
	(211,271,NULL,NULL,11,2,'Costiuc','Alexandra ',10,'2018-12-07 16:16:58',1,0.000000,0.000000,0.000000,NULL),
	(212,272,NULL,NULL,11,2,'Costiuc','Alexandra ',10,'2018-12-11 14:23:04',1,0.000000,0.000000,0.000000,NULL),
	(213,273,NULL,NULL,11,2,'Costiuc','Alexandra ',10,'2018-12-11 15:11:50',1,0.000000,0.000000,0.000000,NULL),
	(214,275,NULL,NULL,11,2,'Costiuc','Alexandra ',10,'2018-12-11 15:41:32',1,0.000000,0.000000,0.000000,NULL),
	(215,276,NULL,NULL,11,2,'Costiuc','Alexandra ',3,'2018-12-11 16:15:25',1,0.000000,0.000000,0.000000,NULL),
	(216,278,NULL,NULL,11,2,'Costiuc','Alexandra ',10,'2018-12-11 16:27:25',1,0.000000,0.000000,0.000000,NULL),
	(217,279,NULL,NULL,11,2,'Costiuc','Alexandra ',10,'2018-12-11 16:49:11',1,0.000000,0.000000,0.000000,NULL),
	(218,280,NULL,NULL,11,2,'Costiuc','Alexandra ',10,'2018-12-14 15:28:19',1,0.000000,0.000000,0.000000,NULL),
	(219,104,NULL,NULL,11,2,'Costiuc','Alexandra ',4,'2018-12-18 16:12:25',-1,0.000000,0.000000,0.000000,NULL),
	(220,110,NULL,NULL,11,2,'Costiuc','Alexandra ',4,'2018-12-18 16:14:03',-1,0.000000,0.000000,0.000000,NULL),
	(221,282,NULL,NULL,11,8,'Костюк','Александра',10,'2018-12-20 15:35:58',1,0.000000,0.000000,0.000000,NULL),
	(222,283,NULL,NULL,11,8,'Костюк','Александра',10,'2018-12-20 17:03:45',1,0.000000,0.000000,0.000000,NULL),
	(223,284,NULL,NULL,11,8,'Костюк','Александра',10,'2018-12-20 17:32:06',1,0.000000,0.000000,0.000000,NULL),
	(224,286,NULL,NULL,11,8,'Костюк','Александра',2,'2018-12-24 15:06:53',1,0.000000,0.000000,0.000000,NULL),
	(225,290,NULL,NULL,11,8,'Костюк','Александра',10,'2018-12-24 15:48:16',1,0.000000,0.000000,0.000000,NULL),
	(226,288,NULL,NULL,11,8,'Костюк','Александра',1,'2018-12-24 16:08:52',1,0.000000,0.000000,0.000000,NULL),
	(227,292,NULL,NULL,11,8,'Костюк','Александра',10,'2018-12-24 16:22:47',1,0.000000,0.000000,0.000000,NULL),
	(228,294,NULL,NULL,11,8,'Костюк','Александра',10,'2018-12-24 16:38:39',1,0.000000,0.000000,0.000000,NULL),
	(229,296,NULL,NULL,11,8,'Костюк','Александра',10,'2018-12-24 16:48:45',1,0.000000,0.000000,0.000000,NULL),
	(230,293,NULL,NULL,11,8,'Костюк','Александра',10,'2018-12-24 17:00:55',1,0.000000,0.000000,0.000000,NULL),
	(231,295,NULL,NULL,11,8,'Костюк','Александра',10,'2018-12-24 17:06:55',1,0.000000,0.000000,0.000000,NULL),
	(232,297,NULL,NULL,11,8,'Костюк','Александра',10,'2018-12-24 17:19:49',1,0.000000,0.000000,0.000000,NULL),
	(233,298,NULL,NULL,11,8,'Костюк','Александра',10,'2018-12-24 17:31:08',1,0.000000,0.000000,0.000000,NULL),
	(234,300,NULL,NULL,11,8,'Костюк','Александра',10,'2018-12-24 17:40:32',1,0.000000,0.000000,0.000000,NULL),
	(235,301,NULL,NULL,11,8,'Костюк','Александра',10,'2018-12-24 17:46:28',1,0.000000,0.000000,0.000000,NULL),
	(236,302,NULL,NULL,11,8,'Костюк','Александра',10,'2018-12-24 18:01:44',1,0.000000,0.000000,0.000000,NULL),
	(237,303,NULL,NULL,11,1,'Pencencova','Olga',10,'2018-12-24 19:12:42',1,0.000000,0.000000,0.000000,NULL),
	(238,304,NULL,NULL,11,8,'Костюк','Александра',2,'2018-12-25 10:34:34',1,0.000000,0.000000,0.000000,NULL),
	(239,306,NULL,NULL,11,8,'Костюк','Александра',10,'2018-12-27 14:43:52',1,0.000000,0.000000,0.000000,NULL),
	(240,307,NULL,NULL,11,8,'Костюк','Александра',10,'2018-12-27 14:51:29',1,0.000000,0.000000,0.000000,NULL),
	(241,264,NULL,NULL,11,8,'Костюк','Александра',5,'2019-01-01 13:07:31',-1,0.000000,0.000000,0.000000,NULL),
	(242,312,NULL,NULL,11,1,'Pencencova','Olga',10,'2019-01-04 13:55:46',1,0.000000,0.000000,0.000000,NULL),
	(243,314,NULL,NULL,11,1,'Pencencova','Olga',10,'2019-01-06 21:53:55',1,0.000000,0.000000,0.000000,NULL),
	(244,315,NULL,NULL,11,8,'Костюк','Александра',10,'2019-01-08 12:23:22',1,0.000000,0.000000,0.000000,NULL),
	(245,316,NULL,NULL,11,8,'Костюк','Александра',5,'2019-01-09 19:36:37',1,0.000000,0.000000,0.000000,NULL),
	(246,317,NULL,NULL,11,8,'Костюк','Александра',5,'2019-01-09 19:40:20',1,0.000000,0.000000,0.000000,NULL),
	(247,318,NULL,NULL,11,8,'Костюк','Александра',5,'2019-01-09 19:44:47',1,0.000000,0.000000,0.000000,NULL),
	(248,319,NULL,NULL,11,8,'Костюк','Александра',5,'2019-01-09 19:47:07',1,0.000000,0.000000,0.000000,NULL),
	(249,320,NULL,NULL,11,8,'Костюк','Александра',5,'2019-01-09 19:52:17',1,0.000000,0.000000,0.000000,NULL),
	(250,313,NULL,NULL,11,8,'Костюк','Александра',10,'2019-01-10 15:40:21',1,0.000000,0.000000,0.000000,NULL),
	(251,309,NULL,NULL,11,8,'Костюк','Александра',10,'2019-01-10 16:07:50',1,0.000000,0.000000,0.000000,NULL),
	(252,310,NULL,NULL,11,8,'Костюк','Александра',10,'2019-01-10 16:17:50',1,0.000000,0.000000,0.000000,NULL),
	(253,311,NULL,NULL,11,8,'Костюк','Александра',10,'2019-01-10 16:24:19',1,0.000000,0.000000,0.000000,NULL),
	(254,321,NULL,NULL,11,8,'Костюк','Александра',10,'2019-01-10 16:42:22',1,0.000000,0.000000,0.000000,NULL),
	(255,325,NULL,NULL,11,1,'Pencencova','Olga',10,'2019-01-11 15:42:00',1,0.000000,0.000000,0.000000,NULL),
	(256,326,NULL,NULL,11,8,'Костюк','Александра',10,'2019-01-11 15:54:00',1,0.000000,0.000000,0.000000,NULL),
	(257,327,NULL,NULL,11,8,'Костюк','Александра',10,'2019-01-11 15:54:02',1,0.000000,0.000000,0.000000,NULL),
	(258,328,NULL,NULL,11,8,'Костюк','Александра',10,'2019-01-11 15:54:04',1,0.000000,0.000000,0.000000,NULL),
	(259,330,NULL,NULL,11,8,'Костюк','Александра',10,'2019-01-11 15:54:06',1,0.000000,0.000000,0.000000,NULL),
	(260,331,NULL,NULL,11,8,'Костюк','Александра',10,'2019-01-11 15:54:08',1,0.000000,0.000000,0.000000,NULL),
	(261,332,NULL,NULL,11,8,'Костюк','Александра',10,'2019-01-11 15:54:10',1,0.000000,0.000000,0.000000,NULL),
	(262,333,NULL,NULL,11,8,'Костюк','Александра',10,'2019-01-11 15:54:12',1,0.000000,0.000000,0.000000,NULL),
	(263,323,NULL,NULL,11,8,'Костюк','Александра',10,'2019-01-11 16:00:30',1,0.000000,0.000000,0.000000,NULL),
	(264,334,NULL,NULL,11,8,'Костюк','Александра',10,'2019-01-11 16:02:23',1,0.000000,0.000000,0.000000,NULL),
	(265,335,NULL,NULL,11,8,'Костюк','Александра',10,'2019-01-11 16:02:25',1,0.000000,0.000000,0.000000,NULL),
	(266,336,NULL,NULL,11,8,'Костюк','Александра',10,'2019-01-11 16:02:27',1,0.000000,0.000000,0.000000,NULL),
	(267,337,NULL,NULL,11,8,'Костюк','Александра',10,'2019-01-11 16:02:28',1,0.000000,0.000000,0.000000,NULL),
	(268,338,NULL,NULL,11,8,'Костюк','Александра',10,'2019-01-11 16:02:30',1,0.000000,0.000000,0.000000,NULL),
	(269,339,NULL,NULL,11,8,'Костюк','Александра',10,'2019-01-11 16:02:32',1,0.000000,0.000000,0.000000,NULL),
	(270,340,NULL,NULL,11,8,'Костюк','Александра',10,'2019-01-11 16:02:33',1,0.000000,0.000000,0.000000,NULL),
	(271,341,NULL,NULL,11,8,'Костюк','Александра',10,'2019-01-11 16:02:35',1,0.000000,0.000000,0.000000,NULL),
	(272,342,NULL,NULL,11,8,'Костюк','Александра',10,'2019-01-11 16:04:34',1,0.000000,0.000000,0.000000,NULL),
	(273,343,NULL,NULL,11,8,'Костюк','Александра',10,'2019-01-11 16:04:37',1,0.000000,0.000000,0.000000,NULL),
	(274,344,NULL,NULL,11,8,'Костюк','Александра',10,'2019-01-11 16:04:39',1,0.000000,0.000000,0.000000,NULL),
	(275,345,NULL,NULL,11,8,'Костюк','Александра',10,'2019-01-11 16:04:41',1,0.000000,0.000000,0.000000,NULL),
	(276,346,NULL,NULL,11,8,'Костюк','Александра',10,'2019-01-11 16:04:43',1,0.000000,0.000000,0.000000,NULL),
	(277,347,NULL,NULL,11,8,'Костюк','Александра',10,'2019-01-11 16:04:45',1,0.000000,0.000000,0.000000,NULL),
	(278,348,NULL,NULL,11,8,'Костюк','Александра',10,'2019-01-11 16:04:47',1,0.000000,0.000000,0.000000,NULL),
	(279,349,NULL,NULL,11,8,'Костюк','Александра',10,'2019-01-11 16:04:49',1,0.000000,0.000000,0.000000,NULL),
	(280,358,NULL,NULL,11,8,'Костюк','Александра',10,'2019-01-12 12:21:03',1,0.000000,0.000000,0.000000,NULL),
	(281,354,NULL,NULL,11,8,'Костюк','Александра',10,'2019-01-12 12:35:09',1,0.000000,0.000000,0.000000,NULL),
	(282,361,NULL,NULL,11,8,'Костюк','Александра',10,'2019-01-12 16:30:37',1,0.000000,0.000000,0.000000,NULL),
	(283,362,NULL,NULL,11,8,'Костюк','Александра',10,'2019-01-12 16:43:48',1,0.000000,0.000000,0.000000,NULL),
	(284,360,NULL,NULL,11,8,'Костюк','Александра',10,'2019-01-12 16:55:08',1,0.000000,0.000000,0.000000,NULL),
	(285,359,NULL,NULL,11,8,'Костюк','Александра',10,'2019-01-12 16:55:13',1,0.000000,0.000000,0.000000,NULL),
	(286,363,NULL,NULL,11,8,'Костюк','Александра',10,'2019-01-14 16:48:51',1,0.000000,0.000000,0.000000,NULL),
	(287,364,NULL,NULL,11,8,'Костюк','Александра',10,'2019-01-14 18:21:28',1,0.000000,0.000000,0.000000,NULL),
	(288,367,NULL,NULL,11,8,'Костюк','Александра',10,'2019-01-14 18:25:45',1,0.000000,0.000000,0.000000,NULL),
	(289,366,NULL,NULL,11,8,'Костюк','Александра',10,'2019-01-14 18:25:47',1,0.000000,0.000000,0.000000,NULL),
	(290,365,NULL,NULL,11,8,'Костюк','Александра',10,'2019-01-14 18:25:48',1,0.000000,0.000000,0.000000,NULL),
	(291,350,NULL,NULL,11,8,'Костюк','Александра',10,'2019-01-15 11:01:01',1,0.000000,0.000000,0.000000,NULL),
	(292,351,NULL,NULL,11,8,'Костюк','Александра',10,'2019-01-15 11:06:49',1,0.000000,0.000000,0.000000,NULL),
	(293,352,NULL,NULL,11,8,'Костюк','Александра',10,'2019-01-15 11:29:07',1,0.000000,0.000000,0.000000,NULL),
	(294,353,NULL,NULL,11,8,'Костюк','Александра',10,'2019-01-15 11:41:47',1,0.000000,0.000000,0.000000,NULL),
	(295,355,NULL,NULL,11,8,'Костюк','Александра',10,'2019-01-15 11:55:21',1,0.000000,0.000000,0.000000,NULL),
	(296,368,NULL,NULL,11,8,'Костюк','Александра',10,'2019-01-15 15:47:50',1,0.000000,0.000000,0.000000,NULL),
	(297,369,NULL,NULL,11,8,'Костюк','Александра',10,'2019-01-16 15:46:33',1,0.000000,0.000000,0.000000,NULL),
	(298,370,NULL,NULL,11,8,'Костюк','Александра',10,'2019-01-17 16:39:56',1,0.000000,0.000000,0.000000,NULL),
	(299,371,NULL,NULL,11,8,'Костюк','Александра',10,'2019-01-17 16:54:35',1,0.000000,0.000000,0.000000,NULL),
	(300,372,NULL,NULL,11,8,'Костюк','Александра',10,'2019-01-17 17:07:48',1,0.000000,0.000000,0.000000,NULL),
	(301,373,NULL,NULL,11,8,'Костюк','Александра',10,'2019-01-17 17:23:48',1,0.000000,0.000000,0.000000,NULL),
	(302,374,NULL,NULL,11,8,'Костюк','Александра',10,'2019-01-17 17:32:45',1,0.000000,0.000000,0.000000,NULL),
	(303,375,NULL,NULL,11,8,'Костюк','Александра',10,'2019-01-17 17:40:49',1,0.000000,0.000000,0.000000,NULL),
	(304,368,NULL,NULL,11,8,'Костюк','Александра',1,'2019-01-18 14:30:47',1,0.000000,0.000000,0.000000,NULL),
	(305,380,NULL,NULL,11,1,'Pencencova','Olga',10,'2019-01-19 15:59:48',1,0.000000,0.000000,0.000000,NULL),
	(306,379,NULL,NULL,11,1,'Pencencova','Olga',10,'2019-01-19 16:00:58',1,0.000000,0.000000,0.000000,NULL),
	(307,382,NULL,NULL,11,1,'Pencencova','Olga',10,'2019-01-19 16:12:17',1,0.000000,0.000000,0.000000,NULL),
	(308,385,NULL,NULL,11,1,'Pencencova','Olga',10,'2019-01-21 14:55:23',1,0.000000,0.000000,0.000000,NULL),
	(309,390,NULL,NULL,11,1,'Pencencova','Olga',10,'2019-01-21 14:55:24',1,0.000000,0.000000,0.000000,NULL),
	(310,386,NULL,NULL,11,1,'Pencencova','Olga',10,'2019-01-21 14:55:25',1,0.000000,0.000000,0.000000,NULL),
	(311,391,NULL,NULL,11,1,'Pencencova','Olga',10,'2019-01-21 14:55:27',1,0.000000,0.000000,0.000000,NULL),
	(312,387,NULL,NULL,11,1,'Pencencova','Olga',10,'2019-01-21 14:55:28',1,0.000000,0.000000,0.000000,NULL),
	(313,392,NULL,NULL,11,1,'Pencencova','Olga',10,'2019-01-21 14:55:29',1,0.000000,0.000000,0.000000,NULL),
	(314,388,NULL,NULL,11,1,'Pencencova','Olga',10,'2019-01-21 14:55:31',1,0.000000,0.000000,0.000000,NULL),
	(315,393,NULL,NULL,11,1,'Pencencova','Olga',10,'2019-01-21 14:55:32',1,0.000000,0.000000,0.000000,NULL),
	(316,389,NULL,NULL,11,1,'Pencencova','Olga',10,'2019-01-21 14:55:33',1,0.000000,0.000000,0.000000,NULL),
	(317,394,NULL,NULL,11,1,'Pencencova','Olga',10,'2019-01-21 14:55:37',1,0.000000,0.000000,0.000000,NULL),
	(318,395,NULL,NULL,11,8,'Костюк','Александра',10,'2019-01-21 14:56:45',1,0.000000,0.000000,0.000000,NULL),
	(319,397,NULL,NULL,11,8,'Костюк','Александра',10,'2019-01-21 14:56:46',1,0.000000,0.000000,0.000000,NULL),
	(320,396,NULL,NULL,11,8,'Костюк','Александра',10,'2019-01-21 14:56:47',1,0.000000,0.000000,0.000000,NULL),
	(321,398,NULL,NULL,11,8,'Костюк','Александра',10,'2019-01-21 14:56:48',1,0.000000,0.000000,0.000000,NULL),
	(322,399,NULL,NULL,11,8,'Костюк','Александра',10,'2019-01-21 14:56:50',1,0.000000,0.000000,0.000000,NULL),
	(323,400,NULL,NULL,11,8,'Костюк','Александра',10,'2019-01-21 15:01:36',1,0.000000,0.000000,0.000000,NULL),
	(324,401,NULL,NULL,11,8,'Костюк','Александра',10,'2019-01-21 15:01:38',1,0.000000,0.000000,0.000000,NULL),
	(325,402,NULL,NULL,11,8,'Костюк','Александра',10,'2019-01-21 15:15:28',1,0.000000,0.000000,0.000000,NULL),
	(326,383,NULL,NULL,11,1,'Pencencova','Olga',80,'2019-01-21 15:23:14',1,0.000000,0.000000,0.000000,NULL),
	(327,403,NULL,NULL,11,8,'Костюк','Александра',10,'2019-01-21 15:25:11',1,0.000000,0.000000,0.000000,NULL),
	(328,404,NULL,NULL,11,8,'Костюк','Александра',10,'2019-01-21 15:25:12',1,0.000000,0.000000,0.000000,NULL),
	(329,405,NULL,NULL,11,8,'Костюк','Александра',10,'2019-01-21 15:25:14',1,0.000000,0.000000,0.000000,NULL),
	(330,406,NULL,NULL,11,8,'Костюк','Александра',10,'2019-01-21 15:25:15',1,0.000000,0.000000,0.000000,NULL),
	(331,407,NULL,NULL,11,8,'Костюк','Александра',10,'2019-01-21 15:25:17',1,0.000000,0.000000,0.000000,NULL),
	(332,408,NULL,NULL,11,8,'Костюк','Александра',10,'2019-01-21 15:25:18',1,0.000000,0.000000,0.000000,NULL),
	(333,409,NULL,NULL,11,8,'Костюк','Александра',10,'2019-01-21 15:25:19',1,0.000000,0.000000,0.000000,NULL),
	(334,410,NULL,NULL,11,8,'Костюк','Александра',10,'2019-01-21 15:25:21',1,0.000000,0.000000,0.000000,NULL),
	(335,411,NULL,NULL,11,8,'Костюк','Александра',10,'2019-01-21 15:25:22',1,0.000000,0.000000,0.000000,NULL),
	(336,412,NULL,NULL,11,8,'Костюк','Александра',10,'2019-01-21 15:25:24',1,0.000000,0.000000,0.000000,NULL),
	(337,413,NULL,NULL,11,8,'Костюк','Александра',10,'2019-01-21 15:25:25',1,0.000000,0.000000,0.000000,NULL),
	(338,414,NULL,NULL,11,8,'Костюк','Александра',10,'2019-01-21 15:25:27',1,0.000000,0.000000,0.000000,NULL),
	(339,415,NULL,NULL,11,8,'Костюк','Александра',10,'2019-01-21 15:25:28',1,0.000000,0.000000,0.000000,NULL),
	(340,416,NULL,NULL,11,8,'Костюк','Александра',10,'2019-01-21 15:25:30',1,0.000000,0.000000,0.000000,NULL),
	(341,417,NULL,NULL,11,8,'Костюк','Александра',10,'2019-01-21 15:25:32',1,0.000000,0.000000,0.000000,NULL),
	(342,377,NULL,NULL,11,8,'Костюк','Александра',10,'2019-01-21 15:35:24',1,0.000000,0.000000,0.000000,NULL),
	(343,357,NULL,NULL,11,8,'Костюк','Александра',10,'2019-01-21 15:43:38',1,0.000000,0.000000,0.000000,NULL),
	(344,356,NULL,NULL,11,8,'Костюк','Александра',10,'2019-01-21 15:56:16',1,0.000000,0.000000,0.000000,NULL),
	(345,418,NULL,NULL,11,8,'Костюк','Александра',10,'2019-01-23 17:56:06',1,0.000000,0.000000,0.000000,NULL),
	(346,419,NULL,NULL,11,8,'Костюк','Александра',10,'2019-01-24 17:10:18',1,0.000000,0.000000,0.000000,NULL),
	(347,420,NULL,NULL,11,8,'Костюк','Александра',10,'2019-01-24 17:12:53',1,0.000000,0.000000,0.000000,NULL),
	(348,421,NULL,NULL,11,8,'Костюк','Александра',10,'2019-01-24 17:12:54',1,0.000000,0.000000,0.000000,NULL),
	(349,422,NULL,NULL,11,8,'Костюк','Александра',10,'2019-01-28 15:22:51',1,0.000000,0.000000,0.000000,NULL),
	(350,423,NULL,NULL,11,8,'Костюк','Александра',10,'2019-01-28 15:22:54',1,0.000000,0.000000,0.000000,NULL),
	(351,424,NULL,NULL,11,8,'Костюк','Александра',10,'2019-01-28 15:22:56',1,0.000000,0.000000,0.000000,NULL),
	(352,425,NULL,NULL,11,8,'Костюк','Александра',10,'2019-01-28 15:28:00',1,0.000000,0.000000,0.000000,NULL),
	(353,426,NULL,NULL,11,8,'Костюк','Александра',10,'2019-01-28 15:28:02',1,0.000000,0.000000,0.000000,NULL),
	(354,427,NULL,NULL,11,8,'Костюк','Александра',10,'2019-01-28 15:28:03',1,0.000000,0.000000,0.000000,NULL),
	(355,428,NULL,NULL,11,8,'Костюк','Александра',10,'2019-01-28 15:28:05',1,0.000000,0.000000,0.000000,NULL),
	(356,429,NULL,NULL,11,8,'Костюк','Александра',10,'2019-01-28 15:29:07',1,0.000000,0.000000,0.000000,NULL),
	(357,430,NULL,NULL,11,8,'Костюк','Александра',10,'2019-01-28 15:29:08',1,0.000000,0.000000,0.000000,NULL),
	(358,431,NULL,NULL,11,8,'Костюк','Александра',1575,'2019-01-28 15:29:10',1,0.000000,0.000000,0.000000,NULL),
	(359,431,NULL,NULL,11,8,'Костюк','Александра',1565,'2019-01-28 15:29:43',-1,0.000000,0.000000,0.000000,NULL),
	(360,435,NULL,NULL,11,8,'Костюк','Александра',10,'2019-01-28 15:32:11',1,0.000000,0.000000,0.000000,NULL),
	(361,433,NULL,NULL,11,8,'Костюк','Александра',10,'2019-01-28 15:32:13',1,0.000000,0.000000,0.000000,NULL),
	(362,432,NULL,NULL,11,8,'Костюк','Александра',10,'2019-01-28 15:32:14',1,0.000000,0.000000,0.000000,NULL),
	(363,434,NULL,NULL,11,8,'Костюк','Александра',10,'2019-01-28 15:32:16',1,0.000000,0.000000,0.000000,NULL),
	(364,439,NULL,NULL,11,8,'Костюк','Александра',10,'2019-01-28 15:40:03',1,0.000000,0.000000,0.000000,NULL),
	(365,436,NULL,NULL,11,8,'Костюк','Александра',10,'2019-01-28 15:40:05',1,0.000000,0.000000,0.000000,NULL),
	(366,437,NULL,NULL,11,8,'Костюк','Александра',10,'2019-01-28 15:40:07',1,0.000000,0.000000,0.000000,NULL),
	(367,438,NULL,NULL,11,8,'Костюк','Александра',10,'2019-01-28 15:40:09',1,0.000000,0.000000,0.000000,NULL),
	(368,440,NULL,NULL,11,8,'Костюк','Александра',10,'2019-01-28 15:42:04',1,0.000000,0.000000,0.000000,NULL),
	(369,441,NULL,NULL,11,8,'Костюк','Александра',10,'2019-01-28 15:42:06',1,0.000000,0.000000,0.000000,NULL),
	(370,442,NULL,NULL,11,8,'Костюк','Александра',10,'2019-01-28 15:42:08',1,0.000000,0.000000,0.000000,NULL),
	(371,278,NULL,NULL,11,8,'Костюк','Александра',3,'2019-01-28 17:29:13',1,0.000000,0.000000,0.000000,NULL);

/*!40000 ALTER TABLE `ps_stock_mvt` ENABLE KEYS */;
UNLOCK TABLES;


# Дамп таблицы ps_stock_mvt_reason
# ------------------------------------------------------------

DROP TABLE IF EXISTS `ps_stock_mvt_reason`;

CREATE TABLE `ps_stock_mvt_reason` (
  `id_stock_mvt_reason` int(11) unsigned NOT NULL AUTO_INCREMENT,
  `sign` tinyint(1) NOT NULL DEFAULT '1',
  `date_add` datetime NOT NULL,
  `date_upd` datetime NOT NULL,
  `deleted` tinyint(1) unsigned NOT NULL DEFAULT '0',
  PRIMARY KEY (`id_stock_mvt_reason`)
) ENGINE=InnoDB DEFAULT CHARSET=utf8;

LOCK TABLES `ps_stock_mvt_reason` WRITE;
/*!40000 ALTER TABLE `ps_stock_mvt_reason` DISABLE KEYS */;

INSERT INTO `ps_stock_mvt_reason` (`id_stock_mvt_reason`, `sign`, `date_add`, `date_upd`, `deleted`)
VALUES
	(1,1,'2018-03-11 19:13:01','2018-03-11 19:13:01',0),
	(2,-1,'2018-03-11 19:13:01','2018-03-11 19:13:01',0),
	(3,-1,'2018-03-11 19:13:01','2018-03-11 19:13:01',0),
	(4,-1,'2018-03-11 19:13:01','2018-03-11 19:13:01',0),
	(5,1,'2018-03-11 19:13:01','2018-03-11 19:13:01',0),
	(6,-1,'2018-03-11 19:13:01','2018-03-11 19:13:01',0),
	(7,1,'2018-03-11 19:13:01','2018-03-11 19:13:01',0),
	(8,1,'2018-03-11 19:13:01','2018-03-11 19:13:01',0),
	(9,1,'2018-03-11 19:13:01','2018-03-11 19:13:01',0),
	(10,1,'2018-03-11 19:13:01','2018-03-11 19:13:01',0),
	(11,1,'2018-03-11 19:13:01','2018-03-11 19:13:01',0),
	(12,-1,'2018-03-11 19:13:01','2018-03-11 19:13:01',0);

/*!40000 ALTER TABLE `ps_stock_mvt_reason` ENABLE KEYS */;
UNLOCK TABLES;


# Дамп таблицы ps_stock_mvt_reason_lang
# ------------------------------------------------------------

DROP TABLE IF EXISTS `ps_stock_mvt_reason_lang`;

CREATE TABLE `ps_stock_mvt_reason_lang` (
  `id_stock_mvt_reason` int(11) unsigned NOT NULL,
  `id_lang` int(11) unsigned NOT NULL,
  `name` varchar(255) NOT NULL,
  PRIMARY KEY (`id_stock_mvt_reason`,`id_lang`)
) ENGINE=InnoDB DEFAULT CHARSET=utf8;

LOCK TABLES `ps_stock_mvt_reason_lang` WRITE;
/*!40000 ALTER TABLE `ps_stock_mvt_reason_lang` DISABLE KEYS */;

INSERT INTO `ps_stock_mvt_reason_lang` (`id_stock_mvt_reason`, `id_lang`, `name`)
VALUES
	(1,1,'Increase'),
	(1,2,'Increase'),
	(1,3,'Increase'),
	(1,4,'Increase'),
	(2,1,'Decrease'),
	(2,2,'Decrease'),
	(2,3,'Decrease'),
	(2,4,'Decrease'),
	(3,1,'Customer Order'),
	(3,2,'Customer Order'),
	(3,3,'Customer Order'),
	(3,4,'Customer Order'),
	(4,1,'Regulation following an inventory of stock'),
	(4,2,'Regulation following an inventory of stock'),
	(4,3,'Regulation following an inventory of stock'),
	(4,4,'Regulation following an inventory of stock'),
	(5,1,'Regulation following an inventory of stock'),
	(5,2,'Regulation following an inventory of stock'),
	(5,3,'Regulation following an inventory of stock'),
	(5,4,'Regulation following an inventory of stock'),
	(6,1,'Transfer to another warehouse'),
	(6,2,'Transfer to another warehouse'),
	(6,3,'Transfer to another warehouse'),
	(6,4,'Transfer to another warehouse'),
	(7,1,'Transfer from another warehouse'),
	(7,2,'Transfer from another warehouse'),
	(7,3,'Transfer from another warehouse'),
	(7,4,'Transfer from another warehouse'),
	(8,1,'Supply Order'),
	(8,2,'Supply Order'),
	(8,3,'Supply Order'),
	(8,4,'Supply Order'),
	(9,1,'Customer Order'),
	(9,2,'Customer Order'),
	(9,3,'Customer Order'),
	(9,4,'Customer Order'),
	(10,1,'Product Return'),
	(10,2,'Product Return'),
	(10,3,'Product Return'),
	(10,4,'Product Return'),
	(11,1,'Employee Edition'),
	(11,2,'Employee Edition'),
	(11,3,'Employee Edition'),
	(11,4,'Employee Edition'),
	(12,1,'Employee Edition'),
	(12,2,'Employee Edition'),
	(12,3,'Employee Edition'),
	(12,4,'Employee Edition');

/*!40000 ALTER TABLE `ps_stock_mvt_reason_lang` ENABLE KEYS */;
UNLOCK TABLES;


# Дамп таблицы ps_store
# ------------------------------------------------------------

DROP TABLE IF EXISTS `ps_store`;

CREATE TABLE `ps_store` (
  `id_store` int(10) unsigned NOT NULL AUTO_INCREMENT,
  `id_country` int(10) unsigned NOT NULL,
  `id_state` int(10) unsigned DEFAULT NULL,
  `city` varchar(64) NOT NULL,
  `postcode` varchar(12) NOT NULL,
  `latitude` decimal(13,8) DEFAULT NULL,
  `longitude` decimal(13,8) DEFAULT NULL,
  `phone` varchar(16) DEFAULT NULL,
  `fax` varchar(16) DEFAULT NULL,
  `email` varchar(128) DEFAULT NULL,
  `active` tinyint(1) unsigned NOT NULL DEFAULT '0',
  `date_add` datetime NOT NULL,
  `date_upd` datetime NOT NULL,
  PRIMARY KEY (`id_store`)
) ENGINE=InnoDB DEFAULT CHARSET=utf8;

LOCK TABLES `ps_store` WRITE;
/*!40000 ALTER TABLE `ps_store` DISABLE KEYS */;

INSERT INTO `ps_store` (`id_store`, `id_country`, `id_state`, `city`, `postcode`, `latitude`, `longitude`, `phone`, `fax`, `email`, `active`, `date_add`, `date_upd`)
VALUES
	(1,147,0,'Chisinau','MD-2060',46.99533770,28.85718170,'+373 796 46 609','','olga.pencencova@gmail.com',1,'2018-03-11 19:13:03','2019-02-28 10:17:30');

/*!40000 ALTER TABLE `ps_store` ENABLE KEYS */;
UNLOCK TABLES;


# Дамп таблицы ps_store_lang
# ------------------------------------------------------------

DROP TABLE IF EXISTS `ps_store_lang`;

CREATE TABLE `ps_store_lang` (
  `id_store` int(11) unsigned NOT NULL,
  `id_lang` int(11) unsigned NOT NULL,
  `name` varchar(255) NOT NULL,
  `address1` varchar(255) NOT NULL,
  `address2` varchar(255) DEFAULT NULL,
  `hours` text,
  `note` text,
  PRIMARY KEY (`id_store`,`id_lang`)
) ENGINE=InnoDB DEFAULT CHARSET=utf8;

LOCK TABLES `ps_store_lang` WRITE;
/*!40000 ALTER TABLE `ps_store_lang` DISABLE KEYS */;

INSERT INTO `ps_store_lang` (`id_store`, `id_lang`, `name`, `address1`, `address2`, `hours`, `note`)
VALUES
	(1,1,'Cadouri.MD','str. Decebal 139','','[[\"09:00AM - 07:00PM\"],[\"09:00AM - 07:00PM\"],[\"09:00AM - 07:00PM\"],[\"09:00AM - 07:00PM\"],[\"09:00AM - 07:00PM\"],[\"10:00AM - 04:00PM\"],[\"10:00AM - 04:00PM\"]]',''),
	(1,2,'Cadouri.MD','str. Decebal 139','','[[\"09:00AM - 07:00PM\"],[\"09:00AM - 07:00PM\"],[\"09:00AM - 07:00PM\"],[\"09:00AM - 07:00PM\"],[\"09:00AM - 07:00PM\"],[\"10:00AM - 04:00PM\"],[\"10:00AM - 04:00PM\"]]',''),
	(1,3,'Cadouri.MD','бул. Дечебал 139','','[[\"09:00AM - 07:00PM\"],[\"09:00AM - 07:00PM\"],[\"09:00AM - 07:00PM\"],[\"09:00AM - 07:00PM\"],[\"09:00AM - 07:00PM\"],[\"10:00AM - 04:00PM\"],[\"10:00AM - 04:00PM\"]]','');

/*!40000 ALTER TABLE `ps_store_lang` ENABLE KEYS */;
UNLOCK TABLES;


# Дамп таблицы ps_store_shop
# ------------------------------------------------------------

DROP TABLE IF EXISTS `ps_store_shop`;

CREATE TABLE `ps_store_shop` (
  `id_store` int(11) unsigned NOT NULL,
  `id_shop` int(11) unsigned NOT NULL,
  PRIMARY KEY (`id_store`,`id_shop`),
  KEY `id_shop` (`id_shop`)
) ENGINE=InnoDB DEFAULT CHARSET=utf8;

LOCK TABLES `ps_store_shop` WRITE;
/*!40000 ALTER TABLE `ps_store_shop` DISABLE KEYS */;

INSERT INTO `ps_store_shop` (`id_store`, `id_shop`)
VALUES
	(1,1);

/*!40000 ALTER TABLE `ps_store_shop` ENABLE KEYS */;
UNLOCK TABLES;


# Дамп таблицы ps_supplier
# ------------------------------------------------------------

DROP TABLE IF EXISTS `ps_supplier`;

CREATE TABLE `ps_supplier` (
  `id_supplier` int(10) unsigned NOT NULL AUTO_INCREMENT,
  `name` varchar(64) NOT NULL,
  `date_add` datetime NOT NULL,
  `date_upd` datetime NOT NULL,
  `active` tinyint(1) NOT NULL DEFAULT '0',
  PRIMARY KEY (`id_supplier`)
) ENGINE=InnoDB DEFAULT CHARSET=utf8;



# Дамп таблицы ps_supplier_lang
# ------------------------------------------------------------

DROP TABLE IF EXISTS `ps_supplier_lang`;

CREATE TABLE `ps_supplier_lang` (
  `id_supplier` int(10) unsigned NOT NULL,
  `id_lang` int(10) unsigned NOT NULL,
  `description` text,
  `meta_title` varchar(128) DEFAULT NULL,
  `meta_keywords` varchar(255) DEFAULT NULL,
  `meta_description` varchar(255) DEFAULT NULL,
  PRIMARY KEY (`id_supplier`,`id_lang`)
) ENGINE=InnoDB DEFAULT CHARSET=utf8;



# Дамп таблицы ps_supplier_shop
# ------------------------------------------------------------

DROP TABLE IF EXISTS `ps_supplier_shop`;

CREATE TABLE `ps_supplier_shop` (
  `id_supplier` int(11) unsigned NOT NULL,
  `id_shop` int(11) unsigned NOT NULL,
  PRIMARY KEY (`id_supplier`,`id_shop`),
  KEY `id_shop` (`id_shop`)
) ENGINE=InnoDB DEFAULT CHARSET=utf8;



# Дамп таблицы ps_supply_order
# ------------------------------------------------------------

DROP TABLE IF EXISTS `ps_supply_order`;

CREATE TABLE `ps_supply_order` (
  `id_supply_order` int(11) unsigned NOT NULL AUTO_INCREMENT,
  `id_supplier` int(11) unsigned NOT NULL,
  `supplier_name` varchar(64) NOT NULL,
  `id_lang` int(11) unsigned NOT NULL,
  `id_warehouse` int(11) unsigned NOT NULL,
  `id_supply_order_state` int(11) unsigned NOT NULL,
  `id_currency` int(11) unsigned NOT NULL,
  `id_ref_currency` int(11) unsigned NOT NULL,
  `reference` varchar(64) NOT NULL,
  `date_add` datetime NOT NULL,
  `date_upd` datetime NOT NULL,
  `date_delivery_expected` datetime DEFAULT NULL,
  `total_te` decimal(20,6) DEFAULT '0.000000',
  `total_with_discount_te` decimal(20,6) DEFAULT '0.000000',
  `total_tax` decimal(20,6) DEFAULT '0.000000',
  `total_ti` decimal(20,6) DEFAULT '0.000000',
  `discount_rate` decimal(20,6) DEFAULT '0.000000',
  `discount_value_te` decimal(20,6) DEFAULT '0.000000',
  `is_template` tinyint(1) DEFAULT '0',
  PRIMARY KEY (`id_supply_order`),
  KEY `id_supplier` (`id_supplier`),
  KEY `id_warehouse` (`id_warehouse`),
  KEY `reference` (`reference`)
) ENGINE=InnoDB DEFAULT CHARSET=utf8;



# Дамп таблицы ps_supply_order_detail
# ------------------------------------------------------------

DROP TABLE IF EXISTS `ps_supply_order_detail`;

CREATE TABLE `ps_supply_order_detail` (
  `id_supply_order_detail` int(11) unsigned NOT NULL AUTO_INCREMENT,
  `id_supply_order` int(11) unsigned NOT NULL,
  `id_currency` int(11) unsigned NOT NULL,
  `id_product` int(11) unsigned NOT NULL,
  `id_product_attribute` int(11) unsigned NOT NULL,
  `reference` varchar(32) NOT NULL,
  `supplier_reference` varchar(32) NOT NULL,
  `name` varchar(128) NOT NULL,
  `ean13` varchar(13) DEFAULT NULL,
  `isbn` varchar(32) DEFAULT NULL,
  `upc` varchar(12) DEFAULT NULL,
  `exchange_rate` decimal(20,6) DEFAULT '0.000000',
  `unit_price_te` decimal(20,6) DEFAULT '0.000000',
  `quantity_expected` int(11) unsigned NOT NULL,
  `quantity_received` int(11) unsigned NOT NULL,
  `price_te` decimal(20,6) DEFAULT '0.000000',
  `discount_rate` decimal(20,6) DEFAULT '0.000000',
  `discount_value_te` decimal(20,6) DEFAULT '0.000000',
  `price_with_discount_te` decimal(20,6) DEFAULT '0.000000',
  `tax_rate` decimal(20,6) DEFAULT '0.000000',
  `tax_value` decimal(20,6) DEFAULT '0.000000',
  `price_ti` decimal(20,6) DEFAULT '0.000000',
  `tax_value_with_order_discount` decimal(20,6) DEFAULT '0.000000',
  `price_with_order_discount_te` decimal(20,6) DEFAULT '0.000000',
  PRIMARY KEY (`id_supply_order_detail`),
  KEY `id_supply_order` (`id_supply_order`,`id_product`),
  KEY `id_product_attribute` (`id_product_attribute`),
  KEY `id_product_product_attribute` (`id_product`,`id_product_attribute`)
) ENGINE=InnoDB DEFAULT CHARSET=utf8;



# Дамп таблицы ps_supply_order_history
# ------------------------------------------------------------

DROP TABLE IF EXISTS `ps_supply_order_history`;

CREATE TABLE `ps_supply_order_history` (
  `id_supply_order_history` int(11) unsigned NOT NULL AUTO_INCREMENT,
  `id_supply_order` int(11) unsigned NOT NULL,
  `id_employee` int(11) unsigned NOT NULL,
  `employee_lastname` varchar(32) DEFAULT '',
  `employee_firstname` varchar(32) DEFAULT '',
  `id_state` int(11) unsigned NOT NULL,
  `date_add` datetime NOT NULL,
  PRIMARY KEY (`id_supply_order_history`),
  KEY `id_supply_order` (`id_supply_order`),
  KEY `id_employee` (`id_employee`),
  KEY `id_state` (`id_state`)
) ENGINE=InnoDB DEFAULT CHARSET=utf8;



# Дамп таблицы ps_supply_order_receipt_history
# ------------------------------------------------------------

DROP TABLE IF EXISTS `ps_supply_order_receipt_history`;

CREATE TABLE `ps_supply_order_receipt_history` (
  `id_supply_order_receipt_history` int(11) unsigned NOT NULL AUTO_INCREMENT,
  `id_supply_order_detail` int(11) unsigned NOT NULL,
  `id_employee` int(11) unsigned NOT NULL,
  `employee_lastname` varchar(32) DEFAULT '',
  `employee_firstname` varchar(32) DEFAULT '',
  `id_supply_order_state` int(11) unsigned NOT NULL,
  `quantity` int(11) unsigned NOT NULL,
  `date_add` datetime NOT NULL,
  PRIMARY KEY (`id_supply_order_receipt_history`),
  KEY `id_supply_order_detail` (`id_supply_order_detail`),
  KEY `id_supply_order_state` (`id_supply_order_state`)
) ENGINE=InnoDB DEFAULT CHARSET=utf8;



# Дамп таблицы ps_supply_order_state
# ------------------------------------------------------------

DROP TABLE IF EXISTS `ps_supply_order_state`;

CREATE TABLE `ps_supply_order_state` (
  `id_supply_order_state` int(11) unsigned NOT NULL AUTO_INCREMENT,
  `delivery_note` tinyint(1) NOT NULL DEFAULT '0',
  `editable` tinyint(1) NOT NULL DEFAULT '0',
  `receipt_state` tinyint(1) NOT NULL DEFAULT '0',
  `pending_receipt` tinyint(1) NOT NULL DEFAULT '0',
  `enclosed` tinyint(1) NOT NULL DEFAULT '0',
  `color` varchar(32) DEFAULT NULL,
  PRIMARY KEY (`id_supply_order_state`)
) ENGINE=InnoDB DEFAULT CHARSET=utf8;

LOCK TABLES `ps_supply_order_state` WRITE;
/*!40000 ALTER TABLE `ps_supply_order_state` DISABLE KEYS */;

INSERT INTO `ps_supply_order_state` (`id_supply_order_state`, `delivery_note`, `editable`, `receipt_state`, `pending_receipt`, `enclosed`, `color`)
VALUES
	(1,0,1,0,0,0,'#faab00'),
	(2,1,0,0,0,0,'#273cff'),
	(3,0,0,0,1,0,'#ff37f5'),
	(4,0,0,1,1,0,'#ff3e33'),
	(5,0,0,1,0,1,'#00d60c'),
	(6,0,0,0,0,1,'#666666');

/*!40000 ALTER TABLE `ps_supply_order_state` ENABLE KEYS */;
UNLOCK TABLES;


# Дамп таблицы ps_supply_order_state_lang
# ------------------------------------------------------------

DROP TABLE IF EXISTS `ps_supply_order_state_lang`;

CREATE TABLE `ps_supply_order_state_lang` (
  `id_supply_order_state` int(11) unsigned NOT NULL,
  `id_lang` int(11) unsigned NOT NULL,
  `name` varchar(128) DEFAULT NULL,
  PRIMARY KEY (`id_supply_order_state`,`id_lang`)
) ENGINE=InnoDB DEFAULT CHARSET=utf8;

LOCK TABLES `ps_supply_order_state_lang` WRITE;
/*!40000 ALTER TABLE `ps_supply_order_state_lang` DISABLE KEYS */;

INSERT INTO `ps_supply_order_state_lang` (`id_supply_order_state`, `id_lang`, `name`)
VALUES
	(1,1,'1 - Creation in progress'),
	(1,2,'1 - Creation in progress'),
	(1,3,'1 - Creation in progress'),
	(1,4,'1 - Creation in progress'),
	(2,1,'2 - Order validated'),
	(2,2,'2 - Order validated'),
	(2,3,'2 - Order validated'),
	(2,4,'2 - Order validated'),
	(3,1,'3 - Pending receipt'),
	(3,2,'3 - Pending receipt'),
	(3,3,'3 - Pending receipt'),
	(3,4,'3 - Pending receipt'),
	(4,1,'4 - Order received in part'),
	(4,2,'4 - Order received in part'),
	(4,3,'4 - Order received in part'),
	(4,4,'4 - Order received in part'),
	(5,1,'5 - Order received completely'),
	(5,2,'5 - Order received completely'),
	(5,3,'5 - Order received completely'),
	(5,4,'5 - Order received completely'),
	(6,1,'6 - Order canceled'),
	(6,2,'6 - Order canceled'),
	(6,3,'6 - Order canceled'),
	(6,4,'6 - Order canceled');

/*!40000 ALTER TABLE `ps_supply_order_state_lang` ENABLE KEYS */;
UNLOCK TABLES;


# Дамп таблицы ps_tab
# ------------------------------------------------------------

DROP TABLE IF EXISTS `ps_tab`;

CREATE TABLE `ps_tab` (
  `id_tab` int(11) NOT NULL AUTO_INCREMENT,
  `id_parent` int(11) NOT NULL,
  `position` int(11) NOT NULL,
  `module` varchar(64) COLLATE utf8_unicode_ci DEFAULT NULL,
  `class_name` varchar(64) COLLATE utf8_unicode_ci DEFAULT NULL,
  `active` tinyint(1) NOT NULL,
  `hide_host_mode` tinyint(1) NOT NULL,
  `icon` varchar(32) COLLATE utf8_unicode_ci DEFAULT NULL,
  PRIMARY KEY (`id_tab`)
) ENGINE=InnoDB DEFAULT CHARSET=utf8 COLLATE=utf8_unicode_ci;

LOCK TABLES `ps_tab` WRITE;
/*!40000 ALTER TABLE `ps_tab` DISABLE KEYS */;

INSERT INTO `ps_tab` (`id_tab`, `id_parent`, `position`, `module`, `class_name`, `active`, `hide_host_mode`, `icon`)
VALUES
	(1,0,1,NULL,'AdminDashboard',1,0,'trending_up'),
	(2,0,2,NULL,'SELL',1,0,''),
	(3,2,0,NULL,'AdminParentOrders',1,0,'shopping_basket'),
	(4,3,0,NULL,'AdminOrders',1,0,''),
	(5,3,1,NULL,'AdminInvoices',1,0,''),
	(6,3,2,NULL,'AdminSlip',1,0,''),
	(7,3,3,NULL,'AdminDeliverySlip',1,0,''),
	(8,3,4,NULL,'AdminCarts',1,0,''),
	(9,2,1,NULL,'AdminCatalog',1,0,'store'),
	(10,9,0,NULL,'AdminProducts',1,0,''),
	(11,9,1,NULL,'AdminCategories',1,0,''),
	(12,9,2,NULL,'AdminTracking',1,0,''),
	(13,9,3,NULL,'AdminParentAttributesGroups',1,0,''),
	(14,13,0,NULL,'AdminAttributesGroups',1,0,''),
	(15,13,1,NULL,'AdminFeatures',1,0,''),
	(16,9,4,NULL,'AdminParentManufacturers',1,0,''),
	(17,16,0,NULL,'AdminManufacturers',1,0,''),
	(18,16,1,NULL,'AdminSuppliers',1,0,''),
	(19,9,5,NULL,'AdminAttachments',1,0,''),
	(20,9,6,NULL,'AdminParentCartRules',1,0,''),
	(21,20,0,NULL,'AdminCartRules',1,0,''),
	(22,20,1,NULL,'AdminSpecificPriceRule',1,0,''),
	(23,9,7,NULL,'AdminStockManagement',1,0,''),
	(24,2,2,NULL,'AdminParentCustomer',1,0,'account_circle'),
	(25,24,0,NULL,'AdminCustomers',1,0,''),
	(26,24,1,NULL,'AdminAddresses',1,0,''),
	(27,24,2,NULL,'AdminOutstanding',0,0,''),
	(28,2,3,NULL,'AdminParentCustomerThreads',1,0,'chat'),
	(29,28,0,NULL,'AdminCustomerThreads',1,0,''),
	(30,28,1,NULL,'AdminOrderMessage',1,0,''),
	(31,28,2,NULL,'AdminReturn',1,0,''),
	(32,2,4,NULL,'AdminStats',1,0,'assessment'),
	(33,2,5,NULL,'AdminStock',1,0,'store'),
	(34,33,0,NULL,'AdminWarehouses',1,0,''),
	(35,33,1,NULL,'AdminParentStockManagement',1,0,''),
	(36,35,0,NULL,'AdminStockManagement',1,0,''),
	(37,36,0,NULL,'AdminStockMvt',1,0,''),
	(38,36,1,NULL,'AdminStockInstantState',1,0,''),
	(39,36,2,NULL,'AdminStockCover',1,0,''),
	(40,33,2,NULL,'AdminSupplyOrders',1,0,''),
	(41,33,3,NULL,'AdminStockConfiguration',1,0,''),
	(42,0,3,NULL,'IMPROVE',1,0,''),
	(43,42,1,NULL,'AdminParentModulesSf',1,0,'extension'),
	(44,43,0,NULL,'AdminModulesSf',1,0,''),
	(45,43,1,NULL,'AdminModules',0,0,''),
	(46,43,2,NULL,'AdminAddonsCatalog',1,0,''),
	(47,42,2,NULL,'AdminParentThemes',1,0,'desktop_mac'),
	(48,47,1,NULL,'AdminThemes',1,0,''),
	(49,47,2,NULL,'AdminThemesCatalog',1,0,''),
	(50,47,3,NULL,'AdminCmsContent',1,0,''),
	(51,47,4,NULL,'AdminModulesPositions',1,0,''),
	(52,47,5,NULL,'AdminImages',1,0,''),
	(53,42,3,NULL,'AdminParentShipping',1,0,'local_shipping'),
	(54,53,0,NULL,'AdminCarriers',1,0,''),
	(55,53,1,NULL,'AdminShipping',1,0,''),
	(56,42,4,NULL,'AdminParentPayment',1,0,'payment'),
	(57,56,0,NULL,'AdminPayment',1,0,''),
	(58,56,1,NULL,'AdminPaymentPreferences',1,0,''),
	(59,42,5,NULL,'AdminInternational',1,0,'language'),
	(60,59,0,NULL,'AdminParentLocalization',1,0,''),
	(61,60,0,NULL,'AdminLocalization',1,0,''),
	(62,60,1,NULL,'AdminLanguages',1,0,''),
	(63,60,2,NULL,'AdminCurrencies',1,0,''),
	(64,60,3,NULL,'AdminGeolocation',1,0,''),
	(65,59,1,NULL,'AdminParentCountries',1,0,''),
	(66,65,0,NULL,'AdminZones',1,0,''),
	(67,65,1,NULL,'AdminCountries',1,0,''),
	(68,65,2,NULL,'AdminStates',1,0,''),
	(69,59,2,NULL,'AdminParentTaxes',1,0,''),
	(70,69,0,NULL,'AdminTaxes',1,0,''),
	(71,69,1,NULL,'AdminTaxRulesGroup',1,0,''),
	(72,59,3,NULL,'AdminTranslations',1,0,''),
	(73,0,4,NULL,'CONFIGURE',1,0,''),
	(74,73,0,NULL,'ShopParameters',1,0,'settings'),
	(75,74,1,NULL,'AdminParentPreferences',1,0,''),
	(76,75,0,NULL,'AdminPreferences',1,0,''),
	(77,75,1,NULL,'AdminMaintenance',1,0,''),
	(78,74,2,NULL,'AdminParentOrderPreferences',1,0,''),
	(79,78,0,NULL,'AdminOrderPreferences',1,0,''),
	(80,78,1,NULL,'AdminStatuses',1,0,''),
	(81,74,3,NULL,'AdminPPreferences',1,0,''),
	(82,74,4,NULL,'AdminParentCustomerPreferences',1,0,''),
	(83,82,0,NULL,'AdminCustomerPreferences',1,0,''),
	(84,82,1,NULL,'AdminGroups',1,0,''),
	(85,82,2,NULL,'AdminGenders',1,0,''),
	(86,74,5,NULL,'AdminParentStores',1,0,''),
	(87,86,0,NULL,'AdminContacts',1,0,''),
	(88,86,1,NULL,'AdminStores',1,0,''),
	(89,74,6,NULL,'AdminParentMeta',1,0,''),
	(90,89,0,NULL,'AdminMeta',1,0,''),
	(91,89,1,NULL,'AdminSearchEngines',1,0,''),
	(92,89,2,NULL,'AdminReferrers',1,0,''),
	(93,74,7,NULL,'AdminParentSearchConf',1,0,''),
	(94,93,0,NULL,'AdminSearchConf',1,0,''),
	(95,93,1,NULL,'AdminTags',1,0,''),
	(96,73,1,NULL,'AdminAdvancedParameters',1,0,'settings_applications'),
	(97,96,0,NULL,'AdminInformation',1,0,''),
	(98,96,1,NULL,'AdminPerformance',1,0,''),
	(99,96,2,NULL,'AdminAdminPreferences',1,0,''),
	(100,96,3,NULL,'AdminEmails',1,0,''),
	(101,96,4,NULL,'AdminImport',1,0,''),
	(102,96,5,NULL,'AdminParentEmployees',1,0,''),
	(103,102,0,NULL,'AdminEmployees',1,0,''),
	(104,102,1,NULL,'AdminProfiles',1,0,''),
	(105,102,2,NULL,'AdminAccess',1,0,''),
	(106,96,6,NULL,'AdminParentRequestSql',1,0,''),
	(107,106,0,NULL,'AdminRequestSql',1,0,''),
	(108,106,1,NULL,'AdminBackup',1,0,''),
	(109,96,7,NULL,'AdminLogs',1,0,''),
	(110,96,8,NULL,'AdminWebservice',1,0,''),
	(111,96,9,'','AdminShopGroup',0,0,''),
	(112,96,10,NULL,'AdminShopUrl',0,0,''),
	(113,-1,1,NULL,'AdminQuickAccesses',1,0,''),
	(114,0,5,NULL,'DEFAULT',1,0,''),
	(115,-1,2,NULL,'AdminPatterns',1,0,''),
	(120,-1,3,'cronjobs','AdminCronJobs',1,0,''),
	(136,0,6,'amazzingblog','AdminBlog',1,0,''),
	(139,-1,4,'ganalytics','AdminGanalyticsAjax',0,0,'');

/*!40000 ALTER TABLE `ps_tab` ENABLE KEYS */;
UNLOCK TABLES;


# Дамп таблицы ps_tab_lang
# ------------------------------------------------------------

DROP TABLE IF EXISTS `ps_tab_lang`;

CREATE TABLE `ps_tab_lang` (
  `id_tab` int(11) NOT NULL,
  `id_lang` int(11) NOT NULL,
  `name` varchar(128) COLLATE utf8_unicode_ci NOT NULL,
  PRIMARY KEY (`id_tab`,`id_lang`),
  KEY `IDX_CFD9262DED47AB56` (`id_tab`)
) ENGINE=InnoDB DEFAULT CHARSET=utf8 COLLATE=utf8_unicode_ci;

LOCK TABLES `ps_tab_lang` WRITE;
/*!40000 ALTER TABLE `ps_tab_lang` DISABLE KEYS */;

INSERT INTO `ps_tab_lang` (`id_tab`, `id_lang`, `name`)
VALUES
	(1,1,'Dashboard'),
	(1,2,'Dashboard'),
	(1,3,'Dashboard'),
	(1,4,'Dashboard'),
	(2,1,'Sell'),
	(2,2,'Sell'),
	(2,3,'Sell'),
	(2,4,'Sell'),
	(3,1,'Orders'),
	(3,2,'Orders'),
	(3,3,'Orders'),
	(3,4,'Orders'),
	(4,1,'Orders'),
	(4,2,'Orders'),
	(4,3,'Orders'),
	(4,4,'Orders'),
	(5,1,'Invoices'),
	(5,2,'Invoices'),
	(5,3,'Invoices'),
	(5,4,'Invoices'),
	(6,1,'Credit Slips'),
	(6,2,'Credit Slips'),
	(6,3,'Credit Slips'),
	(6,4,'Credit Slips'),
	(7,1,'Delivery Slips'),
	(7,2,'Delivery Slips'),
	(7,3,'Delivery Slips'),
	(7,4,'Delivery Slips'),
	(8,1,'Shopping Carts'),
	(8,2,'Shopping Carts'),
	(8,3,'Shopping Carts'),
	(8,4,'Shopping Carts'),
	(9,1,'Catalog'),
	(9,2,'Catalog'),
	(9,3,'Catalog'),
	(9,4,'Catalog'),
	(10,1,'Products'),
	(10,2,'Products'),
	(10,3,'Products'),
	(10,4,'Products'),
	(11,1,'Categories'),
	(11,2,'Categories'),
	(11,3,'Categories'),
	(11,4,'Categories'),
	(12,1,'Monitoring'),
	(12,2,'Monitoring'),
	(12,3,'Monitoring'),
	(12,4,'Monitoring'),
	(13,1,'Attributes & Features'),
	(13,2,'Attributes & Features'),
	(13,3,'Attributes & Features'),
	(13,4,'Attributes & Features'),
	(14,1,'Attributes'),
	(14,2,'Attributes'),
	(14,3,'Attributes'),
	(14,4,'Attributes'),
	(15,1,'Features'),
	(15,2,'Features'),
	(15,3,'Features'),
	(15,4,'Features'),
	(16,1,'Brands & Suppliers'),
	(16,2,'Brands & Suppliers'),
	(16,3,'Brands & Suppliers'),
	(16,4,'Brands & Suppliers'),
	(17,1,'Brands'),
	(17,2,'Brands'),
	(17,3,'Brands'),
	(17,4,'Brands'),
	(18,1,'Suppliers'),
	(18,2,'Suppliers'),
	(18,3,'Suppliers'),
	(18,4,'Suppliers'),
	(19,1,'Files'),
	(19,2,'Files'),
	(19,3,'Files'),
	(19,4,'Files'),
	(20,1,'Discounts'),
	(20,2,'Discounts'),
	(20,3,'Discounts'),
	(20,4,'Discounts'),
	(21,1,'Cart Rules'),
	(21,2,'Cart Rules'),
	(21,3,'Cart Rules'),
	(21,4,'Cart Rules'),
	(22,1,'Catalog Price Rules'),
	(22,2,'Catalog Price Rules'),
	(22,3,'Catalog Price Rules'),
	(22,4,'Catalog Price Rules'),
	(23,1,'Stocks'),
	(23,2,'Stocks'),
	(23,3,'Stocks'),
	(23,4,'Stocks'),
	(24,1,'Customers'),
	(24,2,'Customers'),
	(24,3,'Customers'),
	(24,4,'Customers'),
	(25,1,'Customers'),
	(25,2,'Customers'),
	(25,3,'Customers'),
	(25,4,'Customers'),
	(26,1,'Addresses'),
	(26,2,'Addresses'),
	(26,3,'Addresses'),
	(26,4,'Addresses'),
	(27,1,'Outstanding'),
	(27,2,'Outstanding'),
	(27,3,'Outstanding'),
	(27,4,'Outstanding'),
	(28,1,'Customer Service'),
	(28,2,'Customer Service'),
	(28,3,'Customer Service'),
	(28,4,'Customer Service'),
	(29,1,'Customer Service'),
	(29,2,'Customer Service'),
	(29,3,'Customer Service'),
	(29,4,'Customer Service'),
	(30,1,'Order Messages'),
	(30,2,'Order Messages'),
	(30,3,'Order Messages'),
	(30,4,'Order Messages'),
	(31,1,'Merchandise Returns'),
	(31,2,'Merchandise Returns'),
	(31,3,'Merchandise Returns'),
	(31,4,'Merchandise Returns'),
	(32,1,'Stats'),
	(32,2,'Stats'),
	(32,3,'Stats'),
	(32,4,'Stats'),
	(34,1,'Warehouses'),
	(34,2,'Warehouses'),
	(34,3,'Warehouses'),
	(34,4,'Warehouses'),
	(35,1,'Stock Management'),
	(35,2,'Stock Management'),
	(35,3,'Stock Management'),
	(35,4,'Stock Management'),
	(36,1,'Stock Management'),
	(36,2,'Stock Management'),
	(36,3,'Stock Management'),
	(36,4,'Stock Management'),
	(37,1,'Stock Movement'),
	(37,2,'Stock Movement'),
	(37,3,'Stock Movement'),
	(37,4,'Stock Movement'),
	(38,1,'Instant Stock Status'),
	(38,2,'Instant Stock Status'),
	(38,3,'Instant Stock Status'),
	(38,4,'Instant Stock Status'),
	(39,1,'Stock Coverage'),
	(39,2,'Stock Coverage'),
	(39,3,'Stock Coverage'),
	(39,4,'Stock Coverage'),
	(40,1,'Supply orders'),
	(40,2,'Supply orders'),
	(40,3,'Supply orders'),
	(40,4,'Supply orders'),
	(41,1,'Configuration'),
	(41,2,'Configuration'),
	(41,3,'Configuration'),
	(41,4,'Configuration'),
	(42,1,'Improve'),
	(42,2,'Improve'),
	(42,3,'Improve'),
	(42,4,'Improve'),
	(43,1,'Modules'),
	(43,2,'Modules'),
	(43,3,'Modules'),
	(43,4,'Modules'),
	(44,1,'Modules & Services'),
	(44,2,'Modules & Services'),
	(44,3,'Modules & Services'),
	(44,4,'Modules & Services'),
	(46,1,'Modules Catalog'),
	(46,2,'Modules Catalog'),
	(46,3,'Modules Catalog'),
	(46,4,'Modules Catalog'),
	(47,1,'Design'),
	(47,2,'Design'),
	(47,3,'Design'),
	(47,4,'Design'),
	(48,1,'Theme & Logo'),
	(48,2,'Theme & Logo'),
	(48,3,'Theme & Logo'),
	(48,4,'Theme & Logo'),
	(49,1,'Theme Catalog'),
	(49,2,'Theme Catalog'),
	(49,3,'Theme Catalog'),
	(49,4,'Theme Catalog'),
	(50,1,'Pages'),
	(50,2,'Pages'),
	(50,3,'Pages'),
	(50,4,'Pages'),
	(51,1,'Positions'),
	(51,2,'Positions'),
	(51,3,'Positions'),
	(51,4,'Positions'),
	(52,1,'Image Settings'),
	(52,2,'Image Settings'),
	(52,3,'Image Settings'),
	(52,4,'Image Settings'),
	(53,1,'Shipping'),
	(53,2,'Shipping'),
	(53,3,'Shipping'),
	(53,4,'Shipping'),
	(54,1,'Carriers'),
	(54,2,'Carriers'),
	(54,3,'Carriers'),
	(54,4,'Carriers'),
	(55,1,'Preferences'),
	(55,2,'Preferences'),
	(55,3,'Preferences'),
	(55,4,'Preferences'),
	(56,1,'Payment'),
	(56,2,'Payment'),
	(56,3,'Payment'),
	(56,4,'Payment'),
	(57,1,'Payment Methods'),
	(57,2,'Payment Methods'),
	(57,3,'Payment Methods'),
	(57,4,'Payment Methods'),
	(58,1,'Preferences'),
	(58,2,'Preferences'),
	(58,3,'Preferences'),
	(58,4,'Preferences'),
	(59,1,'International'),
	(59,2,'International'),
	(59,3,'International'),
	(59,4,'International'),
	(60,1,'Localization'),
	(60,2,'Localization'),
	(60,3,'Localization'),
	(60,4,'Localization'),
	(61,1,'Localization'),
	(61,2,'Localization'),
	(61,3,'Localization'),
	(61,4,'Localization'),
	(62,1,'Languages'),
	(62,2,'Languages'),
	(62,3,'Languages'),
	(62,4,'Languages'),
	(63,1,'Currencies'),
	(63,2,'Currencies'),
	(63,3,'Currencies'),
	(63,4,'Currencies'),
	(64,1,'Geolocation'),
	(64,2,'Geolocation'),
	(64,3,'Geolocation'),
	(64,4,'Geolocation'),
	(65,1,'Locations'),
	(65,2,'Locations'),
	(65,3,'Locations'),
	(65,4,'Locations'),
	(66,1,'Zones'),
	(66,2,'Zones'),
	(66,3,'Zones'),
	(66,4,'Zones'),
	(67,1,'Countries'),
	(67,2,'Countries'),
	(67,3,'Countries'),
	(67,4,'Countries'),
	(68,1,'States'),
	(68,2,'States'),
	(68,3,'States'),
	(68,4,'States'),
	(69,1,'Taxes'),
	(69,2,'Taxes'),
	(69,3,'Taxes'),
	(69,4,'Taxes'),
	(70,1,'Taxes'),
	(70,2,'Taxes'),
	(70,3,'Taxes'),
	(70,4,'Taxes'),
	(71,1,'Tax Rules'),
	(71,2,'Tax Rules'),
	(71,3,'Tax Rules'),
	(71,4,'Tax Rules'),
	(72,1,'Translations'),
	(72,2,'Translations'),
	(72,3,'Translations'),
	(72,4,'Translations'),
	(73,1,'Configure'),
	(73,2,'Configure'),
	(73,3,'Configure'),
	(73,4,'Configure'),
	(74,1,'Shop Parameters'),
	(74,2,'Shop Parameters'),
	(74,3,'Shop Parameters'),
	(74,4,'Shop Parameters'),
	(75,1,'General'),
	(75,2,'General'),
	(75,3,'General'),
	(75,4,'General'),
	(76,1,'General'),
	(76,2,'General'),
	(76,3,'General'),
	(76,4,'General'),
	(77,1,'Maintenance'),
	(77,2,'Maintenance'),
	(77,3,'Maintenance'),
	(77,4,'Maintenance'),
	(78,1,'Order Settings'),
	(78,2,'Order Settings'),
	(78,3,'Order Settings'),
	(78,4,'Order Settings'),
	(79,1,'Order Settings'),
	(79,2,'Order Settings'),
	(79,3,'Order Settings'),
	(79,4,'Order Settings'),
	(80,1,'Statuses'),
	(80,2,'Statuses'),
	(80,3,'Statuses'),
	(80,4,'Statuses'),
	(81,1,'Product Settings'),
	(81,2,'Product Settings'),
	(81,3,'Product Settings'),
	(81,4,'Product Settings'),
	(82,1,'Customer Settings'),
	(82,2,'Customer Settings'),
	(82,3,'Customer Settings'),
	(82,4,'Customer Settings'),
	(83,1,'Customers'),
	(83,2,'Customers'),
	(83,3,'Customers'),
	(83,4,'Customers'),
	(84,1,'Groups'),
	(84,2,'Groups'),
	(84,3,'Groups'),
	(84,4,'Groups'),
	(85,1,'Titles'),
	(85,2,'Titles'),
	(85,3,'Titles'),
	(85,4,'Titles'),
	(86,1,'Contact'),
	(86,2,'Contact'),
	(86,3,'Contact'),
	(86,4,'Contact'),
	(87,1,'Contacts'),
	(87,2,'Contacts'),
	(87,3,'Contacts'),
	(87,4,'Contacts'),
	(88,1,'Stores'),
	(88,2,'Stores'),
	(88,3,'Stores'),
	(88,4,'Stores'),
	(89,1,'Traffic & SEO'),
	(89,2,'Traffic & SEO'),
	(89,3,'Traffic & SEO'),
	(89,4,'Traffic & SEO'),
	(90,1,'SEO & URLs'),
	(90,2,'SEO & URLs'),
	(90,3,'SEO & URLs'),
	(90,4,'SEO & URLs'),
	(91,1,'Search Engines'),
	(91,2,'Search Engines'),
	(91,3,'Search Engines'),
	(91,4,'Search Engines'),
	(92,1,'Referrers'),
	(92,2,'Referrers'),
	(92,3,'Referrers'),
	(92,4,'Referrers'),
	(93,1,'Search'),
	(93,2,'Search'),
	(93,3,'Search'),
	(93,4,'Search'),
	(94,1,'Search'),
	(94,2,'Search'),
	(94,3,'Search'),
	(94,4,'Search'),
	(95,1,'Tags'),
	(95,2,'Tags'),
	(95,3,'Tags'),
	(95,4,'Tags'),
	(96,1,'Advanced Parameters'),
	(96,2,'Advanced Parameters'),
	(96,3,'Advanced Parameters'),
	(96,4,'Advanced Parameters'),
	(97,1,'Information'),
	(97,2,'Information'),
	(97,3,'Information'),
	(97,4,'Information'),
	(98,1,'Performance'),
	(98,2,'Performance'),
	(98,3,'Performance'),
	(98,4,'Performance'),
	(99,1,'Administration'),
	(99,2,'Administration'),
	(99,3,'Administration'),
	(99,4,'Administration'),
	(100,1,'E-mail'),
	(100,2,'E-mail'),
	(100,3,'E-mail'),
	(100,4,'E-mail'),
	(101,1,'Import'),
	(101,2,'Import'),
	(101,3,'Import'),
	(101,4,'Import'),
	(102,1,'Team'),
	(102,2,'Team'),
	(102,3,'Team'),
	(102,4,'Team'),
	(103,1,'Employees'),
	(103,2,'Employees'),
	(103,3,'Employees'),
	(103,4,'Employees'),
	(104,1,'Profiles'),
	(104,2,'Profiles'),
	(104,3,'Profiles'),
	(104,4,'Profiles'),
	(105,1,'Permissions'),
	(105,2,'Permissions'),
	(105,3,'Permissions'),
	(105,4,'Permissions'),
	(106,1,'Database'),
	(106,2,'Database'),
	(106,3,'Database'),
	(106,4,'Database'),
	(107,1,'SQL Manager'),
	(107,2,'SQL Manager'),
	(107,3,'SQL Manager'),
	(107,4,'SQL Manager'),
	(108,1,'DB Backup'),
	(108,2,'DB Backup'),
	(108,3,'DB Backup'),
	(108,4,'DB Backup'),
	(109,1,'Logs'),
	(109,2,'Logs'),
	(109,3,'Logs'),
	(109,4,'Logs'),
	(110,1,'Webservice'),
	(110,2,'Webservice'),
	(110,3,'Webservice'),
	(110,4,'Webservice'),
	(111,1,'Multistore'),
	(111,2,'Multistore'),
	(111,3,'Multistore'),
	(111,4,'Multistore'),
	(112,1,'Multistore'),
	(112,2,'Multistore'),
	(112,3,'Multistore'),
	(112,4,'Multistore'),
	(113,1,'Quick Access'),
	(113,2,'Quick Access'),
	(113,3,'Quick Access'),
	(113,4,'Quick Access'),
	(114,1,'More'),
	(114,2,'More'),
	(114,3,'More'),
	(114,4,'More'),
	(120,1,'Cron Jobs'),
	(120,2,'Cron Jobs'),
	(120,3,'Cron Jobs'),
	(120,4,'Cron Jobs'),
	(136,1,'Blog'),
	(136,2,'Blog'),
	(136,3,'Blog'),
	(139,1,'Google Analytics Ajax'),
	(139,2,'Google Analytics Ajax'),
	(139,3,'Google Analytics Ajax');

/*!40000 ALTER TABLE `ps_tab_lang` ENABLE KEYS */;
UNLOCK TABLES;


# Дамп таблицы ps_tab_module_preference
# ------------------------------------------------------------

DROP TABLE IF EXISTS `ps_tab_module_preference`;

CREATE TABLE `ps_tab_module_preference` (
  `id_tab_module_preference` int(11) NOT NULL AUTO_INCREMENT,
  `id_employee` int(11) NOT NULL,
  `id_tab` int(11) NOT NULL,
  `module` varchar(255) NOT NULL,
  PRIMARY KEY (`id_tab_module_preference`),
  UNIQUE KEY `employee_module` (`id_employee`,`id_tab`,`module`)
) ENGINE=InnoDB DEFAULT CHARSET=utf8;



# Дамп таблицы ps_tag
# ------------------------------------------------------------

DROP TABLE IF EXISTS `ps_tag`;

CREATE TABLE `ps_tag` (
  `id_tag` int(10) unsigned NOT NULL AUTO_INCREMENT,
  `id_lang` int(10) unsigned NOT NULL,
  `name` varchar(32) NOT NULL,
  PRIMARY KEY (`id_tag`),
  KEY `tag_name` (`name`),
  KEY `id_lang` (`id_lang`)
) ENGINE=InnoDB DEFAULT CHARSET=utf8;



# Дамп таблицы ps_tag_count
# ------------------------------------------------------------

DROP TABLE IF EXISTS `ps_tag_count`;

CREATE TABLE `ps_tag_count` (
  `id_group` int(10) unsigned NOT NULL DEFAULT '0',
  `id_tag` int(10) unsigned NOT NULL DEFAULT '0',
  `id_lang` int(10) unsigned NOT NULL DEFAULT '0',
  `id_shop` int(11) unsigned NOT NULL DEFAULT '0',
  `counter` int(10) unsigned NOT NULL DEFAULT '0',
  PRIMARY KEY (`id_group`,`id_tag`),
  KEY `id_group` (`id_group`,`id_lang`,`id_shop`,`counter`)
) ENGINE=InnoDB DEFAULT CHARSET=utf8;



# Дамп таблицы ps_tax
# ------------------------------------------------------------

DROP TABLE IF EXISTS `ps_tax`;

CREATE TABLE `ps_tax` (
  `id_tax` int(10) unsigned NOT NULL AUTO_INCREMENT,
  `rate` decimal(10,3) NOT NULL,
  `active` tinyint(1) unsigned NOT NULL DEFAULT '1',
  `deleted` tinyint(1) unsigned NOT NULL DEFAULT '0',
  PRIMARY KEY (`id_tax`)
) ENGINE=InnoDB DEFAULT CHARSET=utf8;

LOCK TABLES `ps_tax` WRITE;
/*!40000 ALTER TABLE `ps_tax` DISABLE KEYS */;

INSERT INTO `ps_tax` (`id_tax`, `rate`, `active`, `deleted`)
VALUES
	(1,20.000,1,0),
	(2,8.000,1,0),
	(3,5.000,1,0);

/*!40000 ALTER TABLE `ps_tax` ENABLE KEYS */;
UNLOCK TABLES;


# Дамп таблицы ps_tax_lang
# ------------------------------------------------------------

DROP TABLE IF EXISTS `ps_tax_lang`;

CREATE TABLE `ps_tax_lang` (
  `id_tax` int(10) unsigned NOT NULL,
  `id_lang` int(10) unsigned NOT NULL,
  `name` varchar(32) NOT NULL,
  PRIMARY KEY (`id_tax`,`id_lang`)
) ENGINE=InnoDB DEFAULT CHARSET=utf8;

LOCK TABLES `ps_tax_lang` WRITE;
/*!40000 ALTER TABLE `ps_tax_lang` DISABLE KEYS */;

INSERT INTO `ps_tax_lang` (`id_tax`, `id_lang`, `name`)
VALUES
	(1,1,'TVA MD 20%'),
	(1,2,'TVA MD 20%'),
	(1,3,'TVA MD 20%'),
	(1,4,'TVA MD 20%'),
	(2,1,'TVA MD 8%'),
	(2,2,'TVA MD 8%'),
	(2,3,'TVA MD 8%'),
	(2,4,'TVA MD 8%'),
	(3,1,'TVA MD 5%'),
	(3,2,'TVA MD 5%'),
	(3,3,'TVA MD 5%'),
	(3,4,'TVA MD 5%');

/*!40000 ALTER TABLE `ps_tax_lang` ENABLE KEYS */;
UNLOCK TABLES;


# Дамп таблицы ps_tax_rule
# ------------------------------------------------------------

DROP TABLE IF EXISTS `ps_tax_rule`;

CREATE TABLE `ps_tax_rule` (
  `id_tax_rule` int(11) NOT NULL AUTO_INCREMENT,
  `id_tax_rules_group` int(11) NOT NULL,
  `id_country` int(11) NOT NULL,
  `id_state` int(11) NOT NULL,
  `zipcode_from` varchar(12) NOT NULL,
  `zipcode_to` varchar(12) NOT NULL,
  `id_tax` int(11) NOT NULL,
  `behavior` int(11) NOT NULL,
  `description` varchar(100) NOT NULL,
  PRIMARY KEY (`id_tax_rule`),
  KEY `id_tax_rules_group` (`id_tax_rules_group`),
  KEY `id_tax` (`id_tax`),
  KEY `category_getproducts` (`id_tax_rules_group`,`id_country`,`id_state`,`zipcode_from`)
) ENGINE=InnoDB DEFAULT CHARSET=utf8;

LOCK TABLES `ps_tax_rule` WRITE;
/*!40000 ALTER TABLE `ps_tax_rule` DISABLE KEYS */;

INSERT INTO `ps_tax_rule` (`id_tax_rule`, `id_tax_rules_group`, `id_country`, `id_state`, `zipcode_from`, `zipcode_to`, `id_tax`, `behavior`, `description`)
VALUES
	(1,1,147,0,'0','0',1,0,''),
	(2,2,147,0,'0','0',2,0,''),
	(3,3,147,0,'0','0',3,0,'');

/*!40000 ALTER TABLE `ps_tax_rule` ENABLE KEYS */;
UNLOCK TABLES;


# Дамп таблицы ps_tax_rules_group
# ------------------------------------------------------------

DROP TABLE IF EXISTS `ps_tax_rules_group`;

CREATE TABLE `ps_tax_rules_group` (
  `id_tax_rules_group` int(11) NOT NULL AUTO_INCREMENT,
  `name` varchar(50) NOT NULL,
  `active` int(11) NOT NULL,
  `deleted` tinyint(1) unsigned NOT NULL,
  `date_add` datetime NOT NULL,
  `date_upd` datetime NOT NULL,
  PRIMARY KEY (`id_tax_rules_group`)
) ENGINE=InnoDB DEFAULT CHARSET=utf8;

LOCK TABLES `ps_tax_rules_group` WRITE;
/*!40000 ALTER TABLE `ps_tax_rules_group` DISABLE KEYS */;

INSERT INTO `ps_tax_rules_group` (`id_tax_rules_group`, `name`, `active`, `deleted`, `date_add`, `date_upd`)
VALUES
	(1,'MD Standard Rate (20%)',1,0,'2018-03-11 19:13:01','2018-03-11 19:13:01'),
	(2,'MD Reduced Rate (8%)',1,0,'2018-03-11 19:13:01','2018-03-11 19:13:01'),
	(3,'MD Super Reduced Rate (5%)',1,0,'2018-03-11 19:13:01','2018-03-11 19:13:01');

/*!40000 ALTER TABLE `ps_tax_rules_group` ENABLE KEYS */;
UNLOCK TABLES;


# Дамп таблицы ps_tax_rules_group_shop
# ------------------------------------------------------------

DROP TABLE IF EXISTS `ps_tax_rules_group_shop`;

CREATE TABLE `ps_tax_rules_group_shop` (
  `id_tax_rules_group` int(11) unsigned NOT NULL,
  `id_shop` int(11) unsigned NOT NULL,
  PRIMARY KEY (`id_tax_rules_group`,`id_shop`),
  KEY `id_shop` (`id_shop`)
) ENGINE=InnoDB DEFAULT CHARSET=utf8;

LOCK TABLES `ps_tax_rules_group_shop` WRITE;
/*!40000 ALTER TABLE `ps_tax_rules_group_shop` DISABLE KEYS */;

INSERT INTO `ps_tax_rules_group_shop` (`id_tax_rules_group`, `id_shop`)
VALUES
	(1,1),
	(2,1),
	(3,1);

/*!40000 ALTER TABLE `ps_tax_rules_group_shop` ENABLE KEYS */;
UNLOCK TABLES;


# Дамп таблицы ps_testimonialswithavatars
# ------------------------------------------------------------

DROP TABLE IF EXISTS `ps_testimonialswithavatars`;

CREATE TABLE `ps_testimonialswithavatars` (
  `id_post` int(10) unsigned NOT NULL AUTO_INCREMENT,
  `id_shop` int(10) NOT NULL,
  `position` int(10) NOT NULL,
  `avatar` varchar(128) DEFAULT '0',
  `customer_name` varchar(128) DEFAULT NULL,
  `subject` varchar(128) DEFAULT NULL,
  `rating` int(2) DEFAULT '5',
  `content` text,
  `active` tinyint(1) unsigned NOT NULL DEFAULT '0',
  `visitor_ip` varchar(128) NOT NULL,
  `date_add` datetime NOT NULL,
  PRIMARY KEY (`id_post`),
  KEY `visitor_ip` (`visitor_ip`),
  KEY `avatar` (`avatar`)
) ENGINE=InnoDB DEFAULT CHARSET=utf8;

LOCK TABLES `ps_testimonialswithavatars` WRITE;
/*!40000 ALTER TABLE `ps_testimonialswithavatars` DISABLE KEYS */;

INSERT INTO `ps_testimonialswithavatars` (`id_post`, `id_shop`, `position`, `avatar`, `customer_name`, `subject`, `rating`, `content`, `active`, `visitor_ip`, `date_add`)
VALUES
	(1,1,1,'a1-1','Smith Vazovsky','High for this',5,'Typesetting, remainally unchanged.\n            It wantly elease of Letraset sheets containing Lorem IpsuIpsum passages hing typeare incl',1,'11.11.111.111','2019-01-12 04:30:11'),
	(2,1,2,'a4-1','Pretty lady','Remainally unchanged',5,'It wantly Leatrre includus sum sages,\n            and more recently with desktop publre inclu ding Aldus sum passages, and more recently\n            [u]with desktop puet[/u]',1,'11.11.111.111','2019-01-15 18:30:24'),
	(3,1,3,'a2-1','Pat Libertson','Simply Amazing',5,'With desktop dolor repellendus.\n            Temporibus autem quibusdam et aut officiis debitis aut rerum necessitatibus saepe eveniet\n            ut et voluptates repudiandae',1,'11.11.111.111','2019-01-23 19:04:50'),
	(4,1,4,'a6-1','Feri Vergi','What is see is what you get',5,'Nulla in ligula ut diam consectetur bibendum.\n            Quisque posuere ligula id purus luctus, non pharetra ex semper.',1,'11.11.111.111','2019-01-27 21:45:34'),
	(5,1,6,'a3-1','John Till','Like it very much!',5,'ofessen tiadus sum, ally ucnd recently dktop publishtting,\n            remainingdus. Pntly with des[img]//tinymce.cachefly.net/4/plugins/emoticons/img/smiley-cool.gif[/img]',1,'11.11.111.111','2019-01-30 12:41:31'),
	(6,1,5,'a5-1','Star Parov','So fantastic',5,'Tell them who voluptatem sequi nesciunt.\n            Neque porro quisquam est, qui dolorem ipsum quia dolor sit amet, consectetur, adipisci velit,\n            sed quia non numquam eius',1,'11.11.111.111','2019-01-30 20:00:14');

/*!40000 ALTER TABLE `ps_testimonialswithavatars` ENABLE KEYS */;
UNLOCK TABLES;


# Дамп таблицы ps_timezone
# ------------------------------------------------------------

DROP TABLE IF EXISTS `ps_timezone`;

CREATE TABLE `ps_timezone` (
  `id_timezone` int(10) unsigned NOT NULL AUTO_INCREMENT,
  `name` varchar(32) NOT NULL,
  PRIMARY KEY (`id_timezone`)
) ENGINE=InnoDB DEFAULT CHARSET=utf8;

LOCK TABLES `ps_timezone` WRITE;
/*!40000 ALTER TABLE `ps_timezone` DISABLE KEYS */;

INSERT INTO `ps_timezone` (`id_timezone`, `name`)
VALUES
	(1,'Africa/Abidjan'),
	(2,'Africa/Accra'),
	(3,'Africa/Addis_Ababa'),
	(4,'Africa/Algiers'),
	(5,'Africa/Asmara'),
	(6,'Africa/Asmera'),
	(7,'Africa/Bamako'),
	(8,'Africa/Bangui'),
	(9,'Africa/Banjul'),
	(10,'Africa/Bissau'),
	(11,'Africa/Blantyre'),
	(12,'Africa/Brazzaville'),
	(13,'Africa/Bujumbura'),
	(14,'Africa/Cairo'),
	(15,'Africa/Casablanca'),
	(16,'Africa/Ceuta'),
	(17,'Africa/Conakry'),
	(18,'Africa/Dakar'),
	(19,'Africa/Dar_es_Salaam'),
	(20,'Africa/Djibouti'),
	(21,'Africa/Douala'),
	(22,'Africa/El_Aaiun'),
	(23,'Africa/Freetown'),
	(24,'Africa/Gaborone'),
	(25,'Africa/Harare'),
	(26,'Africa/Johannesburg'),
	(27,'Africa/Kampala'),
	(28,'Africa/Khartoum'),
	(29,'Africa/Kigali'),
	(30,'Africa/Kinshasa'),
	(31,'Africa/Lagos'),
	(32,'Africa/Libreville'),
	(33,'Africa/Lome'),
	(34,'Africa/Luanda'),
	(35,'Africa/Lubumbashi'),
	(36,'Africa/Lusaka'),
	(37,'Africa/Malabo'),
	(38,'Africa/Maputo'),
	(39,'Africa/Maseru'),
	(40,'Africa/Mbabane'),
	(41,'Africa/Mogadishu'),
	(42,'Africa/Monrovia'),
	(43,'Africa/Nairobi'),
	(44,'Africa/Ndjamena'),
	(45,'Africa/Niamey'),
	(46,'Africa/Nouakchott'),
	(47,'Africa/Ouagadougou'),
	(48,'Africa/Porto-Novo'),
	(49,'Africa/Sao_Tome'),
	(50,'Africa/Timbuktu'),
	(51,'Africa/Tripoli'),
	(52,'Africa/Tunis'),
	(53,'Africa/Windhoek'),
	(54,'America/Adak'),
	(55,'America/Anchorage '),
	(56,'America/Anguilla'),
	(57,'America/Antigua'),
	(58,'America/Araguaina'),
	(59,'America/Argentina/Buenos_Aires'),
	(60,'America/Argentina/Catamarca'),
	(61,'America/Argentina/ComodRivadavia'),
	(62,'America/Argentina/Cordoba'),
	(63,'America/Argentina/Jujuy'),
	(64,'America/Argentina/La_Rioja'),
	(65,'America/Argentina/Mendoza'),
	(66,'America/Argentina/Rio_Gallegos'),
	(67,'America/Argentina/Salta'),
	(68,'America/Argentina/San_Juan'),
	(69,'America/Argentina/San_Luis'),
	(70,'America/Argentina/Tucuman'),
	(71,'America/Argentina/Ushuaia'),
	(72,'America/Aruba'),
	(73,'America/Asuncion'),
	(74,'America/Atikokan'),
	(75,'America/Atka'),
	(76,'America/Bahia'),
	(77,'America/Barbados'),
	(78,'America/Belem'),
	(79,'America/Belize'),
	(80,'America/Blanc-Sablon'),
	(81,'America/Boa_Vista'),
	(82,'America/Bogota'),
	(83,'America/Boise'),
	(84,'America/Buenos_Aires'),
	(85,'America/Cambridge_Bay'),
	(86,'America/Campo_Grande'),
	(87,'America/Cancun'),
	(88,'America/Caracas'),
	(89,'America/Catamarca'),
	(90,'America/Cayenne'),
	(91,'America/Cayman'),
	(92,'America/Chicago'),
	(93,'America/Chihuahua'),
	(94,'America/Coral_Harbour'),
	(95,'America/Cordoba'),
	(96,'America/Costa_Rica'),
	(97,'America/Cuiaba'),
	(98,'America/Curacao'),
	(99,'America/Danmarkshavn'),
	(100,'America/Dawson'),
	(101,'America/Dawson_Creek'),
	(102,'America/Denver'),
	(103,'America/Detroit'),
	(104,'America/Dominica'),
	(105,'America/Edmonton'),
	(106,'America/Eirunepe'),
	(107,'America/El_Salvador'),
	(108,'America/Ensenada'),
	(109,'America/Fort_Wayne'),
	(110,'America/Fortaleza'),
	(111,'America/Glace_Bay'),
	(112,'America/Godthab'),
	(113,'America/Goose_Bay'),
	(114,'America/Grand_Turk'),
	(115,'America/Grenada'),
	(116,'America/Guadeloupe'),
	(117,'America/Guatemala'),
	(118,'America/Guayaquil'),
	(119,'America/Guyana'),
	(120,'America/Halifax'),
	(121,'America/Havana'),
	(122,'America/Hermosillo'),
	(123,'America/Indiana/Indianapolis'),
	(124,'America/Indiana/Knox'),
	(125,'America/Indiana/Marengo'),
	(126,'America/Indiana/Petersburg'),
	(127,'America/Indiana/Tell_City'),
	(128,'America/Indiana/Vevay'),
	(129,'America/Indiana/Vincennes'),
	(130,'America/Indiana/Winamac'),
	(131,'America/Indianapolis'),
	(132,'America/Inuvik'),
	(133,'America/Iqaluit'),
	(134,'America/Jamaica'),
	(135,'America/Jujuy'),
	(136,'America/Juneau'),
	(137,'America/Kentucky/Louisville'),
	(138,'America/Kentucky/Monticello'),
	(139,'America/Knox_IN'),
	(140,'America/La_Paz'),
	(141,'America/Lima'),
	(142,'America/Los_Angeles'),
	(143,'America/Louisville'),
	(144,'America/Maceio'),
	(145,'America/Managua'),
	(146,'America/Manaus'),
	(147,'America/Marigot'),
	(148,'America/Martinique'),
	(149,'America/Mazatlan'),
	(150,'America/Mendoza'),
	(151,'America/Menominee'),
	(152,'America/Merida'),
	(153,'America/Mexico_City'),
	(154,'America/Miquelon'),
	(155,'America/Moncton'),
	(156,'America/Monterrey'),
	(157,'America/Montevideo'),
	(158,'America/Montreal'),
	(159,'America/Montserrat'),
	(160,'America/Nassau'),
	(161,'America/New_York'),
	(162,'America/Nipigon'),
	(163,'America/Nome'),
	(164,'America/Noronha'),
	(165,'America/North_Dakota/Center'),
	(166,'America/North_Dakota/New_Salem'),
	(167,'America/Panama'),
	(168,'America/Pangnirtung'),
	(169,'America/Paramaribo'),
	(170,'America/Phoenix'),
	(171,'America/Port-au-Prince'),
	(172,'America/Port_of_Spain'),
	(173,'America/Porto_Acre'),
	(174,'America/Porto_Velho'),
	(175,'America/Puerto_Rico'),
	(176,'America/Rainy_River'),
	(177,'America/Rankin_Inlet'),
	(178,'America/Recife'),
	(179,'America/Regina'),
	(180,'America/Resolute'),
	(181,'America/Rio_Branco'),
	(182,'America/Rosario'),
	(183,'America/Santarem'),
	(184,'America/Santiago'),
	(185,'America/Santo_Domingo'),
	(186,'America/Sao_Paulo'),
	(187,'America/Scoresbysund'),
	(188,'America/Shiprock'),
	(189,'America/St_Barthelemy'),
	(190,'America/St_Johns'),
	(191,'America/St_Kitts'),
	(192,'America/St_Lucia'),
	(193,'America/St_Thomas'),
	(194,'America/St_Vincent'),
	(195,'America/Swift_Current'),
	(196,'America/Tegucigalpa'),
	(197,'America/Thule'),
	(198,'America/Thunder_Bay'),
	(199,'America/Tijuana'),
	(200,'America/Toronto'),
	(201,'America/Tortola'),
	(202,'America/Vancouver'),
	(203,'America/Virgin'),
	(204,'America/Whitehorse'),
	(205,'America/Winnipeg'),
	(206,'America/Yakutat'),
	(207,'America/Yellowknife'),
	(208,'Antarctica/Casey'),
	(209,'Antarctica/Davis'),
	(210,'Antarctica/DumontDUrville'),
	(211,'Antarctica/Mawson'),
	(212,'Antarctica/McMurdo'),
	(213,'Antarctica/Palmer'),
	(214,'Antarctica/Rothera'),
	(215,'Antarctica/South_Pole'),
	(216,'Antarctica/Syowa'),
	(217,'Antarctica/Vostok'),
	(218,'Arctic/Longyearbyen'),
	(219,'Asia/Aden'),
	(220,'Asia/Almaty'),
	(221,'Asia/Amman'),
	(222,'Asia/Anadyr'),
	(223,'Asia/Aqtau'),
	(224,'Asia/Aqtobe'),
	(225,'Asia/Ashgabat'),
	(226,'Asia/Ashkhabad'),
	(227,'Asia/Baghdad'),
	(228,'Asia/Bahrain'),
	(229,'Asia/Baku'),
	(230,'Asia/Bangkok'),
	(231,'Asia/Beirut'),
	(232,'Asia/Bishkek'),
	(233,'Asia/Brunei'),
	(234,'Asia/Calcutta'),
	(235,'Asia/Choibalsan'),
	(236,'Asia/Chongqing'),
	(237,'Asia/Chungking'),
	(238,'Asia/Colombo'),
	(239,'Asia/Dacca'),
	(240,'Asia/Damascus'),
	(241,'Asia/Dhaka'),
	(242,'Asia/Dili'),
	(243,'Asia/Dubai'),
	(244,'Asia/Dushanbe'),
	(245,'Asia/Gaza'),
	(246,'Asia/Harbin'),
	(247,'Asia/Ho_Chi_Minh'),
	(248,'Asia/Hong_Kong'),
	(249,'Asia/Hovd'),
	(250,'Asia/Irkutsk'),
	(251,'Asia/Istanbul'),
	(252,'Asia/Jakarta'),
	(253,'Asia/Jayapura'),
	(254,'Asia/Jerusalem'),
	(255,'Asia/Kabul'),
	(256,'Asia/Kamchatka'),
	(257,'Asia/Karachi'),
	(258,'Asia/Kashgar'),
	(259,'Asia/Kathmandu'),
	(260,'Asia/Katmandu'),
	(261,'Asia/Kolkata'),
	(262,'Asia/Krasnoyarsk'),
	(263,'Asia/Kuala_Lumpur'),
	(264,'Asia/Kuching'),
	(265,'Asia/Kuwait'),
	(266,'Asia/Macao'),
	(267,'Asia/Macau'),
	(268,'Asia/Magadan'),
	(269,'Asia/Makassar'),
	(270,'Asia/Manila'),
	(271,'Asia/Muscat'),
	(272,'Asia/Nicosia'),
	(273,'Asia/Novosibirsk'),
	(274,'Asia/Omsk'),
	(275,'Asia/Oral'),
	(276,'Asia/Phnom_Penh'),
	(277,'Asia/Pontianak'),
	(278,'Asia/Pyongyang'),
	(279,'Asia/Qatar'),
	(280,'Asia/Qyzylorda'),
	(281,'Asia/Rangoon'),
	(282,'Asia/Riyadh'),
	(283,'Asia/Saigon'),
	(284,'Asia/Sakhalin'),
	(285,'Asia/Samarkand'),
	(286,'Asia/Seoul'),
	(287,'Asia/Shanghai'),
	(288,'Asia/Singapore'),
	(289,'Asia/Taipei'),
	(290,'Asia/Tashkent'),
	(291,'Asia/Tbilisi'),
	(292,'Asia/Tehran'),
	(293,'Asia/Tel_Aviv'),
	(294,'Asia/Thimbu'),
	(295,'Asia/Thimphu'),
	(296,'Asia/Tokyo'),
	(297,'Asia/Ujung_Pandang'),
	(298,'Asia/Ulaanbaatar'),
	(299,'Asia/Ulan_Bator'),
	(300,'Asia/Urumqi'),
	(301,'Asia/Vientiane'),
	(302,'Asia/Vladivostok'),
	(303,'Asia/Yakutsk'),
	(304,'Asia/Yekaterinburg'),
	(305,'Asia/Yerevan'),
	(306,'Atlantic/Azores'),
	(307,'Atlantic/Bermuda'),
	(308,'Atlantic/Canary'),
	(309,'Atlantic/Cape_Verde'),
	(310,'Atlantic/Faeroe'),
	(311,'Atlantic/Faroe'),
	(312,'Atlantic/Jan_Mayen'),
	(313,'Atlantic/Madeira'),
	(314,'Atlantic/Reykjavik'),
	(315,'Atlantic/South_Georgia'),
	(316,'Atlantic/St_Helena'),
	(317,'Atlantic/Stanley'),
	(318,'Australia/ACT'),
	(319,'Australia/Adelaide'),
	(320,'Australia/Brisbane'),
	(321,'Australia/Broken_Hill'),
	(322,'Australia/Canberra'),
	(323,'Australia/Currie'),
	(324,'Australia/Darwin'),
	(325,'Australia/Eucla'),
	(326,'Australia/Hobart'),
	(327,'Australia/LHI'),
	(328,'Australia/Lindeman'),
	(329,'Australia/Lord_Howe'),
	(330,'Australia/Melbourne'),
	(331,'Australia/North'),
	(332,'Australia/NSW'),
	(333,'Australia/Perth'),
	(334,'Australia/Queensland'),
	(335,'Australia/South'),
	(336,'Australia/Sydney'),
	(337,'Australia/Tasmania'),
	(338,'Australia/Victoria'),
	(339,'Australia/West'),
	(340,'Australia/Yancowinna'),
	(341,'Europe/Amsterdam'),
	(342,'Europe/Andorra'),
	(343,'Europe/Athens'),
	(344,'Europe/Belfast'),
	(345,'Europe/Belgrade'),
	(346,'Europe/Berlin'),
	(347,'Europe/Bratislava'),
	(348,'Europe/Brussels'),
	(349,'Europe/Bucharest'),
	(350,'Europe/Budapest'),
	(351,'Europe/Chisinau'),
	(352,'Europe/Copenhagen'),
	(353,'Europe/Dublin'),
	(354,'Europe/Gibraltar'),
	(355,'Europe/Guernsey'),
	(356,'Europe/Helsinki'),
	(357,'Europe/Isle_of_Man'),
	(358,'Europe/Istanbul'),
	(359,'Europe/Jersey'),
	(360,'Europe/Kaliningrad'),
	(361,'Europe/Kiev'),
	(362,'Europe/Lisbon'),
	(363,'Europe/Ljubljana'),
	(364,'Europe/London'),
	(365,'Europe/Luxembourg'),
	(366,'Europe/Madrid'),
	(367,'Europe/Malta'),
	(368,'Europe/Mariehamn'),
	(369,'Europe/Minsk'),
	(370,'Europe/Monaco'),
	(371,'Europe/Moscow'),
	(372,'Europe/Nicosia'),
	(373,'Europe/Oslo'),
	(374,'Europe/Paris'),
	(375,'Europe/Podgorica'),
	(376,'Europe/Prague'),
	(377,'Europe/Riga'),
	(378,'Europe/Rome'),
	(379,'Europe/Samara'),
	(380,'Europe/San_Marino'),
	(381,'Europe/Sarajevo'),
	(382,'Europe/Simferopol'),
	(383,'Europe/Skopje'),
	(384,'Europe/Sofia'),
	(385,'Europe/Stockholm'),
	(386,'Europe/Tallinn'),
	(387,'Europe/Tirane'),
	(388,'Europe/Tiraspol'),
	(389,'Europe/Uzhgorod'),
	(390,'Europe/Vaduz'),
	(391,'Europe/Vatican'),
	(392,'Europe/Vienna'),
	(393,'Europe/Vilnius'),
	(394,'Europe/Volgograd'),
	(395,'Europe/Warsaw'),
	(396,'Europe/Zagreb'),
	(397,'Europe/Zaporozhye'),
	(398,'Europe/Zurich'),
	(399,'Indian/Antananarivo'),
	(400,'Indian/Chagos'),
	(401,'Indian/Christmas'),
	(402,'Indian/Cocos'),
	(403,'Indian/Comoro'),
	(404,'Indian/Kerguelen'),
	(405,'Indian/Mahe'),
	(406,'Indian/Maldives'),
	(407,'Indian/Mauritius'),
	(408,'Indian/Mayotte'),
	(409,'Indian/Reunion'),
	(410,'Pacific/Apia'),
	(411,'Pacific/Auckland'),
	(412,'Pacific/Chatham'),
	(413,'Pacific/Easter'),
	(414,'Pacific/Efate'),
	(415,'Pacific/Enderbury'),
	(416,'Pacific/Fakaofo'),
	(417,'Pacific/Fiji'),
	(418,'Pacific/Funafuti'),
	(419,'Pacific/Galapagos'),
	(420,'Pacific/Gambier'),
	(421,'Pacific/Guadalcanal'),
	(422,'Pacific/Guam'),
	(423,'Pacific/Honolulu'),
	(424,'Pacific/Johnston'),
	(425,'Pacific/Kiritimati'),
	(426,'Pacific/Kosrae'),
	(427,'Pacific/Kwajalein'),
	(428,'Pacific/Majuro'),
	(429,'Pacific/Marquesas'),
	(430,'Pacific/Midway'),
	(431,'Pacific/Nauru'),
	(432,'Pacific/Niue'),
	(433,'Pacific/Norfolk'),
	(434,'Pacific/Noumea'),
	(435,'Pacific/Pago_Pago'),
	(436,'Pacific/Palau'),
	(437,'Pacific/Pitcairn'),
	(438,'Pacific/Ponape'),
	(439,'Pacific/Port_Moresby'),
	(440,'Pacific/Rarotonga'),
	(441,'Pacific/Saipan'),
	(442,'Pacific/Samoa'),
	(443,'Pacific/Tahiti'),
	(444,'Pacific/Tarawa'),
	(445,'Pacific/Tongatapu'),
	(446,'Pacific/Truk'),
	(447,'Pacific/Wake'),
	(448,'Pacific/Wallis'),
	(449,'Pacific/Yap'),
	(450,'Brazil/Acre'),
	(451,'Brazil/DeNoronha'),
	(452,'Brazil/East'),
	(453,'Brazil/West'),
	(454,'Canada/Atlantic'),
	(455,'Canada/Central'),
	(456,'Canada/East-Saskatchewan'),
	(457,'Canada/Eastern'),
	(458,'Canada/Mountain'),
	(459,'Canada/Newfoundland'),
	(460,'Canada/Pacific'),
	(461,'Canada/Saskatchewan'),
	(462,'Canada/Yukon'),
	(463,'CET'),
	(464,'Chile/Continental'),
	(465,'Chile/EasterIsland'),
	(466,'CST6CDT'),
	(467,'Cuba'),
	(468,'EET'),
	(469,'Egypt'),
	(470,'Eire'),
	(471,'EST'),
	(472,'EST5EDT'),
	(473,'Etc/GMT'),
	(474,'Etc/GMT+0'),
	(475,'Etc/GMT+1'),
	(476,'Etc/GMT+10'),
	(477,'Etc/GMT+11'),
	(478,'Etc/GMT+12'),
	(479,'Etc/GMT+2'),
	(480,'Etc/GMT+3'),
	(481,'Etc/GMT+4'),
	(482,'Etc/GMT+5'),
	(483,'Etc/GMT+6'),
	(484,'Etc/GMT+7'),
	(485,'Etc/GMT+8'),
	(486,'Etc/GMT+9'),
	(487,'Etc/GMT-0'),
	(488,'Etc/GMT-1'),
	(489,'Etc/GMT-10'),
	(490,'Etc/GMT-11'),
	(491,'Etc/GMT-12'),
	(492,'Etc/GMT-13'),
	(493,'Etc/GMT-14'),
	(494,'Etc/GMT-2'),
	(495,'Etc/GMT-3'),
	(496,'Etc/GMT-4'),
	(497,'Etc/GMT-5'),
	(498,'Etc/GMT-6'),
	(499,'Etc/GMT-7'),
	(500,'Etc/GMT-8'),
	(501,'Etc/GMT-9'),
	(502,'Etc/GMT0'),
	(503,'Etc/Greenwich'),
	(504,'Etc/UCT'),
	(505,'Etc/Universal'),
	(506,'Etc/UTC'),
	(507,'Etc/Zulu'),
	(508,'Factory'),
	(509,'GB'),
	(510,'GB-Eire'),
	(511,'GMT'),
	(512,'GMT+0'),
	(513,'GMT-0'),
	(514,'GMT0'),
	(515,'Greenwich'),
	(516,'Hongkong'),
	(517,'HST'),
	(518,'Iceland'),
	(519,'Iran'),
	(520,'Israel'),
	(521,'Jamaica'),
	(522,'Japan'),
	(523,'Kwajalein'),
	(524,'Libya'),
	(525,'MET'),
	(526,'Mexico/BajaNorte'),
	(527,'Mexico/BajaSur'),
	(528,'Mexico/General'),
	(529,'MST'),
	(530,'MST7MDT'),
	(531,'Navajo'),
	(532,'NZ'),
	(533,'NZ-CHAT'),
	(534,'Poland'),
	(535,'Portugal'),
	(536,'PRC'),
	(537,'PST8PDT'),
	(538,'ROC'),
	(539,'ROK'),
	(540,'Singapore'),
	(541,'Turkey'),
	(542,'UCT'),
	(543,'Universal'),
	(544,'US/Alaska'),
	(545,'US/Aleutian'),
	(546,'US/Arizona'),
	(547,'US/Central'),
	(548,'US/East-Indiana'),
	(549,'US/Eastern'),
	(550,'US/Hawaii'),
	(551,'US/Indiana-Starke'),
	(552,'US/Michigan'),
	(553,'US/Mountain'),
	(554,'US/Pacific'),
	(555,'US/Pacific-New'),
	(556,'US/Samoa'),
	(557,'UTC'),
	(558,'W-SU'),
	(559,'WET'),
	(560,'Zulu');

/*!40000 ALTER TABLE `ps_timezone` ENABLE KEYS */;
UNLOCK TABLES;


# Дамп таблицы ps_translation
# ------------------------------------------------------------

DROP TABLE IF EXISTS `ps_translation`;

CREATE TABLE `ps_translation` (
  `id_translation` int(11) NOT NULL AUTO_INCREMENT,
  `id_lang` int(11) NOT NULL,
  `key` text COLLATE utf8_unicode_ci NOT NULL,
  `translation` text COLLATE utf8_unicode_ci NOT NULL,
  `domain` varchar(80) COLLATE utf8_unicode_ci NOT NULL,
  `theme` varchar(32) COLLATE utf8_unicode_ci DEFAULT NULL,
  PRIMARY KEY (`id_translation`),
  KEY `IDX_ADEBEB36BA299860` (`id_lang`),
  KEY `key` (`domain`)
) ENGINE=InnoDB DEFAULT CHARSET=utf8 COLLATE=utf8_unicode_ci;

LOCK TABLES `ps_translation` WRITE;
/*!40000 ALTER TABLE `ps_translation` DISABLE KEYS */;

INSERT INTO `ps_translation` (`id_translation`, `id_lang`, `key`, `translation`, `domain`, `theme`)
VALUES
	(1,3,'Buy','Купить','ShopThemeActions','pf_giftribbon');

/*!40000 ALTER TABLE `ps_translation` ENABLE KEYS */;
UNLOCK TABLES;


# Дамп таблицы ps_warehouse
# ------------------------------------------------------------

DROP TABLE IF EXISTS `ps_warehouse`;

CREATE TABLE `ps_warehouse` (
  `id_warehouse` int(11) unsigned NOT NULL AUTO_INCREMENT,
  `id_currency` int(11) unsigned NOT NULL,
  `id_address` int(11) unsigned NOT NULL,
  `id_employee` int(11) unsigned NOT NULL,
  `reference` varchar(32) DEFAULT NULL,
  `name` varchar(45) NOT NULL,
  `management_type` enum('WA','FIFO','LIFO') NOT NULL DEFAULT 'WA',
  `deleted` tinyint(1) unsigned NOT NULL DEFAULT '0',
  PRIMARY KEY (`id_warehouse`)
) ENGINE=InnoDB DEFAULT CHARSET=utf8;



# Дамп таблицы ps_warehouse_carrier
# ------------------------------------------------------------

DROP TABLE IF EXISTS `ps_warehouse_carrier`;

CREATE TABLE `ps_warehouse_carrier` (
  `id_carrier` int(11) unsigned NOT NULL,
  `id_warehouse` int(11) unsigned NOT NULL,
  PRIMARY KEY (`id_warehouse`,`id_carrier`),
  KEY `id_warehouse` (`id_warehouse`),
  KEY `id_carrier` (`id_carrier`)
) ENGINE=InnoDB DEFAULT CHARSET=utf8;



# Дамп таблицы ps_warehouse_product_location
# ------------------------------------------------------------

DROP TABLE IF EXISTS `ps_warehouse_product_location`;

CREATE TABLE `ps_warehouse_product_location` (
  `id_warehouse_product_location` int(11) unsigned NOT NULL AUTO_INCREMENT,
  `id_product` int(11) unsigned NOT NULL,
  `id_product_attribute` int(11) unsigned NOT NULL,
  `id_warehouse` int(11) unsigned NOT NULL,
  `location` varchar(64) DEFAULT NULL,
  PRIMARY KEY (`id_warehouse_product_location`),
  UNIQUE KEY `id_product` (`id_product`,`id_product_attribute`,`id_warehouse`)
) ENGINE=InnoDB DEFAULT CHARSET=utf8;



# Дамп таблицы ps_warehouse_shop
# ------------------------------------------------------------

DROP TABLE IF EXISTS `ps_warehouse_shop`;

CREATE TABLE `ps_warehouse_shop` (
  `id_shop` int(11) unsigned NOT NULL,
  `id_warehouse` int(11) unsigned NOT NULL,
  PRIMARY KEY (`id_warehouse`,`id_shop`),
  KEY `id_warehouse` (`id_warehouse`),
  KEY `id_shop` (`id_shop`)
) ENGINE=InnoDB DEFAULT CHARSET=utf8;



# Дамп таблицы ps_web_browser
# ------------------------------------------------------------

DROP TABLE IF EXISTS `ps_web_browser`;

CREATE TABLE `ps_web_browser` (
  `id_web_browser` int(10) unsigned NOT NULL AUTO_INCREMENT,
  `name` varchar(64) DEFAULT NULL,
  PRIMARY KEY (`id_web_browser`)
) ENGINE=InnoDB DEFAULT CHARSET=utf8;

LOCK TABLES `ps_web_browser` WRITE;
/*!40000 ALTER TABLE `ps_web_browser` DISABLE KEYS */;

INSERT INTO `ps_web_browser` (`id_web_browser`, `name`)
VALUES
	(1,'Safari'),
	(2,'Safari iPad'),
	(3,'Firefox'),
	(4,'Opera'),
	(5,'IE 6'),
	(6,'IE 7'),
	(7,'IE 8'),
	(8,'IE 9'),
	(9,'IE 10'),
	(10,'IE 11'),
	(11,'Chrome');

/*!40000 ALTER TABLE `ps_web_browser` ENABLE KEYS */;
UNLOCK TABLES;


# Дамп таблицы ps_webservice_account
# ------------------------------------------------------------

DROP TABLE IF EXISTS `ps_webservice_account`;

CREATE TABLE `ps_webservice_account` (
  `id_webservice_account` int(11) NOT NULL AUTO_INCREMENT,
  `key` varchar(32) NOT NULL,
  `description` text,
  `class_name` varchar(50) NOT NULL DEFAULT 'WebserviceRequest',
  `is_module` tinyint(2) NOT NULL DEFAULT '0',
  `module_name` varchar(50) DEFAULT NULL,
  `active` tinyint(2) NOT NULL,
  PRIMARY KEY (`id_webservice_account`),
  KEY `key` (`key`)
) ENGINE=InnoDB DEFAULT CHARSET=utf8;



# Дамп таблицы ps_webservice_account_shop
# ------------------------------------------------------------

DROP TABLE IF EXISTS `ps_webservice_account_shop`;

CREATE TABLE `ps_webservice_account_shop` (
  `id_webservice_account` int(11) unsigned NOT NULL,
  `id_shop` int(11) unsigned NOT NULL,
  PRIMARY KEY (`id_webservice_account`,`id_shop`),
  KEY `id_shop` (`id_shop`)
) ENGINE=InnoDB DEFAULT CHARSET=utf8;



# Дамп таблицы ps_webservice_permission
# ------------------------------------------------------------

DROP TABLE IF EXISTS `ps_webservice_permission`;

CREATE TABLE `ps_webservice_permission` (
  `id_webservice_permission` int(11) NOT NULL AUTO_INCREMENT,
  `resource` varchar(50) NOT NULL,
  `method` enum('GET','POST','PUT','DELETE','HEAD') NOT NULL,
  `id_webservice_account` int(11) NOT NULL,
  PRIMARY KEY (`id_webservice_permission`),
  UNIQUE KEY `resource_2` (`resource`,`method`,`id_webservice_account`),
  KEY `resource` (`resource`),
  KEY `method` (`method`),
  KEY `id_webservice_account` (`id_webservice_account`)
) ENGINE=InnoDB DEFAULT CHARSET=utf8;



# Дамп таблицы ps_zone
# ------------------------------------------------------------

DROP TABLE IF EXISTS `ps_zone`;

CREATE TABLE `ps_zone` (
  `id_zone` int(10) unsigned NOT NULL AUTO_INCREMENT,
  `name` varchar(64) NOT NULL,
  `active` tinyint(1) unsigned NOT NULL DEFAULT '0',
  PRIMARY KEY (`id_zone`)
) ENGINE=InnoDB DEFAULT CHARSET=utf8;

LOCK TABLES `ps_zone` WRITE;
/*!40000 ALTER TABLE `ps_zone` DISABLE KEYS */;

INSERT INTO `ps_zone` (`id_zone`, `name`, `active`)
VALUES
	(1,'Europe',1),
	(2,'North America',1),
	(3,'Asia',1),
	(4,'Africa',1),
	(5,'Oceania',1),
	(6,'South America',1),
	(7,'Europe (non-EU)',1),
	(8,'Central America/Antilla',1);

/*!40000 ALTER TABLE `ps_zone` ENABLE KEYS */;
UNLOCK TABLES;


# Дамп таблицы ps_zone_shop
# ------------------------------------------------------------

DROP TABLE IF EXISTS `ps_zone_shop`;

CREATE TABLE `ps_zone_shop` (
  `id_zone` int(11) unsigned NOT NULL,
  `id_shop` int(11) unsigned NOT NULL,
  PRIMARY KEY (`id_zone`,`id_shop`),
  KEY `id_shop` (`id_shop`)
) ENGINE=InnoDB DEFAULT CHARSET=utf8;

LOCK TABLES `ps_zone_shop` WRITE;
/*!40000 ALTER TABLE `ps_zone_shop` DISABLE KEYS */;

INSERT INTO `ps_zone_shop` (`id_zone`, `id_shop`)
VALUES
	(1,1),
	(2,1),
	(3,1),
	(4,1),
	(5,1),
	(6,1),
	(7,1),
	(8,1);

/*!40000 ALTER TABLE `ps_zone_shop` ENABLE KEYS */;
UNLOCK TABLES;



/*!40111 SET SQL_NOTES=@OLD_SQL_NOTES */;
/*!40101 SET SQL_MODE=@OLD_SQL_MODE */;
/*!40014 SET FOREIGN_KEY_CHECKS=@OLD_FOREIGN_KEY_CHECKS */;
/*!40101 SET CHARACTER_SET_CLIENT=@OLD_CHARACTER_SET_CLIENT */;
/*!40101 SET CHARACTER_SET_RESULTS=@OLD_CHARACTER_SET_RESULTS */;
/*!40101 SET COLLATION_CONNECTION=@OLD_COLLATION_CONNECTION */;